image_id,camera_setup_id,session_id,landmark_id,x_px,y_px,relative_height_ft,pole_depth_ft,band_definition,annotation_status
25-W571.UFMu-03509.2025-06-10-13-37.QPSRM.000033006983,25-W571.UFMu-03509,2025-06-10 13:37:00,band_01,263.85185185185185,834.0,0.0,,center,automated_candidate_unverified
25-W571.UFMu-03509.2025-06-10-13-37.QPSRM.000033006983,25-W571.UFMu-03509,2025-06-10 13:37:00,band_02,266.5777777777778,793.6222222222223,1.0,,center,automated_candidate_unverified
25-W571.UFMu-03509.2025-06-10-13-37.QPSRM.000033006983,25-W571.UFMu-03509,2025-06-10 13:37:00,band_03,267.4578313253012,753.7469879518072,2.0,,center,automated_candidate_unverified
25-W571.UFMu-03509.2025-06-10-13-37.QPSRM.000033006983,25-W571.UFMu-03509,2025-06-10 13:37:00,band_04,269.3448275862069,714.1724137931035,3.0,,center,automated_candidate_unverified
25-W571.UFMu-03509.2025-06-10-13-37.QPSRM.000033006983,25-W571.UFMu-03509,2025-06-10 13:37:00,band_05,270.3066666666667,673.4,4.0,,center,automated_candidate_unverified
25-W571.UFMu-03509.2025-06-10-13-37.QPSRM.000033006983,25-W571.UFMu-03509,2025-06-10 13:37:00,band_06,271.94545454545454,633.2181818181818,5.0,,center,automated_candidate_unverified
25-W571.UFMu-03509.2025-06-10-13-37.QPSRM.000033006983,25-W571.UFMu-03509,2025-06-10 13:37:00,band_07,274.06410256410254,593.1410256410256,6.0,,center,automated_candidate_unverified
25-W571.UFMu-03509.2025-06-10-13-37.QPSRM.000033006983,25-W571.UFMu-03509,2025-06-10 13:37:00,band_08,276.0,552.5,7.0,,center,automated_candidate_unverified
25-W571.UFMu-03509.2025-06-10-13-37.QPSRM.000033006983,25-W571.UFMu-03509,2025-06-10 13:37:00,band_09,277.94736842105266,512.3157894736842,8.0,,center,automated_candidate_unverified
25-W571.UFMu-03509.2025-06-10-13-37.QPSRM.000033006983,25-W571.UFMu-03509,2025-06-10 13:37:00,band_10,280.35185185185185,472.1666666666667,9.0,,center,automated_candidate_unverified
25-W571.UFMu-03509.2025-06-10-13-37.QPSRM.000033006983,25-W571.UFMu-03509,2025-06-10 13:37:00,band_11,282.5,432.12,10.0,,center,automated_candidate_unverified
25-W571.UFMu-03509.2025-06-10-13-37.QPSRM.000033006983,25-W571.UFMu-03509,2025-06-10 13:37:00,band_12,285.09302325581393,392.4651162790698,11.0,,center,automated_candidate_unverified
25-W571.UFMu-03509.2025-06-10-13-37.QPSRM.000033006983,25-W571.UFMu-03509,2025-06-10 13:37:00,band_13,287.0,352.625,12.0,,center,automated_candidate_unverified
25-W571.UFMu-03509.2025-06-10-13-37.QPSRM.000033006983,25-W571.UFMu-03509,2025-06-10 13:37:00,band_14,289.4186046511628,313.5348837209302,13.0,,center,automated_candidate_unverified
25-W571.UFMu-03509.2025-06-10-13-37.QPSRM.000033006983,25-W571.UFMu-03509,2025-06-10 13:37:00,band_15,291.58620689655174,275.0689655172414,14.0,,center,automated_candidate_unverified
25-W571.UFMu-03509.2025-06-11-11-41.QPSRM.000033006983,25-W571.UFMu-03509,2025-06-11 11:41:00,band_01,281.37704918032784,550.4098360655738,0.0,,center,automated_candidate_unverified
25-W571.UFMu-03509.2025-06-11-11-41.QPSRM.000033006983,25-W571.UFMu-03509,2025-06-11 11:41:00,band_02,283.48148148148147,510.1111111111111,1.0,,center,automated_candidate_unverified
25-W571.UFMu-03509.2025-06-11-11-41.QPSRM.000033006983,25-W571.UFMu-03509,2025-06-11 11:41:00,band_03,285.61538461538464,470.0,2.0,,center,automated_candidate_unverified
25-W571.UFMu-03509.2025-06-11-11-41.QPSRM.000033006983,25-W571.UFMu-03509,2025-06-11 11:41:00,band_04,287.67391304347825,430.1304347826087,3.0,,center,automated_candidate_unverified
25-W571.UFMu-03509.2025-06-11-11-41.QPSRM.000033006983,25-W571.UFMu-03509,2025-06-11 11:41:00,band_05,289.9024390243902,390.6341463414634,4.0,,center,automated_candidate_unverified
25-W571.UFMu-03509.2025-06-11-11-41.QPSRM.000033006983,25-W571.UFMu-03509,2025-06-11 11:41:00,band_06,291.9736842105263,351.3684210526316,5.0,,center,automated_candidate_unverified
25-W571.UFMu-03509.2025-06-11-11-41.QPSRM.000033006983,25-W571.UFMu-03509,2025-06-11 11:41:00,band_07,294.05405405405406,312.43243243243245,6.0,,center,automated_candidate_unverified
25-W571.UFMu-03509.2025-06-11-11-41.QPSRM.000033006983,25-W571.UFMu-03509,2025-06-11 11:41:00,band_08,296.5925925925926,273.9259259259259,7.0,,center,automated_candidate_unverified
25-W571.UFMu-03509.2025-06-12-11-45.QPSRM.000033006983,25-W571.UFMu-03509,2025-06-12 11:45:00,band_01,269.5609756097561,829.5731707317074,0.0,,center,automated_candidate_unverified
25-W571.UFMu-03509.2025-06-12-11-45.QPSRM.000033006983,25-W571.UFMu-03509,2025-06-12 11:45:00,band_02,271.28395061728395,789.604938271605,1.0,,center,automated_candidate_unverified
25-W571.UFMu-03509.2025-06-12-11-45.QPSRM.000033006983,25-W571.UFMu-03509,2025-06-12 11:45:00,band_03,272.5342465753425,749.1643835616438,2.0,,center,automated_candidate_unverified
25-W571.UFMu-03509.2025-06-12-11-45.QPSRM.000033006983,25-W571.UFMu-03509,2025-06-12 11:45:00,band_04,274.30864197530866,709.716049382716,3.0,,center,automated_candidate_unverified
25-W571.UFMu-03509.2025-06-12-11-45.QPSRM.000033006983,25-W571.UFMu-03509,2025-06-12 11:45:00,band_05,275.4375,669.1458333333334,4.0,,center,automated_candidate_unverified
25-W571.UFMu-03509.2025-06-12-11-45.QPSRM.000033006983,25-W571.UFMu-03509,2025-06-12 11:45:00,band_06,277.8588235294118,628.8705882352941,5.0,,center,automated_candidate_unverified
25-W571.UFMu-03509.2025-06-12-11-45.QPSRM.000033006983,25-W571.UFMu-03509,2025-06-12 11:45:00,band_07,278.85185185185185,589.0864197530864,6.0,,center,automated_candidate_unverified
25-W571.UFMu-03509.2025-06-12-11-45.QPSRM.000033006983,25-W571.UFMu-03509,2025-06-12 11:45:00,band_08,280.7866666666667,548.88,7.0,,center,automated_candidate_unverified
25-W571.UFMu-03509.2025-06-12-11-45.QPSRM.000033006983,25-W571.UFMu-03509,2025-06-12 11:45:00,band_09,282.6551724137931,508.5689655172414,8.0,,center,automated_candidate_unverified
25-W571.UFMu-03509.2025-06-12-11-45.QPSRM.000033006983,25-W571.UFMu-03509,2025-06-12 11:45:00,band_10,285.0169491525424,468.8813559322034,9.0,,center,automated_candidate_unverified
25-W571.UFMu-03509.2025-06-12-11-45.QPSRM.000033006983,25-W571.UFMu-03509,2025-06-12 11:45:00,band_11,287.05172413793105,428.94827586206895,10.0,,center,automated_candidate_unverified
25-W571.UFMu-03509.2025-06-12-11-45.QPSRM.000033006983,25-W571.UFMu-03509,2025-06-12 11:45:00,band_12,289.11764705882354,389.5098039215686,11.0,,center,automated_candidate_unverified
25-W571.UFMu-03509.2025-06-12-11-45.QPSRM.000033006983,25-W571.UFMu-03509,2025-06-12 11:45:00,band_13,291.52,349.76,12.0,,center,automated_candidate_unverified
25-W571.UFMu-03509.2025-06-12-11-45.QPSRM.000033006983,25-W571.UFMu-03509,2025-06-12 11:45:00,band_14,293.54,311.24,13.0,,center,automated_candidate_unverified
25-W571.UFMu-03509.2025-06-12-11-45.QPSRM.000033006983,25-W571.UFMu-03509,2025-06-12 11:45:00,band_15,295.5,273.0,14.0,,center,automated_candidate_unverified
25-W571.UFMu-03509.2025-06-17-11-49.QPSRM.000033006983,25-W571.UFMu-03509,2025-06-17 11:49:00,band_01,260.77777777777777,814.5555555555555,0.0,,center,automated_candidate_unverified
25-W571.UFMu-03509.2025-06-17-11-49.QPSRM.000033006983,25-W571.UFMu-03509,2025-06-17 11:49:00,band_02,268.85714285714283,767.2857142857143,1.0,,center,automated_candidate_unverified
25-W571.UFMu-03509.2025-06-17-11-49.QPSRM.000033006983,25-W571.UFMu-03509,2025-06-17 11:49:00,band_03,273.74038461538464,729.6634615384615,2.0,,center,automated_candidate_unverified
25-W571.UFMu-03509.2025-06-17-11-49.QPSRM.000033006983,25-W571.UFMu-03509,2025-06-17 11:49:00,band_04,272.8981481481481,690.7314814814815,3.0,,center,automated_candidate_unverified
25-W571.UFMu-03509.2025-06-17-11-49.QPSRM.000033006983,25-W571.UFMu-03509,2025-06-17 11:49:00,band_05,275.80434782608694,652.7065217391304,4.0,,center,automated_candidate_unverified
25-W571.UFMu-03509.2025-06-17-11-49.QPSRM.000033006983,25-W571.UFMu-03509,2025-06-17 11:49:00,band_06,276.7826086956522,614.1130434782609,5.0,,center,automated_candidate_unverified
25-W571.UFMu-03509.2025-06-17-11-49.QPSRM.000033006983,25-W571.UFMu-03509,2025-06-17 11:49:00,band_07,279.1756756756757,574.8243243243244,6.0,,center,automated_candidate_unverified
25-W571.UFMu-03509.2025-06-17-11-49.QPSRM.000033006983,25-W571.UFMu-03509,2025-06-17 11:49:00,band_08,281.2988505747126,534.8965517241379,7.0,,center,automated_candidate_unverified
25-W571.UFMu-03509.2025-06-17-11-49.QPSRM.000033006983,25-W571.UFMu-03509,2025-06-17 11:49:00,band_09,283.1375,494.425,8.0,,center,automated_candidate_unverified
25-W571.UFMu-03509.2025-06-17-11-49.QPSRM.000033006983,25-W571.UFMu-03509,2025-06-17 11:49:00,band_10,286.56756756756755,453.8108108108109,9.0,,center,automated_candidate_unverified
25-W571.UFMu-03509.2025-06-17-11-49.QPSRM.000033006983,25-W571.UFMu-03509,2025-06-17 11:49:00,band_11,288.9154929577465,412.5492957746479,10.0,,center,automated_candidate_unverified
25-W571.UFMu-03509.2025-06-17-11-49.QPSRM.000033006983,25-W571.UFMu-03509,2025-06-17 11:49:00,band_12,292.5633802816901,370.2676056338028,11.0,,center,automated_candidate_unverified
25-W571.UFMu-03509.2025-06-17-11-49.QPSRM.000033006983,25-W571.UFMu-03509,2025-06-17 11:49:00,band_13,295.6901408450704,327.5211267605634,12.0,,center,automated_candidate_unverified
25-W571.UFMu-03509.2025-06-17-11-49.QPSRM.000033006983,25-W571.UFMu-03509,2025-06-17 11:49:00,band_14,299.69117647058823,283.80882352941177,13.0,,center,automated_candidate_unverified
25-W571.UFMu-03509.2025-06-17-11-49.QPSRM.000033006983,25-W571.UFMu-03509,2025-06-17 11:49:00,band_15,303.62666666666667,239.56,14.0,,center,automated_candidate_unverified
25-W571.UFMu-03509.2025-06-17-11-49.QPSRM.000033006983,25-W571.UFMu-03509,2025-06-17 11:49:00,band_16,308.0,194.80281690140845,15.0,,center,automated_candidate_unverified
25-W571.UFMu-03509.2025-06-18-11-52.QPSRM.000033006983,25-W571.UFMu-03509,2025-06-18 11:52:00,band_01,273.32758620689657,806.3103448275862,0.0,,center,automated_candidate_unverified
25-W571.UFMu-03509.2025-06-18-11-52.QPSRM.000033006983,25-W571.UFMu-03509,2025-06-18 11:52:00,band_02,274.0821917808219,769.4246575342465,1.0,,center,automated_candidate_unverified
25-W571.UFMu-03509.2025-06-18-11-52.QPSRM.000033006983,25-W571.UFMu-03509,2025-06-18 11:52:00,band_03,277.3709677419355,731.483870967742,2.0,,center,automated_candidate_unverified
25-W571.UFMu-03509.2025-06-18-11-52.QPSRM.000033006983,25-W571.UFMu-03509,2025-06-18 11:52:00,band_04,278.7887323943662,693.5211267605633,3.0,,center,automated_candidate_unverified
25-W571.UFMu-03509.2025-06-18-11-52.QPSRM.000033006983,25-W571.UFMu-03509,2025-06-18 11:52:00,band_05,280.5230769230769,655.2307692307693,4.0,,center,automated_candidate_unverified
25-W571.UFMu-03509.2025-06-18-11-52.QPSRM.000033006983,25-W571.UFMu-03509,2025-06-18 11:52:00,band_06,282.79411764705884,616.3823529411765,5.0,,center,automated_candidate_unverified
25-W571.UFMu-03509.2025-06-18-11-52.QPSRM.000033006983,25-W571.UFMu-03509,2025-06-18 11:52:00,band_07,285.12857142857143,577.1142857142858,6.0,,center,automated_candidate_unverified
25-W571.UFMu-03509.2025-06-18-11-52.QPSRM.000033006983,25-W571.UFMu-03509,2025-06-18 11:52:00,band_08,287.81081081081084,537.9054054054054,7.0,,center,automated_candidate_unverified
25-W571.UFMu-03509.2025-06-18-11-52.QPSRM.000033006983,25-W571.UFMu-03509,2025-06-18 11:52:00,band_09,289.42857142857144,497.1857142857143,8.0,,center,automated_candidate_unverified
25-W571.UFMu-03509.2025-06-18-11-52.QPSRM.000033006983,25-W571.UFMu-03509,2025-06-18 11:52:00,band_10,292.98571428571427,456.74285714285713,9.0,,center,automated_candidate_unverified
25-W571.UFMu-03509.2025-06-18-11-52.QPSRM.000033006983,25-W571.UFMu-03509,2025-06-18 11:52:00,band_11,295.9047619047619,415.6349206349207,10.0,,center,automated_candidate_unverified
25-W571.UFMu-03509.2025-06-18-11-52.QPSRM.000033006983,25-W571.UFMu-03509,2025-06-18 11:52:00,band_12,298.8939393939394,373.6363636363636,11.0,,center,automated_candidate_unverified
25-W571.UFMu-03509.2025-06-18-11-52.QPSRM.000033006983,25-W571.UFMu-03509,2025-06-18 11:52:00,band_13,302.5,331.0,12.0,,center,automated_candidate_unverified
25-W571.UFMu-03509.2025-06-18-11-52.QPSRM.000033006983,25-W571.UFMu-03509,2025-06-18 11:52:00,band_14,306.63235294117646,287.3235294117647,13.0,,center,automated_candidate_unverified
25-W571.UFMu-03509.2025-06-18-11-52.QPSRM.000033006983,25-W571.UFMu-03509,2025-06-18 11:52:00,band_15,310.7647058823529,243.36764705882356,14.0,,center,automated_candidate_unverified
25-W571.UFMu-03509.2025-06-18-11-52.QPSRM.000033006983,25-W571.UFMu-03509,2025-06-18 11:52:00,band_16,315.0701754385965,198.9298245614035,15.0,,center,automated_candidate_unverified
25-W571.UFMu-03509.2025-06-19-11-41.QPSRM.000033006983,25-W571.UFMu-03509,2025-06-19 11:41:00,band_01,267.4390243902439,811.0,0.0,,center,automated_candidate_unverified
25-W571.UFMu-03509.2025-06-19-11-41.QPSRM.000033006983,25-W571.UFMu-03509,2025-06-19 11:41:00,band_02,267.63157894736844,773.75,1.0,,center,automated_candidate_unverified
25-W571.UFMu-03509.2025-06-19-11-41.QPSRM.000033006983,25-W571.UFMu-03509,2025-06-19 11:41:00,band_03,271.8533333333333,735.68,2.0,,center,automated_candidate_unverified
25-W571.UFMu-03509.2025-06-19-11-41.QPSRM.000033006983,25-W571.UFMu-03509,2025-06-19 11:41:00,band_04,272.5571428571429,697.2428571428571,3.0,,center,automated_candidate_unverified
25-W571.UFMu-03509.2025-06-19-11-41.QPSRM.000033006983,25-W571.UFMu-03509,2025-06-19 11:41:00,band_05,274.1125,659.2875,4.0,,center,automated_candidate_unverified
25-W571.UFMu-03509.2025-06-19-11-41.QPSRM.000033006983,25-W571.UFMu-03509,2025-06-19 11:41:00,band_06,275.56410256410254,619.9487179487179,5.0,,center,automated_candidate_unverified
25-W571.UFMu-03509.2025-06-19-11-41.QPSRM.000033006983,25-W571.UFMu-03509,2025-06-19 11:41:00,band_07,278.0,580.6981132075472,6.0,,center,automated_candidate_unverified
25-W571.UFMu-03509.2025-06-19-11-41.QPSRM.000033006983,25-W571.UFMu-03509,2025-06-19 11:41:00,band_08,279.0925925925926,541.3703703703703,7.0,,center,automated_candidate_unverified
25-W571.UFMu-03509.2025-06-19-11-41.QPSRM.000033006983,25-W571.UFMu-03509,2025-06-19 11:41:00,band_09,281.04761904761904,500.2857142857143,8.0,,center,automated_candidate_unverified
25-W571.UFMu-03509.2025-06-19-11-41.QPSRM.000033006983,25-W571.UFMu-03509,2025-06-19 11:41:00,band_10,285.1851851851852,459.7407407407408,9.0,,center,automated_candidate_unverified
25-W571.UFMu-03509.2025-06-19-11-41.QPSRM.000033006983,25-W571.UFMu-03509,2025-06-19 11:41:00,band_11,287.6136363636364,418.7272727272728,10.0,,center,automated_candidate_unverified
25-W571.UFMu-03509.2025-06-19-11-41.QPSRM.000033006983,25-W571.UFMu-03509,2025-06-19 11:41:00,band_12,290.27272727272725,376.8181818181818,11.0,,center,automated_candidate_unverified
25-W571.UFMu-03509.2025-06-19-11-41.QPSRM.000033006983,25-W571.UFMu-03509,2025-06-19 11:41:00,band_13,294.0,334.0,12.0,,center,automated_candidate_unverified
25-W571.UFMu-03509.2025-06-19-11-41.QPSRM.000033006983,25-W571.UFMu-03509,2025-06-19 11:41:00,band_14,297.47222222222223,290.44444444444446,13.0,,center,automated_candidate_unverified
25-W571.UFMu-03509.2025-06-19-11-41.QPSRM.000033006983,25-W571.UFMu-03509,2025-06-19 11:41:00,band_15,301.3076923076923,246.7948717948718,14.0,,center,automated_candidate_unverified
25-W571.UFMu-03509.2025-06-19-11-41.QPSRM.000033006983,25-W571.UFMu-03509,2025-06-19 11:41:00,band_16,305.625,202.5,15.0,,center,automated_candidate_unverified
25-W571.UFMu-03509.2025-06-20-11-45.QPSRM.000033006983,25-W571.UFMu-03509,2025-06-20 11:45:00,band_01,276.625,800.6875,0.0,,center,automated_candidate_unverified
25-W571.UFMu-03509.2025-06-20-11-45.QPSRM.000033006983,25-W571.UFMu-03509,2025-06-20 11:45:00,band_02,281.6470588235294,763.7352941176471,1.0,,center,automated_candidate_unverified
25-W571.UFMu-03509.2025-06-20-11-45.QPSRM.000033006983,25-W571.UFMu-03509,2025-06-20 11:45:00,band_03,283.0,726.2307692307693,2.0,,center,automated_candidate_unverified
25-W571.UFMu-03509.2025-06-20-11-45.QPSRM.000033006983,25-W571.UFMu-03509,2025-06-20 11:45:00,band_04,285.05128205128204,688.0128205128206,3.0,,center,automated_candidate_unverified
25-W571.UFMu-03509.2025-06-20-11-45.QPSRM.000033006983,25-W571.UFMu-03509,2025-06-20 11:45:00,band_05,286.83561643835617,650.068493150685,4.0,,center,automated_candidate_unverified
25-W571.UFMu-03509.2025-06-20-11-45.QPSRM.000033006983,25-W571.UFMu-03509,2025-06-20 11:45:00,band_06,288.72151898734177,611.3291139240506,5.0,,center,automated_candidate_unverified
25-W571.UFMu-03509.2025-06-20-11-45.QPSRM.000033006983,25-W571.UFMu-03509,2025-06-20 11:45:00,band_07,291.2258064516129,572.3064516129032,6.0,,center,automated_candidate_unverified
25-W571.UFMu-03509.2025-06-20-11-45.QPSRM.000033006983,25-W571.UFMu-03509,2025-06-20 11:45:00,band_08,292.8533333333333,533.0133333333333,7.0,,center,automated_candidate_unverified
25-W571.UFMu-03509.2025-06-20-11-45.QPSRM.000033006983,25-W571.UFMu-03509,2025-06-20 11:45:00,band_09,295.52941176470586,492.7058823529412,8.0,,center,automated_candidate_unverified
25-W571.UFMu-03509.2025-06-20-11-45.QPSRM.000033006983,25-W571.UFMu-03509,2025-06-20 11:45:00,band_10,298.4029850746269,452.0597014925373,9.0,,center,automated_candidate_unverified
25-W571.UFMu-03509.2025-06-20-11-45.QPSRM.000033006983,25-W571.UFMu-03509,2025-06-20 11:45:00,band_11,301.0689655172414,411.0517241379311,10.0,,center,automated_candidate_unverified
25-W571.UFMu-03509.2025-06-20-11-45.QPSRM.000033006983,25-W571.UFMu-03509,2025-06-20 11:45:00,band_12,304.27272727272725,369.2272727272728,11.0,,center,automated_candidate_unverified
25-W571.UFMu-03509.2025-06-20-11-45.QPSRM.000033006983,25-W571.UFMu-03509,2025-06-20 11:45:00,band_13,307.57142857142856,327.031746031746,12.0,,center,automated_candidate_unverified
25-W571.UFMu-03509.2025-06-20-11-45.QPSRM.000033006983,25-W571.UFMu-03509,2025-06-20 11:45:00,band_14,311.2903225806452,283.4193548387097,13.0,,center,automated_candidate_unverified
25-W571.UFMu-03509.2025-06-20-11-45.QPSRM.000033006983,25-W571.UFMu-03509,2025-06-20 11:45:00,band_15,315.05,239.71666666666667,14.0,,center,automated_candidate_unverified
25-W571.UFMu-03509.2025-06-20-11-45.QPSRM.000033006983,25-W571.UFMu-03509,2025-06-20 11:45:00,band_16,319.4310344827586,195.41379310344828,15.0,,center,automated_candidate_unverified
25-W571.UFMu-03509.2025-06-21-11-50.QPSRM.000033006983,25-W571.UFMu-03509,2025-06-21 11:50:00,band_01,227.7872340425532,790.3191489361702,0.0,,center,automated_candidate_unverified
25-W571.UFMu-03509.2025-06-21-11-50.QPSRM.000033006983,25-W571.UFMu-03509,2025-06-21 11:50:00,band_02,234.33333333333331,750.7575757575758,1.0,,center,automated_candidate_unverified
25-W571.UFMu-03509.2025-06-21-11-50.QPSRM.000033006983,25-W571.UFMu-03509,2025-06-21 11:50:00,band_03,236.0810810810811,712.7972972972973,2.0,,center,automated_candidate_unverified
25-W571.UFMu-03509.2025-06-21-11-50.QPSRM.000033006983,25-W571.UFMu-03509,2025-06-21 11:50:00,band_04,237.1304347826087,674.2391304347826,3.0,,center,automated_candidate_unverified
25-W571.UFMu-03509.2025-06-21-11-50.QPSRM.000033006983,25-W571.UFMu-03509,2025-06-21 11:50:00,band_05,240.5959595959596,635.8080808080808,4.0,,center,automated_candidate_unverified
25-W571.UFMu-03509.2025-06-21-11-50.QPSRM.000033006983,25-W571.UFMu-03509,2025-06-21 11:50:00,band_06,240.66666666666663,596.5128205128206,5.0,,center,automated_candidate_unverified
25-W571.UFMu-03509.2025-06-21-11-50.QPSRM.000033006983,25-W571.UFMu-03509,2025-06-21 11:50:00,band_07,241.54166666666663,557.0,6.0,,center,automated_candidate_unverified
25-W571.UFMu-03509.2025-06-21-11-50.QPSRM.000033006983,25-W571.UFMu-03509,2025-06-21 11:50:00,band_08,244.0142857142857,517.0857142857143,7.0,,center,automated_candidate_unverified
25-W571.UFMu-03509.2025-06-21-11-50.QPSRM.000033006983,25-W571.UFMu-03509,2025-06-21 11:50:00,band_09,245.23636363636365,476.4181818181818,8.0,,center,automated_candidate_unverified
25-W571.UFMu-03509.2025-06-21-11-50.QPSRM.000033006983,25-W571.UFMu-03509,2025-06-21 11:50:00,band_10,248.86,435.58,9.0,,center,automated_candidate_unverified
25-W571.UFMu-03509.2025-06-21-11-50.QPSRM.000033006983,25-W571.UFMu-03509,2025-06-21 11:50:00,band_11,251.42222222222225,394.44444444444446,10.0,,center,automated_candidate_unverified
25-W571.UFMu-03509.2025-06-21-11-50.QPSRM.000033006983,25-W571.UFMu-03509,2025-06-21 11:50:00,band_12,254.28571428571428,352.7142857142857,11.0,,center,automated_candidate_unverified
25-W571.UFMu-03509.2025-06-21-11-50.QPSRM.000033006983,25-W571.UFMu-03509,2025-06-21 11:50:00,band_13,258.0,310.7631578947368,12.0,,center,automated_candidate_unverified
25-W571.UFMu-03509.2025-06-21-11-50.QPSRM.000033006983,25-W571.UFMu-03509,2025-06-21 11:50:00,band_14,261.42857142857144,267.9642857142857,13.0,,center,automated_candidate_unverified
25-W571.UFMu-03509.2025-06-21-11-50.QPSRM.000033006983,25-W571.UFMu-03509,2025-06-21 11:50:00,band_15,265.0769230769231,225.56410256410257,14.0,,center,automated_candidate_unverified
25-W571.UFMu-03509.2025-06-21-11-50.QPSRM.000033006983,25-W571.UFMu-03509,2025-06-21 11:50:00,band_16,269.6363636363636,183.27272727272728,15.0,,center,automated_candidate_unverified
25-W571.UFMu-03509.2025-06-22-11-39.QPSRM.000033006983,25-W571.UFMu-03509,2025-06-22 11:39:00,band_01,253.22857142857143,784.6,0.0,,center,automated_candidate_unverified
25-W571.UFMu-03509.2025-06-22-11-39.QPSRM.000033006983,25-W571.UFMu-03509,2025-06-22 11:39:00,band_02,254.16216216216216,746.7297297297297,1.0,,center,automated_candidate_unverified
25-W571.UFMu-03509.2025-06-22-11-39.QPSRM.000033006983,25-W571.UFMu-03509,2025-06-22 11:39:00,band_03,255.578125,709.1875,2.0,,center,automated_candidate_unverified
25-W571.UFMu-03509.2025-06-22-11-39.QPSRM.000033006983,25-W571.UFMu-03509,2025-06-22 11:39:00,band_04,257.04285714285714,670.4142857142857,3.0,,center,automated_candidate_unverified
25-W571.UFMu-03509.2025-06-22-11-39.QPSRM.000033006983,25-W571.UFMu-03509,2025-06-22 11:39:00,band_05,261.10752688172045,631.8494623655914,4.0,,center,automated_candidate_unverified
25-W571.UFMu-03509.2025-06-22-11-39.QPSRM.000033006983,25-W571.UFMu-03509,2025-06-22 11:39:00,band_06,260.7857142857143,593.0119047619048,5.0,,center,automated_candidate_unverified
25-W571.UFMu-03509.2025-06-22-11-39.QPSRM.000033006983,25-W571.UFMu-03509,2025-06-22 11:39:00,band_07,261.55555555555554,553.3333333333334,6.0,,center,automated_candidate_unverified
25-W571.UFMu-03509.2025-06-22-11-39.QPSRM.000033006983,25-W571.UFMu-03509,2025-06-22 11:39:00,band_08,263.24528301886795,513.5471698113207,7.0,,center,automated_candidate_unverified
25-W571.UFMu-03509.2025-06-22-11-39.QPSRM.000033006983,25-W571.UFMu-03509,2025-06-22 11:39:00,band_09,265.9375,472.703125,8.0,,center,automated_candidate_unverified
25-W571.UFMu-03509.2025-06-22-11-39.QPSRM.000033006983,25-W571.UFMu-03509,2025-06-22 11:39:00,band_10,268.3125,432.5416666666667,9.0,,center,automated_candidate_unverified
25-W571.UFMu-03509.2025-06-22-11-39.QPSRM.000033006983,25-W571.UFMu-03509,2025-06-22 11:39:00,band_11,271.15,391.5,10.0,,center,automated_candidate_unverified
25-W571.UFMu-03509.2025-06-23-11-43.QPSRM.000033006983,25-W571.UFMu-03509,2025-06-23 11:43:00,band_01,265.83009708737865,640.3300970873786,0.0,,center,automated_candidate_unverified
25-W571.UFMu-03509.2025-06-23-11-43.QPSRM.000033006983,25-W571.UFMu-03509,2025-06-23 11:43:00,band_02,267.44015444015446,604.6447876447877,1.0,,center,automated_candidate_unverified
25-W571.UFMu-03509.2025-06-23-11-43.QPSRM.000033006983,25-W571.UFMu-03509,2025-06-23 11:43:00,band_03,267.5,561.5,2.0,,center,automated_candidate_unverified
25-W571.UFMu-03509.2025-06-23-11-43.QPSRM.000033006983,25-W571.UFMu-03509,2025-06-23 11:43:00,band_04,270.69565217391306,522.25,3.0,,center,automated_candidate_unverified
25-W571.UFMu-03509.2025-06-23-11-43.QPSRM.000033006983,25-W571.UFMu-03509,2025-06-23 11:43:00,band_05,271.2,480.95714285714286,4.0,,center,automated_candidate_unverified
25-W571.UFMu-03509.2025-06-23-11-43.QPSRM.000033006983,25-W571.UFMu-03509,2025-06-23 11:43:00,band_06,273.6774193548387,440.241935483871,5.0,,center,automated_candidate_unverified
25-W571.UFMu-03509.2025-06-23-11-43.QPSRM.000033006983,25-W571.UFMu-03509,2025-06-23 11:43:00,band_07,276.08474576271186,399.79661016949154,6.0,,center,automated_candidate_unverified
25-W571.UFMu-03509.2025-06-23-11-43.QPSRM.000033006983,25-W571.UFMu-03509,2025-06-23 11:43:00,band_08,278.1929824561403,358.280701754386,7.0,,center,automated_candidate_unverified
25-W571.UFMu-03509.2025-06-23-11-43.QPSRM.000033006983,25-W571.UFMu-03509,2025-06-23 11:43:00,band_09,280.728813559322,317.0508474576271,8.0,,center,automated_candidate_unverified
25-W571.UFMu-03509.2025-06-23-11-43.QPSRM.000033006983,25-W571.UFMu-03509,2025-06-23 11:43:00,band_10,283.0,275.1276595744681,9.0,,center,automated_candidate_unverified
25-W571.UFMu-03509.2025-06-23-11-43.QPSRM.000033006983,25-W571.UFMu-03509,2025-06-23 11:43:00,band_11,285.2857142857143,233.9387755102041,10.0,,center,automated_candidate_unverified
25-W571.UFMu-03509.2025-06-23-11-43.QPSRM.000033006983,25-W571.UFMu-03509,2025-06-23 11:43:00,band_12,287.6363636363636,192.6136363636364,11.0,,center,automated_candidate_unverified
25-W571.UFMu-03509.2025-06-24-11-48.QPSRM.000033006983,25-W571.UFMu-03509,2025-06-24 11:48:00,band_01,285.40697674418607,484.5,0.0,,center,automated_candidate_unverified
25-W571.UFMu-03509.2025-06-24-11-48.QPSRM.000033006983,25-W571.UFMu-03509,2025-06-24 11:48:00,band_02,287.72727272727275,444.1168831168831,1.0,,center,automated_candidate_unverified
25-W571.UFMu-03509.2025-06-24-11-48.QPSRM.000033006983,25-W571.UFMu-03509,2025-06-24 11:48:00,band_03,290.23376623376623,403.4025974025974,2.0,,center,automated_candidate_unverified
25-W571.UFMu-03509.2025-06-24-11-48.QPSRM.000033006983,25-W571.UFMu-03509,2025-06-24 11:48:00,band_04,292.84,362.14666666666665,3.0,,center,automated_candidate_unverified
25-W571.UFMu-03509.2025-06-24-11-48.QPSRM.000033006983,25-W571.UFMu-03509,2025-06-24 11:48:00,band_05,295.3896103896104,320.961038961039,4.0,,center,automated_candidate_unverified
25-W571.UFMu-03509.2025-06-24-11-48.QPSRM.000033006983,25-W571.UFMu-03509,2025-06-24 11:48:00,band_06,298.1578947368421,279.1842105263158,5.0,,center,automated_candidate_unverified
25-W571.UFMu-03509.2025-06-24-11-48.QPSRM.000033006983,25-W571.UFMu-03509,2025-06-24 11:48:00,band_07,300.43023255813955,237.72093023255812,6.0,,center,automated_candidate_unverified
25-W571.UFMu-03509.2025-06-24-11-48.QPSRM.000033006983,25-W571.UFMu-03509,2025-06-24 11:48:00,band_08,303.3918918918919,196.36486486486487,7.0,,center,automated_candidate_unverified
25-W571.UFMu-03509.2025-06-25-11-52.QPSRM.000033006983,25-W571.UFMu-03509,2025-06-25 11:52:00,band_01,268.59090909090907,827.5454545454545,0.0,,center,automated_candidate_unverified
25-W571.UFMu-03509.2025-06-25-11-52.QPSRM.000033006983,25-W571.UFMu-03509,2025-06-25 11:52:00,band_02,266.6619718309859,790.6338028169014,1.0,,center,automated_candidate_unverified
25-W571.UFMu-03509.2025-06-25-11-52.QPSRM.000033006983,25-W571.UFMu-03509,2025-06-25 11:52:00,band_03,266.0,755.0,2.0,,center,automated_candidate_unverified
25-W571.UFMu-03509.2025-06-25-11-52.QPSRM.000033006983,25-W571.UFMu-03509,2025-06-25 11:52:00,band_04,270.39473684210526,716.1842105263158,3.0,,center,automated_candidate_unverified
25-W571.UFMu-03509.2025-06-25-11-52.QPSRM.000033006983,25-W571.UFMu-03509,2025-06-25 11:52:00,band_05,270.7171717171717,678.2727272727273,4.0,,center,automated_candidate_unverified
25-W571.UFMu-03509.2025-06-25-11-52.QPSRM.000033006983,25-W571.UFMu-03509,2025-06-25 11:52:00,band_06,275.6732673267327,639.5940594059406,5.0,,center,automated_candidate_unverified
25-W571.UFMu-03509.2025-06-25-11-52.QPSRM.000033006983,25-W571.UFMu-03509,2025-06-25 11:52:00,band_07,275.7738095238095,600.7261904761905,6.0,,center,automated_candidate_unverified
25-W571.UFMu-03509.2025-06-25-11-52.QPSRM.000033006983,25-W571.UFMu-03509,2025-06-25 11:52:00,band_08,278.4237288135593,561.457627118644,7.0,,center,automated_candidate_unverified
25-W571.UFMu-03509.2025-06-25-11-52.QPSRM.000033006983,25-W571.UFMu-03509,2025-06-25 11:52:00,band_09,280.02777777777777,521.8055555555555,8.0,,center,automated_candidate_unverified
25-W571.UFMu-03509.2025-06-25-11-52.QPSRM.000033006983,25-W571.UFMu-03509,2025-06-25 11:52:00,band_10,282.3428571428572,480.9857142857143,9.0,,center,automated_candidate_unverified
25-W571.UFMu-03509.2025-06-25-11-52.QPSRM.000033006983,25-W571.UFMu-03509,2025-06-25 11:52:00,band_11,284.5483870967742,440.6935483870968,10.0,,center,automated_candidate_unverified
25-W571.UFMu-03509.2025-06-25-11-52.QPSRM.000033006983,25-W571.UFMu-03509,2025-06-25 11:52:00,band_12,287.0877192982456,399.89473684210526,11.0,,center,automated_candidate_unverified
25-W571.UFMu-03509.2025-06-25-11-52.QPSRM.000033006983,25-W571.UFMu-03509,2025-06-25 11:52:00,band_13,289.5192307692308,358.36538461538464,12.0,,center,automated_candidate_unverified
25-W571.UFMu-03509.2025-06-25-11-52.QPSRM.000033006983,25-W571.UFMu-03509,2025-06-25 11:52:00,band_14,291.62,316.9,13.0,,center,automated_candidate_unverified
25-W571.UFMu-03509.2025-06-25-11-52.QPSRM.000033006983,25-W571.UFMu-03509,2025-06-25 11:52:00,band_15,294.38,275.1,14.0,,center,automated_candidate_unverified
25-W571.UFMu-03509.2025-06-25-11-52.QPSRM.000033006983,25-W571.UFMu-03509,2025-06-25 11:52:00,band_16,296.7169811320755,233.39622641509436,15.0,,center,automated_candidate_unverified
25-W571.UFMu-03509.2025-06-25-11-52.QPSRM.000033006983,25-W571.UFMu-03509,2025-06-25 11:52:00,band_17,299.5217391304348,191.9782608695652,16.0,,center,automated_candidate_unverified
25-W571.UFMu-03509.2025-06-26-11-43.QPSRM.000033006983,25-W571.UFMu-03509,2025-06-26 11:43:00,band_01,266.51612903225805,717.9354838709677,0.0,,center,automated_candidate_unverified
25-W571.UFMu-03509.2025-06-26-11-43.QPSRM.000033006983,25-W571.UFMu-03509,2025-06-26 11:43:00,band_02,268.3428571428572,679.5,1.0,,center,automated_candidate_unverified
25-W571.UFMu-03509.2025-06-26-11-43.QPSRM.000033006983,25-W571.UFMu-03509,2025-06-26 11:43:00,band_03,270.3783783783784,641.418918918919,2.0,,center,automated_candidate_unverified
25-W571.UFMu-03509.2025-06-26-11-43.QPSRM.000033006983,25-W571.UFMu-03509,2025-06-26 11:43:00,band_04,272.33870967741933,602.4032258064516,3.0,,center,automated_candidate_unverified
25-W571.UFMu-03509.2025-06-26-11-43.QPSRM.000033006983,25-W571.UFMu-03509,2025-06-26 11:43:00,band_05,273.921568627451,562.4509803921569,4.0,,center,automated_candidate_unverified
25-W571.UFMu-03509.2025-06-26-11-43.QPSRM.000033006983,25-W571.UFMu-03509,2025-06-26 11:43:00,band_06,276.0,523.140625,5.0,,center,automated_candidate_unverified
25-W571.UFMu-03509.2025-06-26-11-43.QPSRM.000033006983,25-W571.UFMu-03509,2025-06-26 11:43:00,band_07,278.10769230769233,482.4461538461538,6.0,,center,automated_candidate_unverified
25-W571.UFMu-03509.2025-06-26-11-43.QPSRM.000033006983,25-W571.UFMu-03509,2025-06-26 11:43:00,band_08,280.23636363636365,441.7272727272728,7.0,,center,automated_candidate_unverified
25-W571.UFMu-03509.2025-06-26-11-43.QPSRM.000033006983,25-W571.UFMu-03509,2025-06-26 11:43:00,band_09,282.8070175438597,401.1929824561403,8.0,,center,automated_candidate_unverified
25-W571.UFMu-03509.2025-06-26-11-43.QPSRM.000033006983,25-W571.UFMu-03509,2025-06-26 11:43:00,band_10,285.27659574468083,359.63829787234044,9.0,,center,automated_candidate_unverified
25-W571.UFMu-03509.2025-06-26-11-43.QPSRM.000033006983,25-W571.UFMu-03509,2025-06-26 11:43:00,band_11,287.5,318.5,10.0,,center,automated_candidate_unverified
25-W571.UFMu-03509.2025-06-26-11-43.QPSRM.000033006983,25-W571.UFMu-03509,2025-06-26 11:43:00,band_12,289.5,276.5,11.0,,center,automated_candidate_unverified
25-W571.UFMu-03509.2025-06-26-11-43.QPSRM.000033006983,25-W571.UFMu-03509,2025-06-26 11:43:00,band_13,292.5,235.0,12.0,,center,automated_candidate_unverified
25-W571.UFMu-03509.2025-06-26-11-43.QPSRM.000033006983,25-W571.UFMu-03509,2025-06-26 11:43:00,band_14,294.65384615384613,193.84615384615384,13.0,,center,automated_candidate_unverified
25-W571.UFMu-03509.2025-06-27-11-47.QPSRM.000033006983,25-W571.UFMu-03509,2025-06-27 11:47:00,band_01,261.90909090909093,737.8181818181819,0.0,,center,automated_candidate_unverified
25-W571.UFMu-03509.2025-06-27-11-47.QPSRM.000033006983,25-W571.UFMu-03509,2025-06-27 11:47:00,band_02,272.2450980392157,709.6274509803922,1.0,,center,automated_candidate_unverified
25-W571.UFMu-03509.2025-06-27-11-47.QPSRM.000033006983,25-W571.UFMu-03509,2025-06-27 11:47:00,band_03,274.51851851851853,673.6296296296297,2.0,,center,automated_candidate_unverified
25-W571.UFMu-03509.2025-06-27-11-47.QPSRM.000033006983,25-W571.UFMu-03509,2025-06-27 11:47:00,band_04,275.3333333333333,635.1794871794872,3.0,,center,automated_candidate_unverified
25-W571.UFMu-03509.2025-06-27-11-47.QPSRM.000033006983,25-W571.UFMu-03509,2025-06-27 11:47:00,band_05,277.578125,596.234375,4.0,,center,automated_candidate_unverified
25-W571.UFMu-03509.2025-06-27-11-47.QPSRM.000033006983,25-W571.UFMu-03509,2025-06-27 11:47:00,band_06,280.0357142857143,556.8392857142857,5.0,,center,automated_candidate_unverified
25-W571.UFMu-03509.2025-06-27-11-47.QPSRM.000033006983,25-W571.UFMu-03509,2025-06-27 11:47:00,band_07,281.94444444444446,517.1666666666666,6.0,,center,automated_candidate_unverified
25-W571.UFMu-03509.2025-06-27-11-47.QPSRM.000033006983,25-W571.UFMu-03509,2025-06-27 11:47:00,band_08,284.6376811594203,476.69565217391306,7.0,,center,automated_candidate_unverified
25-W571.UFMu-03509.2025-06-27-11-47.QPSRM.000033006983,25-W571.UFMu-03509,2025-06-27 11:47:00,band_09,287.6,436.28333333333336,8.0,,center,automated_candidate_unverified
25-W571.UFMu-03509.2025-06-27-11-47.QPSRM.000033006983,25-W571.UFMu-03509,2025-06-27 11:47:00,band_10,290.5192307692308,395.11538461538464,9.0,,center,automated_candidate_unverified
25-W571.UFMu-03509.2025-06-27-11-47.QPSRM.000033006983,25-W571.UFMu-03509,2025-06-27 11:47:00,band_11,293.52,353.76,10.0,,center,automated_candidate_unverified
25-W571.UFMu-03509.2025-06-27-11-47.QPSRM.000033006983,25-W571.UFMu-03509,2025-06-27 11:47:00,band_12,296.1090909090909,311.90909090909093,11.0,,center,automated_candidate_unverified
25-W571.UFMu-03509.2025-06-27-11-47.QPSRM.000033006983,25-W571.UFMu-03509,2025-06-27 11:47:00,band_13,299.45652173913044,269.8478260869565,12.0,,center,automated_candidate_unverified
25-W571.UFMu-03509.2025-06-27-11-47.QPSRM.000033006983,25-W571.UFMu-03509,2025-06-27 11:47:00,band_14,302.0487804878049,227.70731707317077,13.0,,center,automated_candidate_unverified
25-W571.UFMu-03509.2025-06-27-11-47.QPSRM.000033006983,25-W571.UFMu-03509,2025-06-27 11:47:00,band_15,305.48936170212767,185.87234042553192,14.0,,center,automated_candidate_unverified
25-W571.UFMu-03509.2025-06-28-11-50.QPSRM.000033006983,25-W571.UFMu-03509,2025-06-28 11:50:00,band_01,270.9375,673.125,0.0,,center,automated_candidate_unverified
25-W571.UFMu-03509.2025-06-28-11-50.QPSRM.000033006983,25-W571.UFMu-03509,2025-06-28 11:50:00,band_02,274.16129032258067,635.4354838709677,1.0,,center,automated_candidate_unverified
25-W571.UFMu-03509.2025-06-28-11-50.QPSRM.000033006983,25-W571.UFMu-03509,2025-06-28 11:50:00,band_03,276.28125,596.28125,2.0,,center,automated_candidate_unverified
25-W571.UFMu-03509.2025-06-28-11-50.QPSRM.000033006983,25-W571.UFMu-03509,2025-06-28 11:50:00,band_04,278.5121951219512,557.0731707317074,3.0,,center,automated_candidate_unverified
25-W571.UFMu-03509.2025-06-28-11-50.QPSRM.000033006983,25-W571.UFMu-03509,2025-06-28 11:50:00,band_05,281.03508771929825,517.3333333333334,4.0,,center,automated_candidate_unverified
25-W571.UFMu-03509.2025-06-28-11-50.QPSRM.000033006983,25-W571.UFMu-03509,2025-06-28 11:50:00,band_06,283.06779661016947,476.4915254237288,5.0,,center,automated_candidate_unverified
25-W571.UFMu-03509.2025-06-28-11-50.QPSRM.000033006983,25-W571.UFMu-03509,2025-06-28 11:50:00,band_07,285.7560975609756,435.7317073170732,6.0,,center,automated_candidate_unverified
25-W571.UFMu-03509.2025-06-28-11-50.QPSRM.000033006983,25-W571.UFMu-03509,2025-06-28 11:50:00,band_08,288.8684210526316,394.7368421052632,7.0,,center,automated_candidate_unverified
25-W571.UFMu-03509.2025-06-28-11-50.QPSRM.000033006983,25-W571.UFMu-03509,2025-06-28 11:50:00,band_09,292.0,353.2972972972973,8.0,,center,automated_candidate_unverified
25-W571.UFMu-03509.2025-06-28-11-50.QPSRM.000033006983,25-W571.UFMu-03509,2025-06-28 11:50:00,band_10,294.46666666666664,311.1666666666667,9.0,,center,automated_candidate_unverified
25-W571.UFMu-03509.2025-06-28-11-50.QPSRM.000033006983,25-W571.UFMu-03509,2025-06-28 11:50:00,band_11,297.5,269.0,10.0,,center,automated_candidate_unverified
25-W571.UFMu-03509.2025-06-28-11-50.QPSRM.000033006983,25-W571.UFMu-03509,2025-06-28 11:50:00,band_12,300.96774193548384,226.74193548387095,11.0,,center,automated_candidate_unverified
25-W571.UFMu-03509.2025-06-28-11-50.QPSRM.000033006983,25-W571.UFMu-03509,2025-06-28 11:50:00,band_13,303.9655172413793,184.9655172413793,12.0,,center,automated_candidate_unverified
25-W571.UFMu-03509.2025-06-29-11-40.QPSRM.000033006983,25-W571.UFMu-03509,2025-06-29 11:40:00,band_01,286.6082474226804,596.020618556701,0.0,,center,automated_candidate_unverified
25-W571.UFMu-03509.2025-06-29-11-40.QPSRM.000033006983,25-W571.UFMu-03509,2025-06-29 11:40:00,band_02,289.1267605633803,556.9295774647887,1.0,,center,automated_candidate_unverified
25-W571.UFMu-03509.2025-06-29-11-40.QPSRM.000033006983,25-W571.UFMu-03509,2025-06-29 11:40:00,band_03,291.06944444444446,517.2638888888889,2.0,,center,automated_candidate_unverified
25-W571.UFMu-03509.2025-06-29-11-40.QPSRM.000033006983,25-W571.UFMu-03509,2025-06-29 11:40:00,band_04,294.3513513513513,477.05405405405406,3.0,,center,automated_candidate_unverified
25-W571.UFMu-03509.2025-06-29-11-40.QPSRM.000033006983,25-W571.UFMu-03509,2025-06-29 11:40:00,band_05,296.875,436.44642857142856,4.0,,center,automated_candidate_unverified
25-W571.UFMu-03509.2025-06-29-11-40.QPSRM.000033006983,25-W571.UFMu-03509,2025-06-29 11:40:00,band_06,300.0892857142857,395.8392857142857,5.0,,center,automated_candidate_unverified
25-W571.UFMu-03509.2025-06-29-11-40.QPSRM.000033006983,25-W571.UFMu-03509,2025-06-29 11:40:00,band_07,303.38461538461536,354.46153846153845,6.0,,center,automated_candidate_unverified
25-W571.UFMu-03509.2025-06-29-11-40.QPSRM.000033006983,25-W571.UFMu-03509,2025-06-29 11:40:00,band_08,306.375,313.078125,7.0,,center,automated_candidate_unverified
25-W571.UFMu-03509.2025-06-29-11-40.QPSRM.000033006983,25-W571.UFMu-03509,2025-06-29 11:40:00,band_09,309.8813559322034,271.0,8.0,,center,automated_candidate_unverified
25-W571.UFMu-03509.2025-06-29-11-40.QPSRM.000033006983,25-W571.UFMu-03509,2025-06-29 11:40:00,band_10,313.0175438596491,229.17543859649123,9.0,,center,automated_candidate_unverified
25-W571.UFMu-03509.2025-06-29-11-40.QPSRM.000033006983,25-W571.UFMu-03509,2025-06-29 11:40:00,band_11,316.8269230769231,187.57692307692307,10.0,,center,automated_candidate_unverified
25-W571.UFMu-03509.2025-06-30-11-45.QPSRM.000033006983,25-W571.UFMu-03509,2025-06-30 11:45:00,band_01,278.7692307692308,709.3269230769231,0.0,,center,automated_candidate_unverified
25-W571.UFMu-03509.2025-06-30-11-45.QPSRM.000033006983,25-W571.UFMu-03509,2025-06-30 11:45:00,band_02,283.28402366863907,674.8402366863905,1.0,,center,automated_candidate_unverified
25-W571.UFMu-03509.2025-06-30-11-45.QPSRM.000033006983,25-W571.UFMu-03509,2025-06-30 11:45:00,band_03,277.0731707317073,635.7439024390244,2.0,,center,automated_candidate_unverified
25-W571.UFMu-03509.2025-06-30-11-45.QPSRM.000033006983,25-W571.UFMu-03509,2025-06-30 11:45:00,band_04,279.0987654320988,596.5432098765432,3.0,,center,automated_candidate_unverified
25-W571.UFMu-03509.2025-06-30-11-45.QPSRM.000033006983,25-W571.UFMu-03509,2025-06-30 11:45:00,band_05,282.24590163934425,557.4590163934427,4.0,,center,automated_candidate_unverified
25-W571.UFMu-03509.2025-06-30-11-45.QPSRM.000033006983,25-W571.UFMu-03509,2025-06-30 11:45:00,band_06,284.6438356164384,517.8219178082192,5.0,,center,automated_candidate_unverified
25-W571.UFMu-03509.2025-06-30-11-45.QPSRM.000033006983,25-W571.UFMu-03509,2025-06-30 11:45:00,band_07,287.3428571428572,477.0571428571429,6.0,,center,automated_candidate_unverified
25-W571.UFMu-03509.2025-06-30-11-45.QPSRM.000033006983,25-W571.UFMu-03509,2025-06-30 11:45:00,band_08,290.241935483871,436.61290322580646,7.0,,center,automated_candidate_unverified
25-W571.UFMu-03509.2025-06-30-11-45.QPSRM.000033006983,25-W571.UFMu-03509,2025-06-30 11:45:00,band_09,293.4255319148936,395.5531914893617,8.0,,center,automated_candidate_unverified
25-W571.UFMu-03509.2025-06-30-11-45.QPSRM.000033006983,25-W571.UFMu-03509,2025-06-30 11:45:00,band_10,296.27272727272725,353.96363636363634,9.0,,center,automated_candidate_unverified
25-W571.UFMu-03509.2025-06-30-11-45.QPSRM.000033006983,25-W571.UFMu-03509,2025-06-30 11:45:00,band_11,299.4901960784314,312.1764705882353,10.0,,center,automated_candidate_unverified
25-W571.UFMu-03509.2025-06-30-11-45.QPSRM.000033006983,25-W571.UFMu-03509,2025-06-30 11:45:00,band_12,302.5686274509804,270.05882352941177,11.0,,center,automated_candidate_unverified
25-W571.UFMu-03509.2025-06-30-11-45.QPSRM.000033006983,25-W571.UFMu-03509,2025-06-30 11:45:00,band_13,305.9803921568628,227.86274509803923,12.0,,center,automated_candidate_unverified
25-W571.UFMu-03509.2025-06-30-11-45.QPSRM.000033006983,25-W571.UFMu-03509,2025-06-30 11:45:00,band_14,309.6744186046512,185.90697674418604,13.0,,center,automated_candidate_unverified
25-W571.UFMu-03509.2025-07-01-11-42.QPSRM.000033006983,25-W571.UFMu-03509,2025-07-01 11:42:00,band_01,278.54285714285714,674.2285714285714,0.0,,center,automated_candidate_unverified
25-W571.UFMu-03509.2025-07-01-11-42.QPSRM.000033006983,25-W571.UFMu-03509,2025-07-01 11:42:00,band_02,277.0,636.2884615384615,1.0,,center,automated_candidate_unverified
25-W571.UFMu-03509.2025-07-01-11-42.QPSRM.000033006983,25-W571.UFMu-03509,2025-07-01 11:42:00,band_03,279.3157894736842,597.1578947368421,2.0,,center,automated_candidate_unverified
25-W571.UFMu-03509.2025-07-01-11-42.QPSRM.000033006983,25-W571.UFMu-03509,2025-07-01 11:42:00,band_04,282.70212765957444,557.5957446808511,3.0,,center,automated_candidate_unverified
25-W571.UFMu-03509.2025-07-01-11-42.QPSRM.000033006983,25-W571.UFMu-03509,2025-07-01 11:42:00,band_05,284.69642857142856,517.9107142857143,4.0,,center,automated_candidate_unverified
25-W571.UFMu-03509.2025-07-01-11-42.QPSRM.000033006983,25-W571.UFMu-03509,2025-07-01 11:42:00,band_06,286.8888888888889,477.3888888888889,5.0,,center,automated_candidate_unverified
25-W571.UFMu-03509.2025-07-01-11-42.QPSRM.000033006983,25-W571.UFMu-03509,2025-07-01 11:42:00,band_07,290.0731707317073,436.5609756097561,6.0,,center,automated_candidate_unverified
25-W571.UFMu-03509.2025-07-01-11-42.QPSRM.000033006983,25-W571.UFMu-03509,2025-07-01 11:42:00,band_08,293.22857142857146,395.4857142857143,7.0,,center,automated_candidate_unverified
25-W571.UFMu-03509.2025-07-01-11-42.QPSRM.000033006983,25-W571.UFMu-03509,2025-07-01 11:42:00,band_09,296.3,353.6666666666667,8.0,,center,automated_candidate_unverified
25-W571.UFMu-03509.2025-07-01-11-42.QPSRM.000033006983,25-W571.UFMu-03509,2025-07-01 11:42:00,band_10,299.2962962962963,311.77777777777777,9.0,,center,automated_candidate_unverified
25-W571.UFMu-03509.2025-07-01-11-42.QPSRM.000033006983,25-W571.UFMu-03509,2025-07-01 11:42:00,band_11,302.12,269.4,10.0,,center,automated_candidate_unverified
25-W571.UFMu-03509.2025-07-01-11-42.QPSRM.000033006983,25-W571.UFMu-03509,2025-07-01 11:42:00,band_12,305.6428571428572,227.17857142857144,11.0,,center,automated_candidate_unverified
25-W571.UFMu-03509.2025-07-01-11-42.QPSRM.000033006983,25-W571.UFMu-03509,2025-07-01 11:42:00,band_13,309.10714285714283,185.07142857142856,12.0,,center,automated_candidate_unverified
25-W571.UFMu-03509.2025-07-02-11-47.QPSRM.000033006983,25-W571.UFMu-03509,2025-07-02 11:47:00,band_01,277.62068965517244,674.3620689655172,0.0,,center,automated_candidate_unverified
25-W571.UFMu-03509.2025-07-02-11-47.QPSRM.000033006983,25-W571.UFMu-03509,2025-07-02 11:47:00,band_02,278.2027027027027,636.2567567567568,1.0,,center,automated_candidate_unverified
25-W571.UFMu-03509.2025-07-02-11-47.QPSRM.000033006983,25-W571.UFMu-03509,2025-07-02 11:47:00,band_03,280.55223880597015,597.2985074626865,2.0,,center,automated_candidate_unverified
25-W571.UFMu-03509.2025-07-02-11-47.QPSRM.000033006983,25-W571.UFMu-03509,2025-07-02 11:47:00,band_04,283.3728813559322,557.8474576271186,3.0,,center,automated_candidate_unverified
25-W571.UFMu-03509.2025-07-02-11-47.QPSRM.000033006983,25-W571.UFMu-03509,2025-07-02 11:47:00,band_05,285.6857142857143,518.3285714285714,4.0,,center,automated_candidate_unverified
25-W571.UFMu-03509.2025-07-02-11-47.QPSRM.000033006983,25-W571.UFMu-03509,2025-07-02 11:47:00,band_06,288.44776119402985,477.6865671641791,5.0,,center,automated_candidate_unverified
25-W571.UFMu-03509.2025-07-02-11-47.QPSRM.000033006983,25-W571.UFMu-03509,2025-07-02 11:47:00,band_07,291.2,437.34,6.0,,center,automated_candidate_unverified
25-W571.UFMu-03509.2025-07-02-11-47.QPSRM.000033006983,25-W571.UFMu-03509,2025-07-02 11:47:00,band_08,294.04651162790697,396.27906976744185,7.0,,center,automated_candidate_unverified
25-W571.UFMu-03509.2025-07-02-11-47.QPSRM.000033006983,25-W571.UFMu-03509,2025-07-02 11:47:00,band_09,297.0769230769231,354.56410256410254,8.0,,center,automated_candidate_unverified
25-W571.UFMu-03509.2025-07-02-11-47.QPSRM.000033006983,25-W571.UFMu-03509,2025-07-02 11:47:00,band_10,300.4848484848485,312.90909090909093,9.0,,center,automated_candidate_unverified
25-W571.UFMu-03509.2025-07-02-11-47.QPSRM.000033006983,25-W571.UFMu-03509,2025-07-02 11:47:00,band_11,303.7837837837838,270.6756756756757,10.0,,center,automated_candidate_unverified
25-W571.UFMu-03509.2025-07-02-11-47.QPSRM.000033006983,25-W571.UFMu-03509,2025-07-02 11:47:00,band_12,306.948717948718,228.69230769230768,11.0,,center,automated_candidate_unverified
25-W571.UFMu-03509.2025-07-02-11-47.QPSRM.000033006983,25-W571.UFMu-03509,2025-07-02 11:47:00,band_13,310.0882352941176,187.05882352941177,12.0,,center,automated_candidate_unverified
25-W571.UFMu-03509.2025-07-03-11-52.QPSRM.000033006983,25-W571.UFMu-03509,2025-07-03 11:52:00,band_01,274.9836065573771,635.5737704918033,0.0,,center,automated_candidate_unverified
25-W571.UFMu-03509.2025-07-03-11-52.QPSRM.000033006983,25-W571.UFMu-03509,2025-07-03 11:52:00,band_02,277.0769230769231,596.3076923076923,1.0,,center,automated_candidate_unverified
25-W571.UFMu-03509.2025-07-03-11-52.QPSRM.000033006983,25-W571.UFMu-03509,2025-07-03 11:52:00,band_03,279.9574468085106,557.2553191489362,2.0,,center,automated_candidate_unverified
25-W571.UFMu-03509.2025-07-03-11-52.QPSRM.000033006983,25-W571.UFMu-03509,2025-07-03 11:52:00,band_04,282.0689655172414,517.3275862068965,3.0,,center,automated_candidate_unverified
25-W571.UFMu-03509.2025-07-03-11-52.QPSRM.000033006983,25-W571.UFMu-03509,2025-07-03 11:52:00,band_05,284.60714285714283,476.32142857142856,4.0,,center,automated_candidate_unverified
25-W571.UFMu-03509.2025-07-03-11-52.QPSRM.000033006983,25-W571.UFMu-03509,2025-07-03 11:52:00,band_06,287.3170731707317,435.7073170731707,5.0,,center,automated_candidate_unverified
25-W571.UFMu-03509.2025-07-03-11-52.QPSRM.000033006983,25-W571.UFMu-03509,2025-07-03 11:52:00,band_07,290.0769230769231,394.56410256410254,6.0,,center,automated_candidate_unverified
25-W571.UFMu-03509.2025-07-03-11-52.QPSRM.000033006983,25-W571.UFMu-03509,2025-07-03 11:52:00,band_08,293.28125,352.96875,7.0,,center,automated_candidate_unverified
25-W571.UFMu-03509.2025-07-03-11-52.QPSRM.000033006983,25-W571.UFMu-03509,2025-07-03 11:52:00,band_09,295.7,310.9,8.0,,center,automated_candidate_unverified
25-W571.UFMu-03509.2025-07-03-11-52.QPSRM.000033006983,25-W571.UFMu-03509,2025-07-03 11:52:00,band_10,299.35483870967744,268.258064516129,9.0,,center,automated_candidate_unverified
25-W571.UFMu-03509.2025-07-03-11-52.QPSRM.000033006983,25-W571.UFMu-03509,2025-07-03 11:52:00,band_11,302.2857142857143,226.07142857142856,10.0,,center,automated_candidate_unverified
25-W571.UFMu-03509.2025-07-03-11-52.QPSRM.000033006983,25-W571.UFMu-03509,2025-07-03 11:52:00,band_12,305.5,184.0,11.0,,center,automated_candidate_unverified
25-W571.UFMu-03509.2025-07-04-11-39.QPSRM.000033006983,25-W571.UFMu-03509,2025-07-04 11:39:00,band_01,269.9655172413793,709.3793103448276,0.0,,center,automated_candidate_unverified
25-W571.UFMu-03509.2025-07-04-11-39.QPSRM.000033006983,25-W571.UFMu-03509,2025-07-04 11:39:00,band_02,271.56756756756755,672.1621621621622,1.0,,center,automated_candidate_unverified
25-W571.UFMu-03509.2025-07-04-11-39.QPSRM.000033006983,25-W571.UFMu-03509,2025-07-04 11:39:00,band_03,270.8448275862069,634.0862068965517,2.0,,center,automated_candidate_unverified
25-W571.UFMu-03509.2025-07-04-11-39.QPSRM.000033006983,25-W571.UFMu-03509,2025-07-04 11:39:00,band_04,273.1090909090909,594.7636363636364,3.0,,center,automated_candidate_unverified
25-W571.UFMu-03509.2025-07-04-11-39.QPSRM.000033006983,25-W571.UFMu-03509,2025-07-04 11:39:00,band_05,275.4375,555.4375,4.0,,center,automated_candidate_unverified
25-W571.UFMu-03509.2025-07-04-11-39.QPSRM.000033006983,25-W571.UFMu-03509,2025-07-04 11:39:00,band_06,277.30357142857144,515.4285714285714,5.0,,center,automated_candidate_unverified
25-W571.UFMu-03509.2025-07-04-11-39.QPSRM.000033006983,25-W571.UFMu-03509,2025-07-04 11:39:00,band_07,279.9807692307692,474.63461538461536,6.0,,center,automated_candidate_unverified
25-W571.UFMu-03509.2025-07-04-11-39.QPSRM.000033006983,25-W571.UFMu-03509,2025-07-04 11:39:00,band_08,282.8095238095238,434.07142857142856,7.0,,center,automated_candidate_unverified
25-W571.UFMu-03509.2025-07-04-11-39.QPSRM.000033006983,25-W571.UFMu-03509,2025-07-04 11:39:00,band_09,285.5,393.0,8.0,,center,automated_candidate_unverified
25-W571.UFMu-03509.2025-07-04-11-39.QPSRM.000033006983,25-W571.UFMu-03509,2025-07-04 11:39:00,band_10,288.2857142857143,351.2142857142857,9.0,,center,automated_candidate_unverified
25-W571.UFMu-03509.2025-07-04-11-39.QPSRM.000033006983,25-W571.UFMu-03509,2025-07-04 11:39:00,band_11,291.1851851851852,309.22222222222223,10.0,,center,automated_candidate_unverified
25-W571.UFMu-03509.2025-07-04-11-39.QPSRM.000033006983,25-W571.UFMu-03509,2025-07-04 11:39:00,band_12,294.0833333333333,266.9166666666667,11.0,,center,automated_candidate_unverified
25-W571.UFMu-03509.2025-07-04-11-39.QPSRM.000033006983,25-W571.UFMu-03509,2025-07-04 11:39:00,band_13,297.3103448275862,224.55172413793105,12.0,,center,automated_candidate_unverified
25-W571.UFMu-03509.2025-07-04-11-39.QPSRM.000033006983,25-W571.UFMu-03509,2025-07-04 11:39:00,band_14,300.15384615384613,182.53846153846155,13.0,,center,automated_candidate_unverified
25-W571.UFMu-03509.2025-07-05-11-40.QPSRM.000033006983,25-W571.UFMu-03509,2025-07-05 11:40:00,band_01,267.0,670.5,0.0,,center,automated_candidate_unverified
25-W571.UFMu-03509.2025-07-05-11-40.QPSRM.000033006983,25-W571.UFMu-03509,2025-07-05 11:40:00,band_02,270.2058823529412,635.5,1.0,,center,automated_candidate_unverified
25-W571.UFMu-03509.2025-07-05-11-40.QPSRM.000033006983,25-W571.UFMu-03509,2025-07-05 11:40:00,band_03,275.2857142857143,596.1538461538462,2.0,,center,automated_candidate_unverified
25-W571.UFMu-03509.2025-07-05-11-40.QPSRM.000033006983,25-W571.UFMu-03509,2025-07-05 11:40:00,band_04,277.83561643835617,556.917808219178,3.0,,center,automated_candidate_unverified
25-W571.UFMu-03509.2025-07-05-11-40.QPSRM.000033006983,25-W571.UFMu-03509,2025-07-05 11:40:00,band_05,279.88732394366195,517.056338028169,4.0,,center,automated_candidate_unverified
25-W571.UFMu-03509.2025-07-05-11-40.QPSRM.000033006983,25-W571.UFMu-03509,2025-07-05 11:40:00,band_06,282.7826086956522,476.7536231884058,5.0,,center,automated_candidate_unverified
25-W571.UFMu-03509.2025-07-05-11-40.QPSRM.000033006983,25-W571.UFMu-03509,2025-07-05 11:40:00,band_07,285.546875,436.171875,6.0,,center,automated_candidate_unverified
25-W571.UFMu-03509.2025-07-05-11-40.QPSRM.000033006983,25-W571.UFMu-03509,2025-07-05 11:40:00,band_08,288.52941176470586,395.1470588235294,7.0,,center,automated_candidate_unverified
25-W571.UFMu-03509.2025-07-05-11-40.QPSRM.000033006983,25-W571.UFMu-03509,2025-07-05 11:40:00,band_09,291.93333333333334,353.95,8.0,,center,automated_candidate_unverified
25-W571.UFMu-03509.2025-07-05-11-40.QPSRM.000033006983,25-W571.UFMu-03509,2025-07-05 11:40:00,band_10,294.9482758620689,312.13793103448273,9.0,,center,automated_candidate_unverified
25-W571.UFMu-03509.2025-07-05-11-40.QPSRM.000033006983,25-W571.UFMu-03509,2025-07-05 11:40:00,band_11,298.0,270.0,10.0,,center,automated_candidate_unverified
25-W571.UFMu-03509.2025-07-05-11-40.QPSRM.000033006983,25-W571.UFMu-03509,2025-07-05 11:40:00,band_12,301.5,228.0,11.0,,center,automated_candidate_unverified
25-W571.UFMu-03509.2025-07-05-11-40.QPSRM.000033006983,25-W571.UFMu-03509,2025-07-05 11:40:00,band_13,305.09615384615387,186.48076923076923,12.0,,center,automated_candidate_unverified
25-W571.UFMu-03509.2025-07-06-11-45.QPSRM.000033006983,25-W571.UFMu-03509,2025-07-06 11:45:00,band_01,279.0735294117647,638.0588235294117,0.0,,center,automated_candidate_unverified
25-W571.UFMu-03509.2025-07-06-11-45.QPSRM.000033006983,25-W571.UFMu-03509,2025-07-06 11:45:00,band_02,282.08653846153845,599.0,1.0,,center,automated_candidate_unverified
25-W571.UFMu-03509.2025-07-06-11-45.QPSRM.000033006983,25-W571.UFMu-03509,2025-07-06 11:45:00,band_03,284.06349206349205,559.3809523809524,2.0,,center,automated_candidate_unverified
25-W571.UFMu-03509.2025-07-06-11-45.QPSRM.000033006983,25-W571.UFMu-03509,2025-07-06 11:45:00,band_04,286.27142857142854,519.8428571428572,3.0,,center,automated_candidate_unverified
25-W571.UFMu-03509.2025-07-06-11-45.QPSRM.000033006983,25-W571.UFMu-03509,2025-07-06 11:45:00,band_05,288.640625,479.171875,4.0,,center,automated_candidate_unverified
25-W571.UFMu-03509.2025-07-06-11-45.QPSRM.000033006983,25-W571.UFMu-03509,2025-07-06 11:45:00,band_06,291.7857142857143,438.6785714285714,5.0,,center,automated_candidate_unverified
25-W571.UFMu-03509.2025-07-06-11-45.QPSRM.000033006983,25-W571.UFMu-03509,2025-07-06 11:45:00,band_07,294.5744680851064,397.5531914893617,6.0,,center,automated_candidate_unverified
25-W571.UFMu-03509.2025-07-06-11-45.QPSRM.000033006983,25-W571.UFMu-03509,2025-07-06 11:45:00,band_08,297.61538461538464,356.0,7.0,,center,automated_candidate_unverified
25-W571.UFMu-03509.2025-07-06-11-45.QPSRM.000033006983,25-W571.UFMu-03509,2025-07-06 11:45:00,band_09,300.6170212765957,314.4255319148936,8.0,,center,automated_candidate_unverified
25-W571.UFMu-03509.2025-07-06-11-45.QPSRM.000033006983,25-W571.UFMu-03509,2025-07-06 11:45:00,band_10,303.6304347826087,272.0217391304348,9.0,,center,automated_candidate_unverified
25-W571.UFMu-03509.2025-07-06-11-45.QPSRM.000033006983,25-W571.UFMu-03509,2025-07-06 11:45:00,band_11,307.1111111111111,230.0,10.0,,center,automated_candidate_unverified
25-W571.UFMu-03509.2025-07-06-11-45.QPSRM.000033006983,25-W571.UFMu-03509,2025-07-06 11:45:00,band_12,310.2368421052632,188.3684210526316,11.0,,center,automated_candidate_unverified
25-W571.UFMu-03509.2025-07-07-11-44.QPSRM.000033006983,25-W571.UFMu-03509,2025-07-07 11:44:00,band_01,277.8243243243243,598.4054054054054,0.0,,center,automated_candidate_unverified
25-W571.UFMu-03509.2025-07-07-11-44.QPSRM.000033006983,25-W571.UFMu-03509,2025-07-07 11:44:00,band_02,280.1,559.3,1.0,,center,automated_candidate_unverified
25-W571.UFMu-03509.2025-07-07-11-44.QPSRM.000033006983,25-W571.UFMu-03509,2025-07-07 11:44:00,band_03,282.31481481481484,519.3703703703703,2.0,,center,automated_candidate_unverified
25-W571.UFMu-03509.2025-07-07-11-44.QPSRM.000033006983,25-W571.UFMu-03509,2025-07-07 11:44:00,band_04,284.5,478.46153846153845,3.0,,center,automated_candidate_unverified
25-W571.UFMu-03509.2025-07-07-11-44.QPSRM.000033006983,25-W571.UFMu-03509,2025-07-07 11:44:00,band_05,287.3111111111112,437.75555555555553,4.0,,center,automated_candidate_unverified
25-W571.UFMu-03509.2025-07-07-11-44.QPSRM.000033006983,25-W571.UFMu-03509,2025-07-07 11:44:00,band_06,290.0,396.7631578947368,5.0,,center,automated_candidate_unverified
25-W571.UFMu-03509.2025-07-07-11-44.QPSRM.000033006983,25-W571.UFMu-03509,2025-07-07 11:44:00,band_07,293.15384615384613,355.3076923076923,6.0,,center,automated_candidate_unverified
25-W571.UFMu-03509.2025-07-07-11-44.QPSRM.000033006983,25-W571.UFMu-03509,2025-07-07 11:44:00,band_08,295.9736842105263,313.3684210526316,7.0,,center,automated_candidate_unverified
25-W571.UFMu-03509.2025-07-07-11-44.QPSRM.000033006983,25-W571.UFMu-03509,2025-07-07 11:44:00,band_09,299.0882352941176,271.05882352941177,8.0,,center,automated_candidate_unverified
25-W571.UFMu-03509.2025-07-07-11-44.QPSRM.000033006983,25-W571.UFMu-03509,2025-07-07 11:44:00,band_10,301.8787878787879,229.03030303030303,9.0,,center,automated_candidate_unverified
25-W571.UFMu-03509.2025-07-07-11-44.QPSRM.000033006983,25-W571.UFMu-03509,2025-07-07 11:44:00,band_11,305.28125,187.0,10.0,,center,automated_candidate_unverified
25-W571.UFMu-03509.2025-07-08-11-43.QPSRM.000033006983,25-W571.UFMu-03509,2025-07-08 11:43:00,band_01,266.8941176470588,715.5058823529412,0.0,,center,automated_candidate_unverified
25-W571.UFMu-03509.2025-07-08-11-43.QPSRM.000033006983,25-W571.UFMu-03509,2025-07-08 11:43:00,band_02,270.3768115942029,675.8985507246376,1.0,,center,automated_candidate_unverified
25-W571.UFMu-03509.2025-07-08-11-43.QPSRM.000033006983,25-W571.UFMu-03509,2025-07-08 11:43:00,band_03,274.0886075949367,637.9493670886076,2.0,,center,automated_candidate_unverified
25-W571.UFMu-03509.2025-07-08-11-43.QPSRM.000033006983,25-W571.UFMu-03509,2025-07-08 11:43:00,band_04,278.95454545454544,598.7159090909091,3.0,,center,automated_candidate_unverified
25-W571.UFMu-03509.2025-07-08-11-43.QPSRM.000033006983,25-W571.UFMu-03509,2025-07-08 11:43:00,band_05,280.1935483870968,559.3709677419355,4.0,,center,automated_candidate_unverified
25-W571.UFMu-03509.2025-07-08-11-43.QPSRM.000033006983,25-W571.UFMu-03509,2025-07-08 11:43:00,band_06,282.3968253968254,519.7777777777778,5.0,,center,automated_candidate_unverified
25-W571.UFMu-03509.2025-07-08-11-43.QPSRM.000033006983,25-W571.UFMu-03509,2025-07-08 11:43:00,band_07,284.7014925373134,478.955223880597,6.0,,center,automated_candidate_unverified
25-W571.UFMu-03509.2025-07-08-11-43.QPSRM.000033006983,25-W571.UFMu-03509,2025-07-08 11:43:00,band_08,287.5660377358491,438.4528301886792,7.0,,center,automated_candidate_unverified
25-W571.UFMu-03509.2025-07-08-11-43.QPSRM.000033006983,25-W571.UFMu-03509,2025-07-08 11:43:00,band_09,290.64444444444445,397.4,8.0,,center,automated_candidate_unverified
25-W571.UFMu-03509.2025-07-08-11-43.QPSRM.000033006983,25-W571.UFMu-03509,2025-07-08 11:43:00,band_10,293.5833333333333,355.75,9.0,,center,automated_candidate_unverified
25-W571.UFMu-03509.2025-07-08-11-43.QPSRM.000033006983,25-W571.UFMu-03509,2025-07-08 11:43:00,band_11,296.675,313.925,10.0,,center,automated_candidate_unverified
25-W571.UFMu-03509.2025-07-08-11-43.QPSRM.000033006983,25-W571.UFMu-03509,2025-07-08 11:43:00,band_12,299.47727272727275,271.6136363636364,11.0,,center,automated_candidate_unverified
25-W571.UFMu-03509.2025-07-08-11-43.QPSRM.000033006983,25-W571.UFMu-03509,2025-07-08 11:43:00,band_13,303.0,229.79545454545453,12.0,,center,automated_candidate_unverified
25-W571.UFMu-03509.2025-07-08-11-43.QPSRM.000033006983,25-W571.UFMu-03509,2025-07-08 11:43:00,band_14,306.1304347826087,187.7608695652174,13.0,,center,automated_candidate_unverified
25-W571.UFMu-03509.2025-07-09-11-43.QPSRM.000033006983,25-W571.UFMu-03509,2025-07-09 11:43:00,band_01,273.2413793103448,750.1379310344828,0.0,,center,automated_candidate_unverified
25-W571.UFMu-03509.2025-07-09-11-43.QPSRM.000033006983,25-W571.UFMu-03509,2025-07-09 11:43:00,band_02,271.25,713.421875,1.0,,center,automated_candidate_unverified
25-W571.UFMu-03509.2025-07-09-11-43.QPSRM.000033006983,25-W571.UFMu-03509,2025-07-09 11:43:00,band_03,274.1515151515151,675.4090909090909,2.0,,center,automated_candidate_unverified
25-W571.UFMu-03509.2025-07-09-11-43.QPSRM.000033006983,25-W571.UFMu-03509,2025-07-09 11:43:00,band_04,277.28205128205127,637.0512820512821,3.0,,center,automated_candidate_unverified
25-W571.UFMu-03509.2025-07-09-11-43.QPSRM.000033006983,25-W571.UFMu-03509,2025-07-09 11:43:00,band_05,280.8333333333333,598.5714285714286,4.0,,center,automated_candidate_unverified
25-W571.UFMu-03509.2025-07-09-11-43.QPSRM.000033006983,25-W571.UFMu-03509,2025-07-09 11:43:00,band_06,281.2040816326531,559.0204081632653,5.0,,center,automated_candidate_unverified
25-W571.UFMu-03509.2025-07-09-11-43.QPSRM.000033006983,25-W571.UFMu-03509,2025-07-09 11:43:00,band_07,283.5272727272727,519.290909090909,6.0,,center,automated_candidate_unverified
25-W571.UFMu-03509.2025-07-09-11-43.QPSRM.000033006983,25-W571.UFMu-03509,2025-07-09 11:43:00,band_08,285.8125,478.3541666666667,7.0,,center,automated_candidate_unverified
25-W571.UFMu-03509.2025-07-09-11-43.QPSRM.000033006983,25-W571.UFMu-03509,2025-07-09 11:43:00,band_09,288.26666666666665,437.8222222222222,8.0,,center,automated_candidate_unverified
25-W571.UFMu-03509.2025-07-09-11-43.QPSRM.000033006983,25-W571.UFMu-03509,2025-07-09 11:43:00,band_10,291.3333333333333,396.6111111111111,9.0,,center,automated_candidate_unverified
25-W571.UFMu-03509.2025-07-09-11-43.QPSRM.000033006983,25-W571.UFMu-03509,2025-07-09 11:43:00,band_11,294.1621621621622,355.02702702702703,10.0,,center,automated_candidate_unverified
25-W571.UFMu-03509.2025-07-09-11-43.QPSRM.000033006983,25-W571.UFMu-03509,2025-07-09 11:43:00,band_12,297.1515151515151,313.27272727272725,11.0,,center,automated_candidate_unverified
25-W571.UFMu-03509.2025-07-09-11-43.QPSRM.000033006983,25-W571.UFMu-03509,2025-07-09 11:43:00,band_13,299.88461538461536,271.03846153846155,12.0,,center,automated_candidate_unverified
25-W571.UFMu-03509.2025-07-09-11-43.QPSRM.000033006983,25-W571.UFMu-03509,2025-07-09 11:43:00,band_14,302.969696969697,228.72727272727272,13.0,,center,automated_candidate_unverified
25-W571.UFMu-03509.2025-07-09-11-43.QPSRM.000033006983,25-W571.UFMu-03509,2025-07-09 11:43:00,band_15,306.1388888888889,186.61111111111111,14.0,,center,automated_candidate_unverified
25-W571.UFMu-03509.2025-07-10-11-42.QPSRM.000033006983,25-W571.UFMu-03509,2025-07-10 11:42:00,band_01,277.17857142857144,595.1607142857143,0.0,,center,automated_candidate_unverified
25-W571.UFMu-03509.2025-07-10-11-42.QPSRM.000033006983,25-W571.UFMu-03509,2025-07-10 11:42:00,band_02,279.30434782608694,555.8695652173913,1.0,,center,automated_candidate_unverified
25-W571.UFMu-03509.2025-07-10-11-42.QPSRM.000033006983,25-W571.UFMu-03509,2025-07-10 11:42:00,band_03,281.3061224489796,516.2448979591836,2.0,,center,automated_candidate_unverified
25-W571.UFMu-03509.2025-07-10-11-42.QPSRM.000033006983,25-W571.UFMu-03509,2025-07-10 11:42:00,band_04,283.8333333333333,475.5,3.0,,center,automated_candidate_unverified
25-W571.UFMu-03509.2025-07-10-11-42.QPSRM.000033006983,25-W571.UFMu-03509,2025-07-10 11:42:00,band_05,286.56756756756755,435.1891891891892,4.0,,center,automated_candidate_unverified
25-W571.UFMu-03509.2025-07-10-11-42.QPSRM.000033006983,25-W571.UFMu-03509,2025-07-10 11:42:00,band_06,289.5,394.0,5.0,,center,automated_candidate_unverified
25-W571.UFMu-03509.2025-07-10-11-42.QPSRM.000033006983,25-W571.UFMu-03509,2025-07-10 11:42:00,band_07,292.5806451612903,352.5806451612903,6.0,,center,automated_candidate_unverified
25-W571.UFMu-03509.2025-07-10-11-42.QPSRM.000033006983,25-W571.UFMu-03509,2025-07-10 11:42:00,band_08,295.5,311.0,7.0,,center,automated_candidate_unverified
25-W571.UFMu-03509.2025-07-10-11-42.QPSRM.000033006983,25-W571.UFMu-03509,2025-07-10 11:42:00,band_09,298.5263157894737,268.7368421052632,8.0,,center,automated_candidate_unverified
25-W571.UFMu-03509.2025-07-10-11-42.QPSRM.000033006983,25-W571.UFMu-03509,2025-07-10 11:42:00,band_10,301.6551724137931,226.89655172413796,9.0,,center,automated_candidate_unverified
25-W571.UFMu-03509.2025-07-10-11-42.QPSRM.000033006983,25-W571.UFMu-03509,2025-07-10 11:42:00,band_11,305.5925925925926,185.07407407407408,10.0,,center,automated_candidate_unverified
25-W571.UFMu-03509.2025-07-11-11-41.QPSRM.000033006983,25-W571.UFMu-03509,2025-07-11 11:41:00,band_01,279.61538461538464,555.7435897435897,0.0,,center,automated_candidate_unverified
25-W571.UFMu-03509.2025-07-11-11-41.QPSRM.000033006983,25-W571.UFMu-03509,2025-07-11 11:41:00,band_02,282.2083333333333,516.125,1.0,,center,automated_candidate_unverified
25-W571.UFMu-03509.2025-07-11-11-41.QPSRM.000033006983,25-W571.UFMu-03509,2025-07-11 11:41:00,band_03,284.9605263157895,475.7763157894737,2.0,,center,automated_candidate_unverified
25-W571.UFMu-03509.2025-07-11-11-41.QPSRM.000033006983,25-W571.UFMu-03509,2025-07-11 11:41:00,band_04,287.90140845070425,435.225352112676,3.0,,center,automated_candidate_unverified
25-W571.UFMu-03509.2025-07-11-11-41.QPSRM.000033006983,25-W571.UFMu-03509,2025-07-11 11:41:00,band_05,290.62857142857143,394.3142857142857,4.0,,center,automated_candidate_unverified
25-W571.UFMu-03509.2025-07-11-11-41.QPSRM.000033006983,25-W571.UFMu-03509,2025-07-11 11:41:00,band_06,294.22727272727275,352.95454545454544,5.0,,center,automated_candidate_unverified
25-W571.UFMu-03509.2025-07-11-11-41.QPSRM.000033006983,25-W571.UFMu-03509,2025-07-11 11:41:00,band_07,297.28169014084506,311.28169014084506,6.0,,center,automated_candidate_unverified
25-W571.UFMu-03509.2025-07-11-11-41.QPSRM.000033006983,25-W571.UFMu-03509,2025-07-11 11:41:00,band_08,300.5151515151515,269.09090909090907,7.0,,center,automated_candidate_unverified
25-W571.UFMu-03509.2025-07-11-11-41.QPSRM.000033006983,25-W571.UFMu-03509,2025-07-11 11:41:00,band_09,303.80555555555554,227.02777777777777,8.0,,center,automated_candidate_unverified
25-W571.UFMu-03509.2025-07-11-11-41.QPSRM.000033006983,25-W571.UFMu-03509,2025-07-11 11:41:00,band_10,307.5507246376812,185.14492753623188,9.0,,center,automated_candidate_unverified
25-W571.UFMu-03509.2025-07-12-11-42.QPSRM.000033006983,25-W571.UFMu-03509,2025-07-12 11:42:00,band_01,295.05,597.6666666666666,0.0,,center,automated_candidate_unverified
25-W571.UFMu-03509.2025-07-12-11-42.QPSRM.000033006983,25-W571.UFMu-03509,2025-07-12 11:42:00,band_02,295.05454545454546,558.4,1.0,,center,automated_candidate_unverified
25-W571.UFMu-03509.2025-07-12-11-42.QPSRM.000033006983,25-W571.UFMu-03509,2025-07-12 11:42:00,band_03,297.6949152542373,518.5254237288135,2.0,,center,automated_candidate_unverified
25-W571.UFMu-03509.2025-07-12-11-42.QPSRM.000033006983,25-W571.UFMu-03509,2025-07-12 11:42:00,band_04,300.2142857142857,478.0,3.0,,center,automated_candidate_unverified
25-W571.UFMu-03509.2025-07-12-11-42.QPSRM.000033006983,25-W571.UFMu-03509,2025-07-12 11:42:00,band_05,303.4807692307692,437.5769230769231,4.0,,center,automated_candidate_unverified
25-W571.UFMu-03509.2025-07-12-11-42.QPSRM.000033006983,25-W571.UFMu-03509,2025-07-12 11:42:00,band_06,306.96,396.62,5.0,,center,automated_candidate_unverified
25-W571.UFMu-03509.2025-07-12-11-42.QPSRM.000033006983,25-W571.UFMu-03509,2025-07-12 11:42:00,band_07,310.3333333333333,355.54761904761904,6.0,,center,automated_candidate_unverified
25-W571.UFMu-03509.2025-07-12-11-42.QPSRM.000033006983,25-W571.UFMu-03509,2025-07-12 11:42:00,band_08,313.5869565217391,313.6521739130435,7.0,,center,automated_candidate_unverified
25-W571.UFMu-03509.2025-07-12-11-42.QPSRM.000033006983,25-W571.UFMu-03509,2025-07-12 11:42:00,band_09,317.0,271.5,8.0,,center,automated_candidate_unverified
25-W571.UFMu-03509.2025-07-12-11-42.QPSRM.000033006983,25-W571.UFMu-03509,2025-07-12 11:42:00,band_10,320.5263157894737,229.1578947368421,9.0,,center,automated_candidate_unverified
25-W571.UFMu-03509.2025-07-12-11-42.QPSRM.000033006983,25-W571.UFMu-03509,2025-07-12 11:42:00,band_11,324.13157894736844,187.5,10.0,,center,automated_candidate_unverified
25-W571.UFMu-03509.2025-07-13-11-39.QPSRM.000033006983,25-W571.UFMu-03509,2025-07-13 11:39:00,band_01,281.29545454545456,595.5454545454545,0.0,,center,automated_candidate_unverified
25-W571.UFMu-03509.2025-07-13-11-39.QPSRM.000033006983,25-W571.UFMu-03509,2025-07-13 11:39:00,band_02,283.3272727272727,555.9090909090909,1.0,,center,automated_candidate_unverified
25-W571.UFMu-03509.2025-07-13-11-39.QPSRM.000033006983,25-W571.UFMu-03509,2025-07-13 11:39:00,band_03,285.4074074074074,516.2222222222222,2.0,,center,automated_candidate_unverified
25-W571.UFMu-03509.2025-07-13-11-39.QPSRM.000033006983,25-W571.UFMu-03509,2025-07-13 11:39:00,band_04,288.0,475.4038461538461,3.0,,center,automated_candidate_unverified
25-W571.UFMu-03509.2025-07-13-11-39.QPSRM.000033006983,25-W571.UFMu-03509,2025-07-13 11:39:00,band_05,290.675,434.925,4.0,,center,automated_candidate_unverified
25-W571.UFMu-03509.2025-07-13-11-39.QPSRM.000033006983,25-W571.UFMu-03509,2025-07-13 11:39:00,band_06,293.89473684210526,393.7894736842105,5.0,,center,automated_candidate_unverified
25-W571.UFMu-03509.2025-07-13-11-39.QPSRM.000033006983,25-W571.UFMu-03509,2025-07-13 11:39:00,band_07,297.0769230769231,352.43589743589746,6.0,,center,automated_candidate_unverified
25-W571.UFMu-03509.2025-07-13-11-39.QPSRM.000033006983,25-W571.UFMu-03509,2025-07-13 11:39:00,band_08,299.8333333333333,310.44444444444446,7.0,,center,automated_candidate_unverified
25-W571.UFMu-03509.2025-07-13-11-39.QPSRM.000033006983,25-W571.UFMu-03509,2025-07-13 11:39:00,band_09,303.1290322580645,268.1290322580645,8.0,,center,automated_candidate_unverified
25-W571.UFMu-03509.2025-07-13-11-39.QPSRM.000033006983,25-W571.UFMu-03509,2025-07-13 11:39:00,band_10,306.06666666666666,226.1,9.0,,center,automated_candidate_unverified
25-W571.UFMu-03509.2025-07-13-11-39.QPSRM.000033006983,25-W571.UFMu-03509,2025-07-13 11:39:00,band_11,309.741935483871,184.03225806451613,10.0,,center,automated_candidate_unverified
25-W571.UFMu-03509.2025-07-14-11-40.QPSRM.000033006983,25-W571.UFMu-03509,2025-07-14 11:40:00,band_01,278.1904761904762,554.8809523809524,0.0,,center,automated_candidate_unverified
25-W571.UFMu-03509.2025-07-14-11-40.QPSRM.000033006983,25-W571.UFMu-03509,2025-07-14 11:40:00,band_02,280.7837837837838,515.027027027027,1.0,,center,automated_candidate_unverified
25-W571.UFMu-03509.2025-07-14-11-40.QPSRM.000033006983,25-W571.UFMu-03509,2025-07-14 11:40:00,band_03,282.95,474.325,2.0,,center,automated_candidate_unverified
25-W571.UFMu-03509.2025-07-14-11-40.QPSRM.000033006983,25-W571.UFMu-03509,2025-07-14 11:40:00,band_04,285.30434782608694,433.9130434782609,3.0,,center,automated_candidate_unverified
25-W571.UFMu-03509.2025-07-14-11-40.QPSRM.000033006983,25-W571.UFMu-03509,2025-07-14 11:40:00,band_05,288.57142857142856,392.7142857142857,4.0,,center,automated_candidate_unverified
25-W571.UFMu-03509.2025-07-14-11-40.QPSRM.000033006983,25-W571.UFMu-03509,2025-07-14 11:40:00,band_06,291.65384615384613,351.0,5.0,,center,automated_candidate_unverified
25-W571.UFMu-03509.2025-07-14-11-40.QPSRM.000033006983,25-W571.UFMu-03509,2025-07-14 11:40:00,band_07,294.04761904761904,309.0,6.0,,center,automated_candidate_unverified
25-W571.UFMu-03509.2025-07-14-11-40.QPSRM.000033006983,25-W571.UFMu-03509,2025-07-14 11:40:00,band_08,298.15384615384613,266.9230769230769,7.0,,center,automated_candidate_unverified
25-W571.UFMu-03509.2025-07-14-11-40.QPSRM.000033006983,25-W571.UFMu-03509,2025-07-14 11:40:00,band_09,300.5,224.5,8.0,,center,automated_candidate_unverified
25-W571.UFMu-03509.2025-07-14-11-40.QPSRM.000033006983,25-W571.UFMu-03509,2025-07-14 11:40:00,band_10,303.875,182.70833333333331,9.0,,center,automated_candidate_unverified
25-W571.UFMu-03509.2025-07-15-11-40.QPSRM.000033006983,25-W571.UFMu-03509,2025-07-15 11:40:00,band_01,280.8928571428572,555.0357142857143,0.0,,center,automated_candidate_unverified
25-W571.UFMu-03509.2025-07-15-11-40.QPSRM.000033006983,25-W571.UFMu-03509,2025-07-15 11:40:00,band_02,281.53061224489795,515.3673469387755,1.0,,center,automated_candidate_unverified
25-W571.UFMu-03509.2025-07-15-11-40.QPSRM.000033006983,25-W571.UFMu-03509,2025-07-15 11:40:00,band_03,283.89473684210526,474.7894736842105,2.0,,center,automated_candidate_unverified
25-W571.UFMu-03509.2025-07-15-11-40.QPSRM.000033006983,25-W571.UFMu-03509,2025-07-15 11:40:00,band_04,286.62068965517244,434.1034482758621,3.0,,center,automated_candidate_unverified
25-W571.UFMu-03509.2025-07-15-11-40.QPSRM.000033006983,25-W571.UFMu-03509,2025-07-15 11:40:00,band_05,289.76,393.2,4.0,,center,automated_candidate_unverified
25-W571.UFMu-03509.2025-07-15-11-40.QPSRM.000033006983,25-W571.UFMu-03509,2025-07-15 11:40:00,band_06,292.9,351.3,5.0,,center,automated_candidate_unverified
25-W571.UFMu-03509.2025-07-15-11-40.QPSRM.000033006983,25-W571.UFMu-03509,2025-07-15 11:40:00,band_07,295.94117647058823,309.3529411764706,6.0,,center,automated_candidate_unverified
25-W571.UFMu-03509.2025-07-15-11-40.QPSRM.000033006983,25-W571.UFMu-03509,2025-07-15 11:40:00,band_08,298.7,267.0,7.0,,center,automated_candidate_unverified
25-W571.UFMu-03509.2025-07-15-11-40.QPSRM.000033006983,25-W571.UFMu-03509,2025-07-15 11:40:00,band_09,302.5,224.5,8.0,,center,automated_candidate_unverified
25-W571.UFMu-03509.2025-07-15-11-40.QPSRM.000033006983,25-W571.UFMu-03509,2025-07-15 11:40:00,band_10,305.6666666666667,182.66666666666663,9.0,,center,automated_candidate_unverified
25-W571.UFMu-03509.2025-07-16-11-39.QPSRM.000033006983,25-W571.UFMu-03509,2025-07-16 11:39:00,band_01,284.35820895522386,555.9104477611941,0.0,,center,automated_candidate_unverified
25-W571.UFMu-03509.2025-07-16-11-39.QPSRM.000033006983,25-W571.UFMu-03509,2025-07-16 11:39:00,band_02,286.64516129032256,516.016129032258,1.0,,center,automated_candidate_unverified
25-W571.UFMu-03509.2025-07-16-11-39.QPSRM.000033006983,25-W571.UFMu-03509,2025-07-16 11:39:00,band_03,289.9384615384615,475.55384615384617,2.0,,center,automated_candidate_unverified
25-W571.UFMu-03509.2025-07-16-11-39.QPSRM.000033006983,25-W571.UFMu-03509,2025-07-16 11:39:00,band_04,292.53225806451616,435.0806451612903,3.0,,center,automated_candidate_unverified
25-W571.UFMu-03509.2025-07-16-11-39.QPSRM.000033006983,25-W571.UFMu-03509,2025-07-16 11:39:00,band_05,295.3333333333333,394.12698412698415,4.0,,center,automated_candidate_unverified
25-W571.UFMu-03509.2025-07-16-11-39.QPSRM.000033006983,25-W571.UFMu-03509,2025-07-16 11:39:00,band_06,298.859649122807,352.56140350877195,5.0,,center,automated_candidate_unverified
25-W571.UFMu-03509.2025-07-16-11-39.QPSRM.000033006983,25-W571.UFMu-03509,2025-07-16 11:39:00,band_07,302.1875,310.90625,6.0,,center,automated_candidate_unverified
25-W571.UFMu-03509.2025-07-16-11-39.QPSRM.000033006983,25-W571.UFMu-03509,2025-07-16 11:39:00,band_08,305.40983606557376,268.7049180327869,7.0,,center,automated_candidate_unverified
25-W571.UFMu-03509.2025-07-16-11-39.QPSRM.000033006983,25-W571.UFMu-03509,2025-07-16 11:39:00,band_09,308.44615384615383,226.2,8.0,,center,automated_candidate_unverified
25-W571.UFMu-03509.2025-07-16-11-39.QPSRM.000033006983,25-W571.UFMu-03509,2025-07-16 11:39:00,band_10,312.26229508196724,184.1967213114754,9.0,,center,automated_candidate_unverified
25-W571.UFMu-03509.2025-07-17-11-37.QPSRM.000033006983,25-W571.UFMu-03509,2025-07-17 11:37:00,band_01,281.6865671641791,515.0298507462686,0.0,,center,automated_candidate_unverified
25-W571.UFMu-03509.2025-07-17-11-37.QPSRM.000033006983,25-W571.UFMu-03509,2025-07-17 11:37:00,band_02,282.5882352941176,474.7352941176471,1.0,,center,automated_candidate_unverified
25-W571.UFMu-03509.2025-07-17-11-37.QPSRM.000033006983,25-W571.UFMu-03509,2025-07-17 11:37:00,band_03,286.7333333333333,433.97777777777776,2.0,,center,automated_candidate_unverified
25-W571.UFMu-03509.2025-07-17-11-37.QPSRM.000033006983,25-W571.UFMu-03509,2025-07-17 11:37:00,band_04,289.948717948718,393.1025641025641,3.0,,center,automated_candidate_unverified
25-W571.UFMu-03509.2025-07-17-11-37.QPSRM.000033006983,25-W571.UFMu-03509,2025-07-17 11:37:00,band_05,293.0,351.5,4.0,,center,automated_candidate_unverified
25-W571.UFMu-03509.2025-07-17-11-37.QPSRM.000033006983,25-W571.UFMu-03509,2025-07-17 11:37:00,band_06,295.61290322580646,309.61290322580646,5.0,,center,automated_candidate_unverified
25-W571.UFMu-03509.2025-07-17-11-37.QPSRM.000033006983,25-W571.UFMu-03509,2025-07-17 11:37:00,band_07,299.51724137931035,267.41379310344826,6.0,,center,automated_candidate_unverified
25-W571.UFMu-03509.2025-07-17-11-37.QPSRM.000033006983,25-W571.UFMu-03509,2025-07-17 11:37:00,band_08,302.5483870967742,225.4193548387097,7.0,,center,automated_candidate_unverified
25-W571.UFMu-03509.2025-07-17-11-37.QPSRM.000033006983,25-W571.UFMu-03509,2025-07-17 11:37:00,band_09,306.0833333333333,183.36111111111111,8.0,,center,automated_candidate_unverified
25-W571.UFMu-03509.2025-07-18-11-38.QPSRM.000033006983,25-W571.UFMu-03509,2025-07-18 11:38:00,band_01,282.39344262295083,515.2950819672132,0.0,,center,automated_candidate_unverified
25-W571.UFMu-03509.2025-07-18-11-38.QPSRM.000033006983,25-W571.UFMu-03509,2025-07-18 11:38:00,band_02,285.42857142857144,475.031746031746,1.0,,center,automated_candidate_unverified
25-W571.UFMu-03509.2025-07-18-11-38.QPSRM.000033006983,25-W571.UFMu-03509,2025-07-18 11:38:00,band_03,288.0,434.3703703703704,2.0,,center,automated_candidate_unverified
25-W571.UFMu-03509.2025-07-18-11-38.QPSRM.000033006983,25-W571.UFMu-03509,2025-07-18 11:38:00,band_04,291.07547169811323,393.5471698113208,3.0,,center,automated_candidate_unverified
25-W571.UFMu-03509.2025-07-18-11-38.QPSRM.000033006983,25-W571.UFMu-03509,2025-07-18 11:38:00,band_05,294.63157894736844,351.8421052631579,4.0,,center,automated_candidate_unverified
25-W571.UFMu-03509.2025-07-18-11-38.QPSRM.000033006983,25-W571.UFMu-03509,2025-07-18 11:38:00,band_06,297.537037037037,310.0740740740741,5.0,,center,automated_candidate_unverified
25-W571.UFMu-03509.2025-07-18-11-38.QPSRM.000033006983,25-W571.UFMu-03509,2025-07-18 11:38:00,band_07,301.16,267.58,6.0,,center,automated_candidate_unverified
25-W571.UFMu-03509.2025-07-18-11-38.QPSRM.000033006983,25-W571.UFMu-03509,2025-07-18 11:38:00,band_08,304.5090909090909,225.21818181818185,7.0,,center,automated_candidate_unverified
25-W571.UFMu-03509.2025-07-18-11-38.QPSRM.000033006983,25-W571.UFMu-03509,2025-07-18 11:38:00,band_09,308.1636363636364,183.23636363636365,8.0,,center,automated_candidate_unverified
25-W571.UFMu-03509.2025-07-19-11-38.QPSRM.000033006983,25-W571.UFMu-03509,2025-07-19 11:38:00,band_01,280.5416666666667,636.625,0.0,,center,automated_candidate_unverified
25-W571.UFMu-03509.2025-07-19-11-38.QPSRM.000033006983,25-W571.UFMu-03509,2025-07-19 11:38:00,band_02,280.546875,597.671875,1.0,,center,automated_candidate_unverified
25-W571.UFMu-03509.2025-07-19-11-38.QPSRM.000033006983,25-W571.UFMu-03509,2025-07-19 11:38:00,band_03,284.1794871794872,558.6153846153846,2.0,,center,automated_candidate_unverified
25-W571.UFMu-03509.2025-07-19-11-38.QPSRM.000033006983,25-W571.UFMu-03509,2025-07-19 11:38:00,band_04,284.0882352941176,519.1176470588235,3.0,,center,automated_candidate_unverified
25-W571.UFMu-03509.2025-07-19-11-38.QPSRM.000033006983,25-W571.UFMu-03509,2025-07-19 11:38:00,band_05,287.23636363636365,478.6909090909091,4.0,,center,automated_candidate_unverified
25-W571.UFMu-03509.2025-07-19-11-38.QPSRM.000033006983,25-W571.UFMu-03509,2025-07-19 11:38:00,band_06,291.3255813953488,437.9767441860465,5.0,,center,automated_candidate_unverified
25-W571.UFMu-03509.2025-07-19-11-38.QPSRM.000033006983,25-W571.UFMu-03509,2025-07-19 11:38:00,band_07,292.95,396.65,6.0,,center,automated_candidate_unverified
25-W571.UFMu-03509.2025-07-19-11-38.QPSRM.000033006983,25-W571.UFMu-03509,2025-07-19 11:38:00,band_08,296.175,354.3,7.0,,center,automated_candidate_unverified
25-W571.UFMu-03509.2025-07-19-11-38.QPSRM.000033006983,25-W571.UFMu-03509,2025-07-19 11:38:00,band_09,299.38461538461536,311.20512820512823,8.0,,center,automated_candidate_unverified
25-W571.UFMu-03509.2025-07-19-11-38.QPSRM.000033006983,25-W571.UFMu-03509,2025-07-19 11:38:00,band_10,302.7352941176471,267.0,9.0,,center,automated_candidate_unverified
25-W571.UFMu-03509.2025-07-19-11-38.QPSRM.000033006983,25-W571.UFMu-03509,2025-07-19 11:38:00,band_11,306.42424242424244,222.42424242424244,10.0,,center,automated_candidate_unverified
25-W571.UFMu-03509.2025-07-19-11-38.QPSRM.000033006983,25-W571.UFMu-03509,2025-07-19 11:38:00,band_12,310.15625,177.15625,11.0,,center,automated_candidate_unverified
25-W571.UFMu-03509.2025-07-20-11-51.QPSRM.000033006983,25-W571.UFMu-03509,2025-07-20 11:51:00,band_01,288.1621621621622,477.72972972972974,0.0,,center,automated_candidate_unverified
25-W571.UFMu-03509.2025-07-20-11-51.QPSRM.000033006983,25-W571.UFMu-03509,2025-07-20 11:51:00,band_02,291.7142857142857,438.3142857142857,1.0,,center,automated_candidate_unverified
25-W571.UFMu-03509.2025-07-20-11-51.QPSRM.000033006983,25-W571.UFMu-03509,2025-07-20 11:51:00,band_03,293.51428571428573,396.74285714285713,2.0,,center,automated_candidate_unverified
25-W571.UFMu-03509.2025-07-20-11-51.QPSRM.000033006983,25-W571.UFMu-03509,2025-07-20 11:51:00,band_04,296.5,354.5,3.0,,center,automated_candidate_unverified
25-W571.UFMu-03509.2025-07-20-11-51.QPSRM.000033006983,25-W571.UFMu-03509,2025-07-20 11:51:00,band_05,299.42424242424244,311.42424242424244,4.0,,center,automated_candidate_unverified
25-W571.UFMu-03509.2025-07-20-11-51.QPSRM.000033006983,25-W571.UFMu-03509,2025-07-20 11:51:00,band_06,303.04,267.24,5.0,,center,automated_candidate_unverified
25-W571.UFMu-03509.2025-07-20-11-51.QPSRM.000033006983,25-W571.UFMu-03509,2025-07-20 11:51:00,band_07,306.6111111111111,222.86111111111111,6.0,,center,automated_candidate_unverified
25-W571.UFMu-03509.2025-07-20-11-51.QPSRM.000033006983,25-W571.UFMu-03509,2025-07-20 11:51:00,band_08,310.125,177.70833333333334,7.0,,center,automated_candidate_unverified
25-W571.UFMu-03509.2025-07-21-11-43.QPSRM.000033006983,25-W571.UFMu-03509,2025-07-21 11:43:00,band_01,288.72972972972974,479.55405405405406,0.0,,center,automated_candidate_unverified
25-W571.UFMu-03509.2025-07-21-11-43.QPSRM.000033006983,25-W571.UFMu-03509,2025-07-21 11:43:00,band_02,291.5757575757576,438.969696969697,1.0,,center,automated_candidate_unverified
25-W571.UFMu-03509.2025-07-21-11-43.QPSRM.000033006983,25-W571.UFMu-03509,2025-07-21 11:43:00,band_03,294.2602739726028,397.904109589041,2.0,,center,automated_candidate_unverified
25-W571.UFMu-03509.2025-07-21-11-43.QPSRM.000033006983,25-W571.UFMu-03509,2025-07-21 11:43:00,band_04,296.90277777777777,355.7361111111111,3.0,,center,automated_candidate_unverified
25-W571.UFMu-03509.2025-07-21-11-43.QPSRM.000033006983,25-W571.UFMu-03509,2025-07-21 11:43:00,band_05,300.2,313.0625,4.0,,center,automated_candidate_unverified
25-W571.UFMu-03509.2025-07-21-11-43.QPSRM.000033006983,25-W571.UFMu-03509,2025-07-21 11:43:00,band_06,303.6666666666667,269.125,5.0,,center,automated_candidate_unverified
25-W571.UFMu-03509.2025-07-21-11-43.QPSRM.000033006983,25-W571.UFMu-03509,2025-07-21 11:43:00,band_07,307.3246753246753,224.7792207792208,6.0,,center,automated_candidate_unverified
25-W571.UFMu-03509.2025-07-21-11-43.QPSRM.000033006983,25-W571.UFMu-03509,2025-07-21 11:43:00,band_08,311.027397260274,179.7123287671233,7.0,,center,automated_candidate_unverified
25-W571.UFMu-03509.2025-07-22-11-46.QPSRM.000033006983,25-W571.UFMu-03509,2025-07-22 11:46:00,band_01,284.2894736842105,436.4736842105263,0.0,,center,automated_candidate_unverified
25-W571.UFMu-03509.2025-07-22-11-46.QPSRM.000033006983,25-W571.UFMu-03509,2025-07-22 11:46:00,band_02,286.0731707317073,395.4390243902439,1.0,,center,automated_candidate_unverified
25-W571.UFMu-03509.2025-07-22-11-46.QPSRM.000033006983,25-W571.UFMu-03509,2025-07-22 11:46:00,band_03,289.3243243243243,353.3243243243243,2.0,,center,automated_candidate_unverified
25-W571.UFMu-03509.2025-07-22-11-46.QPSRM.000033006983,25-W571.UFMu-03509,2025-07-22 11:46:00,band_04,291.9761904761905,310.2142857142857,3.0,,center,automated_candidate_unverified
25-W571.UFMu-03509.2025-07-22-11-46.QPSRM.000033006983,25-W571.UFMu-03509,2025-07-22 11:46:00,band_05,295.72727272727275,265.8181818181818,4.0,,center,automated_candidate_unverified
25-W571.UFMu-03509.2025-07-22-11-46.QPSRM.000033006983,25-W571.UFMu-03509,2025-07-22 11:46:00,band_06,299.3076923076923,221.48717948717947,5.0,,center,automated_candidate_unverified
25-W571.UFMu-03509.2025-07-22-11-46.QPSRM.000033006983,25-W571.UFMu-03509,2025-07-22 11:46:00,band_07,302.55555555555554,176.36111111111111,6.0,,center,automated_candidate_unverified
25-W571.UFMu-03509.2025-07-23-11-47.QPSRM.000033006983,25-W571.UFMu-03509,2025-07-23 11:47:00,band_01,72.49115044247787,836.7654867256637,0.0,,center,automated_candidate_unverified
25-W571.UFMu-03509.2025-07-23-11-47.QPSRM.000033006983,25-W571.UFMu-03509,2025-07-23 11:47:00,band_02,74.24375,817.73125,1.0,,center,automated_candidate_unverified
25-W571.UFMu-03509.2025-07-23-11-47.QPSRM.000033006983,25-W571.UFMu-03509,2025-07-23 11:47:00,band_03,72.67597765363128,798.8435754189944,2.0,,center,automated_candidate_unverified
25-W571.UFMu-03509.2025-07-23-11-47.QPSRM.000033006983,25-W571.UFMu-03509,2025-07-23 11:47:00,band_04,65.16666666666667,779.9166666666666,3.0,,center,automated_candidate_unverified
25-W571.UFMu-03509.2025-07-23-11-47.QPSRM.000033006983,25-W571.UFMu-03509,2025-07-23 11:47:00,band_05,73.73764258555133,761.5247148288973,4.0,,center,automated_candidate_unverified
25-W571.UFMu-03509.2025-07-23-11-47.QPSRM.000033006983,25-W571.UFMu-03509,2025-07-23 11:47:00,band_06,72.54508196721312,742.6188524590164,5.0,,center,automated_candidate_unverified
25-W571.UFMu-03509.2025-07-23-11-47.QPSRM.000033006983,25-W571.UFMu-03509,2025-07-23 11:47:00,band_07,65.3,723.35,6.0,,center,automated_candidate_unverified
25-W571.UFMu-03509.2025-07-23-11-47.QPSRM.000033006983,25-W571.UFMu-03509,2025-07-23 11:47:00,band_08,78.55284552845528,705.2845528455284,7.0,,center,automated_candidate_unverified
25-W571.UFMu-03509.2025-07-23-11-47.QPSRM.000033006983,25-W571.UFMu-03509,2025-07-23 11:47:00,band_09,73.61170212765957,686.2553191489362,8.0,,center,automated_candidate_unverified
25-W571.UFMu-03509.2025-07-24-11-50.QPSRM.000033006983,25-W571.UFMu-03509,2025-07-24 11:50:00,band_01,291.0625,436.8125,0.0,,center,automated_candidate_unverified
25-W571.UFMu-03509.2025-07-24-11-50.QPSRM.000033006983,25-W571.UFMu-03509,2025-07-24 11:50:00,band_02,290.89830508474574,396.7796610169492,1.0,,center,automated_candidate_unverified
25-W571.UFMu-03509.2025-07-24-11-50.QPSRM.000033006983,25-W571.UFMu-03509,2025-07-24 11:50:00,band_03,293.81666666666666,354.68333333333334,2.0,,center,automated_candidate_unverified
25-W571.UFMu-03509.2025-07-24-11-50.QPSRM.000033006983,25-W571.UFMu-03509,2025-07-24 11:50:00,band_04,296.6811594202899,311.3623188405797,3.0,,center,automated_candidate_unverified
25-W571.UFMu-03509.2025-07-24-11-50.QPSRM.000033006983,25-W571.UFMu-03509,2025-07-24 11:50:00,band_05,299.953125,267.296875,4.0,,center,automated_candidate_unverified
25-W571.UFMu-03509.2025-07-24-11-50.QPSRM.000033006983,25-W571.UFMu-03509,2025-07-24 11:50:00,band_06,303.65625,222.8125,5.0,,center,automated_candidate_unverified
25-W571.UFMu-03509.2025-07-24-11-50.QPSRM.000033006983,25-W571.UFMu-03509,2025-07-24 11:50:00,band_07,306.98387096774195,177.70967741935485,6.0,,center,automated_candidate_unverified
25-W571.UFMu-03509.2025-07-25-11-42.QPSRM.000033006983,25-W571.UFMu-03509,2025-07-25 11:42:00,band_01,289.1272727272727,438.58181818181816,0.0,,center,automated_candidate_unverified
25-W571.UFMu-03509.2025-07-25-11-42.QPSRM.000033006983,25-W571.UFMu-03509,2025-07-25 11:42:00,band_02,291.0689655172414,397.1551724137931,1.0,,center,automated_candidate_unverified
25-W571.UFMu-03509.2025-07-25-11-42.QPSRM.000033006983,25-W571.UFMu-03509,2025-07-25 11:42:00,band_03,294.0,355.0,2.0,,center,automated_candidate_unverified
25-W571.UFMu-03509.2025-07-25-11-42.QPSRM.000033006983,25-W571.UFMu-03509,2025-07-25 11:42:00,band_04,297.5571428571429,312.3,3.0,,center,automated_candidate_unverified
25-W571.UFMu-03509.2025-07-25-11-42.QPSRM.000033006983,25-W571.UFMu-03509,2025-07-25 11:42:00,band_05,300.84375,268.015625,4.0,,center,automated_candidate_unverified
25-W571.UFMu-03509.2025-07-25-11-42.QPSRM.000033006983,25-W571.UFMu-03509,2025-07-25 11:42:00,band_06,304.640625,223.8125,5.0,,center,automated_candidate_unverified
25-W571.UFMu-03509.2025-07-25-11-42.QPSRM.000033006983,25-W571.UFMu-03509,2025-07-25 11:42:00,band_07,307.8888888888889,178.24074074074073,6.0,,center,automated_candidate_unverified
25-W571.UFMu-03509.2025-07-26-11-42.QPSRM.000033006983,25-W571.UFMu-03509,2025-07-26 11:42:00,band_01,285.27272727272725,481.0,0.0,,center,automated_candidate_unverified
25-W571.UFMu-03509.2025-07-26-11-42.QPSRM.000033006983,25-W571.UFMu-03509,2025-07-26 11:42:00,band_02,288.1219512195122,437.8780487804878,1.0,,center,automated_candidate_unverified
25-W571.UFMu-03509.2025-07-26-11-42.QPSRM.000033006983,25-W571.UFMu-03509,2025-07-26 11:42:00,band_03,290.87692307692305,396.8,2.0,,center,automated_candidate_unverified
25-W571.UFMu-03509.2025-07-26-11-42.QPSRM.000033006983,25-W571.UFMu-03509,2025-07-26 11:42:00,band_04,293.98387096774195,354.5483870967742,3.0,,center,automated_candidate_unverified
25-W571.UFMu-03509.2025-07-26-11-42.QPSRM.000033006983,25-W571.UFMu-03509,2025-07-26 11:42:00,band_05,297.0952380952381,311.44444444444446,4.0,,center,automated_candidate_unverified
25-W571.UFMu-03509.2025-07-26-11-42.QPSRM.000033006983,25-W571.UFMu-03509,2025-07-26 11:42:00,band_06,300.5,267.25,5.0,,center,automated_candidate_unverified
25-W571.UFMu-03509.2025-07-26-11-42.QPSRM.000033006983,25-W571.UFMu-03509,2025-07-26 11:42:00,band_07,304.0,222.66666666666663,6.0,,center,automated_candidate_unverified
25-W571.UFMu-03509.2025-07-26-11-42.QPSRM.000033006983,25-W571.UFMu-03509,2025-07-26 11:42:00,band_08,307.2258064516129,177.3709677419355,7.0,,center,automated_candidate_unverified
25-W571.UFMu-03509.2025-07-27-11-38.QPSRM.000033006983,25-W571.UFMu-03509,2025-07-27 11:38:00,band_01,747.2222222222222,782.4206349206349,0.0,,center,automated_candidate_unverified
25-W571.UFMu-03509.2025-07-27-11-38.QPSRM.000033006983,25-W571.UFMu-03509,2025-07-27 11:38:00,band_02,741.054347826087,761.4565217391304,1.0,,center,automated_candidate_unverified
25-W571.UFMu-03509.2025-07-27-11-38.QPSRM.000033006983,25-W571.UFMu-03509,2025-07-27 11:38:00,band_03,730.4285714285714,734.1428571428571,2.0,,center,automated_candidate_unverified
25-W571.UFMu-03509.2025-07-27-11-38.QPSRM.000033006983,25-W571.UFMu-03509,2025-07-27 11:38:00,band_04,724.75,706.8333333333334,3.0,,center,automated_candidate_unverified
25-W571.UFMu-03509.2025-07-27-11-38.QPSRM.000033006983,25-W571.UFMu-03509,2025-07-27 11:38:00,band_05,722.2222222222222,683.7407407407408,4.0,,center,automated_candidate_unverified
25-W571.UFMu-03509.2025-07-27-11-38.QPSRM.000033006983,25-W571.UFMu-03509,2025-07-27 11:38:00,band_06,712.7716049382716,656.3703703703703,5.0,,center,automated_candidate_unverified
25-W571.UFMu-03509.2025-07-27-11-38.QPSRM.000033006983,25-W571.UFMu-03509,2025-07-27 11:38:00,band_07,703.078947368421,627.3157894736842,6.0,,center,automated_candidate_unverified
25-W571.UFMu-03509.2025-07-28-11-43.QPSRM.000033006983,25-W571.UFMu-03509,2025-07-28 11:43:00,band_01,291.3333333333333,444.8787878787879,0.0,,center,automated_candidate_unverified
25-W571.UFMu-03509.2025-07-28-11-43.QPSRM.000033006983,25-W571.UFMu-03509,2025-07-28 11:43:00,band_02,292.9642857142857,403.6071428571428,1.0,,center,automated_candidate_unverified
25-W571.UFMu-03509.2025-07-28-11-43.QPSRM.000033006983,25-W571.UFMu-03509,2025-07-28 11:43:00,band_03,294.85714285714283,361.5,2.0,,center,automated_candidate_unverified
25-W571.UFMu-03509.2025-07-28-11-43.QPSRM.000033006983,25-W571.UFMu-03509,2025-07-28 11:43:00,band_04,297.037037037037,318.22222222222223,3.0,,center,automated_candidate_unverified
25-W571.UFMu-03509.2025-07-28-11-43.QPSRM.000033006983,25-W571.UFMu-03509,2025-07-28 11:43:00,band_05,299.7647058823529,274.05882352941177,4.0,,center,automated_candidate_unverified
25-W571.UFMu-03509.2025-07-28-11-43.QPSRM.000033006983,25-W571.UFMu-03509,2025-07-28 11:43:00,band_06,302.0740740740741,229.40740740740745,5.0,,center,automated_candidate_unverified
25-W571.UFMu-03509.2025-07-28-11-43.QPSRM.000033006983,25-W571.UFMu-03509,2025-07-28 11:43:00,band_07,304.5882352941176,184.05882352941177,6.0,,center,automated_candidate_unverified
25-W571.UFMu-03509.2025-07-29-11-50.QPSRM.000033006983,25-W571.UFMu-03509,2025-07-29 11:50:00,band_01,264.90625,752.3229166666666,0.0,,center,automated_candidate_unverified
25-W571.UFMu-03509.2025-07-29-11-50.QPSRM.000033006983,25-W571.UFMu-03509,2025-07-29 11:50:00,band_02,255.78220858895705,719.4539877300614,1.0,,center,automated_candidate_unverified
25-W571.UFMu-03509.2025-07-29-11-50.QPSRM.000033006983,25-W571.UFMu-03509,2025-07-29 11:50:00,band_03,258.4166666666667,675.3125,2.0,,center,automated_candidate_unverified
25-W571.UFMu-03509.2025-07-29-11-50.QPSRM.000033006983,25-W571.UFMu-03509,2025-07-29 11:50:00,band_04,258.0857142857143,633.2464285714286,3.0,,center,automated_candidate_unverified
25-W571.UFMu-03509.2025-07-29-11-50.QPSRM.000033006983,25-W571.UFMu-03509,2025-07-29 11:50:00,band_05,253.6,598.6,4.0,,center,automated_candidate_unverified
25-W571.UFMu-03509.2025-07-29-11-50.QPSRM.000033006983,25-W571.UFMu-03509,2025-07-29 11:50:00,band_06,254.92156862745097,549.6862745098039,5.0,,center,automated_candidate_unverified
25-W571.UFMu-03509.2025-07-29-11-50.QPSRM.000033006983,25-W571.UFMu-03509,2025-07-29 11:50:00,band_07,249.8,501.5,6.0,,center,automated_candidate_unverified
25-W571.UFMu-03509.2025-07-31-11-44.QPSRM.000033006983,25-W571.UFMu-03509,2025-07-31 11:44:00,band_01,63.85585585585586,771.6036036036036,0.0,,center,automated_candidate_unverified
25-W571.UFMu-03509.2025-07-31-11-44.QPSRM.000033006983,25-W571.UFMu-03509,2025-07-31 11:44:00,band_02,67.125,758.0,1.0,,center,automated_candidate_unverified
25-W571.UFMu-03509.2025-07-31-11-44.QPSRM.000033006983,25-W571.UFMu-03509,2025-07-31 11:44:00,band_03,51.3,744.2,2.0,,center,automated_candidate_unverified
25-W571.UFMu-03509.2025-07-31-11-44.QPSRM.000033006983,25-W571.UFMu-03509,2025-07-31 11:44:00,band_04,57.48571428571429,729.0285714285715,3.0,,center,automated_candidate_unverified
25-W571.UFMu-03509.2025-07-31-11-44.QPSRM.000033006983,25-W571.UFMu-03509,2025-07-31 11:44:00,band_05,48.92727272727273,705.0545454545454,4.0,,center,automated_candidate_unverified
25-W571.UFMu-03509.2025-07-31-11-44.QPSRM.000033006983,25-W571.UFMu-03509,2025-07-31 11:44:00,band_06,43.375,690.125,5.0,,center,automated_candidate_unverified
25-W571.UFMu-03509.2025-07-31-11-44.QPSRM.000033006983,25-W571.UFMu-03509,2025-07-31 11:44:00,band_07,43.79166666666666,672.75,6.0,,center,automated_candidate_unverified
25-W571.UFMu-03509.2025-07-31-11-44.QPSRM.000033006983,25-W571.UFMu-03509,2025-07-31 11:44:00,band_08,41.36842105263158,652.5263157894736,7.0,,center,automated_candidate_unverified
25-W571.UFMu-03509.2025-07-31-11-44.QPSRM.000033006983,25-W571.UFMu-03509,2025-07-31 11:44:00,band_09,33.84,633.16,8.0,,center,automated_candidate_unverified
25-W571.UFMu-03509.2025-08-01-11-49.QPSRM.000033006983,25-W571.UFMu-03509,2025-08-01 11:49:00,band_01,289.125,408.3,0.0,,center,automated_candidate_unverified
25-W571.UFMu-03509.2025-08-01-11-49.QPSRM.000033006983,25-W571.UFMu-03509,2025-08-01 11:49:00,band_02,291.0,366.5,1.0,,center,automated_candidate_unverified
25-W571.UFMu-03509.2025-08-01-11-49.QPSRM.000033006983,25-W571.UFMu-03509,2025-08-01 11:49:00,band_03,293.0,323.44117647058823,2.0,,center,automated_candidate_unverified
25-W571.UFMu-03509.2025-08-01-11-49.QPSRM.000033006983,25-W571.UFMu-03509,2025-08-01 11:49:00,band_04,295.3793103448276,279.41379310344826,3.0,,center,automated_candidate_unverified
25-W571.UFMu-03509.2025-08-01-11-49.QPSRM.000033006983,25-W571.UFMu-03509,2025-08-01 11:49:00,band_05,297.54545454545456,235.27272727272728,4.0,,center,automated_candidate_unverified
25-W571.UFMu-03509.2025-08-02-11-39.QPSRM.000033006983,25-W571.UFMu-03509,2025-08-02 11:39:00,band_01,671.2,839.8,0.0,,center,automated_candidate_unverified
25-W571.UFMu-03509.2025-08-02-11-39.QPSRM.000033006983,25-W571.UFMu-03509,2025-08-02 11:39:00,band_02,671.5571428571428,821.1142857142858,1.0,,center,automated_candidate_unverified
25-W571.UFMu-03509.2025-08-02-11-39.QPSRM.000033006983,25-W571.UFMu-03509,2025-08-02 11:39:00,band_03,683.4705882352941,793.8235294117648,2.0,,center,automated_candidate_unverified
25-W571.UFMu-03509.2025-08-02-11-39.QPSRM.000033006983,25-W571.UFMu-03509,2025-08-02 11:39:00,band_04,691.0300751879699,775.7443609022556,3.0,,center,automated_candidate_unverified
25-W571.UFMu-03509.2025-08-02-11-39.QPSRM.000033006983,25-W571.UFMu-03509,2025-08-02 11:39:00,band_05,692.7619047619048,751.8571428571429,4.0,,center,automated_candidate_unverified
25-W571.UFMu-03509.2025-08-02-11-39.QPSRM.000033006983,25-W571.UFMu-03509,2025-08-02 11:39:00,band_06,700.4782608695652,722.4782608695652,5.0,,center,automated_candidate_unverified
25-W571.UFMu-03509.2025-08-02-11-39.QPSRM.000033006983,25-W571.UFMu-03509,2025-08-02 11:39:00,band_07,706.0,698.5238095238095,6.0,,center,automated_candidate_unverified
25-W571.UFMu-03509.2025-08-03-11-44.QPSRM.000033006983,25-W571.UFMu-03509,2025-08-03 11:44:00,band_01,75.04887218045113,798.7368421052631,0.0,,center,automated_candidate_unverified
25-W571.UFMu-03509.2025-08-03-11-44.QPSRM.000033006983,25-W571.UFMu-03509,2025-08-03 11:44:00,band_02,75.375,779.75,1.0,,center,automated_candidate_unverified
25-W571.UFMu-03509.2025-08-03-11-44.QPSRM.000033006983,25-W571.UFMu-03509,2025-08-03 11:44:00,band_03,72.76190476190476,761.8168498168499,2.0,,center,automated_candidate_unverified
25-W571.UFMu-03509.2025-08-03-11-44.QPSRM.000033006983,25-W571.UFMu-03509,2025-08-03 11:44:00,band_04,71.17903930131004,741.9912663755458,3.0,,center,automated_candidate_unverified
25-W571.UFMu-03509.2025-08-03-11-44.QPSRM.000033006983,25-W571.UFMu-03509,2025-08-03 11:44:00,band_05,65.25,723.4,4.0,,center,automated_candidate_unverified
25-W571.UFMu-03509.2025-08-03-11-44.QPSRM.000033006983,25-W571.UFMu-03509,2025-08-03 11:44:00,band_06,73.73489932885906,705.0469798657718,5.0,,center,automated_candidate_unverified
25-W571.UFMu-03509.2025-08-03-11-44.QPSRM.000033006983,25-W571.UFMu-03509,2025-08-03 11:44:00,band_07,73.22175732217573,685.5439330543933,6.0,,center,automated_candidate_unverified
25-W571.UFMu-03509.2025-08-04-11-47.QPSRM.000033006983,25-W571.UFMu-03509,2025-08-04 11:47:00,band_01,65.0,780.0,0.0,,center,automated_candidate_unverified
25-W571.UFMu-03509.2025-08-04-11-47.QPSRM.000033006983,25-W571.UFMu-03509,2025-08-04 11:47:00,band_02,73.28877005347593,762.2299465240642,1.0,,center,automated_candidate_unverified
25-W571.UFMu-03509.2025-08-04-11-47.QPSRM.000033006983,25-W571.UFMu-03509,2025-08-04 11:47:00,band_03,72.90957446808511,742.6702127659574,2.0,,center,automated_candidate_unverified
25-W571.UFMu-03509.2025-08-04-11-47.QPSRM.000033006983,25-W571.UFMu-03509,2025-08-04 11:47:00,band_04,64.70588235294117,723.5882352941177,3.0,,center,automated_candidate_unverified
25-W571.UFMu-03509.2025-08-04-11-47.QPSRM.000033006983,25-W571.UFMu-03509,2025-08-04 11:47:00,band_05,74.04089219330855,705.0594795539033,4.0,,center,automated_candidate_unverified
25-W571.UFMu-03509.2025-08-04-11-47.QPSRM.000033006983,25-W571.UFMu-03509,2025-08-04 11:47:00,band_06,73.41525423728814,685.6271186440678,5.0,,center,automated_candidate_unverified
25-W571.UFMu-03509.2025-08-04-11-47.QPSRM.000033006983,25-W571.UFMu-03509,2025-08-04 11:47:00,band_07,72.5,669.5,6.0,,center,automated_candidate_unverified
25-W571.UFMu-03509.2025-08-05-11-38.QPSRM.000033006983,25-W571.UFMu-03509,2025-08-05 11:38:00,band_01,73.6096256684492,817.3582887700535,0.0,,center,automated_candidate_unverified
25-W571.UFMu-03509.2025-08-05-11-38.QPSRM.000033006983,25-W571.UFMu-03509,2025-08-05 11:38:00,band_02,73.71861471861472,798.9047619047619,1.0,,center,automated_candidate_unverified
25-W571.UFMu-03509.2025-08-05-11-38.QPSRM.000033006983,25-W571.UFMu-03509,2025-08-05 11:38:00,band_03,68.57142857142857,779.8571428571429,2.0,,center,automated_candidate_unverified
25-W571.UFMu-03509.2025-08-05-11-38.QPSRM.000033006983,25-W571.UFMu-03509,2025-08-05 11:38:00,band_04,74.16078431372549,761.3019607843137,3.0,,center,automated_candidate_unverified
25-W571.UFMu-03509.2025-08-05-11-38.QPSRM.000033006983,25-W571.UFMu-03509,2025-08-05 11:38:00,band_05,72.9144385026738,742.6363636363636,4.0,,center,automated_candidate_unverified
25-W571.UFMu-03509.2025-08-05-11-38.QPSRM.000033006983,25-W571.UFMu-03509,2025-08-05 11:38:00,band_06,64.70588235294117,723.5882352941177,5.0,,center,automated_candidate_unverified
25-W571.UFMu-03509.2025-08-05-11-38.QPSRM.000033006983,25-W571.UFMu-03509,2025-08-05 11:38:00,band_07,74.09540636042402,705.0459363957597,6.0,,center,automated_candidate_unverified
25-W571.UFMu-03509.2025-08-05-11-38.QPSRM.000033006983,25-W571.UFMu-03509,2025-08-05 11:38:00,band_08,73.48728813559322,685.5677966101695,7.0,,center,automated_candidate_unverified
25-W571.UFMu-03509.2025-08-05-11-38.QPSRM.000033006983,25-W571.UFMu-03509,2025-08-05 11:38:00,band_09,69.0,669.9444444444445,8.0,,center,automated_candidate_unverified
25-W571.UFMu-03509.2025-08-06-11-43.QPSRM.000033006983,25-W571.UFMu-03509,2025-08-06 11:43:00,band_01,289.45,368.81666666666666,0.0,,center,automated_candidate_unverified
25-W571.UFMu-03509.2025-08-06-11-43.QPSRM.000033006983,25-W571.UFMu-03509,2025-08-06 11:43:00,band_02,291.42857142857144,325.968253968254,1.0,,center,automated_candidate_unverified
25-W571.UFMu-03509.2025-08-06-11-43.QPSRM.000033006983,25-W571.UFMu-03509,2025-08-06 11:43:00,band_03,294.25,282.1,2.0,,center,automated_candidate_unverified
25-W571.UFMu-03509.2025-08-06-11-43.QPSRM.000033006983,25-W571.UFMu-03509,2025-08-06 11:43:00,band_04,296.01724137931035,237.8448275862069,3.0,,center,automated_candidate_unverified
25-W571.UFMu-03509.2025-08-06-11-43.QPSRM.000033006983,25-W571.UFMu-03509,2025-08-06 11:43:00,band_05,298.1636363636364,193.23636363636365,4.0,,center,automated_candidate_unverified
25-W571.UFMu-03509.2025-08-08-11-38.QPSRM.000033006983,25-W571.UFMu-03509,2025-08-08 11:38:00,band_01,283.2972972972973,408.7027027027027,0.0,,center,automated_candidate_unverified
25-W571.UFMu-03509.2025-08-08-11-38.QPSRM.000033006983,25-W571.UFMu-03509,2025-08-08 11:38:00,band_02,285.2413793103448,366.4827586206897,1.0,,center,automated_candidate_unverified
25-W571.UFMu-03509.2025-08-08-11-38.QPSRM.000033006983,25-W571.UFMu-03509,2025-08-08 11:38:00,band_03,287.0967741935484,323.48387096774195,2.0,,center,automated_candidate_unverified
25-W571.UFMu-03509.2025-08-08-11-38.QPSRM.000033006983,25-W571.UFMu-03509,2025-08-08 11:38:00,band_04,289.2857142857143,279.3809523809524,3.0,,center,automated_candidate_unverified
25-W571.UFMu-03509.2025-08-08-11-38.QPSRM.000033006983,25-W571.UFMu-03509,2025-08-08 11:38:00,band_05,291.0833333333333,234.91666666666663,4.0,,center,automated_candidate_unverified
25-W571.UFMu-03509.2025-08-08-11-38.QPSRM.000033006983,25-W571.UFMu-03509,2025-08-08 11:38:00,band_06,293.25,189.6875,5.0,,center,automated_candidate_unverified
25-W571.UFMu-03509.2025-08-09-07-43.QPSRM.000033006983,25-W571.UFMu-03509,2025-08-09 07:43:00,band_01,273.1666666666667,420.8333333333333,0.0,,center,automated_candidate_unverified
25-W571.UFMu-03509.2025-08-09-07-43.QPSRM.000033006983,25-W571.UFMu-03509,2025-08-09 07:43:00,band_02,287.3793103448276,367.5,1.0,,center,automated_candidate_unverified
25-W571.UFMu-03509.2025-08-09-07-43.QPSRM.000033006983,25-W571.UFMu-03509,2025-08-09 07:43:00,band_03,290.3243243243243,324.44594594594594,2.0,,center,automated_candidate_unverified
25-W571.UFMu-03509.2025-08-09-07-43.QPSRM.000033006983,25-W571.UFMu-03509,2025-08-09 07:43:00,band_04,291.3157894736842,280.50877192982455,3.0,,center,automated_candidate_unverified
25-W571.UFMu-03509.2025-08-09-07-43.QPSRM.000033006983,25-W571.UFMu-03509,2025-08-09 07:43:00,band_05,293.5692307692308,236.2153846153846,4.0,,center,automated_candidate_unverified
25-W571.UFMu-03509.2025-08-09-07-43.QPSRM.000033006983,25-W571.UFMu-03509,2025-08-09 07:43:00,band_06,297.15584415584414,191.06493506493507,5.0,,center,automated_candidate_unverified
25-BR546.UFMu-00589.2025-06-16-11-47.NJ3HL.000030110930,25-BR546.UFMu-00589,2025-06-16 11:47:00,band_01,339.6835443037975,831.0,0.0,,center,automated_candidate_unverified
25-BR546.UFMu-00589.2025-06-16-11-47.NJ3HL.000030110930,25-BR546.UFMu-00589,2025-06-16 11:47:00,band_02,339.77777777777777,789.6,1.0,,center,automated_candidate_unverified
25-BR546.UFMu-00589.2025-06-16-11-47.NJ3HL.000030110930,25-BR546.UFMu-00589,2025-06-16 11:47:00,band_03,340.0126582278481,749.4810126582279,2.0,,center,automated_candidate_unverified
25-BR546.UFMu-00589.2025-06-16-11-47.NJ3HL.000030110930,25-BR546.UFMu-00589,2025-06-16 11:47:00,band_04,339.9012345679012,708.604938271605,3.0,,center,automated_candidate_unverified
25-BR546.UFMu-00589.2025-06-16-11-47.NJ3HL.000030110930,25-BR546.UFMu-00589,2025-06-16 11:47:00,band_05,339.448717948718,668.8076923076923,4.0,,center,automated_candidate_unverified
25-BR546.UFMu-00589.2025-06-16-11-47.NJ3HL.000030110930,25-BR546.UFMu-00589,2025-06-16 11:47:00,band_06,338.19148936170217,628.4255319148937,5.0,,center,automated_candidate_unverified
25-BR546.UFMu-00589.2025-06-16-11-47.NJ3HL.000030110930,25-BR546.UFMu-00589,2025-06-16 11:47:00,band_07,338.17857142857144,588.9047619047619,6.0,,center,automated_candidate_unverified
25-BR546.UFMu-00589.2025-06-16-11-47.NJ3HL.000030110930,25-BR546.UFMu-00589,2025-06-16 11:47:00,band_08,337.3068181818182,548.4772727272727,7.0,,center,automated_candidate_unverified
25-BR546.UFMu-00589.2025-06-16-11-47.NJ3HL.000030110930,25-BR546.UFMu-00589,2025-06-16 11:47:00,band_09,336.2096774193548,508.8709677419355,8.0,,center,automated_candidate_unverified
25-BR546.UFMu-00589.2025-06-16-11-47.NJ3HL.000030110930,25-BR546.UFMu-00589,2025-06-16 11:47:00,band_10,334.95652173913044,469.1304347826087,9.0,,center,automated_candidate_unverified
25-BR546.UFMu-00589.2025-06-16-11-47.NJ3HL.000030110930,25-BR546.UFMu-00589,2025-06-16 11:47:00,band_11,333.6875,429.8125,10.0,,center,automated_candidate_unverified
25-BR546.UFMu-00589.2025-06-16-11-47.NJ3HL.000030110930,25-BR546.UFMu-00589,2025-06-16 11:47:00,band_12,331.8412698412698,390.1428571428572,11.0,,center,automated_candidate_unverified
25-BR546.UFMu-00589.2025-06-16-11-47.NJ3HL.000030110930,25-BR546.UFMu-00589,2025-06-16 11:47:00,band_13,330.3448275862069,350.6551724137931,12.0,,center,automated_candidate_unverified
25-BR546.UFMu-00589.2025-06-16-11-47.NJ3HL.000030110930,25-BR546.UFMu-00589,2025-06-16 11:47:00,band_14,328.2333333333333,311.2,13.0,,center,automated_candidate_unverified
25-BR546.UFMu-00589.2025-06-17-11-51.NJ3HL.000030110930,25-BR546.UFMu-00589,2025-06-17 11:51:00,band_01,343.97402597402595,813.3896103896104,0.0,,center,automated_candidate_unverified
25-BR546.UFMu-00589.2025-06-17-11-51.NJ3HL.000030110930,25-BR546.UFMu-00589,2025-06-17 11:51:00,band_02,343.84415584415586,773.2077922077922,1.0,,center,automated_candidate_unverified
25-BR546.UFMu-00589.2025-06-17-11-51.NJ3HL.000030110930,25-BR546.UFMu-00589,2025-06-17 11:51:00,band_03,344.47222222222223,733.3611111111111,2.0,,center,automated_candidate_unverified
25-BR546.UFMu-00589.2025-06-17-11-51.NJ3HL.000030110930,25-BR546.UFMu-00589,2025-06-17 11:51:00,band_04,344.4875,693.3,3.0,,center,automated_candidate_unverified
25-BR546.UFMu-00589.2025-06-17-11-51.NJ3HL.000030110930,25-BR546.UFMu-00589,2025-06-17 11:51:00,band_05,345.0882352941176,653.7205882352941,4.0,,center,automated_candidate_unverified
25-BR546.UFMu-00589.2025-06-17-11-51.NJ3HL.000030110930,25-BR546.UFMu-00589,2025-06-17 11:51:00,band_06,345.1923076923077,614.0,5.0,,center,automated_candidate_unverified
25-BR546.UFMu-00589.2025-06-17-11-51.NJ3HL.000030110930,25-BR546.UFMu-00589,2025-06-17 11:51:00,band_07,346.0,574.8068181818181,6.0,,center,automated_candidate_unverified
25-BR546.UFMu-00589.2025-06-17-11-51.NJ3HL.000030110930,25-BR546.UFMu-00589,2025-06-17 11:51:00,band_08,346.65060240963857,534.5542168674699,7.0,,center,automated_candidate_unverified
25-BR546.UFMu-00589.2025-06-17-11-51.NJ3HL.000030110930,25-BR546.UFMu-00589,2025-06-17 11:51:00,band_09,347.21875,494.90625,8.0,,center,automated_candidate_unverified
25-BR546.UFMu-00589.2025-06-17-11-51.NJ3HL.000030110930,25-BR546.UFMu-00589,2025-06-17 11:51:00,band_10,347.6923076923077,455.12307692307695,9.0,,center,automated_candidate_unverified
25-BR546.UFMu-00589.2025-06-17-11-51.NJ3HL.000030110930,25-BR546.UFMu-00589,2025-06-17 11:51:00,band_11,349.0877192982456,415.89473684210526,10.0,,center,automated_candidate_unverified
25-BR546.UFMu-00589.2025-06-17-11-51.NJ3HL.000030110930,25-BR546.UFMu-00589,2025-06-17 11:51:00,band_12,350.1311475409836,376.0,11.0,,center,automated_candidate_unverified
25-BR546.UFMu-00589.2025-06-17-11-51.NJ3HL.000030110930,25-BR546.UFMu-00589,2025-06-17 11:51:00,band_13,351.3384615384616,335.84615384615387,12.0,,center,automated_candidate_unverified
25-BR546.UFMu-00589.2025-06-17-11-51.NJ3HL.000030110930,25-BR546.UFMu-00589,2025-06-17 11:51:00,band_14,352.57894736842104,295.6140350877193,13.0,,center,automated_candidate_unverified
25-BR546.UFMu-00589.2025-06-18-11-41.NJ3HL.000030110930,25-BR546.UFMu-00589,2025-06-18 11:41:00,band_01,346.013698630137,812.6712328767123,0.0,,center,automated_candidate_unverified
25-BR546.UFMu-00589.2025-06-18-11-41.NJ3HL.000030110930,25-BR546.UFMu-00589,2025-06-18 11:41:00,band_02,345.86486486486484,772.7567567567568,1.0,,center,automated_candidate_unverified
25-BR546.UFMu-00589.2025-06-18-11-41.NJ3HL.000030110930,25-BR546.UFMu-00589,2025-06-18 11:41:00,band_03,346.3636363636364,732.8787878787879,2.0,,center,automated_candidate_unverified
25-BR546.UFMu-00589.2025-06-18-11-41.NJ3HL.000030110930,25-BR546.UFMu-00589,2025-06-18 11:41:00,band_04,346.2739726027397,693.027397260274,3.0,,center,automated_candidate_unverified
25-BR546.UFMu-00589.2025-06-18-11-41.NJ3HL.000030110930,25-BR546.UFMu-00589,2025-06-18 11:41:00,band_05,346.9142857142857,653.1571428571428,4.0,,center,automated_candidate_unverified
25-BR546.UFMu-00589.2025-06-18-11-41.NJ3HL.000030110930,25-BR546.UFMu-00589,2025-06-18 11:41:00,band_06,347.2911392405063,614.0126582278481,5.0,,center,automated_candidate_unverified
25-BR546.UFMu-00589.2025-06-18-11-41.NJ3HL.000030110930,25-BR546.UFMu-00589,2025-06-18 11:41:00,band_07,348.0987654320988,574.2716049382716,6.0,,center,automated_candidate_unverified
25-BR546.UFMu-00589.2025-06-18-11-41.NJ3HL.000030110930,25-BR546.UFMu-00589,2025-06-18 11:41:00,band_08,348.5571428571429,534.4571428571429,7.0,,center,automated_candidate_unverified
25-BR546.UFMu-00589.2025-06-18-11-41.NJ3HL.000030110930,25-BR546.UFMu-00589,2025-06-18 11:41:00,band_09,349.06666666666666,494.95,8.0,,center,automated_candidate_unverified
25-BR546.UFMu-00589.2025-06-18-11-41.NJ3HL.000030110930,25-BR546.UFMu-00589,2025-06-18 11:41:00,band_10,349.77966101694915,455.3559322033898,9.0,,center,automated_candidate_unverified
25-BR546.UFMu-00589.2025-06-18-11-41.NJ3HL.000030110930,25-BR546.UFMu-00589,2025-06-18 11:41:00,band_11,350.6825396825397,416.031746031746,10.0,,center,automated_candidate_unverified
25-BR546.UFMu-00589.2025-06-18-11-41.NJ3HL.000030110930,25-BR546.UFMu-00589,2025-06-18 11:41:00,band_12,351.95,376.15,11.0,,center,automated_candidate_unverified
25-BR546.UFMu-00589.2025-06-18-11-41.NJ3HL.000030110930,25-BR546.UFMu-00589,2025-06-18 11:41:00,band_13,353.0169491525424,336.10169491525426,12.0,,center,automated_candidate_unverified
25-BR546.UFMu-00589.2025-06-18-11-41.NJ3HL.000030110930,25-BR546.UFMu-00589,2025-06-18 11:41:00,band_14,354.41379310344826,296.1896551724138,13.0,,center,automated_candidate_unverified
25-BR546.UFMu-00589.2025-06-19-11-46.NJ3HL.000030110930,25-BR546.UFMu-00589,2025-06-19 11:46:00,band_01,350.13698630136986,811.931506849315,0.0,,center,automated_candidate_unverified
25-BR546.UFMu-00589.2025-06-19-11-46.NJ3HL.000030110930,25-BR546.UFMu-00589,2025-06-19 11:46:00,band_02,349.44444444444446,771.952380952381,1.0,,center,automated_candidate_unverified
25-BR546.UFMu-00589.2025-06-19-11-46.NJ3HL.000030110930,25-BR546.UFMu-00589,2025-06-19 11:46:00,band_03,350.52,731.8533333333334,2.0,,center,automated_candidate_unverified
25-BR546.UFMu-00589.2025-06-19-11-46.NJ3HL.000030110930,25-BR546.UFMu-00589,2025-06-19 11:46:00,band_04,350.72972972972974,691.9864864864865,3.0,,center,automated_candidate_unverified
25-BR546.UFMu-00589.2025-06-19-11-46.NJ3HL.000030110930,25-BR546.UFMu-00589,2025-06-19 11:46:00,band_05,350.9428571428571,652.3571428571429,4.0,,center,automated_candidate_unverified
25-BR546.UFMu-00589.2025-06-19-11-46.NJ3HL.000030110930,25-BR546.UFMu-00589,2025-06-19 11:46:00,band_06,351.7,612.9142857142857,5.0,,center,automated_candidate_unverified
25-BR546.UFMu-00589.2025-06-19-11-46.NJ3HL.000030110930,25-BR546.UFMu-00589,2025-06-19 11:46:00,band_07,352.0869565217391,573.3913043478261,6.0,,center,automated_candidate_unverified
25-BR546.UFMu-00589.2025-06-19-11-46.NJ3HL.000030110930,25-BR546.UFMu-00589,2025-06-19 11:46:00,band_08,352.94642857142856,533.3214285714286,7.0,,center,automated_candidate_unverified
25-BR546.UFMu-00589.2025-06-19-11-46.NJ3HL.000030110930,25-BR546.UFMu-00589,2025-06-19 11:46:00,band_09,353.67391304347825,493.7608695652174,8.0,,center,automated_candidate_unverified
25-BR546.UFMu-00589.2025-06-19-11-46.NJ3HL.000030110930,25-BR546.UFMu-00589,2025-06-19 11:46:00,band_10,354.20512820512823,454.4358974358975,9.0,,center,automated_candidate_unverified
25-BR546.UFMu-00589.2025-06-19-11-46.NJ3HL.000030110930,25-BR546.UFMu-00589,2025-06-19 11:46:00,band_11,355.6470588235294,414.5,10.0,,center,automated_candidate_unverified
25-BR546.UFMu-00589.2025-06-19-11-46.NJ3HL.000030110930,25-BR546.UFMu-00589,2025-06-19 11:46:00,band_12,356.62857142857143,374.7714285714285,11.0,,center,automated_candidate_unverified
25-BR546.UFMu-00589.2025-06-19-11-46.NJ3HL.000030110930,25-BR546.UFMu-00589,2025-06-19 11:46:00,band_13,357.5757575757576,334.5757575757576,12.0,,center,automated_candidate_unverified
25-BR546.UFMu-00589.2025-06-19-11-46.NJ3HL.000030110930,25-BR546.UFMu-00589,2025-06-19 11:46:00,band_14,359.22222222222223,294.48148148148147,13.0,,center,automated_candidate_unverified
25-BR546.UFMu-00589.2025-06-20-11-49.NJ3HL.000030110930,25-BR546.UFMu-00589,2025-06-20 11:49:00,band_01,352.44594594594594,809.4459459459459,0.0,,center,automated_candidate_unverified
25-BR546.UFMu-00589.2025-06-20-11-49.NJ3HL.000030110930,25-BR546.UFMu-00589,2025-06-20 11:49:00,band_02,352.2857142857143,769.7532467532468,1.0,,center,automated_candidate_unverified
25-BR546.UFMu-00589.2025-06-20-11-49.NJ3HL.000030110930,25-BR546.UFMu-00589,2025-06-20 11:49:00,band_03,352.5,729.7948717948718,2.0,,center,automated_candidate_unverified
25-BR546.UFMu-00589.2025-06-20-11-49.NJ3HL.000030110930,25-BR546.UFMu-00589,2025-06-20 11:49:00,band_04,352.56,690.0266666666666,3.0,,center,automated_candidate_unverified
25-BR546.UFMu-00589.2025-06-20-11-49.NJ3HL.000030110930,25-BR546.UFMu-00589,2025-06-20 11:49:00,band_05,352.69565217391306,650.9420289855072,4.0,,center,automated_candidate_unverified
25-BR546.UFMu-00589.2025-06-20-11-49.NJ3HL.000030110930,25-BR546.UFMu-00589,2025-06-20 11:49:00,band_06,353.421686746988,610.9277108433735,5.0,,center,automated_candidate_unverified
25-BR546.UFMu-00589.2025-06-20-11-49.NJ3HL.000030110930,25-BR546.UFMu-00589,2025-06-20 11:49:00,band_07,354.51612903225805,572.4623655913979,6.0,,center,automated_candidate_unverified
25-BR546.UFMu-00589.2025-06-20-11-49.NJ3HL.000030110930,25-BR546.UFMu-00589,2025-06-20 11:49:00,band_08,353.6025641025641,531.7564102564103,7.0,,center,automated_candidate_unverified
25-BR546.UFMu-00589.2025-06-20-11-49.NJ3HL.000030110930,25-BR546.UFMu-00589,2025-06-20 11:49:00,band_09,354.0,492.20338983050846,8.0,,center,automated_candidate_unverified
25-BR546.UFMu-00589.2025-06-20-11-49.NJ3HL.000030110930,25-BR546.UFMu-00589,2025-06-20 11:49:00,band_10,354.93333333333334,452.95,9.0,,center,automated_candidate_unverified
25-BR546.UFMu-00589.2025-06-20-11-49.NJ3HL.000030110930,25-BR546.UFMu-00589,2025-06-20 11:49:00,band_11,355.42857142857144,413.3174603174603,10.0,,center,automated_candidate_unverified
25-BR546.UFMu-00589.2025-06-20-11-49.NJ3HL.000030110930,25-BR546.UFMu-00589,2025-06-20 11:49:00,band_12,356.4761904761905,373.6507936507937,11.0,,center,automated_candidate_unverified
25-BR546.UFMu-00589.2025-06-20-11-49.NJ3HL.000030110930,25-BR546.UFMu-00589,2025-06-20 11:49:00,band_13,357.0655737704918,333.3606557377049,12.0,,center,automated_candidate_unverified
25-BR546.UFMu-00589.2025-06-20-11-49.NJ3HL.000030110930,25-BR546.UFMu-00589,2025-06-20 11:49:00,band_14,357.86538461538464,293.4423076923077,13.0,,center,automated_candidate_unverified
25-BR546.UFMu-00589.2025-06-21-11-38.NJ3HL.000030110930,25-BR546.UFMu-00589,2025-06-21 11:38:00,band_01,239.29032258064515,806.3978494623656,0.0,,center,automated_candidate_unverified
25-BR546.UFMu-00589.2025-06-21-11-38.NJ3HL.000030110930,25-BR546.UFMu-00589,2025-06-21 11:38:00,band_02,237.93548387096772,765.1451612903226,1.0,,center,automated_candidate_unverified
25-BR546.UFMu-00589.2025-06-21-11-38.NJ3HL.000030110930,25-BR546.UFMu-00589,2025-06-21 11:38:00,band_03,238.6197183098592,724.3380281690141,2.0,,center,automated_candidate_unverified
25-BR546.UFMu-00589.2025-06-21-11-38.NJ3HL.000030110930,25-BR546.UFMu-00589,2025-06-21 11:38:00,band_04,240.3292682926829,683.7317073170732,3.0,,center,automated_candidate_unverified
25-BR546.UFMu-00589.2025-06-21-11-38.NJ3HL.000030110930,25-BR546.UFMu-00589,2025-06-21 11:38:00,band_05,241.36986301369865,643.054794520548,4.0,,center,automated_candidate_unverified
25-BR546.UFMu-00589.2025-06-21-11-38.NJ3HL.000030110930,25-BR546.UFMu-00589,2025-06-21 11:38:00,band_06,242.3098591549296,603.0704225352113,5.0,,center,automated_candidate_unverified
25-BR546.UFMu-00589.2025-06-21-11-38.NJ3HL.000030110930,25-BR546.UFMu-00589,2025-06-21 11:38:00,band_07,243.04109589041096,563.1232876712329,6.0,,center,automated_candidate_unverified
25-BR546.UFMu-00589.2025-06-21-11-38.NJ3HL.000030110930,25-BR546.UFMu-00589,2025-06-21 11:38:00,band_08,245.43076923076924,522.723076923077,7.0,,center,automated_candidate_unverified
25-BR546.UFMu-00589.2025-06-21-11-38.NJ3HL.000030110930,25-BR546.UFMu-00589,2025-06-21 11:38:00,band_09,246.24489795918367,483.3061224489796,8.0,,center,automated_candidate_unverified
25-BR546.UFMu-00589.2025-06-21-11-38.NJ3HL.000030110930,25-BR546.UFMu-00589,2025-06-21 11:38:00,band_10,247.93617021276597,443.9574468085106,9.0,,center,automated_candidate_unverified
25-BR546.UFMu-00589.2025-06-21-11-38.NJ3HL.000030110930,25-BR546.UFMu-00589,2025-06-21 11:38:00,band_11,249.66666666666663,404.7708333333333,10.0,,center,automated_candidate_unverified
25-BR546.UFMu-00589.2025-06-21-11-38.NJ3HL.000030110930,25-BR546.UFMu-00589,2025-06-21 11:38:00,band_12,251.95,365.425,11.0,,center,automated_candidate_unverified
25-BR546.UFMu-00589.2025-06-21-11-38.NJ3HL.000030110930,25-BR546.UFMu-00589,2025-06-21 11:38:00,band_13,253.68421052631575,326.2368421052632,12.0,,center,automated_candidate_unverified
25-BR546.UFMu-00589.2025-06-21-11-38.NJ3HL.000030110930,25-BR546.UFMu-00589,2025-06-21 11:38:00,band_14,255.30769230769232,287.0,13.0,,center,automated_candidate_unverified
25-BR546.UFMu-00589.2025-06-22-11-42.NJ3HL.000030110930,25-BR546.UFMu-00589,2025-06-22 11:42:00,band_01,325.0263157894737,813.0,0.0,,center,automated_candidate_unverified
25-BR546.UFMu-00589.2025-06-22-11-42.NJ3HL.000030110930,25-BR546.UFMu-00589,2025-06-22 11:42:00,band_02,324.3728813559322,773.0338983050848,1.0,,center,automated_candidate_unverified
25-BR546.UFMu-00589.2025-06-22-11-42.NJ3HL.000030110930,25-BR546.UFMu-00589,2025-06-22 11:42:00,band_03,324.67164179104475,732.955223880597,2.0,,center,automated_candidate_unverified
25-BR546.UFMu-00589.2025-06-22-11-42.NJ3HL.000030110930,25-BR546.UFMu-00589,2025-06-22 11:42:00,band_04,325.07462686567163,692.4626865671642,3.0,,center,automated_candidate_unverified
25-BR546.UFMu-00589.2025-06-22-11-42.NJ3HL.000030110930,25-BR546.UFMu-00589,2025-06-22 11:42:00,band_05,326.3421052631579,652.8815789473684,4.0,,center,automated_candidate_unverified
25-BR546.UFMu-00589.2025-06-22-11-42.NJ3HL.000030110930,25-BR546.UFMu-00589,2025-06-22 11:42:00,band_06,326.765625,613.1875,5.0,,center,automated_candidate_unverified
25-BR546.UFMu-00589.2025-06-22-11-42.NJ3HL.000030110930,25-BR546.UFMu-00589,2025-06-22 11:42:00,band_07,327.27777777777777,573.3333333333334,6.0,,center,automated_candidate_unverified
25-BR546.UFMu-00589.2025-06-22-11-42.NJ3HL.000030110930,25-BR546.UFMu-00589,2025-06-22 11:42:00,band_08,329.6507936507937,532.7301587301587,7.0,,center,automated_candidate_unverified
25-BR546.UFMu-00589.2025-06-22-11-42.NJ3HL.000030110930,25-BR546.UFMu-00589,2025-06-22 11:42:00,band_09,329.6326530612245,493.9387755102041,8.0,,center,automated_candidate_unverified
25-BR546.UFMu-00589.2025-06-22-11-42.NJ3HL.000030110930,25-BR546.UFMu-00589,2025-06-22 11:42:00,band_10,331.0,454.8095238095238,9.0,,center,automated_candidate_unverified
25-BR546.UFMu-00589.2025-06-22-11-42.NJ3HL.000030110930,25-BR546.UFMu-00589,2025-06-22 11:42:00,band_11,332.0,415.625,10.0,,center,automated_candidate_unverified
25-BR546.UFMu-00589.2025-06-22-11-42.NJ3HL.000030110930,25-BR546.UFMu-00589,2025-06-22 11:42:00,band_12,333.6363636363636,376.27272727272725,11.0,,center,automated_candidate_unverified
25-BR546.UFMu-00589.2025-06-22-11-42.NJ3HL.000030110930,25-BR546.UFMu-00589,2025-06-22 11:42:00,band_13,334.94117647058823,336.7647058823529,12.0,,center,automated_candidate_unverified
25-BR546.UFMu-00589.2025-06-22-11-42.NJ3HL.000030110930,25-BR546.UFMu-00589,2025-06-22 11:42:00,band_14,336.5757575757576,297.5757575757576,13.0,,center,automated_candidate_unverified
25-BR546.UFMu-00589.2025-06-27-11-44.NJ3HL.000030110930,25-BR546.UFMu-00589,2025-06-27 11:44:00,band_01,345.36619718309856,534.8591549295775,0.0,,center,automated_candidate_unverified
25-BR546.UFMu-00589.2025-06-27-11-44.NJ3HL.000030110930,25-BR546.UFMu-00589,2025-06-27 11:44:00,band_02,346.05172413793105,495.0517241379311,1.0,,center,automated_candidate_unverified
25-BR546.UFMu-00589.2025-06-27-11-44.NJ3HL.000030110930,25-BR546.UFMu-00589,2025-06-27 11:44:00,band_03,347.5660377358491,456.0566037735849,2.0,,center,automated_candidate_unverified
25-BR546.UFMu-00589.2025-06-27-11-44.NJ3HL.000030110930,25-BR546.UFMu-00589,2025-06-27 11:44:00,band_04,348.8360655737705,417.0,3.0,,center,automated_candidate_unverified
25-BR546.UFMu-00589.2025-06-27-11-44.NJ3HL.000030110930,25-BR546.UFMu-00589,2025-06-27 11:44:00,band_05,350.0,378.1276595744681,4.0,,center,automated_candidate_unverified
25-BR546.UFMu-00589.2025-06-27-11-44.NJ3HL.000030110930,25-BR546.UFMu-00589,2025-06-27 11:44:00,band_06,351.32142857142856,339.05357142857144,5.0,,center,automated_candidate_unverified
25-BR546.UFMu-00589.2025-06-27-11-44.NJ3HL.000030110930,25-BR546.UFMu-00589,2025-06-27 11:44:00,band_07,352.6779661016949,300.1864406779661,6.0,,center,automated_candidate_unverified
25-BR546.UFMu-00589.2025-07-02-11-44.NJ3HL.000030110930,25-BR546.UFMu-00589,2025-07-02 11:44:00,band_01,335.8378378378378,589.2162162162163,0.0,,center,automated_candidate_unverified
25-BR546.UFMu-00589.2025-07-02-11-44.NJ3HL.000030110930,25-BR546.UFMu-00589,2025-07-02 11:44:00,band_02,347.4868421052632,538.0921052631579,1.0,,center,automated_candidate_unverified
25-BR546.UFMu-00589.2025-07-02-11-44.NJ3HL.000030110930,25-BR546.UFMu-00589,2025-07-02 11:44:00,band_03,348.5409836065574,498.78688524590166,2.0,,center,automated_candidate_unverified
25-BR546.UFMu-00589.2025-07-02-11-44.NJ3HL.000030110930,25-BR546.UFMu-00589,2025-07-02 11:44:00,band_04,349.6730769230769,459.75,3.0,,center,automated_candidate_unverified
25-BR546.UFMu-00589.2025-07-02-11-44.NJ3HL.000030110930,25-BR546.UFMu-00589,2025-07-02 11:44:00,band_05,351.5,420.60869565217394,4.0,,center,automated_candidate_unverified
25-BR546.UFMu-00589.2025-07-02-11-44.NJ3HL.000030110930,25-BR546.UFMu-00589,2025-07-02 11:44:00,band_06,353.05172413793105,381.94827586206895,5.0,,center,automated_candidate_unverified
25-BR546.UFMu-00589.2025-07-02-11-44.NJ3HL.000030110930,25-BR546.UFMu-00589,2025-07-02 11:44:00,band_07,354.54901960784315,342.94117647058823,6.0,,center,automated_candidate_unverified
25-BR546.UFMu-00589.2025-07-02-11-44.NJ3HL.000030110930,25-BR546.UFMu-00589,2025-07-02 11:44:00,band_08,355.72,304.22,7.0,,center,automated_candidate_unverified
25-BR546.UFMu-00589.2025-07-04-11-38.NJ3HL.000030110930,25-BR546.UFMu-00589,2025-07-04 11:38:00,band_01,319.34615384615387,585.5,0.0,,center,automated_candidate_unverified
25-BR546.UFMu-00589.2025-07-04-11-38.NJ3HL.000030110930,25-BR546.UFMu-00589,2025-07-04 11:38:00,band_02,330.2631578947368,536.5263157894736,1.0,,center,automated_candidate_unverified
25-BR546.UFMu-00589.2025-07-04-11-38.NJ3HL.000030110930,25-BR546.UFMu-00589,2025-07-04 11:38:00,band_03,331.2142857142857,496.8333333333333,2.0,,center,automated_candidate_unverified
25-BR546.UFMu-00589.2025-07-04-11-38.NJ3HL.000030110930,25-BR546.UFMu-00589,2025-07-04 11:38:00,band_04,332.5757575757576,457.5757575757576,3.0,,center,automated_candidate_unverified
25-BR546.UFMu-00589.2025-07-04-11-38.NJ3HL.000030110930,25-BR546.UFMu-00589,2025-07-04 11:38:00,band_05,333.97222222222223,418.6111111111111,4.0,,center,automated_candidate_unverified
25-BR546.UFMu-00589.2025-07-04-11-38.NJ3HL.000030110930,25-BR546.UFMu-00589,2025-07-04 11:38:00,band_06,335.5757575757576,379.5757575757576,5.0,,center,automated_candidate_unverified
25-BR546.UFMu-00589.2025-07-04-11-38.NJ3HL.000030110930,25-BR546.UFMu-00589,2025-07-04 11:38:00,band_07,336.8709677419355,340.4193548387097,6.0,,center,automated_candidate_unverified
25-BR546.UFMu-00589.2025-07-04-11-38.NJ3HL.000030110930,25-BR546.UFMu-00589,2025-07-04 11:38:00,band_08,338.6333333333333,301.6333333333333,7.0,,center,automated_candidate_unverified
25-BR546.UFMu-00589.2025-07-05-11-52.NJ3HL.000030110930,25-BR546.UFMu-00589,2025-07-05 11:52:00,band_01,341.7894736842105,577.0,0.0,,center,automated_candidate_unverified
25-BR546.UFMu-00589.2025-07-05-11-52.NJ3HL.000030110930,25-BR546.UFMu-00589,2025-07-05 11:52:00,band_02,342.7972972972973,536.9864864864865,1.0,,center,automated_candidate_unverified
25-BR546.UFMu-00589.2025-07-05-11-52.NJ3HL.000030110930,25-BR546.UFMu-00589,2025-07-05 11:52:00,band_03,343.5692307692308,497.8615384615385,2.0,,center,automated_candidate_unverified
25-BR546.UFMu-00589.2025-07-05-11-52.NJ3HL.000030110930,25-BR546.UFMu-00589,2025-07-05 11:52:00,band_04,344.8196721311475,458.78688524590166,3.0,,center,automated_candidate_unverified
25-BR546.UFMu-00589.2025-07-05-11-52.NJ3HL.000030110930,25-BR546.UFMu-00589,2025-07-05 11:52:00,band_05,346.4166666666667,419.6166666666667,4.0,,center,automated_candidate_unverified
25-BR546.UFMu-00589.2025-07-05-11-52.NJ3HL.000030110930,25-BR546.UFMu-00589,2025-07-05 11:52:00,band_06,347.70175438596493,380.6140350877193,5.0,,center,automated_candidate_unverified
25-BR546.UFMu-00589.2025-07-05-11-52.NJ3HL.000030110930,25-BR546.UFMu-00589,2025-07-05 11:52:00,band_07,349.4237288135593,341.6610169491525,6.0,,center,automated_candidate_unverified
25-BR546.UFMu-00589.2025-07-05-11-52.NJ3HL.000030110930,25-BR546.UFMu-00589,2025-07-05 11:52:00,band_08,350.87719298245617,303.0877192982456,7.0,,center,automated_candidate_unverified
25-BR546.UFMu-00589.2025-07-06-11-41.NJ3HL.000030110930,25-BR546.UFMu-00589,2025-07-06 11:41:00,band_01,347.72463768115944,535.9565217391304,0.0,,center,automated_candidate_unverified
25-BR546.UFMu-00589.2025-07-06-11-41.NJ3HL.000030110930,25-BR546.UFMu-00589,2025-07-06 11:41:00,band_02,348.5,496.6607142857143,1.0,,center,automated_candidate_unverified
25-BR546.UFMu-00589.2025-07-06-11-41.NJ3HL.000030110930,25-BR546.UFMu-00589,2025-07-06 11:41:00,band_03,349.79245283018867,457.37735849056605,2.0,,center,automated_candidate_unverified
25-BR546.UFMu-00589.2025-07-06-11-41.NJ3HL.000030110930,25-BR546.UFMu-00589,2025-07-06 11:41:00,band_04,351.34090909090907,418.4090909090909,3.0,,center,automated_candidate_unverified
25-BR546.UFMu-00589.2025-07-06-11-41.NJ3HL.000030110930,25-BR546.UFMu-00589,2025-07-06 11:41:00,band_05,352.0169491525424,379.1016949152543,4.0,,center,automated_candidate_unverified
25-BR546.UFMu-00589.2025-07-06-11-41.NJ3HL.000030110930,25-BR546.UFMu-00589,2025-07-06 11:41:00,band_06,353.5660377358491,340.0566037735849,5.0,,center,automated_candidate_unverified
25-BR546.UFMu-00589.2025-07-06-11-41.NJ3HL.000030110930,25-BR546.UFMu-00589,2025-07-06 11:41:00,band_07,355.1428571428572,301.25,6.0,,center,automated_candidate_unverified
25-BR546.UFMu-00589.2025-07-07-11-42.NJ3HL.000030110930,25-BR546.UFMu-00589,2025-07-07 11:42:00,band_01,338.72,594.16,0.0,,center,automated_candidate_unverified
25-BR546.UFMu-00589.2025-07-07-11-42.NJ3HL.000030110930,25-BR546.UFMu-00589,2025-07-07 11:42:00,band_02,339.6470588235294,565.8823529411765,1.0,,center,automated_candidate_unverified
25-BR546.UFMu-00589.2025-07-07-11-42.NJ3HL.000030110930,25-BR546.UFMu-00589,2025-07-07 11:42:00,band_03,348.4029850746269,536.1194029850747,2.0,,center,automated_candidate_unverified
25-BR546.UFMu-00589.2025-07-07-11-42.NJ3HL.000030110930,25-BR546.UFMu-00589,2025-07-07 11:42:00,band_04,349.07547169811323,496.4528301886792,3.0,,center,automated_candidate_unverified
25-BR546.UFMu-00589.2025-07-07-11-42.NJ3HL.000030110930,25-BR546.UFMu-00589,2025-07-07 11:42:00,band_05,350.10526315789474,457.2982456140351,4.0,,center,automated_candidate_unverified
25-BR546.UFMu-00589.2025-07-07-11-42.NJ3HL.000030110930,25-BR546.UFMu-00589,2025-07-07 11:42:00,band_06,351.0178571428572,418.2678571428572,5.0,,center,automated_candidate_unverified
25-BR546.UFMu-00589.2025-07-07-11-42.NJ3HL.000030110930,25-BR546.UFMu-00589,2025-07-07 11:42:00,band_07,352.41509433962267,378.9811320754717,6.0,,center,automated_candidate_unverified
25-BR546.UFMu-00589.2025-07-07-11-42.NJ3HL.000030110930,25-BR546.UFMu-00589,2025-07-07 11:42:00,band_08,353.7959183673469,339.7142857142857,7.0,,center,automated_candidate_unverified
25-BR546.UFMu-00589.2025-07-07-11-42.NJ3HL.000030110930,25-BR546.UFMu-00589,2025-07-07 11:42:00,band_09,355.5,300.84090909090907,8.0,,center,automated_candidate_unverified
25-BR546.UFMu-00589.2025-07-07-11-42.NJ3HL.000030110930,25-BR546.UFMu-00589,2025-07-07 11:42:00,band_10,356.85714285714283,269.42857142857144,9.0,,center,automated_candidate_unverified
25-BR546.UFMu-00589.2025-07-08-11-45.NJ3HL.000030110930,25-BR546.UFMu-00589,2025-07-08 11:45:00,band_01,344.5851063829787,616.1914893617021,0.0,,center,automated_candidate_unverified
25-BR546.UFMu-00589.2025-07-08-11-45.NJ3HL.000030110930,25-BR546.UFMu-00589,2025-07-08 11:45:00,band_02,348.7011494252874,574.080459770115,1.0,,center,automated_candidate_unverified
25-BR546.UFMu-00589.2025-07-08-11-45.NJ3HL.000030110930,25-BR546.UFMu-00589,2025-07-08 11:45:00,band_03,348.69565217391306,535.2173913043479,2.0,,center,automated_candidate_unverified
25-BR546.UFMu-00589.2025-07-08-11-45.NJ3HL.000030110930,25-BR546.UFMu-00589,2025-07-08 11:45:00,band_04,349.4339622641509,495.9433962264151,3.0,,center,automated_candidate_unverified
25-BR546.UFMu-00589.2025-07-08-11-45.NJ3HL.000030110930,25-BR546.UFMu-00589,2025-07-08 11:45:00,band_05,350.58,456.88,4.0,,center,automated_candidate_unverified
25-BR546.UFMu-00589.2025-07-08-11-45.NJ3HL.000030110930,25-BR546.UFMu-00589,2025-07-08 11:45:00,band_06,351.70212765957444,417.5744680851064,5.0,,center,automated_candidate_unverified
25-BR546.UFMu-00589.2025-07-08-11-45.NJ3HL.000030110930,25-BR546.UFMu-00589,2025-07-08 11:45:00,band_07,353.3958333333333,378.6458333333333,6.0,,center,automated_candidate_unverified
25-BR546.UFMu-00589.2025-07-08-11-45.NJ3HL.000030110930,25-BR546.UFMu-00589,2025-07-08 11:45:00,band_08,354.531914893617,339.27659574468083,7.0,,center,automated_candidate_unverified
25-BR546.UFMu-00589.2025-07-08-11-45.NJ3HL.000030110930,25-BR546.UFMu-00589,2025-07-08 11:45:00,band_09,356.0,300.5,8.0,,center,automated_candidate_unverified
25-BR546.UFMu-00589.2025-07-09-11-50.NJ3HL.000030110930,25-BR546.UFMu-00589,2025-07-09 11:50:00,band_01,337.4,565.4,0.0,,center,automated_candidate_unverified
25-BR546.UFMu-00589.2025-07-09-11-50.NJ3HL.000030110930,25-BR546.UFMu-00589,2025-07-09 11:50:00,band_02,347.6865671641791,535.955223880597,1.0,,center,automated_candidate_unverified
25-BR546.UFMu-00589.2025-07-09-11-50.NJ3HL.000030110930,25-BR546.UFMu-00589,2025-07-09 11:50:00,band_03,348.1320754716981,496.3207547169811,2.0,,center,automated_candidate_unverified
25-BR546.UFMu-00589.2025-07-09-11-50.NJ3HL.000030110930,25-BR546.UFMu-00589,2025-07-09 11:50:00,band_04,349.6,457.0,3.0,,center,automated_candidate_unverified
25-BR546.UFMu-00589.2025-07-09-11-50.NJ3HL.000030110930,25-BR546.UFMu-00589,2025-07-09 11:50:00,band_05,350.9782608695652,417.89130434782606,4.0,,center,automated_candidate_unverified
25-BR546.UFMu-00589.2025-07-09-11-50.NJ3HL.000030110930,25-BR546.UFMu-00589,2025-07-09 11:50:00,band_06,352.0,378.625,5.0,,center,automated_candidate_unverified
25-BR546.UFMu-00589.2025-07-09-11-50.NJ3HL.000030110930,25-BR546.UFMu-00589,2025-07-09 11:50:00,band_07,353.9512195121951,339.2682926829268,6.0,,center,automated_candidate_unverified
25-BR546.UFMu-00589.2025-07-09-11-50.NJ3HL.000030110930,25-BR546.UFMu-00589,2025-07-09 11:50:00,band_08,355.1891891891892,300.1351351351352,7.0,,center,automated_candidate_unverified
25-BR546.UFMu-00589.2025-07-10-11-38.NJ3HL.000030110930,25-BR546.UFMu-00589,2025-07-10 11:38:00,band_01,344.77272727272725,613.6363636363636,0.0,,center,automated_candidate_unverified
25-BR546.UFMu-00589.2025-07-10-11-38.NJ3HL.000030110930,25-BR546.UFMu-00589,2025-07-10 11:38:00,band_02,348.672,571.568,1.0,,center,automated_candidate_unverified
25-BR546.UFMu-00589.2025-07-10-11-38.NJ3HL.000030110930,25-BR546.UFMu-00589,2025-07-10 11:38:00,band_03,346.44444444444446,533.9722222222222,2.0,,center,automated_candidate_unverified
25-BR546.UFMu-00589.2025-07-10-11-38.NJ3HL.000030110930,25-BR546.UFMu-00589,2025-07-10 11:38:00,band_04,347.2608695652174,494.4565217391304,3.0,,center,automated_candidate_unverified
25-BR546.UFMu-00589.2025-07-10-11-38.NJ3HL.000030110930,25-BR546.UFMu-00589,2025-07-10 11:38:00,band_05,348.22222222222223,455.0,4.0,,center,automated_candidate_unverified
25-BR546.UFMu-00589.2025-07-10-11-38.NJ3HL.000030110930,25-BR546.UFMu-00589,2025-07-10 11:38:00,band_06,349.775,416.075,5.0,,center,automated_candidate_unverified
25-BR546.UFMu-00589.2025-07-10-11-38.NJ3HL.000030110930,25-BR546.UFMu-00589,2025-07-10 11:38:00,band_07,350.8684210526316,376.7368421052632,6.0,,center,automated_candidate_unverified
25-BR546.UFMu-00589.2025-07-10-11-38.NJ3HL.000030110930,25-BR546.UFMu-00589,2025-07-10 11:38:00,band_08,352.5833333333333,337.6111111111111,7.0,,center,automated_candidate_unverified
25-BR546.UFMu-00589.2025-07-10-11-38.NJ3HL.000030110930,25-BR546.UFMu-00589,2025-07-10 11:38:00,band_09,353.9230769230769,298.2307692307692,8.0,,center,automated_candidate_unverified
25-BR546.UFMu-00589.2025-07-11-11-43.NJ3HL.000030110930,25-BR546.UFMu-00589,2025-07-11 11:43:00,band_01,348.0,562.6,0.0,,center,automated_candidate_unverified
25-BR546.UFMu-00589.2025-07-11-11-43.NJ3HL.000030110930,25-BR546.UFMu-00589,2025-07-11 11:43:00,band_02,343.64473684210526,535.8815789473684,1.0,,center,automated_candidate_unverified
25-BR546.UFMu-00589.2025-07-11-11-43.NJ3HL.000030110930,25-BR546.UFMu-00589,2025-07-11 11:43:00,band_03,344.0,496.0845070422535,2.0,,center,automated_candidate_unverified
25-BR546.UFMu-00589.2025-07-11-11-43.NJ3HL.000030110930,25-BR546.UFMu-00589,2025-07-11 11:43:00,band_04,345.36764705882354,457.13235294117646,3.0,,center,automated_candidate_unverified
25-BR546.UFMu-00589.2025-07-11-11-43.NJ3HL.000030110930,25-BR546.UFMu-00589,2025-07-11 11:43:00,band_05,346.5733333333333,418.14666666666665,4.0,,center,automated_candidate_unverified
25-BR546.UFMu-00589.2025-07-11-11-43.NJ3HL.000030110930,25-BR546.UFMu-00589,2025-07-11 11:43:00,band_06,348.0,379.0845070422535,5.0,,center,automated_candidate_unverified
25-BR546.UFMu-00589.2025-07-11-11-43.NJ3HL.000030110930,25-BR546.UFMu-00589,2025-07-11 11:43:00,band_07,349.5,340.0,6.0,,center,automated_candidate_unverified
25-BR546.UFMu-00589.2025-07-11-11-43.NJ3HL.000030110930,25-BR546.UFMu-00589,2025-07-11 11:43:00,band_08,350.6865671641791,301.179104477612,7.0,,center,automated_candidate_unverified
25-BR546.UFMu-00589.2025-07-11-11-43.NJ3HL.000030110930,25-BR546.UFMu-00589,2025-07-11 11:43:00,band_09,352.0,268.9230769230769,8.0,,center,automated_candidate_unverified
25-BR546.UFMu-00589.2025-07-12-11-48.NJ3HL.000030110930,25-BR546.UFMu-00589,2025-07-12 11:48:00,band_01,344.34090909090907,614.4545454545455,0.0,,center,automated_candidate_unverified
25-BR546.UFMu-00589.2025-07-12-11-48.NJ3HL.000030110930,25-BR546.UFMu-00589,2025-07-12 11:48:00,band_02,345.0,574.5454545454545,1.0,,center,automated_candidate_unverified
25-BR546.UFMu-00589.2025-07-12-11-48.NJ3HL.000030110930,25-BR546.UFMu-00589,2025-07-12 11:48:00,band_03,347.2241379310345,534.551724137931,2.0,,center,automated_candidate_unverified
25-BR546.UFMu-00589.2025-07-12-11-48.NJ3HL.000030110930,25-BR546.UFMu-00589,2025-07-12 11:48:00,band_04,347.68,495.46,3.0,,center,automated_candidate_unverified
25-BR546.UFMu-00589.2025-07-12-11-48.NJ3HL.000030110930,25-BR546.UFMu-00589,2025-07-12 11:48:00,band_05,349.13461538461536,456.2884615384616,4.0,,center,automated_candidate_unverified
25-BR546.UFMu-00589.2025-07-12-11-48.NJ3HL.000030110930,25-BR546.UFMu-00589,2025-07-12 11:48:00,band_06,350.27906976744185,416.953488372093,5.0,,center,automated_candidate_unverified
25-BR546.UFMu-00589.2025-07-12-11-48.NJ3HL.000030110930,25-BR546.UFMu-00589,2025-07-12 11:48:00,band_07,351.44444444444446,377.6666666666667,6.0,,center,automated_candidate_unverified
25-BR546.UFMu-00589.2025-07-12-11-48.NJ3HL.000030110930,25-BR546.UFMu-00589,2025-07-12 11:48:00,band_08,353.0,338.625,7.0,,center,automated_candidate_unverified
25-BR546.UFMu-00589.2025-07-12-11-48.NJ3HL.000030110930,25-BR546.UFMu-00589,2025-07-12 11:48:00,band_09,354.4222222222222,299.55555555555554,8.0,,center,automated_candidate_unverified
25-BR546.UFMu-00589.2025-07-13-11-43.NJ3HL.000030110930,25-BR546.UFMu-00589,2025-07-13 11:43:00,band_01,346.75,574.8888888888889,0.0,,center,automated_candidate_unverified
25-BR546.UFMu-00589.2025-07-13-11-43.NJ3HL.000030110930,25-BR546.UFMu-00589,2025-07-13 11:43:00,band_02,347.52,535.44,1.0,,center,automated_candidate_unverified
25-BR546.UFMu-00589.2025-07-13-11-43.NJ3HL.000030110930,25-BR546.UFMu-00589,2025-07-13 11:43:00,band_03,348.1186440677966,495.89830508474574,2.0,,center,automated_candidate_unverified
25-BR546.UFMu-00589.2025-07-13-11-43.NJ3HL.000030110930,25-BR546.UFMu-00589,2025-07-13 11:43:00,band_04,349.2407407407408,456.6666666666667,3.0,,center,automated_candidate_unverified
25-BR546.UFMu-00589.2025-07-13-11-43.NJ3HL.000030110930,25-BR546.UFMu-00589,2025-07-13 11:43:00,band_05,350.40816326530614,417.48979591836735,4.0,,center,automated_candidate_unverified
25-BR546.UFMu-00589.2025-07-13-11-43.NJ3HL.000030110930,25-BR546.UFMu-00589,2025-07-13 11:43:00,band_06,351.6862745098039,378.15686274509807,5.0,,center,automated_candidate_unverified
25-BR546.UFMu-00589.2025-07-13-11-43.NJ3HL.000030110930,25-BR546.UFMu-00589,2025-07-13 11:43:00,band_07,353.2830188679245,339.0377358490566,6.0,,center,automated_candidate_unverified
25-BR546.UFMu-00589.2025-07-13-11-43.NJ3HL.000030110930,25-BR546.UFMu-00589,2025-07-13 11:43:00,band_08,354.15909090909093,300.0681818181818,7.0,,center,automated_candidate_unverified
25-BR546.UFMu-00589.2025-07-13-11-43.NJ3HL.000030110930,25-BR546.UFMu-00589,2025-07-13 11:43:00,band_09,356.1666666666667,267.8333333333333,8.0,,center,automated_candidate_unverified
25-BR546.UFMu-00589.2025-07-14-11-48.NJ3HL.000030110930,25-BR546.UFMu-00589,2025-07-14 11:48:00,band_01,343.46774193548384,575.016129032258,0.0,,center,automated_candidate_unverified
25-BR546.UFMu-00589.2025-07-14-11-48.NJ3HL.000030110930,25-BR546.UFMu-00589,2025-07-14 11:48:00,band_02,344.3793103448276,535.0862068965517,1.0,,center,automated_candidate_unverified
25-BR546.UFMu-00589.2025-07-14-11-48.NJ3HL.000030110930,25-BR546.UFMu-00589,2025-07-14 11:48:00,band_03,345.15,495.5,2.0,,center,automated_candidate_unverified
25-BR546.UFMu-00589.2025-07-14-11-48.NJ3HL.000030110930,25-BR546.UFMu-00589,2025-07-14 11:48:00,band_04,346.2307692307692,456.46153846153845,3.0,,center,automated_candidate_unverified
25-BR546.UFMu-00589.2025-07-14-11-48.NJ3HL.000030110930,25-BR546.UFMu-00589,2025-07-14 11:48:00,band_05,347.61764705882354,417.3529411764706,4.0,,center,automated_candidate_unverified
25-BR546.UFMu-00589.2025-07-14-11-48.NJ3HL.000030110930,25-BR546.UFMu-00589,2025-07-14 11:48:00,band_06,348.5,378.0,5.0,,center,automated_candidate_unverified
25-BR546.UFMu-00589.2025-07-14-11-48.NJ3HL.000030110930,25-BR546.UFMu-00589,2025-07-14 11:48:00,band_07,350.28205128205127,338.84615384615387,6.0,,center,automated_candidate_unverified
25-BR546.UFMu-00589.2025-07-14-11-48.NJ3HL.000030110930,25-BR546.UFMu-00589,2025-07-14 11:48:00,band_08,351.7857142857143,299.7857142857143,7.0,,center,automated_candidate_unverified
25-BR546.UFMu-00589.2025-07-15-12-06.NJ3HL.000030110930,25-BR546.UFMu-00589,2025-07-15 12:06:00,band_01,350.2857142857143,578.0,0.0,,center,automated_candidate_unverified
25-BR546.UFMu-00589.2025-07-15-12-06.NJ3HL.000030110930,25-BR546.UFMu-00589,2025-07-15 12:06:00,band_02,347.93650793650795,535.9047619047619,1.0,,center,automated_candidate_unverified
25-BR546.UFMu-00589.2025-07-15-12-06.NJ3HL.000030110930,25-BR546.UFMu-00589,2025-07-15 12:06:00,band_03,349.09615384615387,496.1730769230769,2.0,,center,automated_candidate_unverified
25-BR546.UFMu-00589.2025-07-15-12-06.NJ3HL.000030110930,25-BR546.UFMu-00589,2025-07-15 12:06:00,band_04,350.1276595744681,457.0,3.0,,center,automated_candidate_unverified
25-BR546.UFMu-00589.2025-07-15-12-06.NJ3HL.000030110930,25-BR546.UFMu-00589,2025-07-15 12:06:00,band_05,351.0975609756098,417.8780487804878,4.0,,center,automated_candidate_unverified
25-BR546.UFMu-00589.2025-07-15-12-06.NJ3HL.000030110930,25-BR546.UFMu-00589,2025-07-15 12:06:00,band_06,352.7837837837838,378.6756756756757,5.0,,center,automated_candidate_unverified
25-BR546.UFMu-00589.2025-07-15-12-06.NJ3HL.000030110930,25-BR546.UFMu-00589,2025-07-15 12:06:00,band_07,354.15,339.5,6.0,,center,automated_candidate_unverified
25-BR546.UFMu-00589.2025-07-15-12-06.NJ3HL.000030110930,25-BR546.UFMu-00589,2025-07-15 12:06:00,band_08,355.7142857142857,300.37142857142857,7.0,,center,automated_candidate_unverified
25-BR546.UFMu-00589.2025-07-16-11-43.NJ3HL.000030110930,25-BR546.UFMu-00589,2025-07-16 11:43:00,band_01,348.8615384615385,537.0307692307692,0.0,,center,automated_candidate_unverified
25-BR546.UFMu-00589.2025-07-16-11-43.NJ3HL.000030110930,25-BR546.UFMu-00589,2025-07-16 11:43:00,band_02,350.0,497.91379310344826,1.0,,center,automated_candidate_unverified
25-BR546.UFMu-00589.2025-07-16-11-43.NJ3HL.000030110930,25-BR546.UFMu-00589,2025-07-16 11:43:00,band_03,351.23636363636365,458.8363636363636,2.0,,center,automated_candidate_unverified
25-BR546.UFMu-00589.2025-07-16-11-43.NJ3HL.000030110930,25-BR546.UFMu-00589,2025-07-16 11:43:00,band_04,352.8888888888889,419.8333333333333,3.0,,center,automated_candidate_unverified
25-BR546.UFMu-00589.2025-07-16-11-43.NJ3HL.000030110930,25-BR546.UFMu-00589,2025-07-16 11:43:00,band_05,354.3220338983051,380.9322033898305,4.0,,center,automated_candidate_unverified
25-BR546.UFMu-00589.2025-07-16-11-43.NJ3HL.000030110930,25-BR546.UFMu-00589,2025-07-16 11:43:00,band_06,356.05263157894734,341.89473684210526,5.0,,center,automated_candidate_unverified
25-BR546.UFMu-00589.2025-07-16-11-43.NJ3HL.000030110930,25-BR546.UFMu-00589,2025-07-16 11:43:00,band_07,357.85714285714283,303.42857142857144,6.0,,center,automated_candidate_unverified
25-BR546.UFMu-00589.2025-07-17-11-46.NJ3HL.000030110930,25-BR546.UFMu-00589,2025-07-17 11:46:00,band_01,354.5762711864407,498.1016949152543,0.0,,center,automated_candidate_unverified
25-BR546.UFMu-00589.2025-07-17-11-46.NJ3HL.000030110930,25-BR546.UFMu-00589,2025-07-17 11:46:00,band_02,355.8813559322034,459.1016949152543,1.0,,center,automated_candidate_unverified
25-BR546.UFMu-00589.2025-07-17-11-46.NJ3HL.000030110930,25-BR546.UFMu-00589,2025-07-17 11:46:00,band_03,357.10526315789474,420.0,2.0,,center,automated_candidate_unverified
25-BR546.UFMu-00589.2025-07-17-11-46.NJ3HL.000030110930,25-BR546.UFMu-00589,2025-07-17 11:46:00,band_04,358.3114754098361,381.1475409836066,3.0,,center,automated_candidate_unverified
25-BR546.UFMu-00589.2025-07-17-11-46.NJ3HL.000030110930,25-BR546.UFMu-00589,2025-07-17 11:46:00,band_05,360.06976744186045,341.86046511627904,4.0,,center,automated_candidate_unverified
25-BR546.UFMu-00589.2025-07-17-11-46.NJ3HL.000030110930,25-BR546.UFMu-00589,2025-07-17 11:46:00,band_06,361.2352941176471,303.0,5.0,,center,automated_candidate_unverified
25-BR546.UFMu-00589.2025-07-18-11-50.NJ3HL.000030110930,25-BR546.UFMu-00589,2025-07-18 11:50:00,band_01,346.36507936507934,536.4444444444445,0.0,,center,automated_candidate_unverified
25-BR546.UFMu-00589.2025-07-18-11-50.NJ3HL.000030110930,25-BR546.UFMu-00589,2025-07-18 11:50:00,band_02,347.0,497.0,1.0,,center,automated_candidate_unverified
25-BR546.UFMu-00589.2025-07-18-11-50.NJ3HL.000030110930,25-BR546.UFMu-00589,2025-07-18 11:50:00,band_03,348.44615384615383,458.04615384615386,2.0,,center,automated_candidate_unverified
25-BR546.UFMu-00589.2025-07-18-11-50.NJ3HL.000030110930,25-BR546.UFMu-00589,2025-07-18 11:50:00,band_04,349.81481481481484,418.72222222222223,3.0,,center,automated_candidate_unverified
25-BR546.UFMu-00589.2025-07-18-11-50.NJ3HL.000030110930,25-BR546.UFMu-00589,2025-07-18 11:50:00,band_05,350.9074074074074,379.72222222222223,4.0,,center,automated_candidate_unverified
25-BR546.UFMu-00589.2025-07-18-11-50.NJ3HL.000030110930,25-BR546.UFMu-00589,2025-07-18 11:50:00,band_06,353.0,340.59615384615387,5.0,,center,automated_candidate_unverified
25-BR546.UFMu-00589.2025-07-18-11-50.NJ3HL.000030110930,25-BR546.UFMu-00589,2025-07-18 11:50:00,band_07,354.5,301.60869565217394,6.0,,center,automated_candidate_unverified
25-BR546.UFMu-00589.2025-07-19-11-39.NJ3HL.000030110930,25-BR546.UFMu-00589,2025-07-19 11:39:00,band_01,350.4117647058824,493.4509803921569,0.0,,center,automated_candidate_unverified
25-BR546.UFMu-00589.2025-07-19-11-39.NJ3HL.000030110930,25-BR546.UFMu-00589,2025-07-19 11:39:00,band_02,351.225,454.45,1.0,,center,automated_candidate_unverified
25-BR546.UFMu-00589.2025-07-19-11-39.NJ3HL.000030110930,25-BR546.UFMu-00589,2025-07-19 11:39:00,band_03,352.4054054054054,414.8918918918919,2.0,,center,automated_candidate_unverified
25-BR546.UFMu-00589.2025-07-19-11-39.NJ3HL.000030110930,25-BR546.UFMu-00589,2025-07-19 11:39:00,band_04,353.6470588235294,375.5,3.0,,center,automated_candidate_unverified
25-BR546.UFMu-00589.2025-07-19-11-39.NJ3HL.000030110930,25-BR546.UFMu-00589,2025-07-19 11:39:00,band_05,355.06060606060606,336.3939393939394,4.0,,center,automated_candidate_unverified
25-BR546.UFMu-00589.2025-07-19-11-39.NJ3HL.000030110930,25-BR546.UFMu-00589,2025-07-19 11:39:00,band_06,356.5882352941176,297.11764705882354,5.0,,center,automated_candidate_unverified
25-BR546.UFMu-00589.2025-07-20-11-43.NJ3HL.000030110930,25-BR546.UFMu-00589,2025-07-20 11:43:00,band_01,348.1212121212121,491.969696969697,0.0,,center,automated_candidate_unverified
25-BR546.UFMu-00589.2025-07-20-11-43.NJ3HL.000030110930,25-BR546.UFMu-00589,2025-07-20 11:43:00,band_02,350.5,453.54761904761904,1.0,,center,automated_candidate_unverified
25-BR546.UFMu-00589.2025-07-20-11-43.NJ3HL.000030110930,25-BR546.UFMu-00589,2025-07-20 11:43:00,band_03,352.0769230769231,414.56410256410254,2.0,,center,automated_candidate_unverified
25-BR546.UFMu-00589.2025-07-20-11-43.NJ3HL.000030110930,25-BR546.UFMu-00589,2025-07-20 11:43:00,band_04,353.3265306122449,375.2244897959184,3.0,,center,automated_candidate_unverified
25-BR546.UFMu-00589.2025-07-20-11-43.NJ3HL.000030110930,25-BR546.UFMu-00589,2025-07-20 11:43:00,band_05,354.6764705882353,335.8529411764706,4.0,,center,automated_candidate_unverified
25-BR546.UFMu-00589.2025-07-20-11-43.NJ3HL.000030110930,25-BR546.UFMu-00589,2025-07-20 11:43:00,band_06,356.0625,296.75,5.0,,center,automated_candidate_unverified
25-BR546.UFMu-00589.2025-07-21-11-46.NJ3HL.000030110930,25-BR546.UFMu-00589,2025-07-21 11:46:00,band_01,346.2063492063492,493.8730158730159,0.0,,center,automated_candidate_unverified
25-BR546.UFMu-00589.2025-07-21-11-46.NJ3HL.000030110930,25-BR546.UFMu-00589,2025-07-21 11:46:00,band_02,347.42105263157896,454.5438596491228,1.0,,center,automated_candidate_unverified
25-BR546.UFMu-00589.2025-07-21-11-46.NJ3HL.000030110930,25-BR546.UFMu-00589,2025-07-21 11:46:00,band_03,348.6271186440678,415.5593220338983,2.0,,center,automated_candidate_unverified
25-BR546.UFMu-00589.2025-07-21-11-46.NJ3HL.000030110930,25-BR546.UFMu-00589,2025-07-21 11:46:00,band_04,349.719298245614,376.3684210526316,3.0,,center,automated_candidate_unverified
25-BR546.UFMu-00589.2025-07-21-11-46.NJ3HL.000030110930,25-BR546.UFMu-00589,2025-07-21 11:46:00,band_05,351.4655172413793,337.3793103448276,4.0,,center,automated_candidate_unverified
25-BR546.UFMu-00589.2025-07-21-11-46.NJ3HL.000030110930,25-BR546.UFMu-00589,2025-07-21 11:46:00,band_06,352.9807692307692,298.36538461538464,5.0,,center,automated_candidate_unverified
25-BR546.UFMu-00589.2025-07-22-11-51.NJ3HL.000030110930,25-BR546.UFMu-00589,2025-07-22 11:51:00,band_01,351.30645161290323,493.35483870967744,0.0,,center,automated_candidate_unverified
25-BR546.UFMu-00589.2025-07-22-11-51.NJ3HL.000030110930,25-BR546.UFMu-00589,2025-07-22 11:51:00,band_02,352.0,454.0983606557377,1.0,,center,automated_candidate_unverified
25-BR546.UFMu-00589.2025-07-22-11-51.NJ3HL.000030110930,25-BR546.UFMu-00589,2025-07-22 11:51:00,band_03,353.4074074074074,415.14814814814815,2.0,,center,automated_candidate_unverified
25-BR546.UFMu-00589.2025-07-22-11-51.NJ3HL.000030110930,25-BR546.UFMu-00589,2025-07-22 11:51:00,band_04,354.75,376.078125,3.0,,center,automated_candidate_unverified
25-BR546.UFMu-00589.2025-07-22-11-51.NJ3HL.000030110930,25-BR546.UFMu-00589,2025-07-22 11:51:00,band_05,356.31481481481484,336.85185185185185,4.0,,center,automated_candidate_unverified
25-BR546.UFMu-00589.2025-07-22-11-51.NJ3HL.000030110930,25-BR546.UFMu-00589,2025-07-22 11:51:00,band_06,357.5777777777778,297.55555555555554,5.0,,center,automated_candidate_unverified
25-BR546.UFMu-00589.2025-07-23-11-50.NJ3HL.000030110930,25-BR546.UFMu-00589,2025-07-23 11:50:00,band_01,345.1388888888889,493.3611111111111,0.0,,center,automated_candidate_unverified
25-BR546.UFMu-00589.2025-07-23-11-50.NJ3HL.000030110930,25-BR546.UFMu-00589,2025-07-23 11:50:00,band_02,346.2,454.04,1.0,,center,automated_candidate_unverified
25-BR546.UFMu-00589.2025-07-23-11-50.NJ3HL.000030110930,25-BR546.UFMu-00589,2025-07-23 11:50:00,band_03,347.5,415.0,2.0,,center,automated_candidate_unverified
25-BR546.UFMu-00589.2025-07-23-11-50.NJ3HL.000030110930,25-BR546.UFMu-00589,2025-07-23 11:50:00,band_04,348.8,375.45,3.0,,center,automated_candidate_unverified
25-BR546.UFMu-00589.2025-07-23-11-50.NJ3HL.000030110930,25-BR546.UFMu-00589,2025-07-23 11:50:00,band_05,350.30434782608694,336.2173913043478,4.0,,center,automated_candidate_unverified
25-BR546.UFMu-00589.2025-07-23-11-50.NJ3HL.000030110930,25-BR546.UFMu-00589,2025-07-23 11:50:00,band_06,352.0,297.17391304347825,5.0,,center,automated_candidate_unverified
25-BR546.UFMu-00589.2025-07-24-11-40.NJ3HL.000030110930,25-BR546.UFMu-00589,2025-07-24 11:40:00,band_01,352.68333333333334,454.2,0.0,,center,automated_candidate_unverified
25-BR546.UFMu-00589.2025-07-24-11-40.NJ3HL.000030110930,25-BR546.UFMu-00589,2025-07-24 11:40:00,band_02,353.9642857142857,415.0535714285714,1.0,,center,automated_candidate_unverified
25-BR546.UFMu-00589.2025-07-24-11-40.NJ3HL.000030110930,25-BR546.UFMu-00589,2025-07-24 11:40:00,band_03,355.03508771929825,375.89473684210526,2.0,,center,automated_candidate_unverified
25-BR546.UFMu-00589.2025-07-24-11-40.NJ3HL.000030110930,25-BR546.UFMu-00589,2025-07-24 11:40:00,band_04,356.8333333333333,336.5740740740741,3.0,,center,automated_candidate_unverified
25-BR546.UFMu-00589.2025-07-24-11-40.NJ3HL.000030110930,25-BR546.UFMu-00589,2025-07-24 11:40:00,band_05,358.26,297.48,4.0,,center,automated_candidate_unverified
25-BR546.UFMu-00589.2025-07-25-11-50.NJ3HL.000030110930,25-BR546.UFMu-00589,2025-07-25 11:50:00,band_01,349.72131147540983,454.1475409836066,0.0,,center,automated_candidate_unverified
25-BR546.UFMu-00589.2025-07-25-11-50.NJ3HL.000030110930,25-BR546.UFMu-00589,2025-07-25 11:50:00,band_02,351.0,414.71153846153845,1.0,,center,automated_candidate_unverified
25-BR546.UFMu-00589.2025-07-25-11-50.NJ3HL.000030110930,25-BR546.UFMu-00589,2025-07-25 11:50:00,band_03,352.0,375.59615384615387,2.0,,center,automated_candidate_unverified
25-BR546.UFMu-00589.2025-07-25-11-50.NJ3HL.000030110930,25-BR546.UFMu-00589,2025-07-25 11:50:00,band_04,353.6981132075472,336.2830188679245,3.0,,center,automated_candidate_unverified
25-BR546.UFMu-00589.2025-07-25-11-50.NJ3HL.000030110930,25-BR546.UFMu-00589,2025-07-25 11:50:00,band_05,354.93023255813955,297.13953488372096,4.0,,center,automated_candidate_unverified
25-BR546.UFMu-00589.2025-07-26-11-49.NJ3HL.000030110930,25-BR546.UFMu-00589,2025-07-26 11:49:00,band_01,349.2096774193548,454.0,0.0,,center,automated_candidate_unverified
25-BR546.UFMu-00589.2025-07-26-11-49.NJ3HL.000030110930,25-BR546.UFMu-00589,2025-07-26 11:49:00,band_02,350.6896551724138,414.63793103448273,1.0,,center,automated_candidate_unverified
25-BR546.UFMu-00589.2025-07-26-11-49.NJ3HL.000030110930,25-BR546.UFMu-00589,2025-07-26 11:49:00,band_03,351.53333333333336,375.3777777777778,2.0,,center,automated_candidate_unverified
25-BR546.UFMu-00589.2025-07-26-11-49.NJ3HL.000030110930,25-BR546.UFMu-00589,2025-07-26 11:49:00,band_04,353.19642857142856,336.1428571428572,3.0,,center,automated_candidate_unverified
25-BR546.UFMu-00589.2025-07-26-11-49.NJ3HL.000030110930,25-BR546.UFMu-00589,2025-07-26 11:49:00,band_05,354.45238095238096,297.0238095238095,4.0,,center,automated_candidate_unverified
25-BR546.UFMu-00589.2025-07-26-11-49.NJ3HL.000030110930,25-BR546.UFMu-00589,2025-07-26 11:49:00,band_06,356.2,267.4,5.0,,center,automated_candidate_unverified
25-BR546.UFMu-00589.2025-07-27-11-39.NJ3HL.000030110930,25-BR546.UFMu-00589,2025-07-27 11:39:00,band_01,546.3333333333334,818.4561403508771,0.0,,center,automated_candidate_unverified
25-BR546.UFMu-00589.2025-07-27-11-39.NJ3HL.000030110930,25-BR546.UFMu-00589,2025-07-27 11:39:00,band_02,542.68,801.76,1.0,,center,automated_candidate_unverified
25-BR546.UFMu-00589.2025-07-27-11-39.NJ3HL.000030110930,25-BR546.UFMu-00589,2025-07-27 11:39:00,band_03,540.64,782.4,2.0,,center,automated_candidate_unverified
25-BR546.UFMu-00589.2025-07-27-11-39.NJ3HL.000030110930,25-BR546.UFMu-00589,2025-07-27 11:39:00,band_04,532.375,767.125,3.0,,center,automated_candidate_unverified
25-BR546.UFMu-00589.2025-07-27-11-39.NJ3HL.000030110930,25-BR546.UFMu-00589,2025-07-27 11:39:00,band_05,530.6,745.08,4.0,,center,automated_candidate_unverified
25-BR546.UFMu-00589.2025-07-27-11-39.NJ3HL.000030110930,25-BR546.UFMu-00589,2025-07-27 11:39:00,band_06,526.2,720.4,5.0,,center,automated_candidate_unverified
25-W577.W22_R1-r_x_UFMu-10960.2025-06-10-13-41.NJ2J6.000030109794,25-W577.W22_R1-r_x_UFMu-10960,2025-06-10 13:41:00,band_01,93.0,451.5104166666667,0.0,,center,automated_candidate_unverified
25-W577.W22_R1-r_x_UFMu-10960.2025-06-10-13-41.NJ2J6.000030109794,25-W577.W22_R1-r_x_UFMu-10960,2025-06-10 13:41:00,band_02,86.33333333333333,406.8666666666667,1.0,,center,automated_candidate_unverified
25-W577.W22_R1-r_x_UFMu-10960.2025-06-10-13-41.NJ2J6.000030109794,25-W577.W22_R1-r_x_UFMu-10960,2025-06-10 13:41:00,band_03,78.61194029850746,362.13432835820896,2.0,,center,automated_candidate_unverified
25-W577.W22_R1-r_x_UFMu-10960.2025-06-10-13-41.NJ2J6.000030109794,25-W577.W22_R1-r_x_UFMu-10960,2025-06-10 13:41:00,band_04,71.26153846153846,316.38461538461536,3.0,,center,automated_candidate_unverified
25-W577.W22_R1-r_x_UFMu-10960.2025-06-10-13-41.NJ2J6.000030109794,25-W577.W22_R1-r_x_UFMu-10960,2025-06-10 13:41:00,band_05,63.62337662337662,270.038961038961,4.0,,center,automated_candidate_unverified
25-W577.W22_R1-r_x_UFMu-10960.2025-06-10-13-41.NJ2J6.000030109794,25-W577.W22_R1-r_x_UFMu-10960,2025-06-10 13:41:00,band_06,55.81707317073171,222.6829268292683,5.0,,center,automated_candidate_unverified
25-W577.W22_R1-r_x_UFMu-10960.2025-06-10-13-41.NJ2J6.000030109794,25-W577.W22_R1-r_x_UFMu-10960,2025-06-10 13:41:00,band_07,47.229729729729726,174.74324324324326,6.0,,center,automated_candidate_unverified
25-W577.W22_R1-r_x_UFMu-10960.2025-06-10-13-41.NJ2J6.000030109794,25-W577.W22_R1-r_x_UFMu-10960,2025-06-10 13:41:00,band_08,38.72413793103448,126.75862068965516,7.0,,center,automated_candidate_unverified
25-W577.W22_R1-r_x_UFMu-10960.2025-06-11-11-43.NJ2J6.000030109794,25-W577.W22_R1-r_x_UFMu-10960,2025-06-11 11:43:00,band_01,101.0842105263158,449.38947368421054,0.0,,center,automated_candidate_unverified
25-W577.W22_R1-r_x_UFMu-10960.2025-06-11-11-43.NJ2J6.000030109794,25-W577.W22_R1-r_x_UFMu-10960,2025-06-11 11:43:00,band_02,94.20588235294116,405.0735294117647,1.0,,center,automated_candidate_unverified
25-W577.W22_R1-r_x_UFMu-10960.2025-06-11-11-43.NJ2J6.000030109794,25-W577.W22_R1-r_x_UFMu-10960,2025-06-11 11:43:00,band_03,86.49152542372882,360.1694915254237,2.0,,center,automated_candidate_unverified
25-W577.W22_R1-r_x_UFMu-10960.2025-06-11-11-43.NJ2J6.000030109794,25-W577.W22_R1-r_x_UFMu-10960,2025-06-11 11:43:00,band_04,78.93333333333334,314.7,3.0,,center,automated_candidate_unverified
25-W577.W22_R1-r_x_UFMu-10960.2025-06-11-11-43.NJ2J6.000030109794,25-W577.W22_R1-r_x_UFMu-10960,2025-06-11 11:43:00,band_05,70.98529411764706,268.44117647058823,4.0,,center,automated_candidate_unverified
25-W577.W22_R1-r_x_UFMu-10960.2025-06-11-11-43.NJ2J6.000030109794,25-W577.W22_R1-r_x_UFMu-10960,2025-06-11 11:43:00,band_06,62.84,221.10666666666663,5.0,,center,automated_candidate_unverified
25-W577.W22_R1-r_x_UFMu-10960.2025-06-11-11-43.NJ2J6.000030109794,25-W577.W22_R1-r_x_UFMu-10960,2025-06-11 11:43:00,band_07,54.10606060606061,173.5,6.0,,center,automated_candidate_unverified
25-W577.W22_R1-r_x_UFMu-10960.2025-06-11-11-43.NJ2J6.000030109794,25-W577.W22_R1-r_x_UFMu-10960,2025-06-11 11:43:00,band_08,45.21153846153846,125.1153846153846,7.0,,center,automated_candidate_unverified
25-W577.W22_R1-r_x_UFMu-10960.2025-06-12-11-48.NJ2J6.000030109794,25-W577.W22_R1-r_x_UFMu-10960,2025-06-12 11:48:00,band_01,85.45744680851064,398.9148936170213,0.0,,center,automated_candidate_unverified
25-W577.W22_R1-r_x_UFMu-10960.2025-06-12-11-48.NJ2J6.000030109794,25-W577.W22_R1-r_x_UFMu-10960,2025-06-12 11:48:00,band_02,77.27160493827161,354.2345679012346,1.0,,center,automated_candidate_unverified
25-W577.W22_R1-r_x_UFMu-10960.2025-06-12-11-48.NJ2J6.000030109794,25-W577.W22_R1-r_x_UFMu-10960,2025-06-12 11:48:00,band_03,68.7875,308.0125,2.0,,center,automated_candidate_unverified
25-W577.W22_R1-r_x_UFMu-10960.2025-06-12-11-48.NJ2J6.000030109794,25-W577.W22_R1-r_x_UFMu-10960,2025-06-12 11:48:00,band_04,60.62637362637363,261.4725274725275,3.0,,center,automated_candidate_unverified
25-W577.W22_R1-r_x_UFMu-10960.2025-06-12-11-48.NJ2J6.000030109794,25-W577.W22_R1-r_x_UFMu-10960,2025-06-12 11:48:00,band_05,51.93877551020408,214.07142857142856,4.0,,center,automated_candidate_unverified
25-W577.W22_R1-r_x_UFMu-10960.2025-06-12-11-48.NJ2J6.000030109794,25-W577.W22_R1-r_x_UFMu-10960,2025-06-12 11:48:00,band_06,42.06521739130435,165.34782608695653,5.0,,center,automated_candidate_unverified
25-W577.W22_R1-r_x_UFMu-10960.2025-06-12-11-48.NJ2J6.000030109794,25-W577.W22_R1-r_x_UFMu-10960,2025-06-12 11:48:00,band_07,32.654761904761905,116.72619047619048,6.0,,center,automated_candidate_unverified
25-W577.W22_R1-r_x_UFMu-10960.2025-06-17-11-51.NJ2J6.000030109794,25-W577.W22_R1-r_x_UFMu-10960,2025-06-17 11:51:00,band_01,73.62765957446808,400.98936170212767,0.0,,center,automated_candidate_unverified
25-W577.W22_R1-r_x_UFMu-10960.2025-06-17-11-51.NJ2J6.000030109794,25-W577.W22_R1-r_x_UFMu-10960,2025-06-17 11:51:00,band_02,65.6701030927835,355.5360824742268,1.0,,center,automated_candidate_unverified
25-W577.W22_R1-r_x_UFMu-10960.2025-06-17-11-51.NJ2J6.000030109794,25-W577.W22_R1-r_x_UFMu-10960,2025-06-17 11:51:00,band_03,57.13541666666666,308.5520833333333,2.0,,center,automated_candidate_unverified
25-W577.W22_R1-r_x_UFMu-10960.2025-06-17-11-51.NJ2J6.000030109794,25-W577.W22_R1-r_x_UFMu-10960,2025-06-17 11:51:00,band_04,48.92079207920792,260.7029702970297,3.0,,center,automated_candidate_unverified
25-W577.W22_R1-r_x_UFMu-10960.2025-06-17-11-51.NJ2J6.000030109794,25-W577.W22_R1-r_x_UFMu-10960,2025-06-17 11:51:00,band_05,40.62037037037037,211.39814814814812,4.0,,center,automated_candidate_unverified
25-W577.W22_R1-r_x_UFMu-10960.2025-06-17-11-51.NJ2J6.000030109794,25-W577.W22_R1-r_x_UFMu-10960,2025-06-17 11:51:00,band_06,32.34285714285714,161.3904761904762,5.0,,center,automated_candidate_unverified
25-W577.W22_R1-r_x_UFMu-10960.2025-06-17-11-51.NJ2J6.000030109794,25-W577.W22_R1-r_x_UFMu-10960,2025-06-17 11:51:00,band_07,23.625,110.52272727272728,6.0,,center,automated_candidate_unverified
25-W577.W22_R1-r_x_UFMu-10960.2025-06-18-11-41.NJ2J6.000030109794,25-W577.W22_R1-r_x_UFMu-10960,2025-06-18 11:41:00,band_01,77.9047619047619,460.1428571428572,0.0,,center,automated_candidate_unverified
25-W577.W22_R1-r_x_UFMu-10960.2025-06-18-11-41.NJ2J6.000030109794,25-W577.W22_R1-r_x_UFMu-10960,2025-06-18 11:41:00,band_02,77.0909090909091,403.3636363636364,1.0,,center,automated_candidate_unverified
25-W577.W22_R1-r_x_UFMu-10960.2025-06-18-11-41.NJ2J6.000030109794,25-W577.W22_R1-r_x_UFMu-10960,2025-06-18 11:41:00,band_03,69.31182795698925,357.752688172043,2.0,,center,automated_candidate_unverified
25-W577.W22_R1-r_x_UFMu-10960.2025-06-18-11-41.NJ2J6.000030109794,25-W577.W22_R1-r_x_UFMu-10960,2025-06-18 11:41:00,band_04,61.46938775510204,311.3469387755102,3.0,,center,automated_candidate_unverified
25-W577.W22_R1-r_x_UFMu-10960.2025-06-18-11-41.NJ2J6.000030109794,25-W577.W22_R1-r_x_UFMu-10960,2025-06-18 11:41:00,band_05,53.41237113402062,263.54639175257734,4.0,,center,automated_candidate_unverified
25-W577.W22_R1-r_x_UFMu-10960.2025-06-18-11-41.NJ2J6.000030109794,25-W577.W22_R1-r_x_UFMu-10960,2025-06-18 11:41:00,band_06,45.67326732673267,214.55445544554456,5.0,,center,automated_candidate_unverified
25-W577.W22_R1-r_x_UFMu-10960.2025-06-18-11-41.NJ2J6.000030109794,25-W577.W22_R1-r_x_UFMu-10960,2025-06-18 11:41:00,band_07,37.33962264150944,164.99056603773585,6.0,,center,automated_candidate_unverified
25-W577.W22_R1-r_x_UFMu-10960.2025-06-18-11-41.NJ2J6.000030109794,25-W577.W22_R1-r_x_UFMu-10960,2025-06-18 11:41:00,band_08,29.01098901098901,114.58241758241758,7.0,,center,automated_candidate_unverified
25-W577.W22_R1-r_x_UFMu-10960.2025-06-19-11-45.NJ2J6.000030109794,25-W577.W22_R1-r_x_UFMu-10960,2025-06-19 11:45:00,band_01,72.5,406.0,0.0,,center,automated_candidate_unverified
25-W577.W22_R1-r_x_UFMu-10960.2025-06-19-11-45.NJ2J6.000030109794,25-W577.W22_R1-r_x_UFMu-10960,2025-06-19 11:45:00,band_02,64.17910447761194,360.4328358208956,1.0,,center,automated_candidate_unverified
25-W577.W22_R1-r_x_UFMu-10960.2025-06-19-11-45.NJ2J6.000030109794,25-W577.W22_R1-r_x_UFMu-10960,2025-06-19 11:45:00,band_03,55.74603174603175,313.8253968253968,2.0,,center,automated_candidate_unverified
25-W577.W22_R1-r_x_UFMu-10960.2025-06-19-11-45.NJ2J6.000030109794,25-W577.W22_R1-r_x_UFMu-10960,2025-06-19 11:45:00,band_04,47.32758620689656,266.0689655172414,3.0,,center,automated_candidate_unverified
25-W577.W22_R1-r_x_UFMu-10960.2025-06-19-11-45.NJ2J6.000030109794,25-W577.W22_R1-r_x_UFMu-10960,2025-06-19 11:45:00,band_05,39.17741935483871,217.4193548387097,4.0,,center,automated_candidate_unverified
25-W577.W22_R1-r_x_UFMu-10960.2025-06-19-11-45.NJ2J6.000030109794,25-W577.W22_R1-r_x_UFMu-10960,2025-06-19 11:45:00,band_06,30.27692307692308,167.66153846153847,5.0,,center,automated_candidate_unverified
25-W577.W22_R1-r_x_UFMu-10960.2025-06-20-11-45.NJ2J6.000030109794,25-W577.W22_R1-r_x_UFMu-10960,2025-06-20 11:45:00,band_01,105.0759493670886,403.72151898734177,0.0,,center,automated_candidate_unverified
25-W577.W22_R1-r_x_UFMu-10960.2025-06-20-11-45.NJ2J6.000030109794,25-W577.W22_R1-r_x_UFMu-10960,2025-06-20 11:45:00,band_02,97.04938271604938,359.4567901234568,1.0,,center,automated_candidate_unverified
25-W577.W22_R1-r_x_UFMu-10960.2025-06-20-11-45.NJ2J6.000030109794,25-W577.W22_R1-r_x_UFMu-10960,2025-06-20 11:45:00,band_03,89.24418604651163,314.6279069767442,2.0,,center,automated_candidate_unverified
25-W577.W22_R1-r_x_UFMu-10960.2025-06-20-11-45.NJ2J6.000030109794,25-W577.W22_R1-r_x_UFMu-10960,2025-06-20 11:45:00,band_04,80.89473684210526,268.66315789473686,3.0,,center,automated_candidate_unverified
25-W577.W22_R1-r_x_UFMu-10960.2025-06-20-11-45.NJ2J6.000030109794,25-W577.W22_R1-r_x_UFMu-10960,2025-06-20 11:45:00,band_05,72.47368421052632,221.8947368421053,4.0,,center,automated_candidate_unverified
25-W577.W22_R1-r_x_UFMu-10960.2025-06-20-11-45.NJ2J6.000030109794,25-W577.W22_R1-r_x_UFMu-10960,2025-06-20 11:45:00,band_06,64.52631578947368,174.66315789473686,5.0,,center,automated_candidate_unverified
25-W577.W22_R1-r_x_UFMu-10960.2025-06-20-11-45.NJ2J6.000030109794,25-W577.W22_R1-r_x_UFMu-10960,2025-06-20 11:45:00,band_07,55.89024390243903,126.95121951219512,6.0,,center,automated_candidate_unverified
25-W577.W22_R1-r_x_UFMu-10960.2025-06-21-11-48.NJ2J6.000030109794,25-W577.W22_R1-r_x_UFMu-10960,2025-06-21 11:48:00,band_01,63.42857142857143,400.5238095238095,0.0,,center,automated_candidate_unverified
25-W577.W22_R1-r_x_UFMu-10960.2025-06-21-11-48.NJ2J6.000030109794,25-W577.W22_R1-r_x_UFMu-10960,2025-06-21 11:48:00,band_02,55.22950819672131,355.37704918032784,1.0,,center,automated_candidate_unverified
25-W577.W22_R1-r_x_UFMu-10960.2025-06-21-11-48.NJ2J6.000030109794,25-W577.W22_R1-r_x_UFMu-10960,2025-06-21 11:48:00,band_03,46.79245283018868,309.20754716981133,2.0,,center,automated_candidate_unverified
25-W577.W22_R1-r_x_UFMu-10960.2025-06-21-11-48.NJ2J6.000030109794,25-W577.W22_R1-r_x_UFMu-10960,2025-06-21 11:48:00,band_04,38.06349206349206,262.77777777777777,3.0,,center,automated_candidate_unverified
25-W577.W22_R1-r_x_UFMu-10960.2025-06-21-11-48.NJ2J6.000030109794,25-W577.W22_R1-r_x_UFMu-10960,2025-06-21 11:48:00,band_05,29.21875,215.296875,4.0,,center,automated_candidate_unverified
25-W577.W22_R1-r_x_UFMu-10960.2025-06-23-11-48.NJ2J6.000030109794,25-W577.W22_R1-r_x_UFMu-10960,2025-06-23 11:48:00,band_01,66.57142857142857,458.4285714285714,0.0,,center,automated_candidate_unverified
25-W577.W22_R1-r_x_UFMu-10960.2025-06-23-11-48.NJ2J6.000030109794,25-W577.W22_R1-r_x_UFMu-10960,2025-06-23 11:48:00,band_02,64.48913043478261,401.3695652173913,1.0,,center,automated_candidate_unverified
25-W577.W22_R1-r_x_UFMu-10960.2025-06-23-11-48.NJ2J6.000030109794,25-W577.W22_R1-r_x_UFMu-10960,2025-06-23 11:48:00,band_03,55.40217391304348,356.4891304347826,2.0,,center,automated_candidate_unverified
25-W577.W22_R1-r_x_UFMu-10960.2025-06-23-11-48.NJ2J6.000030109794,25-W577.W22_R1-r_x_UFMu-10960,2025-06-23 11:48:00,band_04,46.58888888888889,310.64444444444445,3.0,,center,automated_candidate_unverified
25-W577.W22_R1-r_x_UFMu-10960.2025-06-23-11-48.NJ2J6.000030109794,25-W577.W22_R1-r_x_UFMu-10960,2025-06-23 11:48:00,band_05,37.25490196078432,263.80392156862746,4.0,,center,automated_candidate_unverified
25-W577.W22_R1-r_x_UFMu-10960.2025-06-23-11-48.NJ2J6.000030109794,25-W577.W22_R1-r_x_UFMu-10960,2025-06-23 11:48:00,band_06,28.0,216.09259259259255,5.0,,center,automated_candidate_unverified
25-W577.W22_R1-r_x_UFMu-10960.2025-06-24-11-51.NJ2J6.000030109794,25-W577.W22_R1-r_x_UFMu-10960,2025-06-24 11:51:00,band_01,73.93333333333334,459.0,0.0,,center,automated_candidate_unverified
25-W577.W22_R1-r_x_UFMu-10960.2025-06-24-11-51.NJ2J6.000030109794,25-W577.W22_R1-r_x_UFMu-10960,2025-06-24 11:51:00,band_02,72.45454545454545,402.6565656565657,1.0,,center,automated_candidate_unverified
25-W577.W22_R1-r_x_UFMu-10960.2025-06-24-11-51.NJ2J6.000030109794,25-W577.W22_R1-r_x_UFMu-10960,2025-06-24 11:51:00,band_03,63.742574257425744,357.7227722772277,2.0,,center,automated_candidate_unverified
25-W577.W22_R1-r_x_UFMu-10960.2025-06-24-11-51.NJ2J6.000030109794,25-W577.W22_R1-r_x_UFMu-10960,2025-06-24 11:51:00,band_04,55.22549019607843,312.2549019607843,3.0,,center,automated_candidate_unverified
25-W577.W22_R1-r_x_UFMu-10960.2025-06-24-11-51.NJ2J6.000030109794,25-W577.W22_R1-r_x_UFMu-10960,2025-06-24 11:51:00,band_05,48.333333333333336,274.8333333333333,4.0,,center,automated_candidate_unverified
25-W577.W22_R1-r_x_UFMu-10960.2025-06-25-11-40.NJ2J6.000030109794,25-W577.W22_R1-r_x_UFMu-10960,2025-06-25 11:40:00,band_01,73.6896551724138,402.0919540229885,0.0,,center,automated_candidate_unverified
25-W577.W22_R1-r_x_UFMu-10960.2025-06-25-11-40.NJ2J6.000030109794,25-W577.W22_R1-r_x_UFMu-10960,2025-06-25 11:40:00,band_02,65.12048192771084,357.26506024096386,1.0,,center,automated_candidate_unverified
25-W577.W22_R1-r_x_UFMu-10960.2025-06-25-11-40.NJ2J6.000030109794,25-W577.W22_R1-r_x_UFMu-10960,2025-06-25 11:40:00,band_03,56.71232876712329,311.8082191780822,2.0,,center,automated_candidate_unverified
25-W577.W22_R1-r_x_UFMu-10960.2025-06-25-11-40.NJ2J6.000030109794,25-W577.W22_R1-r_x_UFMu-10960,2025-06-25 11:40:00,band_04,47.208333333333336,265.0833333333333,3.0,,center,automated_candidate_unverified
25-W577.W22_R1-r_x_UFMu-10960.2025-06-25-11-40.NJ2J6.000030109794,25-W577.W22_R1-r_x_UFMu-10960,2025-06-25 11:40:00,band_05,37.98913043478261,217.70652173913044,4.0,,center,automated_candidate_unverified
25-W577.W22_R1-r_x_UFMu-10960.2025-06-25-11-40.NJ2J6.000030109794,25-W577.W22_R1-r_x_UFMu-10960,2025-06-25 11:40:00,band_06,29.21686746987952,169.80722891566265,5.0,,center,automated_candidate_unverified
25-W577.W22_R1-r_x_UFMu-10960.2025-06-26-11-45.NJ2J6.000030109794,25-W577.W22_R1-r_x_UFMu-10960,2025-06-26 11:45:00,band_01,281.0,480.1428571428572,0.0,,center,automated_candidate_unverified
25-W577.W22_R1-r_x_UFMu-10960.2025-06-26-11-45.NJ2J6.000030109794,25-W577.W22_R1-r_x_UFMu-10960,2025-06-26 11:45:00,band_02,274.7076923076923,424.04615384615386,1.0,,center,automated_candidate_unverified
25-W577.W22_R1-r_x_UFMu-10960.2025-06-26-11-45.NJ2J6.000030109794,25-W577.W22_R1-r_x_UFMu-10960,2025-06-26 11:45:00,band_03,274.5,382.2142857142857,2.0,,center,automated_candidate_unverified
25-W577.W22_R1-r_x_UFMu-10960.2025-06-26-11-45.NJ2J6.000030109794,25-W577.W22_R1-r_x_UFMu-10960,2025-06-26 11:45:00,band_04,273.89830508474574,340.1694915254237,3.0,,center,automated_candidate_unverified
25-W577.W22_R1-r_x_UFMu-10960.2025-06-26-11-45.NJ2J6.000030109794,25-W577.W22_R1-r_x_UFMu-10960,2025-06-26 11:45:00,band_05,272.7808219178082,297.54794520547944,4.0,,center,automated_candidate_unverified
25-W577.W22_R1-r_x_UFMu-10960.2025-06-26-11-45.NJ2J6.000030109794,25-W577.W22_R1-r_x_UFMu-10960,2025-06-26 11:45:00,band_06,272.2,254.6533333333333,5.0,,center,automated_candidate_unverified
25-W577.W22_R1-r_x_UFMu-10960.2025-06-26-11-45.NJ2J6.000030109794,25-W577.W22_R1-r_x_UFMu-10960,2025-06-26 11:45:00,band_07,271.51666666666665,211.61666666666667,6.0,,center,automated_candidate_unverified
25-W577.W22_R1-r_x_UFMu-10960.2025-06-26-11-45.NJ2J6.000030109794,25-W577.W22_R1-r_x_UFMu-10960,2025-06-26 11:45:00,band_08,271.07142857142856,169.35714285714286,7.0,,center,automated_candidate_unverified
25-W577.W22_R1-r_x_UFMu-10960.2025-06-27-11-49.NJ2J6.000030109794,25-W577.W22_R1-r_x_UFMu-10960,2025-06-27 11:49:00,band_01,274.7076923076923,408.0769230769231,0.0,,center,automated_candidate_unverified
25-W577.W22_R1-r_x_UFMu-10960.2025-06-27-11-49.NJ2J6.000030109794,25-W577.W22_R1-r_x_UFMu-10960,2025-06-27 11:49:00,band_02,275.0,365.7142857142857,1.0,,center,automated_candidate_unverified
25-W577.W22_R1-r_x_UFMu-10960.2025-06-27-11-49.NJ2J6.000030109794,25-W577.W22_R1-r_x_UFMu-10960,2025-06-27 11:49:00,band_03,274.78333333333336,323.0833333333333,2.0,,center,automated_candidate_unverified
25-W577.W22_R1-r_x_UFMu-10960.2025-06-27-11-49.NJ2J6.000030109794,25-W577.W22_R1-r_x_UFMu-10960,2025-06-27 11:49:00,band_04,274.69620253164555,279.56962025316454,3.0,,center,automated_candidate_unverified
25-W577.W22_R1-r_x_UFMu-10960.2025-06-27-11-49.NJ2J6.000030109794,25-W577.W22_R1-r_x_UFMu-10960,2025-06-27 11:49:00,band_05,274.5964912280702,235.7894736842105,4.0,,center,automated_candidate_unverified
25-W577.W22_R1-r_x_UFMu-10960.2025-06-27-11-49.NJ2J6.000030109794,25-W577.W22_R1-r_x_UFMu-10960,2025-06-27 11:49:00,band_06,274.92753623188406,191.81159420289856,5.0,,center,automated_candidate_unverified
25-W577.W22_R1-r_x_UFMu-10960.2025-06-27-11-49.NJ2J6.000030109794,25-W577.W22_R1-r_x_UFMu-10960,2025-06-27 11:49:00,band_07,274.6923076923077,147.64615384615385,6.0,,center,automated_candidate_unverified
25-W577.W22_R1-r_x_UFMu-10960.2025-06-28-11-38.NJ2J6.000030109794,25-W577.W22_R1-r_x_UFMu-10960,2025-06-28 11:38:00,band_01,313.5,606.3181818181819,0.0,,center,automated_candidate_unverified
25-W577.W22_R1-r_x_UFMu-10960.2025-06-28-11-38.NJ2J6.000030109794,25-W577.W22_R1-r_x_UFMu-10960,2025-06-28 11:38:00,band_02,305.6666666666667,550.0,1.0,,center,automated_candidate_unverified
25-W577.W22_R1-r_x_UFMu-10960.2025-06-28-11-38.NJ2J6.000030109794,25-W577.W22_R1-r_x_UFMu-10960,2025-06-28 11:38:00,band_03,296.1,488.6,2.0,,center,automated_candidate_unverified
25-W577.W22_R1-r_x_UFMu-10960.2025-06-28-11-38.NJ2J6.000030109794,25-W577.W22_R1-r_x_UFMu-10960,2025-06-28 11:38:00,band_04,283.7142857142857,452.57142857142856,3.0,,center,automated_candidate_unverified
25-W577.W22_R1-r_x_UFMu-10960.2025-06-28-11-38.NJ2J6.000030109794,25-W577.W22_R1-r_x_UFMu-10960,2025-06-28 11:38:00,band_05,273.80392156862746,409.0392156862745,4.0,,center,automated_candidate_unverified
25-W577.W22_R1-r_x_UFMu-10960.2025-06-28-11-38.NJ2J6.000030109794,25-W577.W22_R1-r_x_UFMu-10960,2025-06-28 11:38:00,band_06,274.2888888888889,366.2888888888889,5.0,,center,automated_candidate_unverified
25-W577.W22_R1-r_x_UFMu-10960.2025-06-29-11-43.NJ2J6.000030109794,25-W577.W22_R1-r_x_UFMu-10960,2025-06-29 11:43:00,band_01,295.4347826086956,411.0434782608696,0.0,,center,automated_candidate_unverified
25-W577.W22_R1-r_x_UFMu-10960.2025-06-29-11-43.NJ2J6.000030109794,25-W577.W22_R1-r_x_UFMu-10960,2025-06-29 11:43:00,band_02,296.11290322580646,369.1774193548387,1.0,,center,automated_candidate_unverified
25-W577.W22_R1-r_x_UFMu-10960.2025-06-29-11-43.NJ2J6.000030109794,25-W577.W22_R1-r_x_UFMu-10960,2025-06-29 11:43:00,band_03,296.52830188679246,327.1509433962264,2.0,,center,automated_candidate_unverified
25-W577.W22_R1-r_x_UFMu-10960.2025-06-29-11-43.NJ2J6.000030109794,25-W577.W22_R1-r_x_UFMu-10960,2025-06-29 11:43:00,band_04,296.5,284.0882352941176,3.0,,center,automated_candidate_unverified
25-W577.W22_R1-r_x_UFMu-10960.2025-06-29-11-43.NJ2J6.000030109794,25-W577.W22_R1-r_x_UFMu-10960,2025-06-29 11:43:00,band_05,297.09722222222223,240.90277777777777,4.0,,center,automated_candidate_unverified
25-W577.W22_R1-r_x_UFMu-10960.2025-06-29-11-43.NJ2J6.000030109794,25-W577.W22_R1-r_x_UFMu-10960,2025-06-29 11:43:00,band_06,297.5890410958904,198.027397260274,5.0,,center,automated_candidate_unverified
25-W577.W22_R1-r_x_UFMu-10960.2025-06-29-11-43.NJ2J6.000030109794,25-W577.W22_R1-r_x_UFMu-10960,2025-06-29 11:43:00,band_07,298.2631578947368,154.68421052631578,6.0,,center,automated_candidate_unverified
25-W577.W22_R1-r_x_UFMu-10960.2025-06-30-11-46.NJ2J6.000030109794,25-W577.W22_R1-r_x_UFMu-10960,2025-06-30 11:46:00,band_01,276.71830985915494,408.7183098591549,0.0,,center,automated_candidate_unverified
25-W577.W22_R1-r_x_UFMu-10960.2025-06-30-11-46.NJ2J6.000030109794,25-W577.W22_R1-r_x_UFMu-10960,2025-06-30 11:46:00,band_02,277.1746031746032,366.3333333333333,1.0,,center,automated_candidate_unverified
25-W577.W22_R1-r_x_UFMu-10960.2025-06-30-11-46.NJ2J6.000030109794,25-W577.W22_R1-r_x_UFMu-10960,2025-06-30 11:46:00,band_03,277.25454545454545,323.4727272727273,2.0,,center,automated_candidate_unverified
25-W577.W22_R1-r_x_UFMu-10960.2025-06-30-11-46.NJ2J6.000030109794,25-W577.W22_R1-r_x_UFMu-10960,2025-06-30 11:46:00,band_04,277.7076923076923,280.04615384615386,3.0,,center,automated_candidate_unverified
25-W577.W22_R1-r_x_UFMu-10960.2025-06-30-11-46.NJ2J6.000030109794,25-W577.W22_R1-r_x_UFMu-10960,2025-06-30 11:46:00,band_05,278.09859154929575,236.56338028169012,4.0,,center,automated_candidate_unverified
25-W577.W22_R1-r_x_UFMu-10960.2025-06-30-11-46.NJ2J6.000030109794,25-W577.W22_R1-r_x_UFMu-10960,2025-06-30 11:46:00,band_06,278.59722222222223,192.30555555555557,5.0,,center,automated_candidate_unverified
25-W577.W22_R1-r_x_UFMu-10960.2025-06-30-11-46.NJ2J6.000030109794,25-W577.W22_R1-r_x_UFMu-10960,2025-06-30 11:46:00,band_07,278.7575757575757,148.28787878787878,6.0,,center,automated_candidate_unverified
25-W577.W22_R1-r_x_UFMu-10960.2025-07-01-11-46.NJ2J6.000030109794,25-W577.W22_R1-r_x_UFMu-10960,2025-07-01 11:46:00,band_01,286.2250922509225,610.0036900369004,0.0,,center,automated_candidate_unverified
25-W577.W22_R1-r_x_UFMu-10960.2025-07-01-11-46.NJ2J6.000030109794,25-W577.W22_R1-r_x_UFMu-10960,2025-07-01 11:46:00,band_02,271.8127659574468,570.3531914893617,1.0,,center,automated_candidate_unverified
25-W577.W22_R1-r_x_UFMu-10960.2025-07-01-11-46.NJ2J6.000030109794,25-W577.W22_R1-r_x_UFMu-10960,2025-07-01 11:46:00,band_03,276.3095238095238,533.5238095238095,2.0,,center,automated_candidate_unverified
25-W577.W22_R1-r_x_UFMu-10960.2025-07-01-11-46.NJ2J6.000030109794,25-W577.W22_R1-r_x_UFMu-10960,2025-07-01 11:46:00,band_04,276.5844155844156,491.961038961039,3.0,,center,automated_candidate_unverified
25-W577.W22_R1-r_x_UFMu-10960.2025-07-01-11-46.NJ2J6.000030109794,25-W577.W22_R1-r_x_UFMu-10960,2025-07-01 11:46:00,band_05,275.2105263157895,450.7236842105263,4.0,,center,automated_candidate_unverified
25-W577.W22_R1-r_x_UFMu-10960.2025-07-01-11-46.NJ2J6.000030109794,25-W577.W22_R1-r_x_UFMu-10960,2025-07-01 11:46:00,band_06,275.7959183673469,408.2448979591837,5.0,,center,automated_candidate_unverified
25-W577.W22_R1-r_x_UFMu-10960.2025-07-01-11-46.NJ2J6.000030109794,25-W577.W22_R1-r_x_UFMu-10960,2025-07-01 11:46:00,band_07,276.3,365.8,6.0,,center,automated_candidate_unverified
25-W577.W22_R1-r_x_UFMu-10960.2025-07-02-11-51.NJ2J6.000030109794,25-W577.W22_R1-r_x_UFMu-10960,2025-07-02 11:51:00,band_01,286.05232558139534,593.5581395348837,0.0,,center,automated_candidate_unverified
25-W577.W22_R1-r_x_UFMu-10960.2025-07-02-11-51.NJ2J6.000030109794,25-W577.W22_R1-r_x_UFMu-10960,2025-07-02 11:51:00,band_02,281.1428571428572,548.8095238095239,1.0,,center,automated_candidate_unverified
25-W577.W22_R1-r_x_UFMu-10960.2025-07-02-11-51.NJ2J6.000030109794,25-W577.W22_R1-r_x_UFMu-10960,2025-07-02 11:51:00,band_03,284.3333333333333,489.55555555555554,2.0,,center,automated_candidate_unverified
25-W577.W22_R1-r_x_UFMu-10960.2025-07-02-11-51.NJ2J6.000030109794,25-W577.W22_R1-r_x_UFMu-10960,2025-07-02 11:51:00,band_04,272.4246575342466,450.6849315068493,3.0,,center,automated_candidate_unverified
25-W577.W22_R1-r_x_UFMu-10960.2025-07-02-11-51.NJ2J6.000030109794,25-W577.W22_R1-r_x_UFMu-10960,2025-07-02 11:51:00,band_05,272.2068965517241,408.1034482758621,4.0,,center,automated_candidate_unverified
25-W577.W22_R1-r_x_UFMu-10960.2025-07-02-11-51.NJ2J6.000030109794,25-W577.W22_R1-r_x_UFMu-10960,2025-07-02 11:51:00,band_06,272.8125,365.75,5.0,,center,automated_candidate_unverified
25-W577.W22_R1-r_x_UFMu-10960.2025-07-02-11-51.NJ2J6.000030109794,25-W577.W22_R1-r_x_UFMu-10960,2025-07-02 11:51:00,band_07,272.94594594594594,322.97297297297297,6.0,,center,automated_candidate_unverified
25-W577.W22_R1-r_x_UFMu-10960.2025-07-02-11-51.NJ2J6.000030109794,25-W577.W22_R1-r_x_UFMu-10960,2025-07-02 11:51:00,band_08,272.9622641509434,279.47169811320754,7.0,,center,automated_candidate_unverified
25-W577.W22_R1-r_x_UFMu-10960.2025-07-02-11-51.NJ2J6.000030109794,25-W577.W22_R1-r_x_UFMu-10960,2025-07-02 11:51:00,band_09,273.23636363636365,235.6909090909091,8.0,,center,automated_candidate_unverified
25-W577.W22_R1-r_x_UFMu-10960.2025-07-02-11-51.NJ2J6.000030109794,25-W577.W22_R1-r_x_UFMu-10960,2025-07-02 11:51:00,band_10,273.3965517241379,191.6034482758621,9.0,,center,automated_candidate_unverified
25-W577.W22_R1-r_x_UFMu-10960.2025-07-02-11-51.NJ2J6.000030109794,25-W577.W22_R1-r_x_UFMu-10960,2025-07-02 11:51:00,band_11,273.6122448979592,147.55102040816325,10.0,,center,automated_candidate_unverified
25-W577.W22_R1-r_x_UFMu-10960.2025-07-03-11-39.NJ2J6.000030109794,25-W577.W22_R1-r_x_UFMu-10960,2025-07-03 11:39:00,band_01,275.912676056338,572.6845070422535,0.0,,center,automated_candidate_unverified
25-W577.W22_R1-r_x_UFMu-10960.2025-07-03-11-39.NJ2J6.000030109794,25-W577.W22_R1-r_x_UFMu-10960,2025-07-03 11:39:00,band_02,272.51162790697674,533.8604651162791,1.0,,center,automated_candidate_unverified
25-W577.W22_R1-r_x_UFMu-10960.2025-07-03-11-39.NJ2J6.000030109794,25-W577.W22_R1-r_x_UFMu-10960,2025-07-03 11:39:00,band_03,274.7191011235955,492.1910112359551,2.0,,center,automated_candidate_unverified
25-W577.W22_R1-r_x_UFMu-10960.2025-07-03-11-39.NJ2J6.000030109794,25-W577.W22_R1-r_x_UFMu-10960,2025-07-03 11:39:00,band_04,273.4625,450.4625,3.0,,center,automated_candidate_unverified
25-W577.W22_R1-r_x_UFMu-10960.2025-07-03-11-39.NJ2J6.000030109794,25-W577.W22_R1-r_x_UFMu-10960,2025-07-03 11:39:00,band_05,273.6862745098039,408.15686274509807,4.0,,center,automated_candidate_unverified
25-W577.W22_R1-r_x_UFMu-10960.2025-07-03-11-39.NJ2J6.000030109794,25-W577.W22_R1-r_x_UFMu-10960,2025-07-03 11:39:00,band_06,274.16279069767444,365.72093023255815,5.0,,center,automated_candidate_unverified
25-W577.W22_R1-r_x_UFMu-10960.2025-07-03-11-39.NJ2J6.000030109794,25-W577.W22_R1-r_x_UFMu-10960,2025-07-03 11:39:00,band_07,273.96875,322.90625,6.0,,center,automated_candidate_unverified
25-W577.W22_R1-r_x_UFMu-10960.2025-07-03-11-39.NJ2J6.000030109794,25-W577.W22_R1-r_x_UFMu-10960,2025-07-03 11:39:00,band_08,273.9047619047619,278.95238095238096,7.0,,center,automated_candidate_unverified
25-W577.W22_R1-r_x_UFMu-10960.2025-07-03-11-39.NJ2J6.000030109794,25-W577.W22_R1-r_x_UFMu-10960,2025-07-03 11:39:00,band_09,273.6666666666667,235.16666666666663,8.0,,center,automated_candidate_unverified
25-W577.W22_R1-r_x_UFMu-10960.2025-07-03-11-39.NJ2J6.000030109794,25-W577.W22_R1-r_x_UFMu-10960,2025-07-03 11:39:00,band_10,273.97872340425533,191.25531914893617,9.0,,center,automated_candidate_unverified
25-W577.W22_R1-r_x_UFMu-10960.2025-07-03-11-39.NJ2J6.000030109794,25-W577.W22_R1-r_x_UFMu-10960,2025-07-03 11:39:00,band_11,273.948717948718,146.92307692307693,10.0,,center,automated_candidate_unverified
25-W577.W22_R1-r_x_UFMu-10960.2025-07-04-11-40.NJ2J6.000030109794,25-W577.W22_R1-r_x_UFMu-10960,2025-07-04 11:40:00,band_01,282.1505376344086,574.4650537634409,0.0,,center,automated_candidate_unverified
25-W577.W22_R1-r_x_UFMu-10960.2025-07-04-11-40.NJ2J6.000030109794,25-W577.W22_R1-r_x_UFMu-10960,2025-07-04 11:40:00,band_02,275.75,532.9545454545455,1.0,,center,automated_candidate_unverified
25-W577.W22_R1-r_x_UFMu-10960.2025-07-04-11-40.NJ2J6.000030109794,25-W577.W22_R1-r_x_UFMu-10960,2025-07-04 11:40:00,band_03,277.84415584415586,491.2077922077922,2.0,,center,automated_candidate_unverified
25-W577.W22_R1-r_x_UFMu-10960.2025-07-04-11-40.NJ2J6.000030109794,25-W577.W22_R1-r_x_UFMu-10960,2025-07-04 11:40:00,band_04,276.3703703703704,450.0740740740741,3.0,,center,automated_candidate_unverified
25-W577.W22_R1-r_x_UFMu-10960.2025-07-04-11-40.NJ2J6.000030109794,25-W577.W22_R1-r_x_UFMu-10960,2025-07-04 11:40:00,band_05,276.6792452830189,407.9433962264151,4.0,,center,automated_candidate_unverified
25-W577.W22_R1-r_x_UFMu-10960.2025-07-04-11-40.NJ2J6.000030109794,25-W577.W22_R1-r_x_UFMu-10960,2025-07-04 11:40:00,band_06,277.39473684210526,365.2894736842105,5.0,,center,automated_candidate_unverified
25-W577.W22_R1-r_x_UFMu-10960.2025-07-04-11-40.NJ2J6.000030109794,25-W577.W22_R1-r_x_UFMu-10960,2025-07-04 11:40:00,band_07,277.11538461538464,322.5,6.0,,center,automated_candidate_unverified
25-W577.W22_R1-r_x_UFMu-10960.2025-07-04-11-40.NJ2J6.000030109794,25-W577.W22_R1-r_x_UFMu-10960,2025-07-04 11:40:00,band_08,277.0652173913044,279.0652173913044,7.0,,center,automated_candidate_unverified
25-W577.W22_R1-r_x_UFMu-10960.2025-07-04-11-40.NJ2J6.000030109794,25-W577.W22_R1-r_x_UFMu-10960,2025-07-04 11:40:00,band_09,277.02222222222224,235.13333333333333,8.0,,center,automated_candidate_unverified
25-W577.W22_R1-r_x_UFMu-10960.2025-07-04-11-40.NJ2J6.000030109794,25-W577.W22_R1-r_x_UFMu-10960,2025-07-04 11:40:00,band_10,277.18367346938777,191.3061224489796,9.0,,center,automated_candidate_unverified
25-W577.W22_R1-r_x_UFMu-10960.2025-07-04-11-40.NJ2J6.000030109794,25-W577.W22_R1-r_x_UFMu-10960,2025-07-04 11:40:00,band_11,277.3611111111111,147.33333333333334,10.0,,center,automated_candidate_unverified
25-W577.W22_R1-r_x_UFMu-10960.2025-07-05-11-42.NJ2J6.000030109794,25-W577.W22_R1-r_x_UFMu-10960,2025-07-05 11:42:00,band_01,275.0,409.93150684931504,0.0,,center,automated_candidate_unverified
25-W577.W22_R1-r_x_UFMu-10960.2025-07-05-11-42.NJ2J6.000030109794,25-W577.W22_R1-r_x_UFMu-10960,2025-07-05 11:42:00,band_02,275.32394366197184,367.5492957746479,1.0,,center,automated_candidate_unverified
25-W577.W22_R1-r_x_UFMu-10960.2025-07-05-11-42.NJ2J6.000030109794,25-W577.W22_R1-r_x_UFMu-10960,2025-07-05 11:42:00,band_03,275.47169811320754,325.07547169811323,2.0,,center,automated_candidate_unverified
25-W577.W22_R1-r_x_UFMu-10960.2025-07-05-11-42.NJ2J6.000030109794,25-W577.W22_R1-r_x_UFMu-10960,2025-07-05 11:42:00,band_04,275.925,281.5,3.0,,center,automated_candidate_unverified
25-W577.W22_R1-r_x_UFMu-10960.2025-07-05-11-42.NJ2J6.000030109794,25-W577.W22_R1-r_x_UFMu-10960,2025-07-05 11:42:00,band_05,276.3378378378378,237.77027027027023,4.0,,center,automated_candidate_unverified
25-W577.W22_R1-r_x_UFMu-10960.2025-07-05-11-42.NJ2J6.000030109794,25-W577.W22_R1-r_x_UFMu-10960,2025-07-05 11:42:00,band_06,276.69565217391306,194.17391304347825,5.0,,center,automated_candidate_unverified
25-W577.W22_R1-r_x_UFMu-10960.2025-07-05-11-42.NJ2J6.000030109794,25-W577.W22_R1-r_x_UFMu-10960,2025-07-05 11:42:00,band_07,277.2542372881356,150.32203389830508,6.0,,center,automated_candidate_unverified
25-W577.W22_R1-r_x_UFMu-10960.2025-07-06-11-47.NJ2J6.000030109794,25-W577.W22_R1-r_x_UFMu-10960,2025-07-06 11:47:00,band_01,276.05970149253733,409.6567164179105,0.0,,center,automated_candidate_unverified
25-W577.W22_R1-r_x_UFMu-10960.2025-07-06-11-47.NJ2J6.000030109794,25-W577.W22_R1-r_x_UFMu-10960,2025-07-06 11:47:00,band_02,276.2063492063492,367.25396825396825,1.0,,center,automated_candidate_unverified
25-W577.W22_R1-r_x_UFMu-10960.2025-07-06-11-47.NJ2J6.000030109794,25-W577.W22_R1-r_x_UFMu-10960,2025-07-06 11:47:00,band_03,276.36206896551727,324.3103448275862,2.0,,center,automated_candidate_unverified
25-W577.W22_R1-r_x_UFMu-10960.2025-07-06-11-47.NJ2J6.000030109794,25-W577.W22_R1-r_x_UFMu-10960,2025-07-06 11:47:00,band_04,275.7435897435897,280.62820512820514,3.0,,center,automated_candidate_unverified
25-W577.W22_R1-r_x_UFMu-10960.2025-07-06-11-47.NJ2J6.000030109794,25-W577.W22_R1-r_x_UFMu-10960,2025-07-06 11:47:00,band_05,276.4266666666667,237.12,4.0,,center,automated_candidate_unverified
25-W577.W22_R1-r_x_UFMu-10960.2025-07-06-11-47.NJ2J6.000030109794,25-W577.W22_R1-r_x_UFMu-10960,2025-07-06 11:47:00,band_06,276.07936507936506,193.2063492063492,5.0,,center,automated_candidate_unverified
25-W577.W22_R1-r_x_UFMu-10960.2025-07-06-11-47.NJ2J6.000030109794,25-W577.W22_R1-r_x_UFMu-10960,2025-07-06 11:47:00,band_07,276.4259259259259,149.0,6.0,,center,automated_candidate_unverified
25-W577.W22_R1-r_x_UFMu-10960.2025-07-07-11-45.NJ2J6.000030109794,25-W577.W22_R1-r_x_UFMu-10960,2025-07-07 11:45:00,band_01,273.785046728972,451.6915887850468,0.0,,center,automated_candidate_unverified
25-W577.W22_R1-r_x_UFMu-10960.2025-07-07-11-45.NJ2J6.000030109794,25-W577.W22_R1-r_x_UFMu-10960,2025-07-07 11:45:00,band_02,274.22727272727275,408.9848484848485,1.0,,center,automated_candidate_unverified
25-W577.W22_R1-r_x_UFMu-10960.2025-07-07-11-45.NJ2J6.000030109794,25-W577.W22_R1-r_x_UFMu-10960,2025-07-07 11:45:00,band_03,274.1969696969697,366.4090909090909,2.0,,center,automated_candidate_unverified
25-W577.W22_R1-r_x_UFMu-10960.2025-07-07-11-45.NJ2J6.000030109794,25-W577.W22_R1-r_x_UFMu-10960,2025-07-07 11:45:00,band_04,274.1666666666667,323.55555555555554,3.0,,center,automated_candidate_unverified
25-W577.W22_R1-r_x_UFMu-10960.2025-07-07-11-45.NJ2J6.000030109794,25-W577.W22_R1-r_x_UFMu-10960,2025-07-07 11:45:00,band_05,273.50704225352115,279.8169014084507,4.0,,center,automated_candidate_unverified
25-W577.W22_R1-r_x_UFMu-10960.2025-07-07-11-45.NJ2J6.000030109794,25-W577.W22_R1-r_x_UFMu-10960,2025-07-07 11:45:00,band_06,273.77941176470586,235.94117647058823,5.0,,center,automated_candidate_unverified
25-W577.W22_R1-r_x_UFMu-10960.2025-07-07-11-45.NJ2J6.000030109794,25-W577.W22_R1-r_x_UFMu-10960,2025-07-07 11:45:00,band_07,273.95714285714286,191.92857142857144,6.0,,center,automated_candidate_unverified
25-W577.W22_R1-r_x_UFMu-10960.2025-07-07-11-45.NJ2J6.000030109794,25-W577.W22_R1-r_x_UFMu-10960,2025-07-07 11:45:00,band_08,273.7894736842105,147.50877192982455,7.0,,center,automated_candidate_unverified
25-W577.W22_R1-r_x_UFMu-10960.2025-07-08-11-43.NJ2J6.000030109794,25-W577.W22_R1-r_x_UFMu-10960,2025-07-08 11:43:00,band_01,275.5529411764706,451.2,0.0,,center,automated_candidate_unverified
25-W577.W22_R1-r_x_UFMu-10960.2025-07-08-11-43.NJ2J6.000030109794,25-W577.W22_R1-r_x_UFMu-10960,2025-07-08 11:43:00,band_02,275.5636363636364,409.0545454545455,1.0,,center,automated_candidate_unverified
25-W577.W22_R1-r_x_UFMu-10960.2025-07-08-11-43.NJ2J6.000030109794,25-W577.W22_R1-r_x_UFMu-10960,2025-07-08 11:43:00,band_03,275.7037037037037,366.4259259259259,2.0,,center,automated_candidate_unverified
25-W577.W22_R1-r_x_UFMu-10960.2025-07-08-11-43.NJ2J6.000030109794,25-W577.W22_R1-r_x_UFMu-10960,2025-07-08 11:43:00,band_04,275.97777777777776,323.8222222222222,3.0,,center,automated_candidate_unverified
25-W577.W22_R1-r_x_UFMu-10960.2025-07-08-11-43.NJ2J6.000030109794,25-W577.W22_R1-r_x_UFMu-10960,2025-07-08 11:43:00,band_05,275.6296296296296,280.0,4.0,,center,automated_candidate_unverified
25-W577.W22_R1-r_x_UFMu-10960.2025-07-08-11-43.NJ2J6.000030109794,25-W577.W22_R1-r_x_UFMu-10960,2025-07-08 11:43:00,band_06,275.6271186440678,236.20338983050848,5.0,,center,automated_candidate_unverified
25-W577.W22_R1-r_x_UFMu-10960.2025-07-08-11-43.NJ2J6.000030109794,25-W577.W22_R1-r_x_UFMu-10960,2025-07-08 11:43:00,band_07,275.758064516129,192.1129032258065,6.0,,center,automated_candidate_unverified
25-W577.W22_R1-r_x_UFMu-10960.2025-07-08-11-43.NJ2J6.000030109794,25-W577.W22_R1-r_x_UFMu-10960,2025-07-08 11:43:00,band_08,275.85714285714283,148.03571428571428,7.0,,center,automated_candidate_unverified
25-W577.W22_R1-r_x_UFMu-10960.2025-07-09-11-41.NJ2J6.000030109794,25-W577.W22_R1-r_x_UFMu-10960,2025-07-09 11:41:00,band_01,282.5,523.0,0.0,,center,automated_candidate_unverified
25-W577.W22_R1-r_x_UFMu-10960.2025-07-09-11-41.NJ2J6.000030109794,25-W577.W22_R1-r_x_UFMu-10960,2025-07-09 11:41:00,band_02,273.6666666666667,493.8125,1.0,,center,automated_candidate_unverified
25-W577.W22_R1-r_x_UFMu-10960.2025-07-09-11-41.NJ2J6.000030109794,25-W577.W22_R1-r_x_UFMu-10960,2025-07-09 11:41:00,band_03,274.3333333333333,452.0833333333333,2.0,,center,automated_candidate_unverified
25-W577.W22_R1-r_x_UFMu-10960.2025-07-09-11-41.NJ2J6.000030109794,25-W577.W22_R1-r_x_UFMu-10960,2025-07-09 11:41:00,band_04,273.8235294117647,409.9411764705882,3.0,,center,automated_candidate_unverified
25-W577.W22_R1-r_x_UFMu-10960.2025-07-09-11-41.NJ2J6.000030109794,25-W577.W22_R1-r_x_UFMu-10960,2025-07-09 11:41:00,band_05,274.2391304347826,367.3478260869565,4.0,,center,automated_candidate_unverified
25-W577.W22_R1-r_x_UFMu-10960.2025-07-09-11-41.NJ2J6.000030109794,25-W577.W22_R1-r_x_UFMu-10960,2025-07-09 11:41:00,band_06,273.8,324.0285714285714,5.0,,center,automated_candidate_unverified
25-W577.W22_R1-r_x_UFMu-10960.2025-07-09-11-41.NJ2J6.000030109794,25-W577.W22_R1-r_x_UFMu-10960,2025-07-09 11:41:00,band_07,273.625,280.8958333333333,6.0,,center,automated_candidate_unverified
25-W577.W22_R1-r_x_UFMu-10960.2025-07-09-11-41.NJ2J6.000030109794,25-W577.W22_R1-r_x_UFMu-10960,2025-07-09 11:41:00,band_08,273.1276595744681,237.0,7.0,,center,automated_candidate_unverified
25-W577.W22_R1-r_x_UFMu-10960.2025-07-09-11-41.NJ2J6.000030109794,25-W577.W22_R1-r_x_UFMu-10960,2025-07-09 11:41:00,band_09,273.3454545454546,192.63636363636363,8.0,,center,automated_candidate_unverified
25-W577.W22_R1-r_x_UFMu-10960.2025-07-09-11-41.NJ2J6.000030109794,25-W577.W22_R1-r_x_UFMu-10960,2025-07-09 11:41:00,band_10,273.04651162790697,148.3953488372093,9.0,,center,automated_candidate_unverified
25-W577.W22_R1-r_x_UFMu-10960.2025-07-10-11-39.NJ2J6.000030109794,25-W577.W22_R1-r_x_UFMu-10960,2025-07-10 11:39:00,band_01,266.4237288135593,486.5084745762712,0.0,,center,automated_candidate_unverified
25-W577.W22_R1-r_x_UFMu-10960.2025-07-10-11-39.NJ2J6.000030109794,25-W577.W22_R1-r_x_UFMu-10960,2025-07-10 11:39:00,band_02,266.35714285714283,445.0571428571429,1.0,,center,automated_candidate_unverified
25-W577.W22_R1-r_x_UFMu-10960.2025-07-10-11-39.NJ2J6.000030109794,25-W577.W22_R1-r_x_UFMu-10960,2025-07-10 11:39:00,band_03,265.7058823529412,403.11764705882354,2.0,,center,automated_candidate_unverified
25-W577.W22_R1-r_x_UFMu-10960.2025-07-10-11-39.NJ2J6.000030109794,25-W577.W22_R1-r_x_UFMu-10960,2025-07-10 11:39:00,band_04,265.8979591836735,360.2857142857143,3.0,,center,automated_candidate_unverified
25-W577.W22_R1-r_x_UFMu-10960.2025-07-10-11-39.NJ2J6.000030109794,25-W577.W22_R1-r_x_UFMu-10960,2025-07-10 11:39:00,band_05,265.6666666666667,316.9230769230769,4.0,,center,automated_candidate_unverified
25-W577.W22_R1-r_x_UFMu-10960.2025-07-10-11-39.NJ2J6.000030109794,25-W577.W22_R1-r_x_UFMu-10960,2025-07-10 11:39:00,band_06,264.84615384615387,273.86538461538464,5.0,,center,automated_candidate_unverified
25-W577.W22_R1-r_x_UFMu-10960.2025-07-10-11-39.NJ2J6.000030109794,25-W577.W22_R1-r_x_UFMu-10960,2025-07-10 11:39:00,band_07,264.5740740740741,229.5,6.0,,center,automated_candidate_unverified
25-W577.W22_R1-r_x_UFMu-10960.2025-07-10-11-39.NJ2J6.000030109794,25-W577.W22_R1-r_x_UFMu-10960,2025-07-10 11:39:00,band_08,264.46153846153845,185.3846153846154,7.0,,center,automated_candidate_unverified
25-W577.W22_R1-r_x_UFMu-10960.2025-07-10-11-39.NJ2J6.000030109794,25-W577.W22_R1-r_x_UFMu-10960,2025-07-10 11:39:00,band_09,264.45,140.85,8.0,,center,automated_candidate_unverified
25-W577.W22_R1-r_x_UFMu-10960.2025-07-11-11-38.NJ2J6.000030109794,25-W577.W22_R1-r_x_UFMu-10960,2025-07-11 11:38:00,band_01,273.0434782608696,444.9130434782609,0.0,,center,automated_candidate_unverified
25-W577.W22_R1-r_x_UFMu-10960.2025-07-11-11-38.NJ2J6.000030109794,25-W577.W22_R1-r_x_UFMu-10960,2025-07-11 11:38:00,band_02,272.62820512820514,402.6025641025641,1.0,,center,automated_candidate_unverified
25-W577.W22_R1-r_x_UFMu-10960.2025-07-11-11-38.NJ2J6.000030109794,25-W577.W22_R1-r_x_UFMu-10960,2025-07-11 11:38:00,band_03,272.6666666666667,360.4533333333333,2.0,,center,automated_candidate_unverified
25-W577.W22_R1-r_x_UFMu-10960.2025-07-11-11-38.NJ2J6.000030109794,25-W577.W22_R1-r_x_UFMu-10960,2025-07-11 11:38:00,band_04,273.012987012987,317.2857142857143,3.0,,center,automated_candidate_unverified
25-W577.W22_R1-r_x_UFMu-10960.2025-07-11-11-38.NJ2J6.000030109794,25-W577.W22_R1-r_x_UFMu-10960,2025-07-11 11:38:00,band_05,272.5232558139535,273.54651162790697,4.0,,center,automated_candidate_unverified
25-W577.W22_R1-r_x_UFMu-10960.2025-07-11-11-38.NJ2J6.000030109794,25-W577.W22_R1-r_x_UFMu-10960,2025-07-11 11:38:00,band_06,272.3956043956044,229.7032967032967,5.0,,center,automated_candidate_unverified
25-W577.W22_R1-r_x_UFMu-10960.2025-07-11-11-38.NJ2J6.000030109794,25-W577.W22_R1-r_x_UFMu-10960,2025-07-11 11:38:00,band_07,272.72527472527474,185.4835164835165,6.0,,center,automated_candidate_unverified
25-W577.W22_R1-r_x_UFMu-10960.2025-07-11-11-38.NJ2J6.000030109794,25-W577.W22_R1-r_x_UFMu-10960,2025-07-11 11:38:00,band_08,273.0253164556962,141.126582278481,7.0,,center,automated_candidate_unverified
25-W577.W22_R1-r_x_UFMu-10960.2025-07-12-11-50.NJ2J6.000030109794,25-W577.W22_R1-r_x_UFMu-10960,2025-07-12 11:50:00,band_01,279.7134502923977,519.5643274853801,0.0,,center,automated_candidate_unverified
25-W577.W22_R1-r_x_UFMu-10960.2025-07-12-11-50.NJ2J6.000030109794,25-W577.W22_R1-r_x_UFMu-10960,2025-07-12 11:50:00,band_02,293.4957264957265,488.7692307692308,1.0,,center,automated_candidate_unverified
25-W577.W22_R1-r_x_UFMu-10960.2025-07-12-11-50.NJ2J6.000030109794,25-W577.W22_R1-r_x_UFMu-10960,2025-07-12 11:50:00,band_03,286.7567567567568,444.9324324324325,2.0,,center,automated_candidate_unverified
25-W577.W22_R1-r_x_UFMu-10960.2025-07-12-11-50.NJ2J6.000030109794,25-W577.W22_R1-r_x_UFMu-10960,2025-07-12 11:50:00,band_04,286.59154929577466,402.7464788732394,3.0,,center,automated_candidate_unverified
25-W577.W22_R1-r_x_UFMu-10960.2025-07-12-11-50.NJ2J6.000030109794,25-W577.W22_R1-r_x_UFMu-10960,2025-07-12 11:50:00,band_05,287.3809523809524,360.0952380952381,4.0,,center,automated_candidate_unverified
25-W577.W22_R1-r_x_UFMu-10960.2025-07-12-11-50.NJ2J6.000030109794,25-W577.W22_R1-r_x_UFMu-10960,2025-07-12 11:50:00,band_06,287.46774193548384,317.241935483871,5.0,,center,automated_candidate_unverified
25-W577.W22_R1-r_x_UFMu-10960.2025-07-12-11-50.NJ2J6.000030109794,25-W577.W22_R1-r_x_UFMu-10960,2025-07-12 11:50:00,band_07,286.84705882352944,273.4823529411765,6.0,,center,automated_candidate_unverified
25-W577.W22_R1-r_x_UFMu-10960.2025-07-12-11-50.NJ2J6.000030109794,25-W577.W22_R1-r_x_UFMu-10960,2025-07-12 11:50:00,band_08,287.54545454545456,229.03896103896105,7.0,,center,automated_candidate_unverified
25-W577.W22_R1-r_x_UFMu-10960.2025-07-12-11-50.NJ2J6.000030109794,25-W577.W22_R1-r_x_UFMu-10960,2025-07-12 11:50:00,band_09,287.55737704918033,184.55737704918036,8.0,,center,automated_candidate_unverified
25-W577.W22_R1-r_x_UFMu-10960.2025-07-12-11-50.NJ2J6.000030109794,25-W577.W22_R1-r_x_UFMu-10960,2025-07-12 11:50:00,band_10,288.1111111111111,140.0222222222222,9.0,,center,automated_candidate_unverified
25-W577.W22_R1-r_x_UFMu-10960.2025-07-13-11-50.NJ2J6.000030109794,25-W577.W22_R1-r_x_UFMu-10960,2025-07-13 11:50:00,band_01,273.11363636363643,444.42045454545456,0.0,,center,automated_candidate_unverified
25-W577.W22_R1-r_x_UFMu-10960.2025-07-13-11-50.NJ2J6.000030109794,25-W577.W22_R1-r_x_UFMu-10960,2025-07-13 11:50:00,band_02,272.5466666666667,401.4533333333333,1.0,,center,automated_candidate_unverified
25-W577.W22_R1-r_x_UFMu-10960.2025-07-13-11-50.NJ2J6.000030109794,25-W577.W22_R1-r_x_UFMu-10960,2025-07-13 11:50:00,band_03,272.6857142857143,358.51428571428573,2.0,,center,automated_candidate_unverified
25-W577.W22_R1-r_x_UFMu-10960.2025-07-13-11-50.NJ2J6.000030109794,25-W577.W22_R1-r_x_UFMu-10960,2025-07-13 11:50:00,band_04,272.72727272727275,315.4848484848485,3.0,,center,automated_candidate_unverified
25-W577.W22_R1-r_x_UFMu-10960.2025-07-13-11-50.NJ2J6.000030109794,25-W577.W22_R1-r_x_UFMu-10960,2025-07-13 11:50:00,band_05,272.2602739726028,271.67123287671234,4.0,,center,automated_candidate_unverified
25-W577.W22_R1-r_x_UFMu-10960.2025-07-13-11-50.NJ2J6.000030109794,25-W577.W22_R1-r_x_UFMu-10960,2025-07-13 11:50:00,band_06,272.09859154929575,227.54929577464787,5.0,,center,automated_candidate_unverified
25-W577.W22_R1-r_x_UFMu-10960.2025-07-13-11-50.NJ2J6.000030109794,25-W577.W22_R1-r_x_UFMu-10960,2025-07-13 11:50:00,band_07,272.0,183.0,6.0,,center,automated_candidate_unverified
25-W577.W22_R1-r_x_UFMu-10960.2025-07-13-11-50.NJ2J6.000030109794,25-W577.W22_R1-r_x_UFMu-10960,2025-07-13 11:50:00,band_08,272.22222222222223,138.46031746031747,7.0,,center,automated_candidate_unverified
25-W577.W22_R1-r_x_UFMu-10960.2025-07-14-11-47.NJ2J6.000030109794,25-W577.W22_R1-r_x_UFMu-10960,2025-07-14 11:47:00,band_01,277.2,569.6,0.0,,center,automated_candidate_unverified
25-W577.W22_R1-r_x_UFMu-10960.2025-07-14-11-47.NJ2J6.000030109794,25-W577.W22_R1-r_x_UFMu-10960,2025-07-14 11:47:00,band_02,274.81081081081084,526.9459459459459,1.0,,center,automated_candidate_unverified
25-W577.W22_R1-r_x_UFMu-10960.2025-07-14-11-47.NJ2J6.000030109794,25-W577.W22_R1-r_x_UFMu-10960,2025-07-14 11:47:00,band_03,272.92,485.64,2.0,,center,automated_candidate_unverified
25-W577.W22_R1-r_x_UFMu-10960.2025-07-14-11-47.NJ2J6.000030109794,25-W577.W22_R1-r_x_UFMu-10960,2025-07-14 11:47:00,band_04,273.2857142857143,444.031746031746,3.0,,center,automated_candidate_unverified
25-W577.W22_R1-r_x_UFMu-10960.2025-07-14-11-47.NJ2J6.000030109794,25-W577.W22_R1-r_x_UFMu-10960,2025-07-14 11:47:00,band_05,273.6909090909091,401.3272727272727,4.0,,center,automated_candidate_unverified
25-W577.W22_R1-r_x_UFMu-10960.2025-07-14-11-47.NJ2J6.000030109794,25-W577.W22_R1-r_x_UFMu-10960,2025-07-14 11:47:00,band_06,273.6756756756757,358.7837837837838,5.0,,center,automated_candidate_unverified
25-W577.W22_R1-r_x_UFMu-10960.2025-07-14-11-47.NJ2J6.000030109794,25-W577.W22_R1-r_x_UFMu-10960,2025-07-14 11:47:00,band_07,273.6756756756757,315.4594594594595,6.0,,center,automated_candidate_unverified
25-W577.W22_R1-r_x_UFMu-10960.2025-07-14-11-47.NJ2J6.000030109794,25-W577.W22_R1-r_x_UFMu-10960,2025-07-14 11:47:00,band_08,273.1794871794872,271.6666666666667,7.0,,center,automated_candidate_unverified
25-W577.W22_R1-r_x_UFMu-10960.2025-07-14-11-47.NJ2J6.000030109794,25-W577.W22_R1-r_x_UFMu-10960,2025-07-14 11:47:00,band_09,272.9761904761905,227.33333333333331,8.0,,center,automated_candidate_unverified
25-W577.W22_R1-r_x_UFMu-10960.2025-07-14-11-47.NJ2J6.000030109794,25-W577.W22_R1-r_x_UFMu-10960,2025-07-14 11:47:00,band_10,273.0,183.11111111111111,9.0,,center,automated_candidate_unverified
25-W577.W22_R1-r_x_UFMu-10960.2025-07-14-11-47.NJ2J6.000030109794,25-W577.W22_R1-r_x_UFMu-10960,2025-07-14 11:47:00,band_11,273.2432432432432,138.2972972972973,10.0,,center,automated_candidate_unverified
25-W577.W22_R1-r_x_UFMu-10960.2025-07-15-11-47.NJ2J6.000030109794,25-W577.W22_R1-r_x_UFMu-10960,2025-07-15 11:47:00,band_01,275.25714285714287,526.6571428571428,0.0,,center,automated_candidate_unverified
25-W577.W22_R1-r_x_UFMu-10960.2025-07-15-11-47.NJ2J6.000030109794,25-W577.W22_R1-r_x_UFMu-10960,2025-07-15 11:47:00,band_02,272.05,484.65,1.0,,center,automated_candidate_unverified
25-W577.W22_R1-r_x_UFMu-10960.2025-07-15-11-47.NJ2J6.000030109794,25-W577.W22_R1-r_x_UFMu-10960,2025-07-15 11:47:00,band_03,273.66153846153844,443.3538461538462,2.0,,center,automated_candidate_unverified
25-W577.W22_R1-r_x_UFMu-10960.2025-07-15-11-47.NJ2J6.000030109794,25-W577.W22_R1-r_x_UFMu-10960,2025-07-15 11:47:00,band_04,273.36,401.04,3.0,,center,automated_candidate_unverified
25-W577.W22_R1-r_x_UFMu-10960.2025-07-15-11-47.NJ2J6.000030109794,25-W577.W22_R1-r_x_UFMu-10960,2025-07-15 11:47:00,band_05,273.5128205128205,358.1794871794872,4.0,,center,automated_candidate_unverified
25-W577.W22_R1-r_x_UFMu-10960.2025-07-15-11-47.NJ2J6.000030109794,25-W577.W22_R1-r_x_UFMu-10960,2025-07-15 11:47:00,band_06,273.5,315.225,5.0,,center,automated_candidate_unverified
25-W577.W22_R1-r_x_UFMu-10960.2025-07-15-11-47.NJ2J6.000030109794,25-W577.W22_R1-r_x_UFMu-10960,2025-07-15 11:47:00,band_07,272.92105263157896,271.7105263157895,6.0,,center,automated_candidate_unverified
25-W577.W22_R1-r_x_UFMu-10960.2025-07-15-11-47.NJ2J6.000030109794,25-W577.W22_R1-r_x_UFMu-10960,2025-07-15 11:47:00,band_08,272.3076923076923,227.69230769230768,7.0,,center,automated_candidate_unverified
25-W577.W22_R1-r_x_UFMu-10960.2025-07-15-11-47.NJ2J6.000030109794,25-W577.W22_R1-r_x_UFMu-10960,2025-07-15 11:47:00,band_09,272.5,183.22,8.0,,center,automated_candidate_unverified
25-W577.W22_R1-r_x_UFMu-10960.2025-07-15-11-47.NJ2J6.000030109794,25-W577.W22_R1-r_x_UFMu-10960,2025-07-15 11:47:00,band_10,272.5,138.5,9.0,,center,automated_candidate_unverified
25-W577.W22_R1-r_x_UFMu-10960.2025-07-16-11-45.NJ2J6.000030109794,25-W577.W22_R1-r_x_UFMu-10960,2025-07-16 11:45:00,band_01,276.7330508474576,483.2203389830509,0.0,,center,automated_candidate_unverified
25-W577.W22_R1-r_x_UFMu-10960.2025-07-16-11-45.NJ2J6.000030109794,25-W577.W22_R1-r_x_UFMu-10960,2025-07-16 11:45:00,band_02,270.72093023255815,442.0232558139535,1.0,,center,automated_candidate_unverified
25-W577.W22_R1-r_x_UFMu-10960.2025-07-16-11-45.NJ2J6.000030109794,25-W577.W22_R1-r_x_UFMu-10960,2025-07-16 11:45:00,band_03,270.46753246753246,399.6103896103896,2.0,,center,automated_candidate_unverified
25-W577.W22_R1-r_x_UFMu-10960.2025-07-16-11-45.NJ2J6.000030109794,25-W577.W22_R1-r_x_UFMu-10960,2025-07-16 11:45:00,band_04,270.72727272727275,356.9220779220779,3.0,,center,automated_candidate_unverified
25-W577.W22_R1-r_x_UFMu-10960.2025-07-16-11-45.NJ2J6.000030109794,25-W577.W22_R1-r_x_UFMu-10960,2025-07-16 11:45:00,band_05,270.5128205128205,314.0,4.0,,center,automated_candidate_unverified
25-W577.W22_R1-r_x_UFMu-10960.2025-07-16-11-45.NJ2J6.000030109794,25-W577.W22_R1-r_x_UFMu-10960,2025-07-16 11:45:00,band_06,268.9230769230769,282.9230769230769,5.0,,center,automated_candidate_unverified
25-W577.W22_R1-r_x_UFMu-10960.2025-07-17-11-44.NJ2J6.000030109794,25-W577.W22_R1-r_x_UFMu-10960,2025-07-17 11:44:00,band_01,272.40845070422534,445.4929577464789,0.0,,center,automated_candidate_unverified
25-W577.W22_R1-r_x_UFMu-10960.2025-07-17-11-44.NJ2J6.000030109794,25-W577.W22_R1-r_x_UFMu-10960,2025-07-17 11:44:00,band_02,272.65277777777777,403.31944444444446,1.0,,center,automated_candidate_unverified
25-W577.W22_R1-r_x_UFMu-10960.2025-07-17-11-44.NJ2J6.000030109794,25-W577.W22_R1-r_x_UFMu-10960,2025-07-17 11:44:00,band_03,272.72058823529414,360.7058823529412,2.0,,center,automated_candidate_unverified
25-W577.W22_R1-r_x_UFMu-10960.2025-07-17-11-44.NJ2J6.000030109794,25-W577.W22_R1-r_x_UFMu-10960,2025-07-17 11:44:00,band_04,272.8382352941176,317.5882352941176,3.0,,center,automated_candidate_unverified
25-W577.W22_R1-r_x_UFMu-10960.2025-07-17-11-44.NJ2J6.000030109794,25-W577.W22_R1-r_x_UFMu-10960,2025-07-17 11:44:00,band_05,272.4,273.6166666666667,4.0,,center,automated_candidate_unverified
25-W577.W22_R1-r_x_UFMu-10960.2025-07-17-11-44.NJ2J6.000030109794,25-W577.W22_R1-r_x_UFMu-10960,2025-07-17 11:44:00,band_06,272.5,229.5,5.0,,center,automated_candidate_unverified
25-W577.W22_R1-r_x_UFMu-10960.2025-07-17-11-44.NJ2J6.000030109794,25-W577.W22_R1-r_x_UFMu-10960,2025-07-17 11:44:00,band_07,272.51724137931035,184.9655172413793,6.0,,center,automated_candidate_unverified
25-W577.W22_R1-r_x_UFMu-10960.2025-07-17-11-44.NJ2J6.000030109794,25-W577.W22_R1-r_x_UFMu-10960,2025-07-17 11:44:00,band_08,272.65384615384613,140.48076923076923,7.0,,center,automated_candidate_unverified
25-W577.W22_R1-r_x_UFMu-10960.2025-07-18-11-42.NJ2J6.000030109794,25-W577.W22_R1-r_x_UFMu-10960,2025-07-18 11:42:00,band_01,264.953125,565.890625,0.0,,center,automated_candidate_unverified
25-W577.W22_R1-r_x_UFMu-10960.2025-07-18-11-42.NJ2J6.000030109794,25-W577.W22_R1-r_x_UFMu-10960,2025-07-18 11:42:00,band_02,264.1304347826087,519.9565217391304,1.0,,center,automated_candidate_unverified
25-W577.W22_R1-r_x_UFMu-10960.2025-07-18-11-42.NJ2J6.000030109794,25-W577.W22_R1-r_x_UFMu-10960,2025-07-18 11:42:00,band_03,267.5,484.5,2.0,,center,automated_candidate_unverified
25-W577.W22_R1-r_x_UFMu-10960.2025-07-18-11-42.NJ2J6.000030109794,25-W577.W22_R1-r_x_UFMu-10960,2025-07-18 11:42:00,band_04,270.57894736842104,445.3157894736842,3.0,,center,automated_candidate_unverified
25-W577.W22_R1-r_x_UFMu-10960.2025-07-18-11-42.NJ2J6.000030109794,25-W577.W22_R1-r_x_UFMu-10960,2025-07-18 11:42:00,band_05,270.4347826086956,403.0434782608696,4.0,,center,automated_candidate_unverified
25-W577.W22_R1-r_x_UFMu-10960.2025-07-18-11-42.NJ2J6.000030109794,25-W577.W22_R1-r_x_UFMu-10960,2025-07-18 11:42:00,band_06,270.3768115942029,360.1304347826087,5.0,,center,automated_candidate_unverified
25-W577.W22_R1-r_x_UFMu-10960.2025-07-18-11-42.NJ2J6.000030109794,25-W577.W22_R1-r_x_UFMu-10960,2025-07-18 11:42:00,band_07,270.4776119402985,317.2835820895522,6.0,,center,automated_candidate_unverified
25-W577.W22_R1-r_x_UFMu-10960.2025-07-18-11-42.NJ2J6.000030109794,25-W577.W22_R1-r_x_UFMu-10960,2025-07-18 11:42:00,band_08,269.8,273.5875,7.0,,center,automated_candidate_unverified
25-W577.W22_R1-r_x_UFMu-10960.2025-07-18-11-42.NJ2J6.000030109794,25-W577.W22_R1-r_x_UFMu-10960,2025-07-18 11:42:00,band_09,269.56944444444446,229.40277777777777,8.0,,center,automated_candidate_unverified
25-W577.W22_R1-r_x_UFMu-10960.2025-07-18-11-42.NJ2J6.000030109794,25-W577.W22_R1-r_x_UFMu-10960,2025-07-18 11:42:00,band_10,270.3378378378378,184.77027027027023,9.0,,center,automated_candidate_unverified
25-W577.W22_R1-r_x_UFMu-10960.2025-07-18-11-42.NJ2J6.000030109794,25-W577.W22_R1-r_x_UFMu-10960,2025-07-18 11:42:00,band_11,270.3134328358209,140.11940298507463,10.0,,center,automated_candidate_unverified
25-W577.W22_R1-r_x_UFMu-10960.2025-07-19-11-38.NJ2J6.000030109794,25-W577.W22_R1-r_x_UFMu-10960,2025-07-19 11:38:00,band_01,273.18333333333334,449.95,0.0,,center,automated_candidate_unverified
25-W577.W22_R1-r_x_UFMu-10960.2025-07-19-11-38.NJ2J6.000030109794,25-W577.W22_R1-r_x_UFMu-10960,2025-07-19 11:38:00,band_02,272.8333333333333,407.6041666666667,1.0,,center,automated_candidate_unverified
25-W577.W22_R1-r_x_UFMu-10960.2025-07-19-11-38.NJ2J6.000030109794,25-W577.W22_R1-r_x_UFMu-10960,2025-07-19 11:38:00,band_03,272.80434782608694,364.8478260869565,2.0,,center,automated_candidate_unverified
25-W577.W22_R1-r_x_UFMu-10960.2025-07-19-11-38.NJ2J6.000030109794,25-W577.W22_R1-r_x_UFMu-10960,2025-07-19 11:38:00,band_04,272.4390243902439,321.0731707317073,3.0,,center,automated_candidate_unverified
25-W577.W22_R1-r_x_UFMu-10960.2025-07-19-11-38.NJ2J6.000030109794,25-W577.W22_R1-r_x_UFMu-10960,2025-07-19 11:38:00,band_05,272.60526315789474,276.8421052631579,4.0,,center,automated_candidate_unverified
25-W577.W22_R1-r_x_UFMu-10960.2025-07-19-11-38.NJ2J6.000030109794,25-W577.W22_R1-r_x_UFMu-10960,2025-07-19 11:38:00,band_06,273.04545454545456,231.9318181818182,5.0,,center,automated_candidate_unverified
25-W577.W22_R1-r_x_UFMu-10960.2025-07-19-11-38.NJ2J6.000030109794,25-W577.W22_R1-r_x_UFMu-10960,2025-07-19 11:38:00,band_07,272.9767441860465,186.9767441860465,6.0,,center,automated_candidate_unverified
25-W577.W22_R1-r_x_UFMu-10960.2025-07-19-11-38.NJ2J6.000030109794,25-W577.W22_R1-r_x_UFMu-10960,2025-07-19 11:38:00,band_08,273.1,140.925,7.0,,center,automated_candidate_unverified
25-W577.W22_R1-r_x_UFMu-10960.2025-07-20-11-39.NJ2J6.000030109794,25-W577.W22_R1-r_x_UFMu-10960,2025-07-20 11:39:00,band_01,273.4736842105263,364.3157894736842,0.0,,center,automated_candidate_unverified
25-W577.W22_R1-r_x_UFMu-10960.2025-07-20-11-39.NJ2J6.000030109794,25-W577.W22_R1-r_x_UFMu-10960,2025-07-20 11:39:00,band_02,273.7037037037037,320.75925925925924,1.0,,center,automated_candidate_unverified
25-W577.W22_R1-r_x_UFMu-10960.2025-07-20-11-39.NJ2J6.000030109794,25-W577.W22_R1-r_x_UFMu-10960,2025-07-20 11:39:00,band_03,273.6981132075472,276.7169811320755,2.0,,center,automated_candidate_unverified
25-W577.W22_R1-r_x_UFMu-10960.2025-07-20-11-39.NJ2J6.000030109794,25-W577.W22_R1-r_x_UFMu-10960,2025-07-20 11:39:00,band_04,273.8367346938776,231.73469387755105,3.0,,center,automated_candidate_unverified
25-W577.W22_R1-r_x_UFMu-10960.2025-07-20-11-39.NJ2J6.000030109794,25-W577.W22_R1-r_x_UFMu-10960,2025-07-20 11:39:00,band_05,273.51428571428573,186.4857142857143,4.0,,center,automated_candidate_unverified
25-W577.W22_R1-r_x_UFMu-10960.2025-07-20-11-39.NJ2J6.000030109794,25-W577.W22_R1-r_x_UFMu-10960,2025-07-20 11:39:00,band_06,274.06666666666666,140.86666666666667,5.0,,center,automated_candidate_unverified
25-W577.W22_R1-r_x_UFMu-10960.2025-07-21-11-39.NJ2J6.000030109794,25-W577.W22_R1-r_x_UFMu-10960,2025-07-21 11:39:00,band_01,272.2638888888889,364.31944444444446,0.0,,center,automated_candidate_unverified
25-W577.W22_R1-r_x_UFMu-10960.2025-07-21-11-39.NJ2J6.000030109794,25-W577.W22_R1-r_x_UFMu-10960,2025-07-21 11:39:00,band_02,272.5443037974684,320.746835443038,1.0,,center,automated_candidate_unverified
25-W577.W22_R1-r_x_UFMu-10960.2025-07-21-11-39.NJ2J6.000030109794,25-W577.W22_R1-r_x_UFMu-10960,2025-07-21 11:39:00,band_03,272.5584415584416,276.54545454545456,2.0,,center,automated_candidate_unverified
25-W577.W22_R1-r_x_UFMu-10960.2025-07-21-11-39.NJ2J6.000030109794,25-W577.W22_R1-r_x_UFMu-10960,2025-07-21 11:39:00,band_04,272.8395061728395,231.7037037037037,3.0,,center,automated_candidate_unverified
25-W577.W22_R1-r_x_UFMu-10960.2025-07-21-11-39.NJ2J6.000030109794,25-W577.W22_R1-r_x_UFMu-10960,2025-07-21 11:39:00,band_05,272.9425287356322,186.54022988505747,4.0,,center,automated_candidate_unverified
25-W577.W22_R1-r_x_UFMu-10960.2025-07-21-11-39.NJ2J6.000030109794,25-W577.W22_R1-r_x_UFMu-10960,2025-07-21 11:39:00,band_06,273.52564102564105,140.47435897435898,5.0,,center,automated_candidate_unverified
25-W577.W22_R1-r_x_UFMu-10960.2025-07-22-11-52.NJ2J6.000030109794,25-W577.W22_R1-r_x_UFMu-10960,2025-07-22 11:52:00,band_01,274.56451612903226,321.61290322580646,0.0,,center,automated_candidate_unverified
25-W577.W22_R1-r_x_UFMu-10960.2025-07-22-11-52.NJ2J6.000030109794,25-W577.W22_R1-r_x_UFMu-10960,2025-07-22 11:52:00,band_02,274.4492753623188,277.1449275362319,1.0,,center,automated_candidate_unverified
25-W577.W22_R1-r_x_UFMu-10960.2025-07-22-11-52.NJ2J6.000030109794,25-W577.W22_R1-r_x_UFMu-10960,2025-07-22 11:52:00,band_03,274.3428571428572,232.3,2.0,,center,automated_candidate_unverified
25-W577.W22_R1-r_x_UFMu-10960.2025-07-22-11-52.NJ2J6.000030109794,25-W577.W22_R1-r_x_UFMu-10960,2025-07-22 11:52:00,band_04,274.7142857142857,187.2142857142857,3.0,,center,automated_candidate_unverified
25-W577.W22_R1-r_x_UFMu-10960.2025-07-22-11-52.NJ2J6.000030109794,25-W577.W22_R1-r_x_UFMu-10960,2025-07-22 11:52:00,band_05,275.3448275862069,141.60344827586206,4.0,,center,automated_candidate_unverified
25-W577.W22_R1-r_x_UFMu-10960.2025-07-23-11-49.NJ2J6.000030109794,25-W577.W22_R1-r_x_UFMu-10960,2025-07-23 11:49:00,band_01,271.9655172413793,408.8965517241379,0.0,,center,automated_candidate_unverified
25-W577.W22_R1-r_x_UFMu-10960.2025-07-23-11-49.NJ2J6.000030109794,25-W577.W22_R1-r_x_UFMu-10960,2025-07-23 11:49:00,band_02,272.09090909090907,365.7272727272728,1.0,,center,automated_candidate_unverified
25-W577.W22_R1-r_x_UFMu-10960.2025-07-23-11-49.NJ2J6.000030109794,25-W577.W22_R1-r_x_UFMu-10960,2025-07-23 11:49:00,band_03,272.75,322.6666666666667,2.0,,center,automated_candidate_unverified
25-W577.W22_R1-r_x_UFMu-10960.2025-07-23-11-49.NJ2J6.000030109794,25-W577.W22_R1-r_x_UFMu-10960,2025-07-23 11:49:00,band_04,272.6666666666667,278.0,3.0,,center,automated_candidate_unverified
25-W577.W22_R1-r_x_UFMu-10960.2025-07-23-11-49.NJ2J6.000030109794,25-W577.W22_R1-r_x_UFMu-10960,2025-07-23 11:49:00,band_05,272.4166666666667,233.41666666666663,4.0,,center,automated_candidate_unverified
25-W577.W22_R1-r_x_UFMu-10960.2025-07-23-11-49.NJ2J6.000030109794,25-W577.W22_R1-r_x_UFMu-10960,2025-07-23 11:49:00,band_06,272.10526315789474,188.42105263157896,5.0,,center,automated_candidate_unverified
25-W577.W22_R1-r_x_UFMu-10960.2025-07-23-11-49.NJ2J6.000030109794,25-W577.W22_R1-r_x_UFMu-10960,2025-07-23 11:49:00,band_07,272.17391304347825,142.95652173913044,6.0,,center,automated_candidate_unverified
25-W577.W22_R1-r_x_UFMu-10960.2025-07-24-11-49.NJ2J6.000030109794,25-W577.W22_R1-r_x_UFMu-10960,2025-07-24 11:49:00,band_01,272.4153846153846,406.8615384615385,0.0,,center,automated_candidate_unverified
25-W577.W22_R1-r_x_UFMu-10960.2025-07-24-11-49.NJ2J6.000030109794,25-W577.W22_R1-r_x_UFMu-10960,2025-07-24 11:49:00,band_02,272.53333333333336,363.97333333333336,1.0,,center,automated_candidate_unverified
25-W577.W22_R1-r_x_UFMu-10960.2025-07-24-11-49.NJ2J6.000030109794,25-W577.W22_R1-r_x_UFMu-10960,2025-07-24 11:49:00,band_03,272.62666666666667,320.6533333333333,2.0,,center,automated_candidate_unverified
25-W577.W22_R1-r_x_UFMu-10960.2025-07-24-11-49.NJ2J6.000030109794,25-W577.W22_R1-r_x_UFMu-10960,2025-07-24 11:49:00,band_04,272.38028169014086,276.1549295774648,3.0,,center,automated_candidate_unverified
25-W577.W22_R1-r_x_UFMu-10960.2025-07-24-11-49.NJ2J6.000030109794,25-W577.W22_R1-r_x_UFMu-10960,2025-07-24 11:49:00,band_05,272.61333333333334,231.26666666666668,4.0,,center,automated_candidate_unverified
25-W577.W22_R1-r_x_UFMu-10960.2025-07-24-11-49.NJ2J6.000030109794,25-W577.W22_R1-r_x_UFMu-10960,2025-07-24 11:49:00,band_06,272.5342465753425,185.83561643835617,5.0,,center,automated_candidate_unverified
25-W577.W22_R1-r_x_UFMu-10960.2025-07-24-11-49.NJ2J6.000030109794,25-W577.W22_R1-r_x_UFMu-10960,2025-07-24 11:49:00,band_07,272.9078947368421,139.72368421052633,6.0,,center,automated_candidate_unverified
25-W577.W22_R1-r_x_UFMu-10960.2025-07-25-11-47.NJ2J6.000030109794,25-W577.W22_R1-r_x_UFMu-10960,2025-07-25 11:47:00,band_01,280.90697674418607,365.6279069767442,0.0,,center,automated_candidate_unverified
25-W577.W22_R1-r_x_UFMu-10960.2025-07-25-11-47.NJ2J6.000030109794,25-W577.W22_R1-r_x_UFMu-10960,2025-07-25 11:47:00,band_02,279.9344262295082,322.1475409836066,1.0,,center,automated_candidate_unverified
25-W577.W22_R1-r_x_UFMu-10960.2025-07-25-11-47.NJ2J6.000030109794,25-W577.W22_R1-r_x_UFMu-10960,2025-07-25 11:47:00,band_03,279.4264705882353,277.8970588235294,2.0,,center,automated_candidate_unverified
25-W577.W22_R1-r_x_UFMu-10960.2025-07-25-11-47.NJ2J6.000030109794,25-W577.W22_R1-r_x_UFMu-10960,2025-07-25 11:47:00,band_04,280.1216216216216,233.13513513513516,3.0,,center,automated_candidate_unverified
25-W577.W22_R1-r_x_UFMu-10960.2025-07-25-11-47.NJ2J6.000030109794,25-W577.W22_R1-r_x_UFMu-10960,2025-07-25 11:47:00,band_05,280.44117647058823,187.8823529411765,4.0,,center,automated_candidate_unverified
25-W577.W22_R1-r_x_UFMu-10960.2025-07-25-11-47.NJ2J6.000030109794,25-W577.W22_R1-r_x_UFMu-10960,2025-07-25 11:47:00,band_06,281.06666666666666,142.26666666666668,5.0,,center,automated_candidate_unverified
25-W577.W22_R1-r_x_UFMu-10960.2025-07-26-11-45.NJ2J6.000030109794,25-W577.W22_R1-r_x_UFMu-10960,2025-07-26 11:45:00,band_01,272.5,404.5,0.0,,center,automated_candidate_unverified
25-W577.W22_R1-r_x_UFMu-10960.2025-07-26-11-45.NJ2J6.000030109794,25-W577.W22_R1-r_x_UFMu-10960,2025-07-26 11:45:00,band_02,271.8974358974359,364.5769230769231,1.0,,center,automated_candidate_unverified
25-W577.W22_R1-r_x_UFMu-10960.2025-07-26-11-45.NJ2J6.000030109794,25-W577.W22_R1-r_x_UFMu-10960,2025-07-26 11:45:00,band_03,271.6060606060606,321.1666666666667,2.0,,center,automated_candidate_unverified
25-W577.W22_R1-r_x_UFMu-10960.2025-07-26-11-45.NJ2J6.000030109794,25-W577.W22_R1-r_x_UFMu-10960,2025-07-26 11:45:00,band_04,271.81159420289856,276.60869565217394,3.0,,center,automated_candidate_unverified
25-W577.W22_R1-r_x_UFMu-10960.2025-07-26-11-45.NJ2J6.000030109794,25-W577.W22_R1-r_x_UFMu-10960,2025-07-26 11:45:00,band_05,271.7857142857143,231.52857142857144,4.0,,center,automated_candidate_unverified
25-W577.W22_R1-r_x_UFMu-10960.2025-07-26-11-45.NJ2J6.000030109794,25-W577.W22_R1-r_x_UFMu-10960,2025-07-26 11:45:00,band_06,271.5882352941176,186.11764705882356,5.0,,center,automated_candidate_unverified
25-W577.W22_R1-r_x_UFMu-10960.2025-07-26-11-45.NJ2J6.000030109794,25-W577.W22_R1-r_x_UFMu-10960,2025-07-26 11:45:00,band_07,271.890625,140.109375,6.0,,center,automated_candidate_unverified
25-W577.W22_R1-r_x_UFMu-10960.2025-07-27-11-43.NJ2J6.000030109794,25-W577.W22_R1-r_x_UFMu-10960,2025-07-27 11:43:00,band_01,272.81081081081084,366.3783783783784,0.0,,center,automated_candidate_unverified
25-W577.W22_R1-r_x_UFMu-10960.2025-07-27-11-43.NJ2J6.000030109794,25-W577.W22_R1-r_x_UFMu-10960,2025-07-27 11:43:00,band_02,274.04545454545456,323.3863636363636,1.0,,center,automated_candidate_unverified
25-W577.W22_R1-r_x_UFMu-10960.2025-07-27-11-43.NJ2J6.000030109794,25-W577.W22_R1-r_x_UFMu-10960,2025-07-27 11:43:00,band_03,273.22222222222223,278.48148148148147,2.0,,center,automated_candidate_unverified
25-W577.W22_R1-r_x_UFMu-10960.2025-07-27-11-43.NJ2J6.000030109794,25-W577.W22_R1-r_x_UFMu-10960,2025-07-27 11:43:00,band_04,273.0833333333333,233.91666666666663,3.0,,center,automated_candidate_unverified
25-W577.W22_R1-r_x_UFMu-10960.2025-07-27-11-43.NJ2J6.000030109794,25-W577.W22_R1-r_x_UFMu-10960,2025-07-27 11:43:00,band_05,273.3666666666667,188.63333333333333,4.0,,center,automated_candidate_unverified
25-W577.W22_R1-r_x_UFMu-10960.2025-07-27-11-43.NJ2J6.000030109794,25-W577.W22_R1-r_x_UFMu-10960,2025-07-27 11:43:00,band_06,273.30232558139534,142.8372093023256,5.0,,center,automated_candidate_unverified
25-W577.W22_R1-r_x_UFMu-10960.2025-07-28-11-42.NJ2J6.000030109794,25-W577.W22_R1-r_x_UFMu-10960,2025-07-28 11:42:00,band_01,553.1363636363636,820.1363636363636,0.0,,center,automated_candidate_unverified
25-W577.W22_R1-r_x_UFMu-10960.2025-07-28-11-42.NJ2J6.000030109794,25-W577.W22_R1-r_x_UFMu-10960,2025-07-28 11:42:00,band_02,548.1428571428571,787.7142857142857,1.0,,center,automated_candidate_unverified
25-W577.W22_R1-r_x_UFMu-10960.2025-07-28-11-42.NJ2J6.000030109794,25-W577.W22_R1-r_x_UFMu-10960,2025-07-28 11:42:00,band_03,532.4375,751.8159722222222,2.0,,center,automated_candidate_unverified
25-W577.W22_R1-r_x_UFMu-10960.2025-07-28-11-42.NJ2J6.000030109794,25-W577.W22_R1-r_x_UFMu-10960,2025-07-28 11:42:00,band_04,526.8571428571429,714.4285714285714,3.0,,center,automated_candidate_unverified
25-W577.W22_R1-r_x_UFMu-10960.2025-07-28-11-42.NJ2J6.000030109794,25-W577.W22_R1-r_x_UFMu-10960,2025-07-28 11:42:00,band_05,513.6573426573426,669.7727272727273,4.0,,center,automated_candidate_unverified
25-W577.W22_R1-r_x_UFMu-10960.2025-07-28-11-42.NJ2J6.000030109794,25-W577.W22_R1-r_x_UFMu-10960,2025-07-28 11:42:00,band_06,500.57142857142856,641.1428571428571,5.0,,center,automated_candidate_unverified
25-W577.W22_R1-r_x_UFMu-10960.2025-07-29-11-40.NJ2J6.000030109794,25-W577.W22_R1-r_x_UFMu-10960,2025-07-29 11:40:00,band_01,273.546875,372.21875,0.0,,center,automated_candidate_unverified
25-W577.W22_R1-r_x_UFMu-10960.2025-07-29-11-40.NJ2J6.000030109794,25-W577.W22_R1-r_x_UFMu-10960,2025-07-29 11:40:00,band_02,271.8666666666667,328.5777777777778,1.0,,center,automated_candidate_unverified
25-W577.W22_R1-r_x_UFMu-10960.2025-07-29-11-40.NJ2J6.000030109794,25-W577.W22_R1-r_x_UFMu-10960,2025-07-29 11:40:00,band_03,270.5833333333333,284.1111111111111,2.0,,center,automated_candidate_unverified
25-W577.W22_R1-r_x_UFMu-10960.2025-07-29-11-40.NJ2J6.000030109794,25-W577.W22_R1-r_x_UFMu-10960,2025-07-29 11:40:00,band_04,269.8095238095238,239.12698412698413,3.0,,center,automated_candidate_unverified
25-W577.W22_R1-r_x_UFMu-10960.2025-07-29-11-40.NJ2J6.000030109794,25-W577.W22_R1-r_x_UFMu-10960,2025-07-29 11:40:00,band_05,268.6666666666667,193.26666666666668,4.0,,center,automated_candidate_unverified
25-W577.W22_R1-r_x_UFMu-10960.2025-07-29-11-40.NJ2J6.000030109794,25-W577.W22_R1-r_x_UFMu-10960,2025-07-29 11:40:00,band_06,267.1269841269841,146.31746031746033,5.0,,center,automated_candidate_unverified
25-W577.W22_R1-r_x_UFMu-10960.2025-07-30-11-39.NJ2J6.000030109794,25-W577.W22_R1-r_x_UFMu-10960,2025-07-30 11:39:00,band_01,276.625,459.25,0.0,,center,automated_candidate_unverified
25-W577.W22_R1-r_x_UFMu-10960.2025-07-30-11-39.NJ2J6.000030109794,25-W577.W22_R1-r_x_UFMu-10960,2025-07-30 11:39:00,band_02,268.2,417.6,1.0,,center,automated_candidate_unverified
25-W577.W22_R1-r_x_UFMu-10960.2025-07-30-11-39.NJ2J6.000030109794,25-W577.W22_R1-r_x_UFMu-10960,2025-07-30 11:39:00,band_03,270.3636363636364,373.0151515151515,2.0,,center,automated_candidate_unverified
25-W577.W22_R1-r_x_UFMu-10960.2025-07-30-11-39.NJ2J6.000030109794,25-W577.W22_R1-r_x_UFMu-10960,2025-07-30 11:39:00,band_04,268.8,329.0,3.0,,center,automated_candidate_unverified
25-W577.W22_R1-r_x_UFMu-10960.2025-07-30-11-39.NJ2J6.000030109794,25-W577.W22_R1-r_x_UFMu-10960,2025-07-30 11:39:00,band_05,267.6111111111111,284.8888888888889,4.0,,center,automated_candidate_unverified
25-W577.W22_R1-r_x_UFMu-10960.2025-07-30-11-39.NJ2J6.000030109794,25-W577.W22_R1-r_x_UFMu-10960,2025-07-30 11:39:00,band_06,266.63461538461536,240.0192307692308,5.0,,center,automated_candidate_unverified
25-W577.W22_R1-r_x_UFMu-10960.2025-07-30-11-39.NJ2J6.000030109794,25-W577.W22_R1-r_x_UFMu-10960,2025-07-30 11:39:00,band_07,265.6666666666667,194.43859649122808,6.0,,center,automated_candidate_unverified
25-W577.W22_R1-r_x_UFMu-10960.2025-07-30-11-39.NJ2J6.000030109794,25-W577.W22_R1-r_x_UFMu-10960,2025-07-30 11:39:00,band_08,264.3137254901961,148.0,7.0,,center,automated_candidate_unverified
25-W577.W22_R1-r_x_UFMu-10960.2025-07-31-11-38.NJ2J6.000030109794,25-W577.W22_R1-r_x_UFMu-10960,2025-07-31 11:38:00,band_01,269.8,502.0,0.0,,center,automated_candidate_unverified
25-W577.W22_R1-r_x_UFMu-10960.2025-07-31-11-38.NJ2J6.000030109794,25-W577.W22_R1-r_x_UFMu-10960,2025-07-31 11:38:00,band_02,276.57142857142856,458.3809523809524,1.0,,center,automated_candidate_unverified
25-W577.W22_R1-r_x_UFMu-10960.2025-07-31-11-38.NJ2J6.000030109794,25-W577.W22_R1-r_x_UFMu-10960,2025-07-31 11:38:00,band_03,274.0,417.2857142857143,2.0,,center,automated_candidate_unverified
25-W577.W22_R1-r_x_UFMu-10960.2025-07-31-11-38.NJ2J6.000030109794,25-W577.W22_R1-r_x_UFMu-10960,2025-07-31 11:38:00,band_04,277.6756756756757,373.6216216216216,3.0,,center,automated_candidate_unverified
25-W577.W22_R1-r_x_UFMu-10960.2025-07-31-11-38.NJ2J6.000030109794,25-W577.W22_R1-r_x_UFMu-10960,2025-07-31 11:38:00,band_05,275.9655172413793,328.8448275862069,4.0,,center,automated_candidate_unverified
25-W577.W22_R1-r_x_UFMu-10960.2025-07-31-11-38.NJ2J6.000030109794,25-W577.W22_R1-r_x_UFMu-10960,2025-07-31 11:38:00,band_06,275.1428571428572,284.92063492063494,5.0,,center,automated_candidate_unverified
25-W577.W22_R1-r_x_UFMu-10960.2025-07-31-11-38.NJ2J6.000030109794,25-W577.W22_R1-r_x_UFMu-10960,2025-07-31 11:38:00,band_07,274.1641791044776,239.6417910447761,6.0,,center,automated_candidate_unverified
25-W577.W22_R1-r_x_UFMu-10960.2025-07-31-11-38.NJ2J6.000030109794,25-W577.W22_R1-r_x_UFMu-10960,2025-07-31 11:38:00,band_08,273.09090909090907,194.27272727272728,7.0,,center,automated_candidate_unverified
25-W577.W22_R1-r_x_UFMu-10960.2025-07-31-11-38.NJ2J6.000030109794,25-W577.W22_R1-r_x_UFMu-10960,2025-07-31 11:38:00,band_09,271.5263157894737,147.56140350877192,8.0,,center,automated_candidate_unverified
25-W577.W22_R1-r_x_UFMu-10960.2025-08-01-11-51.NJ2J6.000030109794,25-W577.W22_R1-r_x_UFMu-10960,2025-08-01 11:51:00,band_01,279.16326530612247,372.3469387755102,0.0,,center,automated_candidate_unverified
25-W577.W22_R1-r_x_UFMu-10960.2025-08-01-11-51.NJ2J6.000030109794,25-W577.W22_R1-r_x_UFMu-10960,2025-08-01 11:51:00,band_02,278.1463414634146,328.7317073170732,1.0,,center,automated_candidate_unverified
25-W577.W22_R1-r_x_UFMu-10960.2025-08-01-11-51.NJ2J6.000030109794,25-W577.W22_R1-r_x_UFMu-10960,2025-08-01 11:51:00,band_03,276.9130434782609,284.2391304347826,2.0,,center,automated_candidate_unverified
25-W577.W22_R1-r_x_UFMu-10960.2025-08-01-11-51.NJ2J6.000030109794,25-W577.W22_R1-r_x_UFMu-10960,2025-08-01 11:51:00,band_04,275.8837209302326,239.11627906976744,3.0,,center,automated_candidate_unverified
25-W577.W22_R1-r_x_UFMu-10960.2025-08-01-11-51.NJ2J6.000030109794,25-W577.W22_R1-r_x_UFMu-10960,2025-08-01 11:51:00,band_05,274.5365853658537,193.7317073170732,4.0,,center,automated_candidate_unverified
25-W577.W22_R1-r_x_UFMu-10960.2025-08-01-11-51.NJ2J6.000030109794,25-W577.W22_R1-r_x_UFMu-10960,2025-08-01 11:51:00,band_06,273.2352941176471,147.44117647058823,5.0,,center,automated_candidate_unverified
25-W577.W22_R1-r_x_UFMu-10960.2025-08-02-11-50.NJ2J6.000030109794,25-W577.W22_R1-r_x_UFMu-10960,2025-08-02 11:50:00,band_01,268.28205128205127,458.61538461538464,0.0,,center,automated_candidate_unverified
25-W577.W22_R1-r_x_UFMu-10960.2025-08-02-11-50.NJ2J6.000030109794,25-W577.W22_R1-r_x_UFMu-10960,2025-08-02 11:50:00,band_02,267.8181818181818,415.8181818181818,1.0,,center,automated_candidate_unverified
25-W577.W22_R1-r_x_UFMu-10960.2025-08-02-11-50.NJ2J6.000030109794,25-W577.W22_R1-r_x_UFMu-10960,2025-08-02 11:50:00,band_03,269.71153846153845,371.11538461538464,2.0,,center,automated_candidate_unverified
25-W577.W22_R1-r_x_UFMu-10960.2025-08-02-11-50.NJ2J6.000030109794,25-W577.W22_R1-r_x_UFMu-10960,2025-08-02 11:50:00,band_04,268.6666666666667,327.625,3.0,,center,automated_candidate_unverified
25-W577.W22_R1-r_x_UFMu-10960.2025-08-02-11-50.NJ2J6.000030109794,25-W577.W22_R1-r_x_UFMu-10960,2025-08-02 11:50:00,band_05,267.4339622641509,282.9433962264151,4.0,,center,automated_candidate_unverified
25-W577.W22_R1-r_x_UFMu-10960.2025-08-02-11-50.NJ2J6.000030109794,25-W577.W22_R1-r_x_UFMu-10960,2025-08-02 11:50:00,band_06,266.1875,237.91666666666663,5.0,,center,automated_candidate_unverified
25-W577.W22_R1-r_x_UFMu-10960.2025-08-02-11-50.NJ2J6.000030109794,25-W577.W22_R1-r_x_UFMu-10960,2025-08-02 11:50:00,band_07,264.90909090909093,191.92727272727276,6.0,,center,automated_candidate_unverified
25-W577.W22_R1-r_x_UFMu-10960.2025-08-02-11-50.NJ2J6.000030109794,25-W577.W22_R1-r_x_UFMu-10960,2025-08-02 11:50:00,band_08,263.325,145.375,7.0,,center,automated_candidate_unverified
25-W577.W22_R1-r_x_UFMu-10960.2025-08-03-11-49.NJ2J6.000030109794,25-W577.W22_R1-r_x_UFMu-10960,2025-08-03 11:49:00,band_01,262.02222222222224,411.7111111111111,0.0,,center,automated_candidate_unverified
25-W577.W22_R1-r_x_UFMu-10960.2025-08-03-11-49.NJ2J6.000030109794,25-W577.W22_R1-r_x_UFMu-10960,2025-08-03 11:49:00,band_02,268.6511627906977,371.13953488372096,1.0,,center,automated_candidate_unverified
25-W577.W22_R1-r_x_UFMu-10960.2025-08-03-11-49.NJ2J6.000030109794,25-W577.W22_R1-r_x_UFMu-10960,2025-08-03 11:49:00,band_03,265.8412698412698,327.07936507936506,2.0,,center,automated_candidate_unverified
25-W577.W22_R1-r_x_UFMu-10960.2025-08-03-11-49.NJ2J6.000030109794,25-W577.W22_R1-r_x_UFMu-10960,2025-08-03 11:49:00,band_04,264.6056338028169,282.36619718309856,3.0,,center,automated_candidate_unverified
25-W577.W22_R1-r_x_UFMu-10960.2025-08-03-11-49.NJ2J6.000030109794,25-W577.W22_R1-r_x_UFMu-10960,2025-08-03 11:49:00,band_05,263.3484848484849,237.25757575757572,4.0,,center,automated_candidate_unverified
25-W577.W22_R1-r_x_UFMu-10960.2025-08-03-11-49.NJ2J6.000030109794,25-W577.W22_R1-r_x_UFMu-10960,2025-08-03 11:49:00,band_06,261.734375,191.328125,5.0,,center,automated_candidate_unverified
25-W577.W22_R1-r_x_UFMu-10960.2025-08-03-11-49.NJ2J6.000030109794,25-W577.W22_R1-r_x_UFMu-10960,2025-08-03 11:49:00,band_07,259.9245283018868,144.64150943396226,6.0,,center,automated_candidate_unverified
25-W577.W22_R1-r_x_UFMu-10960.2025-08-04-11-48.NJ2J6.000030109794,25-W577.W22_R1-r_x_UFMu-10960,2025-08-04 11:48:00,band_01,269.5098039215686,459.2058823529412,0.0,,center,automated_candidate_unverified
25-W577.W22_R1-r_x_UFMu-10960.2025-08-04-11-48.NJ2J6.000030109794,25-W577.W22_R1-r_x_UFMu-10960,2025-08-04 11:48:00,band_02,269.7647058823529,416.2941176470589,1.0,,center,automated_candidate_unverified
25-W577.W22_R1-r_x_UFMu-10960.2025-08-04-11-48.NJ2J6.000030109794,25-W577.W22_R1-r_x_UFMu-10960,2025-08-04 11:48:00,band_03,271.44329896907215,370.4226804123711,2.0,,center,automated_candidate_unverified
25-W577.W22_R1-r_x_UFMu-10960.2025-08-04-11-48.NJ2J6.000030109794,25-W577.W22_R1-r_x_UFMu-10960,2025-08-04 11:48:00,band_04,268.2923076923077,327.0,3.0,,center,automated_candidate_unverified
25-W577.W22_R1-r_x_UFMu-10960.2025-08-04-11-48.NJ2J6.000030109794,25-W577.W22_R1-r_x_UFMu-10960,2025-08-04 11:48:00,band_05,266.83098591549293,282.2535211267606,4.0,,center,automated_candidate_unverified
25-W577.W22_R1-r_x_UFMu-10960.2025-08-04-11-48.NJ2J6.000030109794,25-W577.W22_R1-r_x_UFMu-10960,2025-08-04 11:48:00,band_06,265.58620689655174,236.86206896551724,5.0,,center,automated_candidate_unverified
25-W577.W22_R1-r_x_UFMu-10960.2025-08-04-11-48.NJ2J6.000030109794,25-W577.W22_R1-r_x_UFMu-10960,2025-08-04 11:48:00,band_07,264.38709677419354,190.67741935483872,6.0,,center,automated_candidate_unverified
25-W577.W22_R1-r_x_UFMu-10960.2025-08-04-11-48.NJ2J6.000030109794,25-W577.W22_R1-r_x_UFMu-10960,2025-08-04 11:48:00,band_08,262.7586206896552,144.0344827586207,7.0,,center,automated_candidate_unverified
C-W-0015-L.23-M1619-5_M1619-8.2024-07-02-11-32.NGFY5,C-W-0015-L.23-M1619-5_M1619-8,2024-07-02 11:32:00,band_01,72.95951417004049,836.5668016194332,0.0,,center,automated_candidate_unverified
C-W-0015-L.23-M1619-5_M1619-8.2024-07-02-11-32.NGFY5,C-W-0015-L.23-M1619-5_M1619-8,2024-07-02 11:32:00,band_02,74.03478260869565,817.8869565217391,1.0,,center,automated_candidate_unverified
C-W-0015-L.23-M1619-5_M1619-8.2024-07-02-11-32.NGFY5,C-W-0015-L.23-M1619-5_M1619-8,2024-07-02 11:32:00,band_03,72.83196721311475,798.889344262295,2.0,,center,automated_candidate_unverified
C-W-0015-L.23-M1619-5_M1619-8.2024-07-02-11-32.NGFY5,C-W-0015-L.23-M1619-5_M1619-8,2024-07-02 11:32:00,band_04,65.5,780.0,3.0,,center,automated_candidate_unverified
C-W-0015-L.23-M1619-5_M1619-8.2024-07-02-11-32.NGFY5,C-W-0015-L.23-M1619-5_M1619-8,2024-07-02 11:32:00,band_05,72.95510204081633,761.3591836734694,4.0,,center,automated_candidate_unverified
C-W-0015-L.23-M1619-5_M1619-8.2024-07-02-11-32.NGFY5,C-W-0015-L.23-M1619-5_M1619-8,2024-07-02 11:32:00,band_06,74.05555555555556,742.5046296296297,5.0,,center,automated_candidate_unverified
C-W-0015-L.23-M1619-5_M1619-8.2024-07-02-11-32.NGFY5,C-W-0015-L.23-M1619-5_M1619-8,2024-07-02 11:32:00,band_07,65.27272727272727,723.5,6.0,,center,automated_candidate_unverified
C-W-0015-L.23-M1619-5_M1619-8.2024-07-04-11-32.NGFY5,C-W-0015-L.23-M1619-5_M1619-8,2024-07-04 11:32:00,band_01,102.375,797.25,0.0,,center,automated_candidate_unverified
C-W-0015-L.23-M1619-5_M1619-8.2024-07-04-11-32.NGFY5,C-W-0015-L.23-M1619-5_M1619-8,2024-07-04 11:32:00,band_02,97.4,758.8,1.0,,center,automated_candidate_unverified
C-W-0015-L.23-M1619-5_M1619-8.2024-07-04-11-32.NGFY5,C-W-0015-L.23-M1619-5_M1619-8,2024-07-04 11:32:00,band_03,99.96551724137932,716.7586206896551,2.0,,center,automated_candidate_unverified
C-W-0015-L.23-M1619-5_M1619-8.2024-07-04-11-32.NGFY5,C-W-0015-L.23-M1619-5_M1619-8,2024-07-04 11:32:00,band_04,97.04878048780488,687.0243902439024,3.0,,center,automated_candidate_unverified
C-W-0015-L.23-M1619-5_M1619-8.2024-07-04-11-32.NGFY5,C-W-0015-L.23-M1619-5_M1619-8,2024-07-04 11:32:00,band_05,103.62424242424242,658.5818181818182,4.0,,center,automated_candidate_unverified
C-W-0015-L.23-M1619-5_M1619-8.2024-07-07-11-32.NGFY5,C-W-0015-L.23-M1619-5_M1619-8,2024-07-07 11:32:00,band_01,78.53714285714285,705.3314285714285,0.0,,center,automated_candidate_unverified
C-W-0015-L.23-M1619-5_M1619-8.2024-07-07-11-32.NGFY5,C-W-0015-L.23-M1619-5_M1619-8,2024-07-07 11:32:00,band_02,74.0343347639485,686.0944206008584,1.0,,center,automated_candidate_unverified
C-W-0015-L.23-M1619-5_M1619-8.2024-07-07-11-32.NGFY5,C-W-0015-L.23-M1619-5_M1619-8,2024-07-07 11:32:00,band_03,68.0354609929078,656.5177304964539,2.0,,center,automated_candidate_unverified
C-W-0015-L.23-M1619-5_M1619-8.2024-07-07-11-32.NGFY5,C-W-0015-L.23-M1619-5_M1619-8,2024-07-07 11:32:00,band_04,58.5625,632.5,3.0,,center,automated_candidate_unverified
C-W-0015-L.23-M1619-5_M1619-8.2024-07-07-11-32.NGFY5,C-W-0015-L.23-M1619-5_M1619-8,2024-07-07 11:32:00,band_05,53.833333333333336,612.6666666666666,4.0,,center,automated_candidate_unverified
C-W-0015-L.23-M1619-5_M1619-8.2024-07-10-11-38.NGFY5,C-W-0015-L.23-M1619-5_M1619-8,2024-07-10 11:38:00,band_01,741.5555555555555,368.1111111111111,0.0,,center,automated_candidate_unverified
C-W-0015-L.23-M1619-5_M1619-8.2024-07-10-11-38.NGFY5,C-W-0015-L.23-M1619-5_M1619-8,2024-07-10 11:38:00,band_02,738.1333333333333,341.6,1.0,,center,automated_candidate_unverified
C-W-0015-L.23-M1619-5_M1619-8.2024-07-10-11-38.NGFY5,C-W-0015-L.23-M1619-5_M1619-8,2024-07-10 11:38:00,band_03,738.1958762886597,316.0,2.0,,center,automated_candidate_unverified
C-W-0015-L.23-M1619-5_M1619-8.2024-07-10-11-38.NGFY5,C-W-0015-L.23-M1619-5_M1619-8,2024-07-10 11:38:00,band_04,737.1666666666666,294.6666666666667,3.0,,center,automated_candidate_unverified
C-W-0015-L.23-M1619-5_M1619-8.2024-07-10-11-38.NGFY5,C-W-0015-L.23-M1619-5_M1619-8,2024-07-10 11:38:00,band_05,725.4761904761905,260.9047619047619,4.0,,center,automated_candidate_unverified
C-W-0015-L.23-M1619-5_M1619-8.2024-07-10-11-38.NGFY5,C-W-0015-L.23-M1619-5_M1619-8,2024-07-10 11:38:00,band_06,713.5263157894736,231.64912280701756,5.0,,center,automated_candidate_unverified
C-W-0015-L.23-M1619-5_M1619-8.2024-07-28-11-31.NGFY5,C-W-0015-L.23-M1619-5_M1619-8,2024-07-28 11:31:00,band_01,40.0,842.0,0.0,,center,automated_candidate_unverified
C-W-0015-L.23-M1619-5_M1619-8.2024-07-28-11-31.NGFY5,C-W-0015-L.23-M1619-5_M1619-8,2024-07-28 11:31:00,band_02,37.94736842105263,823.3508771929825,1.0,,center,automated_candidate_unverified
C-W-0015-L.23-M1619-5_M1619-8.2024-07-28-11-31.NGFY5,C-W-0015-L.23-M1619-5_M1619-8,2024-07-28 11:31:00,band_03,37.2,807.8,2.0,,center,automated_candidate_unverified
C-W-0015-L.23-M1619-5_M1619-8.2024-07-28-11-31.NGFY5,C-W-0015-L.23-M1619-5_M1619-8,2024-07-28 11:31:00,band_04,34.891891891891895,781.2702702702703,3.0,,center,automated_candidate_unverified
C-W-0015-L.23-M1619-5_M1619-8.2024-07-28-11-31.NGFY5,C-W-0015-L.23-M1619-5_M1619-8,2024-07-28 11:31:00,band_05,34.333333333333336,758.1666666666666,4.0,,center,automated_candidate_unverified
C-W-0015-L.23-M1619-5_M1619-8.2024-07-28-11-31.NGFY5,C-W-0015-L.23-M1619-5_M1619-8,2024-07-28 11:31:00,band_06,33.0,739.25,5.0,,center,automated_candidate_unverified
C-W-0015-L.23-M1619-5_M1619-8.2024-07-28-11-31.NGFY5,C-W-0015-L.23-M1619-5_M1619-8,2024-07-28 11:31:00,band_07,31.166666666666668,724.0,6.0,,center,automated_candidate_unverified
C-W-0015-R.23-M1619-5_M1619-8.2024-07-01-12-30.NH88L,C-W-0015-R.23-M1619-5_M1619-8,2024-07-01 12:30:00,band_01,228.0,809.0212765957447,0.0,,center,automated_candidate_unverified
C-W-0015-R.23-M1619-5_M1619-8.2024-07-01-12-30.NH88L,C-W-0015-R.23-M1619-5_M1619-8,2024-07-01 12:30:00,band_02,232.62727272727275,765.1818181818181,1.0,,center,automated_candidate_unverified
C-W-0015-R.23-M1619-5_M1619-8.2024-07-01-12-30.NH88L,C-W-0015-R.23-M1619-5_M1619-8,2024-07-01 12:30:00,band_03,234.38064516129032,723.8774193548387,2.0,,center,automated_candidate_unverified
C-W-0015-R.23-M1619-5_M1619-8.2024-07-01-12-30.NH88L,C-W-0015-R.23-M1619-5_M1619-8,2024-07-01 12:30:00,band_04,232.16666666666663,671.9166666666666,3.0,,center,automated_candidate_unverified
C-W-0015-R.23-M1619-5_M1619-8.2024-07-01-12-30.NH88L,C-W-0015-R.23-M1619-5_M1619-8,2024-07-01 12:30:00,band_05,244.2051282051282,639.8974358974359,4.0,,center,automated_candidate_unverified
C-W-0015-R.23-M1619-5_M1619-8.2024-07-01-12-30.NH88L,C-W-0015-R.23-M1619-5_M1619-8,2024-07-01 12:30:00,band_06,246.44117647058823,597.6666666666666,5.0,,center,automated_candidate_unverified
C-W-0015-R.23-M1619-5_M1619-8.2024-07-01-12-30.NH88L,C-W-0015-R.23-M1619-5_M1619-8,2024-07-01 12:30:00,band_07,250.06306306306303,557.4549549549549,6.0,,center,automated_candidate_unverified
C-W-0015-R.23-M1619-5_M1619-8.2024-07-01-12-30.NH88L,C-W-0015-R.23-M1619-5_M1619-8,2024-07-01 12:30:00,band_08,253.54368932038835,513.2718446601941,7.0,,center,automated_candidate_unverified
C-W-0015-R.23-M1619-5_M1619-8.2024-07-02-11-31.NH88L,C-W-0015-R.23-M1619-5_M1619-8,2024-07-02 11:31:00,band_01,236.1875,807.046875,0.0,,center,automated_candidate_unverified
C-W-0015-R.23-M1619-5_M1619-8.2024-07-02-11-31.NH88L,C-W-0015-R.23-M1619-5_M1619-8,2024-07-02 11:31:00,band_02,238.30769230769232,766.6153846153846,1.0,,center,automated_candidate_unverified
C-W-0015-R.23-M1619-5_M1619-8.2024-07-02-11-31.NH88L,C-W-0015-R.23-M1619-5_M1619-8,2024-07-02 11:31:00,band_03,242.2767857142857,723.0,2.0,,center,automated_candidate_unverified
C-W-0015-R.23-M1619-5_M1619-8.2024-07-02-11-31.NH88L,C-W-0015-R.23-M1619-5_M1619-8,2024-07-02 11:31:00,band_04,245.6875,681.3660714285714,3.0,,center,automated_candidate_unverified
C-W-0015-R.23-M1619-5_M1619-8.2024-07-02-11-31.NH88L,C-W-0015-R.23-M1619-5_M1619-8,2024-07-02 11:31:00,band_05,249.61320754716985,639.6132075471698,4.0,,center,automated_candidate_unverified
C-W-0015-R.23-M1619-5_M1619-8.2024-07-02-11-31.NH88L,C-W-0015-R.23-M1619-5_M1619-8,2024-07-02 11:31:00,band_06,252.91346153846155,597.875,5.0,,center,automated_candidate_unverified
C-W-0015-R.23-M1619-5_M1619-8.2024-07-02-11-31.NH88L,C-W-0015-R.23-M1619-5_M1619-8,2024-07-02 11:31:00,band_07,256.41121495327104,556.1682242990654,6.0,,center,automated_candidate_unverified
C-W-0015-R.23-M1619-5_M1619-8.2024-07-02-11-31.NH88L,C-W-0015-R.23-M1619-5_M1619-8,2024-07-02 11:31:00,band_08,259.6132075471698,513.4905660377359,7.0,,center,automated_candidate_unverified
C-W-0015-R.23-M1619-5_M1619-8.2024-07-02-11-31.NH88L,C-W-0015-R.23-M1619-5_M1619-8,2024-07-02 11:31:00,band_09,263.11504424778764,471.27433628318585,8.0,,center,automated_candidate_unverified
C-W-0015-R.23-M1619-5_M1619-8.2024-07-02-11-31.NH88L,C-W-0015-R.23-M1619-5_M1619-8,2024-07-02 11:31:00,band_10,266.4725274725275,428.61538461538464,9.0,,center,automated_candidate_unverified
C-W-0015-R.23-M1619-5_M1619-8.2024-07-02-11-31.NH88L,C-W-0015-R.23-M1619-5_M1619-8,2024-07-02 11:31:00,band_11,270.28409090909093,385.77272727272725,10.0,,center,automated_candidate_unverified
C-W-0015-R.23-M1619-5_M1619-8.2024-07-02-11-31.NH88L,C-W-0015-R.23-M1619-5_M1619-8,2024-07-02 11:31:00,band_12,272.7738095238095,342.6547619047619,11.0,,center,automated_candidate_unverified
C-W-0015-R.23-M1619-5_M1619-8.2024-07-02-11-31.NH88L,C-W-0015-R.23-M1619-5_M1619-8,2024-07-02 11:31:00,band_13,276.1333333333333,299.05555555555554,12.0,,center,automated_candidate_unverified
C-W-0015-R.23-M1619-5_M1619-8.2024-07-02-11-31.NH88L,C-W-0015-R.23-M1619-5_M1619-8,2024-07-02 11:31:00,band_14,278.7011494252874,255.3563218390805,13.0,,center,automated_candidate_unverified
C-W-0015-R.23-M1619-5_M1619-8.2024-07-02-11-31.NH88L,C-W-0015-R.23-M1619-5_M1619-8,2024-07-02 11:31:00,band_15,281.5833333333333,211.07142857142856,14.0,,center,automated_candidate_unverified
C-W-0015-R.23-M1619-5_M1619-8.2024-07-02-11-31.NH88L,C-W-0015-R.23-M1619-5_M1619-8,2024-07-02 11:31:00,band_16,284.6617647058824,167.27941176470588,15.0,,center,automated_candidate_unverified
C-W-0015-R.23-M1619-5_M1619-8.2024-07-03-11-32.NH88L,C-W-0015-R.23-M1619-5_M1619-8,2024-07-03 11:32:00,band_01,228.39705882352945,804.5882352941177,0.0,,center,automated_candidate_unverified
C-W-0015-R.23-M1619-5_M1619-8.2024-07-03-11-32.NH88L,C-W-0015-R.23-M1619-5_M1619-8,2024-07-03 11:32:00,band_02,236.344,762.472,1.0,,center,automated_candidate_unverified
C-W-0015-R.23-M1619-5_M1619-8.2024-07-03-11-32.NH88L,C-W-0015-R.23-M1619-5_M1619-8,2024-07-03 11:32:00,band_03,237.61864406779665,721.5932203389831,2.0,,center,automated_candidate_unverified
C-W-0015-R.23-M1619-5_M1619-8.2024-07-03-11-32.NH88L,C-W-0015-R.23-M1619-5_M1619-8,2024-07-03 11:32:00,band_04,246.6623931623932,677.525641025641,3.0,,center,automated_candidate_unverified
C-W-0015-R.23-M1619-5_M1619-8.2024-07-03-11-32.NH88L,C-W-0015-R.23-M1619-5_M1619-8,2024-07-03 11:32:00,band_05,245.74774774774772,637.7387387387388,4.0,,center,automated_candidate_unverified
C-W-0015-R.23-M1619-5_M1619-8.2024-07-03-11-32.NH88L,C-W-0015-R.23-M1619-5_M1619-8,2024-07-03 11:32:00,band_06,248.08080808080808,595.6464646464647,5.0,,center,automated_candidate_unverified
C-W-0015-R.23-M1619-5_M1619-8.2024-07-03-11-32.NH88L,C-W-0015-R.23-M1619-5_M1619-8,2024-07-03 11:32:00,band_07,253.01492537313436,553.8955223880597,6.0,,center,automated_candidate_unverified
C-W-0015-R.23-M1619-5_M1619-8.2024-07-03-11-32.NH88L,C-W-0015-R.23-M1619-5_M1619-8,2024-07-03 11:32:00,band_08,255.26530612244895,510.7142857142857,7.0,,center,automated_candidate_unverified
C-W-0015-R.23-M1619-5_M1619-8.2024-07-03-11-32.NH88L,C-W-0015-R.23-M1619-5_M1619-8,2024-07-03 11:32:00,band_09,262.0057471264368,468.3045977011494,8.0,,center,automated_candidate_unverified
C-W-0015-R.23-M1619-5_M1619-8.2024-07-03-11-32.NH88L,C-W-0015-R.23-M1619-5_M1619-8,2024-07-03 11:32:00,band_10,262.38157894736844,425.42105263157896,9.0,,center,automated_candidate_unverified
C-W-0015-R.23-M1619-5_M1619-8.2024-07-03-11-32.NH88L,C-W-0015-R.23-M1619-5_M1619-8,2024-07-03 11:32:00,band_11,265.089552238806,382.3432835820896,10.0,,center,automated_candidate_unverified
C-W-0015-R.23-M1619-5_M1619-8.2024-07-03-11-32.NH88L,C-W-0015-R.23-M1619-5_M1619-8,2024-07-03 11:32:00,band_12,267.9382716049383,338.5308641975309,11.0,,center,automated_candidate_unverified
C-W-0015-R.23-M1619-5_M1619-8.2024-07-03-11-32.NH88L,C-W-0015-R.23-M1619-5_M1619-8,2024-07-03 11:32:00,band_13,270.5584415584416,294.64935064935065,12.0,,center,automated_candidate_unverified
C-W-0015-R.23-M1619-5_M1619-8.2024-07-03-11-32.NH88L,C-W-0015-R.23-M1619-5_M1619-8,2024-07-03 11:32:00,band_14,273.1111111111111,250.07407407407408,13.0,,center,automated_candidate_unverified
C-W-0015-R.23-M1619-5_M1619-8.2024-07-04-11-31.NH88L,C-W-0015-R.23-M1619-5_M1619-8,2024-07-04 11:31:00,band_01,224.24444444444444,804.2,0.0,,center,automated_candidate_unverified
C-W-0015-R.23-M1619-5_M1619-8.2024-07-04-11-31.NH88L,C-W-0015-R.23-M1619-5_M1619-8,2024-07-04 11:31:00,band_02,228.0,759.5,1.0,,center,automated_candidate_unverified
C-W-0015-R.23-M1619-5_M1619-8.2024-07-04-11-31.NH88L,C-W-0015-R.23-M1619-5_M1619-8,2024-07-04 11:31:00,band_03,234.30252100840335,721.0420168067227,2.0,,center,automated_candidate_unverified
C-W-0015-R.23-M1619-5_M1619-8.2024-07-04-11-31.NH88L,C-W-0015-R.23-M1619-5_M1619-8,2024-07-04 11:31:00,band_04,238.14285714285717,678.5942857142857,3.0,,center,automated_candidate_unverified
C-W-0015-R.23-M1619-5_M1619-8.2024-07-04-11-31.NH88L,C-W-0015-R.23-M1619-5_M1619-8,2024-07-04 11:31:00,band_05,241.9705882352941,637.2450980392157,4.0,,center,automated_candidate_unverified
C-W-0015-R.23-M1619-5_M1619-8.2024-07-04-11-31.NH88L,C-W-0015-R.23-M1619-5_M1619-8,2024-07-04 11:31:00,band_06,245.33333333333331,595.2444444444444,5.0,,center,automated_candidate_unverified
C-W-0015-R.23-M1619-5_M1619-8.2024-07-04-11-31.NH88L,C-W-0015-R.23-M1619-5_M1619-8,2024-07-04 11:31:00,band_07,249.3658536585366,553.569105691057,6.0,,center,automated_candidate_unverified
C-W-0015-R.23-M1619-5_M1619-8.2024-07-04-11-31.NH88L,C-W-0015-R.23-M1619-5_M1619-8,2024-07-04 11:31:00,band_08,252.5157894736842,510.3263157894737,7.0,,center,automated_candidate_unverified
C-W-0015-R.23-M1619-5_M1619-8.2024-07-04-11-31.NH88L,C-W-0015-R.23-M1619-5_M1619-8,2024-07-04 11:31:00,band_09,258.3105590062112,467.9316770186336,8.0,,center,automated_candidate_unverified
C-W-0015-R.23-M1619-5_M1619-8.2024-07-04-11-31.NH88L,C-W-0015-R.23-M1619-5_M1619-8,2024-07-04 11:31:00,band_10,259.6714285714286,425.2142857142857,9.0,,center,automated_candidate_unverified
C-W-0015-R.23-M1619-5_M1619-8.2024-07-04-11-31.NH88L,C-W-0015-R.23-M1619-5_M1619-8,2024-07-04 11:31:00,band_11,262.7391304347826,382.2463768115942,10.0,,center,automated_candidate_unverified
C-W-0015-R.23-M1619-5_M1619-8.2024-07-04-11-31.NH88L,C-W-0015-R.23-M1619-5_M1619-8,2024-07-04 11:31:00,band_12,265.63157894736844,338.56140350877195,11.0,,center,automated_candidate_unverified
C-W-0015-R.23-M1619-5_M1619-8.2024-07-04-11-31.NH88L,C-W-0015-R.23-M1619-5_M1619-8,2024-07-04 11:31:00,band_13,268.6271186440678,294.6949152542373,12.0,,center,automated_candidate_unverified
C-W-0015-R.23-M1619-5_M1619-8.2024-07-04-11-31.NH88L,C-W-0015-R.23-M1619-5_M1619-8,2024-07-04 11:31:00,band_14,271.58620689655174,250.5,13.0,,center,automated_candidate_unverified
C-W-0015-R.23-M1619-5_M1619-8.2024-07-04-11-31.NH88L,C-W-0015-R.23-M1619-5_M1619-8,2024-07-04 11:31:00,band_15,274.1587301587302,206.3015873015873,14.0,,center,automated_candidate_unverified
C-W-0015-R.23-M1619-5_M1619-8.2024-07-04-11-31.NH88L,C-W-0015-R.23-M1619-5_M1619-8,2024-07-04 11:31:00,band_16,276.90384615384613,161.42307692307693,15.0,,center,automated_candidate_unverified
C-W-0015-R.23-M1619-5_M1619-8.2024-07-05-11-33.NH88L,C-W-0015-R.23-M1619-5_M1619-8,2024-07-05 11:33:00,band_01,254.8,428.37142857142857,0.0,,center,automated_candidate_unverified
C-W-0015-R.23-M1619-5_M1619-8.2024-07-05-11-33.NH88L,C-W-0015-R.23-M1619-5_M1619-8,2024-07-05 11:33:00,band_02,258.6027397260274,385.2739726027397,1.0,,center,automated_candidate_unverified
C-W-0015-R.23-M1619-5_M1619-8.2024-07-05-11-33.NH88L,C-W-0015-R.23-M1619-5_M1619-8,2024-07-05 11:33:00,band_03,261.3333333333333,341.47222222222223,2.0,,center,automated_candidate_unverified
C-W-0015-R.23-M1619-5_M1619-8.2024-07-05-11-33.NH88L,C-W-0015-R.23-M1619-5_M1619-8,2024-07-05 11:33:00,band_04,264.49295774647885,297.4366197183099,3.0,,center,automated_candidate_unverified
C-W-0015-R.23-M1619-5_M1619-8.2024-07-05-11-33.NH88L,C-W-0015-R.23-M1619-5_M1619-8,2024-07-05 11:33:00,band_05,267.1621621621622,252.9189189189189,4.0,,center,automated_candidate_unverified
C-W-0015-R.23-M1619-5_M1619-8.2024-07-05-11-33.NH88L,C-W-0015-R.23-M1619-5_M1619-8,2024-07-05 11:33:00,band_06,269.9428571428571,208.3142857142857,5.0,,center,automated_candidate_unverified
C-W-0015-R.23-M1619-5_M1619-8.2024-07-05-11-33.NH88L,C-W-0015-R.23-M1619-5_M1619-8,2024-07-05 11:33:00,band_07,273.2950819672131,163.34426229508196,6.0,,center,automated_candidate_unverified
C-W-0015-R.23-M1619-5_M1619-8.2024-07-06-11-33.NH88L,C-W-0015-R.23-M1619-5_M1619-8,2024-07-06 11:33:00,band_01,262.6533333333333,424.5466666666667,0.0,,center,automated_candidate_unverified
C-W-0015-R.23-M1619-5_M1619-8.2024-07-06-11-33.NH88L,C-W-0015-R.23-M1619-5_M1619-8,2024-07-06 11:33:00,band_02,265.53521126760563,381.38028169014086,1.0,,center,automated_candidate_unverified
C-W-0015-R.23-M1619-5_M1619-8.2024-07-06-11-33.NH88L,C-W-0015-R.23-M1619-5_M1619-8,2024-07-06 11:33:00,band_03,268.109375,337.59375,2.0,,center,automated_candidate_unverified
C-W-0015-R.23-M1619-5_M1619-8.2024-07-06-11-33.NH88L,C-W-0015-R.23-M1619-5_M1619-8,2024-07-06 11:33:00,band_04,270.6857142857143,293.6,3.0,,center,automated_candidate_unverified
C-W-0015-R.23-M1619-5_M1619-8.2024-07-06-11-33.NH88L,C-W-0015-R.23-M1619-5_M1619-8,2024-07-06 11:33:00,band_05,273.1194029850746,248.98507462686567,4.0,,center,automated_candidate_unverified
C-W-0015-R.23-M1619-5_M1619-8.2024-07-06-11-33.NH88L,C-W-0015-R.23-M1619-5_M1619-8,2024-07-06 11:33:00,band_06,275.1641791044776,204.46268656716416,5.0,,center,automated_candidate_unverified
C-W-0015-R.23-M1619-5_M1619-8.2024-07-06-11-33.NH88L,C-W-0015-R.23-M1619-5_M1619-8,2024-07-06 11:33:00,band_07,277.6481481481481,159.27777777777777,6.0,,center,automated_candidate_unverified
C-W-0015-R.23-M1619-5_M1619-8.2024-07-07-11-33.NH88L,C-W-0015-R.23-M1619-5_M1619-8,2024-07-07 11:33:00,band_01,252.625,509.27272727272725,0.0,,center,automated_candidate_unverified
C-W-0015-R.23-M1619-5_M1619-8.2024-07-07-11-33.NH88L,C-W-0015-R.23-M1619-5_M1619-8,2024-07-07 11:33:00,band_02,255.88785046728967,466.2897196261682,1.0,,center,automated_candidate_unverified
C-W-0015-R.23-M1619-5_M1619-8.2024-07-07-11-33.NH88L,C-W-0015-R.23-M1619-5_M1619-8,2024-07-07 11:33:00,band_03,259.19718309859155,423.5352112676056,2.0,,center,automated_candidate_unverified
C-W-0015-R.23-M1619-5_M1619-8.2024-07-07-11-33.NH88L,C-W-0015-R.23-M1619-5_M1619-8,2024-07-07 11:33:00,band_04,262.375,380.5,3.0,,center,automated_candidate_unverified
C-W-0015-R.23-M1619-5_M1619-8.2024-07-07-11-33.NH88L,C-W-0015-R.23-M1619-5_M1619-8,2024-07-07 11:33:00,band_05,264.9864864864865,336.5405405405405,4.0,,center,automated_candidate_unverified
C-W-0015-R.23-M1619-5_M1619-8.2024-07-07-11-33.NH88L,C-W-0015-R.23-M1619-5_M1619-8,2024-07-07 11:33:00,band_06,267.81333333333333,292.7333333333333,5.0,,center,automated_candidate_unverified
C-W-0015-R.23-M1619-5_M1619-8.2024-07-07-11-33.NH88L,C-W-0015-R.23-M1619-5_M1619-8,2024-07-07 11:33:00,band_07,270.61038961038963,248.1298701298701,6.0,,center,automated_candidate_unverified
C-W-0015-R.23-M1619-5_M1619-8.2024-07-07-11-33.NH88L,C-W-0015-R.23-M1619-5_M1619-8,2024-07-07 11:33:00,band_08,273.1714285714286,203.62857142857143,7.0,,center,automated_candidate_unverified
C-W-0015-R.23-M1619-5_M1619-8.2024-07-07-11-33.NH88L,C-W-0015-R.23-M1619-5_M1619-8,2024-07-07 11:33:00,band_09,275.80357142857144,158.17857142857142,8.0,,center,automated_candidate_unverified
C-W-0015-R.23-M1619-5_M1619-8.2024-07-08-11-32.NH88L,C-W-0015-R.23-M1619-5_M1619-8,2024-07-08 11:32:00,band_01,232.59782608695653,803.2065217391304,0.0,,center,automated_candidate_unverified
C-W-0015-R.23-M1619-5_M1619-8.2024-07-08-11-32.NH88L,C-W-0015-R.23-M1619-5_M1619-8,2024-07-08 11:32:00,band_02,236.31182795698925,761.5913978494624,1.0,,center,automated_candidate_unverified
C-W-0015-R.23-M1619-5_M1619-8.2024-07-08-11-32.NH88L,C-W-0015-R.23-M1619-5_M1619-8,2024-07-08 11:32:00,band_03,239.98888888888888,719.8111111111111,2.0,,center,automated_candidate_unverified
C-W-0015-R.23-M1619-5_M1619-8.2024-07-08-11-32.NH88L,C-W-0015-R.23-M1619-5_M1619-8,2024-07-08 11:32:00,band_04,243.7961165048544,678.0388349514564,3.0,,center,automated_candidate_unverified
C-W-0015-R.23-M1619-5_M1619-8.2024-07-08-11-32.NH88L,C-W-0015-R.23-M1619-5_M1619-8,2024-07-08 11:32:00,band_05,246.7472527472528,636.2857142857143,4.0,,center,automated_candidate_unverified
C-W-0015-R.23-M1619-5_M1619-8.2024-07-08-11-32.NH88L,C-W-0015-R.23-M1619-5_M1619-8,2024-07-08 11:32:00,band_06,250.06976744186048,594.4186046511628,5.0,,center,automated_candidate_unverified
C-W-0015-R.23-M1619-5_M1619-8.2024-07-08-11-32.NH88L,C-W-0015-R.23-M1619-5_M1619-8,2024-07-08 11:32:00,band_07,253.92391304347825,552.5869565217391,6.0,,center,automated_candidate_unverified
C-W-0015-R.23-M1619-5_M1619-8.2024-07-08-11-32.NH88L,C-W-0015-R.23-M1619-5_M1619-8,2024-07-08 11:32:00,band_08,257.4605263157895,509.92105263157896,7.0,,center,automated_candidate_unverified
C-W-0015-R.23-M1619-5_M1619-8.2024-07-08-11-32.NH88L,C-W-0015-R.23-M1619-5_M1619-8,2024-07-08 11:32:00,band_09,261.2530120481928,467.0963855421687,8.0,,center,automated_candidate_unverified
C-W-0015-R.23-M1619-5_M1619-8.2024-07-08-11-32.NH88L,C-W-0015-R.23-M1619-5_M1619-8,2024-07-08 11:32:00,band_10,264.4193548387097,424.3870967741936,9.0,,center,automated_candidate_unverified
C-W-0015-R.23-M1619-5_M1619-8.2024-07-08-11-32.NH88L,C-W-0015-R.23-M1619-5_M1619-8,2024-07-08 11:32:00,band_11,267.94545454545454,381.4,10.0,,center,automated_candidate_unverified
C-W-0015-R.23-M1619-5_M1619-8.2024-07-08-11-32.NH88L,C-W-0015-R.23-M1619-5_M1619-8,2024-07-08 11:32:00,band_12,271.5769230769231,337.7307692307692,11.0,,center,automated_candidate_unverified
C-W-0015-R.23-M1619-5_M1619-8.2024-07-08-11-32.NH88L,C-W-0015-R.23-M1619-5_M1619-8,2024-07-08 11:32:00,band_13,275.48148148148147,293.7407407407408,12.0,,center,automated_candidate_unverified
C-W-0015-R.23-M1619-5_M1619-8.2024-07-08-11-32.NH88L,C-W-0015-R.23-M1619-5_M1619-8,2024-07-08 11:32:00,band_14,278.76363636363635,249.5636363636364,13.0,,center,automated_candidate_unverified
C-W-0015-R.23-M1619-5_M1619-8.2024-07-08-11-32.NH88L,C-W-0015-R.23-M1619-5_M1619-8,2024-07-08 11:32:00,band_15,282.4423076923077,205.15384615384616,14.0,,center,automated_candidate_unverified
C-W-0015-R.23-M1619-5_M1619-8.2024-07-08-11-32.NH88L,C-W-0015-R.23-M1619-5_M1619-8,2024-07-08 11:32:00,band_16,286.075,160.375,15.0,,center,automated_candidate_unverified
C-W-0015-R.23-M1619-5_M1619-8.2024-07-09-11-37.NH88L,C-W-0015-R.23-M1619-5_M1619-8,2024-07-09 11:37:00,band_01,245.72916666666663,635.0208333333334,0.0,,center,automated_candidate_unverified
C-W-0015-R.23-M1619-5_M1619-8.2024-07-09-11-37.NH88L,C-W-0015-R.23-M1619-5_M1619-8,2024-07-09 11:37:00,band_02,247.57142857142856,592.5646258503401,1.0,,center,automated_candidate_unverified
C-W-0015-R.23-M1619-5_M1619-8.2024-07-09-11-37.NH88L,C-W-0015-R.23-M1619-5_M1619-8,2024-07-09 11:37:00,band_03,261.56470588235294,557.1843137254901,2.0,,center,automated_candidate_unverified
C-W-0015-R.23-M1619-5_M1619-8.2024-07-09-11-37.NH88L,C-W-0015-R.23-M1619-5_M1619-8,2024-07-09 11:37:00,band_04,258.3855421686747,509.855421686747,3.0,,center,automated_candidate_unverified
C-W-0015-R.23-M1619-5_M1619-8.2024-07-09-11-37.NH88L,C-W-0015-R.23-M1619-5_M1619-8,2024-07-09 11:37:00,band_05,262.57471264367814,467.2413793103448,4.0,,center,automated_candidate_unverified
C-W-0015-R.23-M1619-5_M1619-8.2024-07-09-11-37.NH88L,C-W-0015-R.23-M1619-5_M1619-8,2024-07-09 11:37:00,band_06,266.1081081081081,424.4594594594595,5.0,,center,automated_candidate_unverified
C-W-0015-R.23-M1619-5_M1619-8.2024-07-09-11-37.NH88L,C-W-0015-R.23-M1619-5_M1619-8,2024-07-09 11:37:00,band_07,269.6621621621622,381.3108108108109,6.0,,center,automated_candidate_unverified
C-W-0015-R.23-M1619-5_M1619-8.2024-07-09-11-37.NH88L,C-W-0015-R.23-M1619-5_M1619-8,2024-07-09 11:37:00,band_08,273.2361111111111,337.4583333333333,7.0,,center,automated_candidate_unverified
C-W-0015-R.23-M1619-5_M1619-8.2024-07-09-11-37.NH88L,C-W-0015-R.23-M1619-5_M1619-8,2024-07-09 11:37:00,band_09,277.31944444444446,293.7083333333333,8.0,,center,automated_candidate_unverified
C-W-0015-R.23-M1619-5_M1619-8.2024-07-09-11-37.NH88L,C-W-0015-R.23-M1619-5_M1619-8,2024-07-09 11:37:00,band_10,280.87142857142857,249.37142857142857,9.0,,center,automated_candidate_unverified
C-W-0015-R.23-M1619-5_M1619-8.2024-07-09-11-37.NH88L,C-W-0015-R.23-M1619-5_M1619-8,2024-07-09 11:37:00,band_11,284.5897435897436,204.7051282051282,10.0,,center,automated_candidate_unverified
C-W-0015-R.23-M1619-5_M1619-8.2024-07-09-11-37.NH88L,C-W-0015-R.23-M1619-5_M1619-8,2024-07-09 11:37:00,band_12,288.55555555555554,160.0,11.0,,center,automated_candidate_unverified
C-W-0015-R.23-M1619-5_M1619-8.2024-07-10-11-39.NH88L,C-W-0015-R.23-M1619-5_M1619-8,2024-07-10 11:39:00,band_01,262.57142857142856,546.4761904761905,0.0,,center,automated_candidate_unverified
C-W-0015-R.23-M1619-5_M1619-8.2024-07-10-11-39.NH88L,C-W-0015-R.23-M1619-5_M1619-8,2024-07-10 11:39:00,band_02,258.5595238095238,509.9047619047619,1.0,,center,automated_candidate_unverified
C-W-0015-R.23-M1619-5_M1619-8.2024-07-10-11-39.NH88L,C-W-0015-R.23-M1619-5_M1619-8,2024-07-10 11:39:00,band_03,262.5869565217391,467.3478260869565,2.0,,center,automated_candidate_unverified
C-W-0015-R.23-M1619-5_M1619-8.2024-07-10-11-39.NH88L,C-W-0015-R.23-M1619-5_M1619-8,2024-07-10 11:39:00,band_04,266.0481927710844,424.4578313253012,3.0,,center,automated_candidate_unverified
C-W-0015-R.23-M1619-5_M1619-8.2024-07-10-11-39.NH88L,C-W-0015-R.23-M1619-5_M1619-8,2024-07-10 11:39:00,band_05,269.7974683544304,381.4050632911392,4.0,,center,automated_candidate_unverified
C-W-0015-R.23-M1619-5_M1619-8.2024-07-10-11-39.NH88L,C-W-0015-R.23-M1619-5_M1619-8,2024-07-10 11:39:00,band_06,273.5064935064935,337.72727272727275,5.0,,center,automated_candidate_unverified
C-W-0015-R.23-M1619-5_M1619-8.2024-07-10-11-39.NH88L,C-W-0015-R.23-M1619-5_M1619-8,2024-07-10 11:39:00,band_07,277.14084507042253,293.7887323943662,6.0,,center,automated_candidate_unverified
C-W-0015-R.23-M1619-5_M1619-8.2024-07-10-11-39.NH88L,C-W-0015-R.23-M1619-5_M1619-8,2024-07-10 11:39:00,band_08,281.05882352941177,249.4558823529412,7.0,,center,automated_candidate_unverified
C-W-0015-R.23-M1619-5_M1619-8.2024-07-10-11-39.NH88L,C-W-0015-R.23-M1619-5_M1619-8,2024-07-10 11:39:00,band_09,284.7866666666667,204.9333333333333,8.0,,center,automated_candidate_unverified
C-W-0015-R.23-M1619-5_M1619-8.2024-07-10-11-39.NH88L,C-W-0015-R.23-M1619-5_M1619-8,2024-07-10 11:39:00,band_10,288.4925373134328,160.2537313432836,9.0,,center,automated_candidate_unverified
C-W-0015-R.23-M1619-5_M1619-8.2024-07-11-11-39.NH88L,C-W-0015-R.23-M1619-5_M1619-8,2024-07-11 11:39:00,band_01,232.75,801.7105263157895,0.0,,center,automated_candidate_unverified
C-W-0015-R.23-M1619-5_M1619-8.2024-07-11-11-39.NH88L,C-W-0015-R.23-M1619-5_M1619-8,2024-07-11 11:39:00,band_02,232.8641975308642,760.4567901234568,1.0,,center,automated_candidate_unverified
C-W-0015-R.23-M1619-5_M1619-8.2024-07-11-11-39.NH88L,C-W-0015-R.23-M1619-5_M1619-8,2024-07-11 11:39:00,band_03,243.1604938271605,718.9012345679013,2.0,,center,automated_candidate_unverified
C-W-0015-R.23-M1619-5_M1619-8.2024-07-11-11-39.NH88L,C-W-0015-R.23-M1619-5_M1619-8,2024-07-11 11:39:00,band_04,244.98958333333331,677.5729166666666,3.0,,center,automated_candidate_unverified
C-W-0015-R.23-M1619-5_M1619-8.2024-07-11-11-39.NH88L,C-W-0015-R.23-M1619-5_M1619-8,2024-07-11 11:39:00,band_05,248.2577319587629,635.2783505154639,4.0,,center,automated_candidate_unverified
C-W-0015-R.23-M1619-5_M1619-8.2024-07-11-11-39.NH88L,C-W-0015-R.23-M1619-5_M1619-8,2024-07-11 11:39:00,band_06,250.9814814814815,593.3981481481482,5.0,,center,automated_candidate_unverified
C-W-0015-R.23-M1619-5_M1619-8.2024-07-11-11-39.NH88L,C-W-0015-R.23-M1619-5_M1619-8,2024-07-11 11:39:00,band_07,255.5531914893617,551.5,6.0,,center,automated_candidate_unverified
C-W-0015-R.23-M1619-5_M1619-8.2024-07-11-11-39.NH88L,C-W-0015-R.23-M1619-5_M1619-8,2024-07-11 11:39:00,band_08,258.66279069767444,508.6627906976744,7.0,,center,automated_candidate_unverified
C-W-0015-R.23-M1619-5_M1619-8.2024-07-11-11-39.NH88L,C-W-0015-R.23-M1619-5_M1619-8,2024-07-11 11:39:00,band_09,263.0625,466.2375,8.0,,center,automated_candidate_unverified
C-W-0015-R.23-M1619-5_M1619-8.2024-07-11-11-39.NH88L,C-W-0015-R.23-M1619-5_M1619-8,2024-07-11 11:39:00,band_10,266.46268656716416,423.089552238806,9.0,,center,automated_candidate_unverified
C-W-0015-R.23-M1619-5_M1619-8.2024-07-11-11-39.NH88L,C-W-0015-R.23-M1619-5_M1619-8,2024-07-11 11:39:00,band_11,269.9830508474576,379.89830508474574,10.0,,center,automated_candidate_unverified
C-W-0015-R.23-M1619-5_M1619-8.2024-07-11-11-39.NH88L,C-W-0015-R.23-M1619-5_M1619-8,2024-07-11 11:39:00,band_12,273.55357142857144,336.17857142857144,11.0,,center,automated_candidate_unverified
C-W-0015-R.23-M1619-5_M1619-8.2024-07-11-11-39.NH88L,C-W-0015-R.23-M1619-5_M1619-8,2024-07-11 11:39:00,band_13,277.54545454545456,292.07272727272726,12.0,,center,automated_candidate_unverified
C-W-0015-R.23-M1619-5_M1619-8.2024-07-11-11-39.NH88L,C-W-0015-R.23-M1619-5_M1619-8,2024-07-11 11:39:00,band_14,281.58620689655174,247.5,13.0,,center,automated_candidate_unverified
C-W-0015-R.23-M1619-5_M1619-8.2024-07-11-11-39.NH88L,C-W-0015-R.23-M1619-5_M1619-8,2024-07-11 11:39:00,band_15,285.258064516129,202.80645161290323,14.0,,center,automated_candidate_unverified
C-W-0015-R.23-M1619-5_M1619-8.2024-07-11-11-39.NH88L,C-W-0015-R.23-M1619-5_M1619-8,2024-07-11 11:39:00,band_16,289.0232558139535,157.86046511627907,15.0,,center,automated_candidate_unverified
C-W-0015-R.23-M1619-5_M1619-8.2024-07-12-11-39.NH88L,C-W-0015-R.23-M1619-5_M1619-8,2024-07-12 11:39:00,band_01,232.54545454545453,757.6969696969697,0.0,,center,automated_candidate_unverified
C-W-0015-R.23-M1619-5_M1619-8.2024-07-12-11-39.NH88L,C-W-0015-R.23-M1619-5_M1619-8,2024-07-12 11:39:00,band_02,235.7173913043478,718.6195652173913,1.0,,center,automated_candidate_unverified
C-W-0015-R.23-M1619-5_M1619-8.2024-07-12-11-39.NH88L,C-W-0015-R.23-M1619-5_M1619-8,2024-07-12 11:39:00,band_03,239.91338582677164,677.1968503937007,2.0,,center,automated_candidate_unverified
C-W-0015-R.23-M1619-5_M1619-8.2024-07-12-11-39.NH88L,C-W-0015-R.23-M1619-5_M1619-8,2024-07-12 11:39:00,band_04,245.42857142857144,637.1428571428571,3.0,,center,automated_candidate_unverified
C-W-0015-R.23-M1619-5_M1619-8.2024-07-12-11-39.NH88L,C-W-0015-R.23-M1619-5_M1619-8,2024-07-12 11:39:00,band_05,244.6020408163265,593.1122448979592,4.0,,center,automated_candidate_unverified
C-W-0015-R.23-M1619-5_M1619-8.2024-07-12-11-39.NH88L,C-W-0015-R.23-M1619-5_M1619-8,2024-07-12 11:39:00,band_06,249.31521739130437,550.9891304347826,5.0,,center,automated_candidate_unverified
C-W-0015-R.23-M1619-5_M1619-8.2024-07-12-11-39.NH88L,C-W-0015-R.23-M1619-5_M1619-8,2024-07-12 11:39:00,band_07,252.4642857142857,508.1428571428572,6.0,,center,automated_candidate_unverified
C-W-0015-R.23-M1619-5_M1619-8.2024-07-12-11-39.NH88L,C-W-0015-R.23-M1619-5_M1619-8,2024-07-12 11:39:00,band_08,256.0625,465.4125,7.0,,center,automated_candidate_unverified
C-W-0015-R.23-M1619-5_M1619-8.2024-07-12-11-39.NH88L,C-W-0015-R.23-M1619-5_M1619-8,2024-07-12 11:39:00,band_09,259.6231884057971,422.3623188405797,8.0,,center,automated_candidate_unverified
C-W-0015-R.23-M1619-5_M1619-8.2024-07-12-11-39.NH88L,C-W-0015-R.23-M1619-5_M1619-8,2024-07-12 11:39:00,band_10,263.21311475409834,379.2131147540984,9.0,,center,automated_candidate_unverified
C-W-0015-R.23-M1619-5_M1619-8.2024-07-12-11-39.NH88L,C-W-0015-R.23-M1619-5_M1619-8,2024-07-12 11:39:00,band_11,267.1111111111111,335.3492063492063,10.0,,center,automated_candidate_unverified
C-W-0015-R.23-M1619-5_M1619-8.2024-07-12-11-39.NH88L,C-W-0015-R.23-M1619-5_M1619-8,2024-07-12 11:39:00,band_12,270.8032786885246,291.21311475409834,11.0,,center,automated_candidate_unverified
C-W-0015-R.23-M1619-5_M1619-8.2024-07-12-11-39.NH88L,C-W-0015-R.23-M1619-5_M1619-8,2024-07-12 11:39:00,band_13,274.5079365079365,246.52380952380952,12.0,,center,automated_candidate_unverified
C-W-0015-R.23-M1619-5_M1619-8.2024-07-12-11-39.NH88L,C-W-0015-R.23-M1619-5_M1619-8,2024-07-12 11:39:00,band_14,278.2857142857143,201.87301587301587,13.0,,center,automated_candidate_unverified
C-W-0015-R.23-M1619-5_M1619-8.2024-07-12-11-39.NH88L,C-W-0015-R.23-M1619-5_M1619-8,2024-07-12 11:39:00,band_15,281.95454545454544,156.72727272727272,14.0,,center,automated_candidate_unverified
C-W-0015-R.23-M1619-5_M1619-8.2024-07-13-11-39.NH88L,C-W-0015-R.23-M1619-5_M1619-8,2024-07-13 11:39:00,band_01,248.16666666666663,690.3333333333334,0.0,,center,automated_candidate_unverified
C-W-0015-R.23-M1619-5_M1619-8.2024-07-13-11-39.NH88L,C-W-0015-R.23-M1619-5_M1619-8,2024-07-13 11:39:00,band_02,250.42857142857144,650.8571428571429,1.0,,center,automated_candidate_unverified
C-W-0015-R.23-M1619-5_M1619-8.2024-07-13-11-39.NH88L,C-W-0015-R.23-M1619-5_M1619-8,2024-07-13 11:39:00,band_03,242.8641975308642,592.8641975308642,2.0,,center,automated_candidate_unverified
C-W-0015-R.23-M1619-5_M1619-8.2024-07-13-11-39.NH88L,C-W-0015-R.23-M1619-5_M1619-8,2024-07-13 11:39:00,band_04,248.4787234042553,549.8191489361702,3.0,,center,automated_candidate_unverified
C-W-0015-R.23-M1619-5_M1619-8.2024-07-13-11-39.NH88L,C-W-0015-R.23-M1619-5_M1619-8,2024-07-13 11:39:00,band_05,250.375,507.85,4.0,,center,automated_candidate_unverified
C-W-0015-R.23-M1619-5_M1619-8.2024-07-13-11-39.NH88L,C-W-0015-R.23-M1619-5_M1619-8,2024-07-13 11:39:00,band_06,254.18987341772151,465.2911392405063,5.0,,center,automated_candidate_unverified
C-W-0015-R.23-M1619-5_M1619-8.2024-07-13-11-39.NH88L,C-W-0015-R.23-M1619-5_M1619-8,2024-07-13 11:39:00,band_07,257.95238095238096,422.0952380952381,6.0,,center,automated_candidate_unverified
C-W-0015-R.23-M1619-5_M1619-8.2024-07-13-11-39.NH88L,C-W-0015-R.23-M1619-5_M1619-8,2024-07-13 11:39:00,band_08,261.765625,378.578125,7.0,,center,automated_candidate_unverified
C-W-0015-R.23-M1619-5_M1619-8.2024-07-13-11-39.NH88L,C-W-0015-R.23-M1619-5_M1619-8,2024-07-13 11:39:00,band_09,265.2258064516129,334.7258064516129,8.0,,center,automated_candidate_unverified
C-W-0015-R.23-M1619-5_M1619-8.2024-07-13-11-39.NH88L,C-W-0015-R.23-M1619-5_M1619-8,2024-07-13 11:39:00,band_10,269.26984126984127,290.55555555555554,9.0,,center,automated_candidate_unverified
C-W-0015-R.23-M1619-5_M1619-8.2024-07-13-11-39.NH88L,C-W-0015-R.23-M1619-5_M1619-8,2024-07-13 11:39:00,band_11,273.0655737704918,245.8852459016393,10.0,,center,automated_candidate_unverified
C-W-0015-R.23-M1619-5_M1619-8.2024-07-13-11-39.NH88L,C-W-0015-R.23-M1619-5_M1619-8,2024-07-13 11:39:00,band_12,276.8125,200.953125,11.0,,center,automated_candidate_unverified
C-W-0015-R.23-M1619-5_M1619-8.2024-07-13-11-39.NH88L,C-W-0015-R.23-M1619-5_M1619-8,2024-07-13 11:39:00,band_13,280.5777777777778,155.6,12.0,,center,automated_candidate_unverified
C-W-0015-R.23-M1619-5_M1619-8.2024-07-14-11-40.NH88L,C-W-0015-R.23-M1619-5_M1619-8,2024-07-14 11:40:00,band_01,244.11111111111111,632.7407407407408,0.0,,center,automated_candidate_unverified
C-W-0015-R.23-M1619-5_M1619-8.2024-07-14-11-40.NH88L,C-W-0015-R.23-M1619-5_M1619-8,2024-07-14 11:40:00,band_02,241.23076923076923,586.6923076923077,1.0,,center,automated_candidate_unverified
C-W-0015-R.23-M1619-5_M1619-8.2024-07-14-11-40.NH88L,C-W-0015-R.23-M1619-5_M1619-8,2024-07-14 11:40:00,band_03,255.8823529411765,548.1764705882352,2.0,,center,automated_candidate_unverified
C-W-0015-R.23-M1619-5_M1619-8.2024-07-14-11-40.NH88L,C-W-0015-R.23-M1619-5_M1619-8,2024-07-14 11:40:00,band_04,257.2903225806452,506.44086021505376,3.0,,center,automated_candidate_unverified
C-W-0015-R.23-M1619-5_M1619-8.2024-07-14-11-40.NH88L,C-W-0015-R.23-M1619-5_M1619-8,2024-07-14 11:40:00,band_05,260.8928571428572,463.5595238095238,4.0,,center,automated_candidate_unverified
C-W-0015-R.23-M1619-5_M1619-8.2024-07-14-11-40.NH88L,C-W-0015-R.23-M1619-5_M1619-8,2024-07-14 11:40:00,band_06,264.5342465753425,420.45205479452056,5.0,,center,automated_candidate_unverified
C-W-0015-R.23-M1619-5_M1619-8.2024-07-14-11-40.NH88L,C-W-0015-R.23-M1619-5_M1619-8,2024-07-14 11:40:00,band_07,268.0281690140845,377.0,6.0,,center,automated_candidate_unverified
C-W-0015-R.23-M1619-5_M1619-8.2024-07-14-11-40.NH88L,C-W-0015-R.23-M1619-5_M1619-8,2024-07-14 11:40:00,band_08,271.4507042253521,333.16901408450707,7.0,,center,automated_candidate_unverified
C-W-0015-R.23-M1619-5_M1619-8.2024-07-14-11-40.NH88L,C-W-0015-R.23-M1619-5_M1619-8,2024-07-14 11:40:00,band_09,275.1449275362319,288.5652173913044,8.0,,center,automated_candidate_unverified
C-W-0015-R.23-M1619-5_M1619-8.2024-07-14-11-40.NH88L,C-W-0015-R.23-M1619-5_M1619-8,2024-07-14 11:40:00,band_10,278.7083333333333,243.875,9.0,,center,automated_candidate_unverified
C-W-0015-R.23-M1619-5_M1619-8.2024-07-14-11-40.NH88L,C-W-0015-R.23-M1619-5_M1619-8,2024-07-14 11:40:00,band_11,282.09859154929575,198.7887323943662,10.0,,center,automated_candidate_unverified
C-W-0015-R.23-M1619-5_M1619-8.2024-07-14-11-40.NH88L,C-W-0015-R.23-M1619-5_M1619-8,2024-07-14 11:40:00,band_12,285.6727272727273,153.2,11.0,,center,automated_candidate_unverified
C-W-0015-R.23-M1619-5_M1619-8.2024-07-15-11-34.NH88L,C-W-0015-R.23-M1619-5_M1619-8,2024-07-15 11:34:00,band_01,255.83653846153845,547.1826923076923,0.0,,center,automated_candidate_unverified
C-W-0015-R.23-M1619-5_M1619-8.2024-07-15-11-34.NH88L,C-W-0015-R.23-M1619-5_M1619-8,2024-07-15 11:34:00,band_02,258.7849462365592,504.44086021505376,1.0,,center,automated_candidate_unverified
C-W-0015-R.23-M1619-5_M1619-8.2024-07-15-11-34.NH88L,C-W-0015-R.23-M1619-5_M1619-8,2024-07-15 11:34:00,band_03,262.5,461.5,2.0,,center,automated_candidate_unverified
C-W-0015-R.23-M1619-5_M1619-8.2024-07-15-11-34.NH88L,C-W-0015-R.23-M1619-5_M1619-8,2024-07-15 11:34:00,band_04,266.06493506493507,418.23376623376623,3.0,,center,automated_candidate_unverified
C-W-0015-R.23-M1619-5_M1619-8.2024-07-15-11-34.NH88L,C-W-0015-R.23-M1619-5_M1619-8,2024-07-15 11:34:00,band_05,269.5466666666667,374.4533333333333,4.0,,center,automated_candidate_unverified
C-W-0015-R.23-M1619-5_M1619-8.2024-07-15-11-34.NH88L,C-W-0015-R.23-M1619-5_M1619-8,2024-07-15 11:34:00,band_06,273.16,330.44,5.0,,center,automated_candidate_unverified
C-W-0015-R.23-M1619-5_M1619-8.2024-07-15-11-34.NH88L,C-W-0015-R.23-M1619-5_M1619-8,2024-07-15 11:34:00,band_07,276.9390243902439,285.890243902439,6.0,,center,automated_candidate_unverified
C-W-0015-R.23-M1619-5_M1619-8.2024-07-15-11-34.NH88L,C-W-0015-R.23-M1619-5_M1619-8,2024-07-15 11:34:00,band_08,280.7631578947368,240.80263157894737,7.0,,center,automated_candidate_unverified
C-W-0015-R.23-M1619-5_M1619-8.2024-07-15-11-34.NH88L,C-W-0015-R.23-M1619-5_M1619-8,2024-07-15 11:34:00,band_09,284.67088607594934,195.35443037974684,8.0,,center,automated_candidate_unverified
C-W-0015-R.23-M1619-5_M1619-8.2024-07-15-11-34.NH88L,C-W-0015-R.23-M1619-5_M1619-8,2024-07-15 11:34:00,band_10,287.65,148.8375,9.0,,center,automated_candidate_unverified
C-W-0015-R.23-M1619-5_M1619-8.2024-07-16-11-35.NH88L,C-W-0015-R.23-M1619-5_M1619-8,2024-07-16 11:35:00,band_01,237.9,689.1,0.0,,center,automated_candidate_unverified
C-W-0015-R.23-M1619-5_M1619-8.2024-07-16-11-35.NH88L,C-W-0015-R.23-M1619-5_M1619-8,2024-07-16 11:35:00,band_02,249.02,633.2666666666667,1.0,,center,automated_candidate_unverified
C-W-0015-R.23-M1619-5_M1619-8.2024-07-16-11-35.NH88L,C-W-0015-R.23-M1619-5_M1619-8,2024-07-16 11:35:00,band_03,254.92857142857144,594.7857142857143,2.0,,center,automated_candidate_unverified
C-W-0015-R.23-M1619-5_M1619-8.2024-07-16-11-35.NH88L,C-W-0015-R.23-M1619-5_M1619-8,2024-07-16 11:35:00,band_04,256.5869565217391,550.1847826086956,3.0,,center,automated_candidate_unverified
C-W-0015-R.23-M1619-5_M1619-8.2024-07-16-11-35.NH88L,C-W-0015-R.23-M1619-5_M1619-8,2024-07-16 11:35:00,band_05,260.1304347826087,507.4891304347826,4.0,,center,automated_candidate_unverified
C-W-0015-R.23-M1619-5_M1619-8.2024-07-16-11-35.NH88L,C-W-0015-R.23-M1619-5_M1619-8,2024-07-16 11:35:00,band_06,263.6179775280899,464.9550561797753,5.0,,center,automated_candidate_unverified
C-W-0015-R.23-M1619-5_M1619-8.2024-07-16-11-35.NH88L,C-W-0015-R.23-M1619-5_M1619-8,2024-07-16 11:35:00,band_07,266.6179775280899,422.123595505618,6.0,,center,automated_candidate_unverified
C-W-0015-R.23-M1619-5_M1619-8.2024-07-16-11-35.NH88L,C-W-0015-R.23-M1619-5_M1619-8,2024-07-16 11:35:00,band_08,270.5744680851064,378.8404255319149,7.0,,center,automated_candidate_unverified
C-W-0015-R.23-M1619-5_M1619-8.2024-07-16-11-35.NH88L,C-W-0015-R.23-M1619-5_M1619-8,2024-07-16 11:35:00,band_09,273.9390243902439,335.2073170731707,8.0,,center,automated_candidate_unverified
C-W-0015-R.23-M1619-5_M1619-8.2024-07-16-11-35.NH88L,C-W-0015-R.23-M1619-5_M1619-8,2024-07-16 11:35:00,band_10,277.7738095238095,290.9166666666667,9.0,,center,automated_candidate_unverified
C-W-0015-R.23-M1619-5_M1619-8.2024-07-16-11-35.NH88L,C-W-0015-R.23-M1619-5_M1619-8,2024-07-16 11:35:00,band_11,281.24418604651163,246.61627906976744,10.0,,center,automated_candidate_unverified
C-W-0015-R.23-M1619-5_M1619-8.2024-07-16-11-35.NH88L,C-W-0015-R.23-M1619-5_M1619-8,2024-07-16 11:35:00,band_12,284.95454545454544,201.8181818181818,11.0,,center,automated_candidate_unverified
C-W-0015-R.23-M1619-5_M1619-8.2024-07-16-11-35.NH88L,C-W-0015-R.23-M1619-5_M1619-8,2024-07-16 11:35:00,band_13,288.67857142857144,156.8095238095238,12.0,,center,automated_candidate_unverified
C-W-0015-R.23-M1619-5_M1619-8.2024-07-17-11-36.NH88L,C-W-0015-R.23-M1619-5_M1619-8,2024-07-17 11:36:00,band_01,234.83193277310923,800.6218487394958,0.0,,center,automated_candidate_unverified
C-W-0015-R.23-M1619-5_M1619-8.2024-07-17-11-36.NH88L,C-W-0015-R.23-M1619-5_M1619-8,2024-07-17 11:36:00,band_02,244.40689655172412,758.6620689655173,1.0,,center,automated_candidate_unverified
C-W-0015-R.23-M1619-5_M1619-8.2024-07-17-11-36.NH88L,C-W-0015-R.23-M1619-5_M1619-8,2024-07-17 11:36:00,band_03,249.25945945945944,713.3189189189189,2.0,,center,automated_candidate_unverified
C-W-0015-R.23-M1619-5_M1619-8.2024-07-17-11-36.NH88L,C-W-0015-R.23-M1619-5_M1619-8,2024-07-17 11:36:00,band_04,247.7659574468085,676.1489361702128,3.0,,center,automated_candidate_unverified
C-W-0015-R.23-M1619-5_M1619-8.2024-07-17-11-36.NH88L,C-W-0015-R.23-M1619-5_M1619-8,2024-07-17 11:36:00,band_05,249.8846153846154,633.1730769230769,4.0,,center,automated_candidate_unverified
C-W-0015-R.23-M1619-5_M1619-8.2024-07-17-11-36.NH88L,C-W-0015-R.23-M1619-5_M1619-8,2024-07-17 11:36:00,band_06,252.07291666666663,592.7083333333334,5.0,,center,automated_candidate_unverified
C-W-0015-R.23-M1619-5_M1619-8.2024-07-17-11-36.NH88L,C-W-0015-R.23-M1619-5_M1619-8,2024-07-17 11:36:00,band_07,255.91666666666663,550.3888888888889,6.0,,center,automated_candidate_unverified
C-W-0015-R.23-M1619-5_M1619-8.2024-07-17-11-36.NH88L,C-W-0015-R.23-M1619-5_M1619-8,2024-07-17 11:36:00,band_08,260.1111111111111,507.3703703703704,7.0,,center,automated_candidate_unverified
C-W-0015-R.23-M1619-5_M1619-8.2024-07-17-11-36.NH88L,C-W-0015-R.23-M1619-5_M1619-8,2024-07-17 11:36:00,band_09,263.2105263157895,464.7368421052632,8.0,,center,automated_candidate_unverified
C-W-0015-R.23-M1619-5_M1619-8.2024-07-17-11-36.NH88L,C-W-0015-R.23-M1619-5_M1619-8,2024-07-17 11:36:00,band_10,266.625,421.921875,9.0,,center,automated_candidate_unverified
C-W-0015-R.23-M1619-5_M1619-8.2024-07-17-11-36.NH88L,C-W-0015-R.23-M1619-5_M1619-8,2024-07-17 11:36:00,band_11,270.015625,378.609375,10.0,,center,automated_candidate_unverified
C-W-0015-R.23-M1619-5_M1619-8.2024-07-17-11-36.NH88L,C-W-0015-R.23-M1619-5_M1619-8,2024-07-17 11:36:00,band_12,273.1666666666667,334.8333333333333,11.0,,center,automated_candidate_unverified
C-W-0015-R.23-M1619-5_M1619-8.2024-07-17-11-36.NH88L,C-W-0015-R.23-M1619-5_M1619-8,2024-07-17 11:36:00,band_13,276.8688524590164,290.672131147541,12.0,,center,automated_candidate_unverified
C-W-0015-R.23-M1619-5_M1619-8.2024-07-17-11-36.NH88L,C-W-0015-R.23-M1619-5_M1619-8,2024-07-17 11:36:00,band_14,280.03225806451616,246.29032258064515,13.0,,center,automated_candidate_unverified
C-W-0015-R.23-M1619-5_M1619-8.2024-07-17-11-36.NH88L,C-W-0015-R.23-M1619-5_M1619-8,2024-07-17 11:36:00,band_15,283.6666666666667,201.51666666666668,14.0,,center,automated_candidate_unverified
C-W-0015-R.23-M1619-5_M1619-8.2024-07-17-11-36.NH88L,C-W-0015-R.23-M1619-5_M1619-8,2024-07-17 11:36:00,band_16,286.6666666666667,156.6,15.0,,center,automated_candidate_unverified
C-W-0015-R.23-M1619-5_M1619-8.2024-07-18-11-35.NH88L,C-W-0015-R.23-M1619-5_M1619-8,2024-07-18 11:35:00,band_01,248.80645161290323,632.9677419354839,0.0,,center,automated_candidate_unverified
C-W-0015-R.23-M1619-5_M1619-8.2024-07-18-11-35.NH88L,C-W-0015-R.23-M1619-5_M1619-8,2024-07-18 11:35:00,band_02,250.21698113207543,590.9716981132076,1.0,,center,automated_candidate_unverified
C-W-0015-R.23-M1619-5_M1619-8.2024-07-18-11-35.NH88L,C-W-0015-R.23-M1619-5_M1619-8,2024-07-18 11:35:00,band_03,255.79166666666663,546.7916666666666,2.0,,center,automated_candidate_unverified
C-W-0015-R.23-M1619-5_M1619-8.2024-07-18-11-35.NH88L,C-W-0015-R.23-M1619-5_M1619-8,2024-07-18 11:35:00,band_04,258.12345679012344,506.4567901234568,3.0,,center,automated_candidate_unverified
C-W-0015-R.23-M1619-5_M1619-8.2024-07-18-11-35.NH88L,C-W-0015-R.23-M1619-5_M1619-8,2024-07-18 11:35:00,band_05,261.2738095238095,463.6666666666667,4.0,,center,automated_candidate_unverified
C-W-0015-R.23-M1619-5_M1619-8.2024-07-18-11-35.NH88L,C-W-0015-R.23-M1619-5_M1619-8,2024-07-18 11:35:00,band_06,264.55263157894734,420.6578947368421,5.0,,center,automated_candidate_unverified
C-W-0015-R.23-M1619-5_M1619-8.2024-07-18-11-35.NH88L,C-W-0015-R.23-M1619-5_M1619-8,2024-07-18 11:35:00,band_07,267.6081081081081,377.3108108108109,6.0,,center,automated_candidate_unverified
C-W-0015-R.23-M1619-5_M1619-8.2024-07-18-11-35.NH88L,C-W-0015-R.23-M1619-5_M1619-8,2024-07-18 11:35:00,band_08,270.948717948718,333.448717948718,7.0,,center,automated_candidate_unverified
C-W-0015-R.23-M1619-5_M1619-8.2024-07-18-11-35.NH88L,C-W-0015-R.23-M1619-5_M1619-8,2024-07-18 11:35:00,band_09,274.1587301587302,289.23809523809524,8.0,,center,automated_candidate_unverified
C-W-0015-R.23-M1619-5_M1619-8.2024-07-18-11-35.NH88L,C-W-0015-R.23-M1619-5_M1619-8,2024-07-18 11:35:00,band_10,277.58620689655174,244.5,9.0,,center,automated_candidate_unverified
C-W-0015-R.23-M1619-5_M1619-8.2024-07-18-11-35.NH88L,C-W-0015-R.23-M1619-5_M1619-8,2024-07-18 11:35:00,band_11,280.7333333333333,199.5,10.0,,center,automated_candidate_unverified
C-W-0015-R.23-M1619-5_M1619-8.2024-07-18-11-35.NH88L,C-W-0015-R.23-M1619-5_M1619-8,2024-07-18 11:35:00,band_12,283.77777777777777,153.96296296296296,11.0,,center,automated_candidate_unverified
C-W-0015-R.23-M1619-5_M1619-8.2024-07-19-11-35.NH88L,C-W-0015-R.23-M1619-5_M1619-8,2024-07-19 11:35:00,band_01,256.0810810810811,505.9054054054054,0.0,,center,automated_candidate_unverified
C-W-0015-R.23-M1619-5_M1619-8.2024-07-19-11-35.NH88L,C-W-0015-R.23-M1619-5_M1619-8,2024-07-19 11:35:00,band_02,259.126582278481,463.37974683544303,1.0,,center,automated_candidate_unverified
C-W-0015-R.23-M1619-5_M1619-8.2024-07-19-11-35.NH88L,C-W-0015-R.23-M1619-5_M1619-8,2024-07-19 11:35:00,band_03,262.1111111111111,420.3492063492063,2.0,,center,automated_candidate_unverified
C-W-0015-R.23-M1619-5_M1619-8.2024-07-19-11-35.NH88L,C-W-0015-R.23-M1619-5_M1619-8,2024-07-19 11:35:00,band_04,265.55357142857144,376.875,3.0,,center,automated_candidate_unverified
C-W-0015-R.23-M1619-5_M1619-8.2024-07-19-11-35.NH88L,C-W-0015-R.23-M1619-5_M1619-8,2024-07-19 11:35:00,band_05,268.5660377358491,333.0566037735849,4.0,,center,automated_candidate_unverified
C-W-0015-R.23-M1619-5_M1619-8.2024-07-19-11-35.NH88L,C-W-0015-R.23-M1619-5_M1619-8,2024-07-19 11:35:00,band_06,272.1475409836066,288.78688524590166,5.0,,center,automated_candidate_unverified
C-W-0015-R.23-M1619-5_M1619-8.2024-07-19-11-35.NH88L,C-W-0015-R.23-M1619-5_M1619-8,2024-07-19 11:35:00,band_07,275.57142857142856,244.14285714285717,6.0,,center,automated_candidate_unverified
C-W-0015-R.23-M1619-5_M1619-8.2024-07-19-11-35.NH88L,C-W-0015-R.23-M1619-5_M1619-8,2024-07-19 11:35:00,band_08,278.6428571428572,199.26785714285717,7.0,,center,automated_candidate_unverified
C-W-0015-R.23-M1619-5_M1619-8.2024-07-19-11-35.NH88L,C-W-0015-R.23-M1619-5_M1619-8,2024-07-19 11:35:00,band_09,282.025,153.675,8.0,,center,automated_candidate_unverified
C-W-0015-R.23-M1619-5_M1619-8.2024-07-20-11-35.NH88L,C-W-0015-R.23-M1619-5_M1619-8,2024-07-20 11:35:00,band_01,251.33333333333331,633.8260869565217,0.0,,center,automated_candidate_unverified
C-W-0015-R.23-M1619-5_M1619-8.2024-07-20-11-35.NH88L,C-W-0015-R.23-M1619-5_M1619-8,2024-07-20 11:35:00,band_02,243.8,587.4,1.0,,center,automated_candidate_unverified
C-W-0015-R.23-M1619-5_M1619-8.2024-07-20-11-35.NH88L,C-W-0015-R.23-M1619-5_M1619-8,2024-07-20 11:35:00,band_03,254.01,551.22,2.0,,center,automated_candidate_unverified
C-W-0015-R.23-M1619-5_M1619-8.2024-07-20-11-35.NH88L,C-W-0015-R.23-M1619-5_M1619-8,2024-07-20 11:35:00,band_04,257.55913978494624,508.5376344086022,3.0,,center,automated_candidate_unverified
C-W-0015-R.23-M1619-5_M1619-8.2024-07-20-11-35.NH88L,C-W-0015-R.23-M1619-5_M1619-8,2024-07-20 11:35:00,band_05,261.0309278350516,466.2474226804124,4.0,,center,automated_candidate_unverified
C-W-0015-R.23-M1619-5_M1619-8.2024-07-20-11-35.NH88L,C-W-0015-R.23-M1619-5_M1619-8,2024-07-20 11:35:00,band_06,264.43956043956047,423.46153846153845,5.0,,center,automated_candidate_unverified
C-W-0015-R.23-M1619-5_M1619-8.2024-07-20-11-35.NH88L,C-W-0015-R.23-M1619-5_M1619-8,2024-07-20 11:35:00,band_07,268.25,380.4565217391304,6.0,,center,automated_candidate_unverified
C-W-0015-R.23-M1619-5_M1619-8.2024-07-20-11-35.NH88L,C-W-0015-R.23-M1619-5_M1619-8,2024-07-20 11:35:00,band_08,271.41237113402065,336.7113402061856,7.0,,center,automated_candidate_unverified
C-W-0015-R.23-M1619-5_M1619-8.2024-07-20-11-35.NH88L,C-W-0015-R.23-M1619-5_M1619-8,2024-07-20 11:35:00,band_09,274.67021276595744,292.75531914893617,8.0,,center,automated_candidate_unverified
C-W-0015-R.23-M1619-5_M1619-8.2024-07-20-11-35.NH88L,C-W-0015-R.23-M1619-5_M1619-8,2024-07-20 11:35:00,band_10,278.1190476190476,248.52380952380952,9.0,,center,automated_candidate_unverified
C-W-0015-R.23-M1619-5_M1619-8.2024-07-20-11-35.NH88L,C-W-0015-R.23-M1619-5_M1619-8,2024-07-20 11:35:00,band_11,282.30232558139534,203.9418604651163,10.0,,center,automated_candidate_unverified
C-W-0015-R.23-M1619-5_M1619-8.2024-07-20-11-35.NH88L,C-W-0015-R.23-M1619-5_M1619-8,2024-07-20 11:35:00,band_12,285.7386363636364,159.0,11.0,,center,automated_candidate_unverified
C-W-0015-R.23-M1619-5_M1619-8.2024-07-21-11-35.NH88L,C-W-0015-R.23-M1619-5_M1619-8,2024-07-21 11:35:00,band_01,258.390243902439,505.9146341463415,0.0,,center,automated_candidate_unverified
C-W-0015-R.23-M1619-5_M1619-8.2024-07-21-11-35.NH88L,C-W-0015-R.23-M1619-5_M1619-8,2024-07-21 11:35:00,band_02,261.7951807228916,463.34939759036143,1.0,,center,automated_candidate_unverified
C-W-0015-R.23-M1619-5_M1619-8.2024-07-21-11-35.NH88L,C-W-0015-R.23-M1619-5_M1619-8,2024-07-21 11:35:00,band_03,265.0125,420.325,2.0,,center,automated_candidate_unverified
C-W-0015-R.23-M1619-5_M1619-8.2024-07-21-11-35.NH88L,C-W-0015-R.23-M1619-5_M1619-8,2024-07-21 11:35:00,band_04,267.95061728395063,376.9135802469136,3.0,,center,automated_candidate_unverified
C-W-0015-R.23-M1619-5_M1619-8.2024-07-21-11-35.NH88L,C-W-0015-R.23-M1619-5_M1619-8,2024-07-21 11:35:00,band_05,271.27272727272725,333.3636363636364,4.0,,center,automated_candidate_unverified
C-W-0015-R.23-M1619-5_M1619-8.2024-07-21-11-35.NH88L,C-W-0015-R.23-M1619-5_M1619-8,2024-07-21 11:35:00,band_06,275.0149253731343,289.2985074626866,5.0,,center,automated_candidate_unverified
C-W-0015-R.23-M1619-5_M1619-8.2024-07-21-11-35.NH88L,C-W-0015-R.23-M1619-5_M1619-8,2024-07-21 11:35:00,band_07,278.03225806451616,244.48387096774192,6.0,,center,automated_candidate_unverified
C-W-0015-R.23-M1619-5_M1619-8.2024-07-21-11-35.NH88L,C-W-0015-R.23-M1619-5_M1619-8,2024-07-21 11:35:00,band_08,281.6271186440678,199.57627118644064,7.0,,center,automated_candidate_unverified
C-W-0015-R.23-M1619-5_M1619-8.2024-07-21-11-35.NH88L,C-W-0015-R.23-M1619-5_M1619-8,2024-07-21 11:35:00,band_09,284.72093023255815,154.53488372093022,8.0,,center,automated_candidate_unverified
C-W-0015-R.23-M1619-5_M1619-8.2024-07-22-11-36.NH88L,C-W-0015-R.23-M1619-5_M1619-8,2024-07-22 11:36:00,band_01,258.6818181818182,505.3522727272728,0.0,,center,automated_candidate_unverified
C-W-0015-R.23-M1619-5_M1619-8.2024-07-22-11-36.NH88L,C-W-0015-R.23-M1619-5_M1619-8,2024-07-22 11:36:00,band_02,262.1,462.56666666666666,1.0,,center,automated_candidate_unverified
C-W-0015-R.23-M1619-5_M1619-8.2024-07-22-11-36.NH88L,C-W-0015-R.23-M1619-5_M1619-8,2024-07-22 11:36:00,band_03,264.9743589743589,419.448717948718,2.0,,center,automated_candidate_unverified
C-W-0015-R.23-M1619-5_M1619-8.2024-07-22-11-36.NH88L,C-W-0015-R.23-M1619-5_M1619-8,2024-07-22 11:36:00,band_04,268.52702702702703,376.2027027027027,3.0,,center,automated_candidate_unverified
C-W-0015-R.23-M1619-5_M1619-8.2024-07-22-11-36.NH88L,C-W-0015-R.23-M1619-5_M1619-8,2024-07-22 11:36:00,band_05,271.59722222222223,332.4166666666667,4.0,,center,automated_candidate_unverified
C-W-0015-R.23-M1619-5_M1619-8.2024-07-22-11-36.NH88L,C-W-0015-R.23-M1619-5_M1619-8,2024-07-22 11:36:00,band_06,275.12820512820514,288.2564102564103,5.0,,center,automated_candidate_unverified
C-W-0015-R.23-M1619-5_M1619-8.2024-07-22-11-36.NH88L,C-W-0015-R.23-M1619-5_M1619-8,2024-07-22 11:36:00,band_07,278.4266666666667,243.64,6.0,,center,automated_candidate_unverified
C-W-0015-R.23-M1619-5_M1619-8.2024-07-22-11-36.NH88L,C-W-0015-R.23-M1619-5_M1619-8,2024-07-22 11:36:00,band_08,281.57894736842104,198.8815789473684,7.0,,center,automated_candidate_unverified
C-W-0015-R.23-M1619-5_M1619-8.2024-07-22-11-36.NH88L,C-W-0015-R.23-M1619-5_M1619-8,2024-07-22 11:36:00,band_09,285.1230769230769,153.87692307692308,8.0,,center,automated_candidate_unverified
C-W-0015-R.23-M1619-5_M1619-8.2024-07-23-11-36.NH88L,C-W-0015-R.23-M1619-5_M1619-8,2024-07-23 11:36:00,band_01,260.1368421052632,505.37894736842105,0.0,,center,automated_candidate_unverified
C-W-0015-R.23-M1619-5_M1619-8.2024-07-23-11-36.NH88L,C-W-0015-R.23-M1619-5_M1619-8,2024-07-23 11:36:00,band_02,263.27777777777777,462.56666666666666,1.0,,center,automated_candidate_unverified
C-W-0015-R.23-M1619-5_M1619-8.2024-07-23-11-36.NH88L,C-W-0015-R.23-M1619-5_M1619-8,2024-07-23 11:36:00,band_03,266.5,419.5,2.0,,center,automated_candidate_unverified
C-W-0015-R.23-M1619-5_M1619-8.2024-07-23-11-36.NH88L,C-W-0015-R.23-M1619-5_M1619-8,2024-07-23 11:36:00,band_04,270.0833333333333,376.4166666666667,3.0,,center,automated_candidate_unverified
C-W-0015-R.23-M1619-5_M1619-8.2024-07-23-11-36.NH88L,C-W-0015-R.23-M1619-5_M1619-8,2024-07-23 11:36:00,band_05,273.2168674698795,332.578313253012,4.0,,center,automated_candidate_unverified
C-W-0015-R.23-M1619-5_M1619-8.2024-07-23-11-36.NH88L,C-W-0015-R.23-M1619-5_M1619-8,2024-07-23 11:36:00,band_06,276.6744186046512,288.2325581395349,5.0,,center,automated_candidate_unverified
C-W-0015-R.23-M1619-5_M1619-8.2024-07-23-11-36.NH88L,C-W-0015-R.23-M1619-5_M1619-8,2024-07-23 11:36:00,band_07,280.1411764705882,243.64705882352945,6.0,,center,automated_candidate_unverified
C-W-0015-R.23-M1619-5_M1619-8.2024-07-23-11-36.NH88L,C-W-0015-R.23-M1619-5_M1619-8,2024-07-23 11:36:00,band_08,283.32941176470587,198.74117647058824,7.0,,center,automated_candidate_unverified
C-W-0015-R.23-M1619-5_M1619-8.2024-07-23-11-36.NH88L,C-W-0015-R.23-M1619-5_M1619-8,2024-07-23 11:36:00,band_09,286.7352941176471,153.39705882352942,8.0,,center,automated_candidate_unverified
C-W-0015-R.23-M1619-5_M1619-8.2024-07-24-11-36.NH88L,C-W-0015-R.23-M1619-5_M1619-8,2024-07-24 11:36:00,band_01,259.0408163265306,504.1428571428572,0.0,,center,automated_candidate_unverified
C-W-0015-R.23-M1619-5_M1619-8.2024-07-24-11-36.NH88L,C-W-0015-R.23-M1619-5_M1619-8,2024-07-24 11:36:00,band_02,261.4945054945055,461.61538461538464,1.0,,center,automated_candidate_unverified
C-W-0015-R.23-M1619-5_M1619-8.2024-07-24-11-36.NH88L,C-W-0015-R.23-M1619-5_M1619-8,2024-07-24 11:36:00,band_03,264.8,418.4823529411765,2.0,,center,automated_candidate_unverified
C-W-0015-R.23-M1619-5_M1619-8.2024-07-24-11-36.NH88L,C-W-0015-R.23-M1619-5_M1619-8,2024-07-24 11:36:00,band_04,268.2584269662921,374.9325842696629,3.0,,center,automated_candidate_unverified
C-W-0015-R.23-M1619-5_M1619-8.2024-07-24-11-36.NH88L,C-W-0015-R.23-M1619-5_M1619-8,2024-07-24 11:36:00,band_05,271.2134831460674,331.0,4.0,,center,automated_candidate_unverified
C-W-0015-R.23-M1619-5_M1619-8.2024-07-24-11-36.NH88L,C-W-0015-R.23-M1619-5_M1619-8,2024-07-24 11:36:00,band_06,274.6823529411765,286.67058823529413,5.0,,center,automated_candidate_unverified
C-W-0015-R.23-M1619-5_M1619-8.2024-07-24-11-36.NH88L,C-W-0015-R.23-M1619-5_M1619-8,2024-07-24 11:36:00,band_07,278.11494252873564,241.73563218390805,6.0,,center,automated_candidate_unverified
C-W-0015-R.23-M1619-5_M1619-8.2024-07-24-11-36.NH88L,C-W-0015-R.23-M1619-5_M1619-8,2024-07-24 11:36:00,band_08,281.17977528089887,196.5730337078652,7.0,,center,automated_candidate_unverified
C-W-0015-R.23-M1619-5_M1619-8.2024-07-24-11-36.NH88L,C-W-0015-R.23-M1619-5_M1619-8,2024-07-24 11:36:00,band_09,284.7236842105263,150.82894736842104,8.0,,center,automated_candidate_unverified
C-W-0015-R.23-M1619-5_M1619-8.2024-07-25-11-36.NH88L,C-W-0015-R.23-M1619-5_M1619-8,2024-07-25 11:36:00,band_01,272.91011235955057,420.86516853932585,0.0,,center,automated_candidate_unverified
C-W-0015-R.23-M1619-5_M1619-8.2024-07-25-11-36.NH88L,C-W-0015-R.23-M1619-5_M1619-8,2024-07-25 11:36:00,band_02,276.4725274725275,377.61538461538464,1.0,,center,automated_candidate_unverified
C-W-0015-R.23-M1619-5_M1619-8.2024-07-25-11-36.NH88L,C-W-0015-R.23-M1619-5_M1619-8,2024-07-25 11:36:00,band_03,279.9130434782609,333.95652173913044,2.0,,center,automated_candidate_unverified
C-W-0015-R.23-M1619-5_M1619-8.2024-07-25-11-36.NH88L,C-W-0015-R.23-M1619-5_M1619-8,2024-07-25 11:36:00,band_04,283.3370786516854,289.6292134831461,3.0,,center,automated_candidate_unverified
C-W-0015-R.23-M1619-5_M1619-8.2024-07-25-11-36.NH88L,C-W-0015-R.23-M1619-5_M1619-8,2024-07-25 11:36:00,band_05,287.1807228915663,245.10843373493972,4.0,,center,automated_candidate_unverified
C-W-0015-R.23-M1619-5_M1619-8.2024-07-25-11-36.NH88L,C-W-0015-R.23-M1619-5_M1619-8,2024-07-25 11:36:00,band_06,290.6585365853659,200.1219512195122,5.0,,center,automated_candidate_unverified
C-W-0015-R.23-M1619-5_M1619-8.2024-07-25-11-36.NH88L,C-W-0015-R.23-M1619-5_M1619-8,2024-07-25 11:36:00,band_07,294.1095890410959,154.86301369863014,6.0,,center,automated_candidate_unverified
C-W-0015-R.23-M1619-5_M1619-8.2024-07-26-11-37.NH88L,C-W-0015-R.23-M1619-5_M1619-8,2024-07-26 11:37:00,band_01,269.28915662650604,375.2168674698795,0.0,,center,automated_candidate_unverified
C-W-0015-R.23-M1619-5_M1619-8.2024-07-26-11-37.NH88L,C-W-0015-R.23-M1619-5_M1619-8,2024-07-26 11:37:00,band_02,272.67088607594934,331.27848101265823,1.0,,center,automated_candidate_unverified
C-W-0015-R.23-M1619-5_M1619-8.2024-07-26-11-37.NH88L,C-W-0015-R.23-M1619-5_M1619-8,2024-07-26 11:37:00,band_03,276.2317073170732,287.109756097561,2.0,,center,automated_candidate_unverified
C-W-0015-R.23-M1619-5_M1619-8.2024-07-26-11-37.NH88L,C-W-0015-R.23-M1619-5_M1619-8,2024-07-26 11:37:00,band_04,279.67857142857144,242.1547619047619,3.0,,center,automated_candidate_unverified
C-W-0015-R.23-M1619-5_M1619-8.2024-07-26-11-37.NH88L,C-W-0015-R.23-M1619-5_M1619-8,2024-07-26 11:37:00,band_05,283.04651162790697,197.12790697674416,4.0,,center,automated_candidate_unverified
C-W-0015-R.23-M1619-5_M1619-8.2024-07-26-11-37.NH88L,C-W-0015-R.23-M1619-5_M1619-8,2024-07-26 11:37:00,band_06,286.46753246753246,151.72727272727272,5.0,,center,automated_candidate_unverified
C-W-0015-R.23-M1619-5_M1619-8.2024-07-27-11-37.NH88L,C-W-0015-R.23-M1619-5_M1619-8,2024-07-27 11:37:00,band_01,268.4428571428571,373.9,0.0,,center,automated_candidate_unverified
C-W-0015-R.23-M1619-5_M1619-8.2024-07-27-11-37.NH88L,C-W-0015-R.23-M1619-5_M1619-8,2024-07-27 11:37:00,band_02,271.7538461538461,330.03076923076924,1.0,,center,automated_candidate_unverified
C-W-0015-R.23-M1619-5_M1619-8.2024-07-27-11-37.NH88L,C-W-0015-R.23-M1619-5_M1619-8,2024-07-27 11:37:00,band_03,275.1449275362319,285.5652173913044,2.0,,center,automated_candidate_unverified
C-W-0015-R.23-M1619-5_M1619-8.2024-07-27-11-37.NH88L,C-W-0015-R.23-M1619-5_M1619-8,2024-07-27 11:37:00,band_04,278.24242424242425,240.6515151515152,3.0,,center,automated_candidate_unverified
C-W-0015-R.23-M1619-5_M1619-8.2024-07-27-11-37.NH88L,C-W-0015-R.23-M1619-5_M1619-8,2024-07-27 11:37:00,band_05,281.9076923076923,195.5692307692308,4.0,,center,automated_candidate_unverified
C-W-0015-R.23-M1619-5_M1619-8.2024-07-27-11-37.NH88L,C-W-0015-R.23-M1619-5_M1619-8,2024-07-27 11:37:00,band_06,285.2083333333333,149.89583333333334,5.0,,center,automated_candidate_unverified
C-W-0015-R.23-M1619-5_M1619-8.2024-07-28-11-32.NH88L,C-W-0015-R.23-M1619-5_M1619-8,2024-07-28 11:32:00,band_01,269.64473684210526,374.6184210526316,0.0,,center,automated_candidate_unverified
C-W-0015-R.23-M1619-5_M1619-8.2024-07-28-11-32.NH88L,C-W-0015-R.23-M1619-5_M1619-8,2024-07-28 11:32:00,band_02,273.1578947368421,330.7105263157895,1.0,,center,automated_candidate_unverified
C-W-0015-R.23-M1619-5_M1619-8.2024-07-28-11-32.NH88L,C-W-0015-R.23-M1619-5_M1619-8,2024-07-28 11:32:00,band_03,276.8076923076923,286.61538461538464,2.0,,center,automated_candidate_unverified
C-W-0015-R.23-M1619-5_M1619-8.2024-07-28-11-32.NH88L,C-W-0015-R.23-M1619-5_M1619-8,2024-07-28 11:32:00,band_04,280.0,241.5,3.0,,center,automated_candidate_unverified
C-W-0015-R.23-M1619-5_M1619-8.2024-07-28-11-32.NH88L,C-W-0015-R.23-M1619-5_M1619-8,2024-07-28 11:32:00,band_05,283.44444444444446,196.5432098765432,4.0,,center,automated_candidate_unverified
C-W-0015-R.23-M1619-5_M1619-8.2024-07-28-11-32.NH88L,C-W-0015-R.23-M1619-5_M1619-8,2024-07-28 11:32:00,band_06,286.7142857142857,150.76190476190476,5.0,,center,automated_candidate_unverified
C-W-0015-R.23-M1619-5_M1619-8.2024-07-29-11-33.NH88L,C-W-0015-R.23-M1619-5_M1619-8,2024-07-29 11:33:00,band_01,268.4142857142857,373.7857142857143,0.0,,center,automated_candidate_unverified
C-W-0015-R.23-M1619-5_M1619-8.2024-07-29-11-33.NH88L,C-W-0015-R.23-M1619-5_M1619-8,2024-07-29 11:33:00,band_02,271.6865671641791,330.13432835820896,1.0,,center,automated_candidate_unverified
C-W-0015-R.23-M1619-5_M1619-8.2024-07-29-11-33.NH88L,C-W-0015-R.23-M1619-5_M1619-8,2024-07-29 11:33:00,band_03,274.9508196721312,285.655737704918,2.0,,center,automated_candidate_unverified
C-W-0015-R.23-M1619-5_M1619-8.2024-07-29-11-33.NH88L,C-W-0015-R.23-M1619-5_M1619-8,2024-07-29 11:33:00,band_04,277.91379310344826,241.06896551724137,3.0,,center,automated_candidate_unverified
C-W-0015-R.23-M1619-5_M1619-8.2024-07-29-11-33.NH88L,C-W-0015-R.23-M1619-5_M1619-8,2024-07-29 11:33:00,band_05,281.49122807017545,196.1578947368421,4.0,,center,automated_candidate_unverified
C-W-0015-R.23-M1619-5_M1619-8.2024-07-29-11-33.NH88L,C-W-0015-R.23-M1619-5_M1619-8,2024-07-29 11:33:00,band_06,284.175,150.675,5.0,,center,automated_candidate_unverified
C-W-0015-R.23-M1619-5_M1619-8.2024-07-30-11-31.NH88L,C-W-0015-R.23-M1619-5_M1619-8,2024-07-30 11:31:00,band_01,274.3673469387755,334.2448979591837,0.0,,center,automated_candidate_unverified
C-W-0015-R.23-M1619-5_M1619-8.2024-07-30-11-31.NH88L,C-W-0015-R.23-M1619-5_M1619-8,2024-07-30 11:31:00,band_02,278.36,290.58,1.0,,center,automated_candidate_unverified
C-W-0015-R.23-M1619-5_M1619-8.2024-07-30-11-31.NH88L,C-W-0015-R.23-M1619-5_M1619-8,2024-07-30 11:31:00,band_03,281.2061855670103,245.91752577319588,2.0,,center,automated_candidate_unverified
C-W-0015-R.23-M1619-5_M1619-8.2024-07-30-11-31.NH88L,C-W-0015-R.23-M1619-5_M1619-8,2024-07-30 11:31:00,band_04,284.72,201.5,3.0,,center,automated_candidate_unverified
C-W-0015-R.23-M1619-5_M1619-8.2024-07-30-11-31.NH88L,C-W-0015-R.23-M1619-5_M1619-8,2024-07-30 11:31:00,band_05,288.36046511627904,156.72093023255815,4.0,,center,automated_candidate_unverified
C-W-0015-R.23-M1619-5_M1619-8.2024-07-31-11-33.NH88L,C-W-0015-R.23-M1619-5_M1619-8,2024-07-31 11:33:00,band_01,267.8965517241379,374.0172413793104,0.0,,center,automated_candidate_unverified
C-W-0015-R.23-M1619-5_M1619-8.2024-07-31-11-33.NH88L,C-W-0015-R.23-M1619-5_M1619-8,2024-07-31 11:33:00,band_02,271.49122807017545,330.2280701754386,1.0,,center,automated_candidate_unverified
C-W-0015-R.23-M1619-5_M1619-8.2024-07-31-11-33.NH88L,C-W-0015-R.23-M1619-5_M1619-8,2024-07-31 11:33:00,band_03,274.60714285714283,285.98214285714283,2.0,,center,automated_candidate_unverified
C-W-0015-R.23-M1619-5_M1619-8.2024-07-31-11-33.NH88L,C-W-0015-R.23-M1619-5_M1619-8,2024-07-31 11:33:00,band_04,277.8245614035088,241.3684210526316,3.0,,center,automated_candidate_unverified
C-W-0015-R.23-M1619-5_M1619-8.2024-07-31-11-33.NH88L,C-W-0015-R.23-M1619-5_M1619-8,2024-07-31 11:33:00,band_05,281.5,196.6034482758621,4.0,,center,automated_candidate_unverified
C-W-0015-R.23-M1619-5_M1619-8.2024-07-31-11-33.NH88L,C-W-0015-R.23-M1619-5_M1619-8,2024-07-31 11:33:00,band_06,284.8048780487805,151.1951219512195,5.0,,center,automated_candidate_unverified
C-W-0015-R.23-M1619-5_M1619-8.2024-08-01-11-32.NH88L,C-W-0015-R.23-M1619-5_M1619-8,2024-08-01 11:32:00,band_01,260.76623376623377,460.3376623376623,0.0,,center,automated_candidate_unverified
C-W-0015-R.23-M1619-5_M1619-8.2024-08-01-11-32.NH88L,C-W-0015-R.23-M1619-5_M1619-8,2024-08-01 11:32:00,band_02,262.9591836734694,417.18367346938777,1.0,,center,automated_candidate_unverified
C-W-0015-R.23-M1619-5_M1619-8.2024-08-01-11-32.NH88L,C-W-0015-R.23-M1619-5_M1619-8,2024-08-01 11:32:00,band_03,267.5660377358491,374.0566037735849,2.0,,center,automated_candidate_unverified
C-W-0015-R.23-M1619-5_M1619-8.2024-08-01-11-32.NH88L,C-W-0015-R.23-M1619-5_M1619-8,2024-08-01 11:32:00,band_04,270.68,330.38,3.0,,center,automated_candidate_unverified
C-W-0015-R.23-M1619-5_M1619-8.2024-08-01-11-32.NH88L,C-W-0015-R.23-M1619-5_M1619-8,2024-08-01 11:32:00,band_05,274.0652173913044,286.0652173913044,4.0,,center,automated_candidate_unverified
C-W-0015-R.23-M1619-5_M1619-8.2024-08-01-11-32.NH88L,C-W-0015-R.23-M1619-5_M1619-8,2024-08-01 11:32:00,band_06,277.6730769230769,241.6153846153846,5.0,,center,automated_candidate_unverified
C-W-0015-R.23-M1619-5_M1619-8.2024-08-01-11-32.NH88L,C-W-0015-R.23-M1619-5_M1619-8,2024-08-01 11:32:00,band_07,280.9166666666667,197.0,6.0,,center,automated_candidate_unverified
C-W-0015-R.23-M1619-5_M1619-8.2024-08-01-11-32.NH88L,C-W-0015-R.23-M1619-5_M1619-8,2024-08-01 11:32:00,band_08,284.2758620689655,151.55172413793105,7.0,,center,automated_candidate_unverified
C-W-0015-R.23-M1619-5_M1619-8.2024-08-02-11-32.NH88L,C-W-0015-R.23-M1619-5_M1619-8,2024-08-02 11:32:00,band_01,73.14516129032258,836.7741935483871,0.0,,center,automated_candidate_unverified
C-W-0015-R.23-M1619-5_M1619-8.2024-08-02-11-32.NH88L,C-W-0015-R.23-M1619-5_M1619-8,2024-08-02 11:32:00,band_02,74.39240506329114,817.5759493670886,1.0,,center,automated_candidate_unverified
C-W-0015-R.23-M1619-5_M1619-8.2024-08-02-11-32.NH88L,C-W-0015-R.23-M1619-5_M1619-8,2024-08-02 11:32:00,band_03,73.61325966850829,799.1325966850828,2.0,,center,automated_candidate_unverified
C-W-0015-R.23-M1619-5_M1619-8.2024-08-02-11-32.NH88L,C-W-0015-R.23-M1619-5_M1619-8,2024-08-02 11:32:00,band_04,65.14285714285714,779.7142857142857,3.0,,center,automated_candidate_unverified
C-W-0015-R.23-M1619-5_M1619-8.2024-08-02-11-32.NH88L,C-W-0015-R.23-M1619-5_M1619-8,2024-08-02 11:32:00,band_05,72.73626373626374,763.5054945054945,4.0,,center,automated_candidate_unverified
C-W-0015-R.23-M1619-5_M1619-8.2024-08-02-11-32.NH88L,C-W-0015-R.23-M1619-5_M1619-8,2024-08-02 11:32:00,band_06,74.11538461538461,742.489010989011,5.0,,center,automated_candidate_unverified
C-W-0015-R.23-M1619-5_M1619-8.2024-08-02-11-32.NH88L,C-W-0015-R.23-M1619-5_M1619-8,2024-08-02 11:32:00,band_07,65.11764705882354,723.5882352941177,6.0,,center,automated_candidate_unverified
C-W-0015-R.23-M1619-5_M1619-8.2024-08-03-11-32.NH88L,C-W-0015-R.23-M1619-5_M1619-8,2024-08-03 11:32:00,band_01,268.62,371.84,0.0,,center,automated_candidate_unverified
C-W-0015-R.23-M1619-5_M1619-8.2024-08-03-11-32.NH88L,C-W-0015-R.23-M1619-5_M1619-8,2024-08-03 11:32:00,band_02,271.5660377358491,328.0566037735849,1.0,,center,automated_candidate_unverified
C-W-0015-R.23-M1619-5_M1619-8.2024-08-03-11-32.NH88L,C-W-0015-R.23-M1619-5_M1619-8,2024-08-03 11:32:00,band_03,274.8,283.78,2.0,,center,automated_candidate_unverified
C-W-0015-R.23-M1619-5_M1619-8.2024-08-03-11-32.NH88L,C-W-0015-R.23-M1619-5_M1619-8,2024-08-03 11:32:00,band_04,278.1875,238.85416666666663,3.0,,center,automated_candidate_unverified
C-W-0015-R.23-M1619-5_M1619-8.2024-08-03-11-32.NH88L,C-W-0015-R.23-M1619-5_M1619-8,2024-08-03 11:32:00,band_05,281.6666666666667,194.0,4.0,,center,automated_candidate_unverified
C-W-0015-R.23-M1619-5_M1619-8.2024-08-04-11-33.NH88L,C-W-0015-R.23-M1619-5_M1619-8,2024-08-04 11:33:00,band_01,102.53636363636365,780.4090909090909,0.0,,center,automated_candidate_unverified
C-W-0015-R.23-M1619-5_M1619-8.2024-08-04-11-33.NH88L,C-W-0015-R.23-M1619-5_M1619-8,2024-08-04 11:33:00,band_02,101.8846153846154,748.7307692307693,1.0,,center,automated_candidate_unverified
C-W-0015-R.23-M1619-5_M1619-8.2024-08-04-11-33.NH88L,C-W-0015-R.23-M1619-5_M1619-8,2024-08-04 11:33:00,band_03,107.73684210526316,721.6315789473684,2.0,,center,automated_candidate_unverified
C-W-0015-R.23-M1619-5_M1619-8.2024-08-04-11-33.NH88L,C-W-0015-R.23-M1619-5_M1619-8,2024-08-04 11:33:00,band_04,106.22222222222224,695.8,3.0,,center,automated_candidate_unverified
C-W-0015-R.23-M1619-5_M1619-8.2024-08-04-11-33.NH88L,C-W-0015-R.23-M1619-5_M1619-8,2024-08-04 11:33:00,band_05,112.0,663.5,4.0,,center,automated_candidate_unverified
C-W-0015-R.23-M1619-5_M1619-8.2024-08-04-11-33.NH88L,C-W-0015-R.23-M1619-5_M1619-8,2024-08-04 11:33:00,band_06,116.36607142857144,630.2767857142857,5.0,,center,automated_candidate_unverified
C-W-0015-R.23-M1619-5_M1619-8.2024-08-04-11-33.NH88L,C-W-0015-R.23-M1619-5_M1619-8,2024-08-04 11:33:00,band_07,122.95,604.45,6.0,,center,automated_candidate_unverified
C-W-0015-R.23-M1619-5_M1619-8.2024-08-05-11-33.NH88L,C-W-0015-R.23-M1619-5_M1619-8,2024-08-05 11:33:00,band_01,267.6984126984127,371.0,0.0,,center,automated_candidate_unverified
C-W-0015-R.23-M1619-5_M1619-8.2024-08-05-11-33.NH88L,C-W-0015-R.23-M1619-5_M1619-8,2024-08-05 11:33:00,band_02,270.95238095238096,326.6507936507937,1.0,,center,automated_candidate_unverified
C-W-0015-R.23-M1619-5_M1619-8.2024-08-05-11-33.NH88L,C-W-0015-R.23-M1619-5_M1619-8,2024-08-05 11:33:00,band_03,274.11290322580646,282.0483870967742,2.0,,center,automated_candidate_unverified
C-W-0015-R.23-M1619-5_M1619-8.2024-08-05-11-33.NH88L,C-W-0015-R.23-M1619-5_M1619-8,2024-08-05 11:33:00,band_04,277.51724137931035,236.86206896551724,3.0,,center,automated_candidate_unverified
C-W-0015-R.23-M1619-5_M1619-8.2024-08-05-11-33.NH88L,C-W-0015-R.23-M1619-5_M1619-8,2024-08-05 11:33:00,band_05,280.9384615384615,191.53846153846155,4.0,,center,automated_candidate_unverified
C-W-0015-R.23-M1619-5_M1619-8.2024-08-05-11-33.NH88L,C-W-0015-R.23-M1619-5_M1619-8,2024-08-05 11:33:00,band_06,283.9512195121951,145.58536585365854,5.0,,center,automated_candidate_unverified
C-W-0015-R.23-M1619-5_M1619-8.2024-08-06-11-34.NH88L,C-W-0015-R.23-M1619-5_M1619-8,2024-08-06 11:34:00,band_01,269.25,537.375,0.0,,center,automated_candidate_unverified
C-W-0015-R.23-M1619-5_M1619-8.2024-08-06-11-34.NH88L,C-W-0015-R.23-M1619-5_M1619-8,2024-08-06 11:34:00,band_02,259.3768115942029,505.9420289855073,1.0,,center,automated_candidate_unverified
C-W-0015-R.23-M1619-5_M1619-8.2024-08-06-11-34.NH88L,C-W-0015-R.23-M1619-5_M1619-8,2024-08-06 11:34:00,band_03,258.91752577319585,462.680412371134,2.0,,center,automated_candidate_unverified
C-W-0015-R.23-M1619-5_M1619-8.2024-08-06-11-34.NH88L,C-W-0015-R.23-M1619-5_M1619-8,2024-08-06 11:34:00,band_04,272.1036269430052,418.6321243523316,3.0,,center,automated_candidate_unverified
C-W-0015-R.23-M1619-5_M1619-8.2024-08-06-11-34.NH88L,C-W-0015-R.23-M1619-5_M1619-8,2024-08-06 11:34:00,band_05,265.91954022988506,376.4022988505747,4.0,,center,automated_candidate_unverified
C-W-0015-R.23-M1619-5_M1619-8.2024-08-06-11-34.NH88L,C-W-0015-R.23-M1619-5_M1619-8,2024-08-06 11:34:00,band_06,269.04761904761904,332.3452380952381,5.0,,center,automated_candidate_unverified
C-W-0015-R.23-M1619-5_M1619-8.2024-08-06-11-34.NH88L,C-W-0015-R.23-M1619-5_M1619-8,2024-08-06 11:34:00,band_07,272.51851851851853,287.85185185185185,6.0,,center,automated_candidate_unverified
C-W-0015-R.23-M1619-5_M1619-8.2024-08-06-11-34.NH88L,C-W-0015-R.23-M1619-5_M1619-8,2024-08-06 11:34:00,band_08,275.9102564102564,243.02564102564105,7.0,,center,automated_candidate_unverified
C-W-0015-R.23-M1619-5_M1619-8.2024-08-06-11-34.NH88L,C-W-0015-R.23-M1619-5_M1619-8,2024-08-06 11:34:00,band_09,279.375,197.975,8.0,,center,automated_candidate_unverified
C-W-0015-R.23-M1619-5_M1619-8.2024-08-06-11-34.NH88L,C-W-0015-R.23-M1619-5_M1619-8,2024-08-06 11:34:00,band_10,282.84415584415586,152.44155844155844,9.0,,center,automated_candidate_unverified
C-W-0015-R.23-M1619-5_M1619-8.2024-08-07-11-34.NH88L,C-W-0015-R.23-M1619-5_M1619-8,2024-08-07 11:34:00,band_01,269.11290322580646,372.64516129032256,0.0,,center,automated_candidate_unverified
C-W-0015-R.23-M1619-5_M1619-8.2024-08-07-11-34.NH88L,C-W-0015-R.23-M1619-5_M1619-8,2024-08-07 11:34:00,band_02,272.3888888888889,328.6296296296296,1.0,,center,automated_candidate_unverified
C-W-0015-R.23-M1619-5_M1619-8.2024-08-07-11-34.NH88L,C-W-0015-R.23-M1619-5_M1619-8,2024-08-07 11:34:00,band_03,275.6111111111111,284.1296296296296,2.0,,center,automated_candidate_unverified
C-W-0015-R.23-M1619-5_M1619-8.2024-08-07-11-34.NH88L,C-W-0015-R.23-M1619-5_M1619-8,2024-08-07 11:34:00,band_04,279.32,239.2,3.0,,center,automated_candidate_unverified
C-W-0015-R.23-M1619-5_M1619-8.2024-08-07-11-34.NH88L,C-W-0015-R.23-M1619-5_M1619-8,2024-08-07 11:34:00,band_05,282.54545454545456,193.8,4.0,,center,automated_candidate_unverified
C-W-0015-R.23-M1619-5_M1619-8.2024-08-07-11-34.NH88L,C-W-0015-R.23-M1619-5_M1619-8,2024-08-07 11:34:00,band_06,285.61764705882354,148.2058823529412,5.0,,center,automated_candidate_unverified
C-W-0015-R.23-M1619-5_M1619-8.2024-08-08-11-33.NH88L,C-W-0015-R.23-M1619-5_M1619-8,2024-08-08 11:33:00,band_01,262.23809523809524,375.4761904761905,0.0,,center,automated_candidate_unverified
C-W-0015-R.23-M1619-5_M1619-8.2024-08-08-11-33.NH88L,C-W-0015-R.23-M1619-5_M1619-8,2024-08-08 11:33:00,band_02,268.27906976744185,332.13953488372096,1.0,,center,automated_candidate_unverified
C-W-0015-R.23-M1619-5_M1619-8.2024-08-08-11-33.NH88L,C-W-0015-R.23-M1619-5_M1619-8,2024-08-08 11:33:00,band_03,268.9512195121951,286.9390243902439,2.0,,center,automated_candidate_unverified
C-W-0015-R.23-M1619-5_M1619-8.2024-08-08-11-33.NH88L,C-W-0015-R.23-M1619-5_M1619-8,2024-08-08 11:33:00,band_04,272.44303797468353,242.0632911392405,3.0,,center,automated_candidate_unverified
C-W-0015-R.23-M1619-5_M1619-8.2024-08-08-11-33.NH88L,C-W-0015-R.23-M1619-5_M1619-8,2024-08-08 11:33:00,band_05,275.7625,196.725,4.0,,center,automated_candidate_unverified
C-W-0015-R.23-M1619-5_M1619-8.2024-08-08-11-33.NH88L,C-W-0015-R.23-M1619-5_M1619-8,2024-08-08 11:33:00,band_06,279.30882352941177,151.4264705882353,5.0,,center,automated_candidate_unverified
C-W-0010-L.21-M1745-1.2024-06-28-11-53.NH88X,C-W-0010-L.21-M1745-1,2024-06-28 11:53:00,band_01,678.2947368421053,560.3684210526316,0.0,,center,automated_candidate_unverified
C-W-0010-L.21-M1745-1.2024-06-28-11-53.NH88X,C-W-0010-L.21-M1745-1,2024-06-28 11:53:00,band_02,683.3131313131313,519.3939393939394,1.0,,center,automated_candidate_unverified
C-W-0010-L.21-M1745-1.2024-06-28-11-53.NH88X,C-W-0010-L.21-M1745-1,2024-06-28 11:53:00,band_03,687.8351648351648,479.4725274725275,2.0,,center,automated_candidate_unverified
C-W-0010-L.21-M1745-1.2024-06-28-11-53.NH88X,C-W-0010-L.21-M1745-1,2024-06-28 11:53:00,band_04,692.6976744186046,439.3372093023256,3.0,,center,automated_candidate_unverified
C-W-0010-L.21-M1745-1.2024-06-28-11-53.NH88X,C-W-0010-L.21-M1745-1,2024-06-28 11:53:00,band_05,697.5280898876405,399.4157303370786,4.0,,center,automated_candidate_unverified
C-W-0010-L.21-M1745-1.2024-06-28-11-53.NH88X,C-W-0010-L.21-M1745-1,2024-06-28 11:53:00,band_06,702.4772727272727,360.625,5.0,,center,automated_candidate_unverified
C-W-0010-L.21-M1745-1.2024-06-28-11-53.NH88X,C-W-0010-L.21-M1745-1,2024-06-28 11:53:00,band_07,706.9382716049382,321.4074074074074,6.0,,center,automated_candidate_unverified
C-W-0010-L.21-M1745-1.2024-06-28-11-53.NH88X,C-W-0010-L.21-M1745-1,2024-06-28 11:53:00,band_08,711.7012987012987,283.1168831168831,7.0,,center,automated_candidate_unverified
C-W-0010-L.21-M1745-1.2024-06-28-11-53.NH88X,C-W-0010-L.21-M1745-1,2024-06-28 11:53:00,band_09,716.4520547945206,244.8630136986301,8.0,,center,automated_candidate_unverified
C-W-0010-L.21-M1745-1.2024-06-29-11-54.NH88X,C-W-0010-L.21-M1745-1,2024-06-29 11:54:00,band_01,629.421052631579,762.5350877192982,0.0,,center,automated_candidate_unverified
C-W-0010-L.21-M1745-1.2024-06-29-11-54.NH88X,C-W-0010-L.21-M1745-1,2024-06-29 11:54:00,band_02,637.4023668639053,722.0473372781065,1.0,,center,automated_candidate_unverified
C-W-0010-L.21-M1745-1.2024-06-29-11-54.NH88X,C-W-0010-L.21-M1745-1,2024-06-29 11:54:00,band_03,636.4,681.44,2.0,,center,automated_candidate_unverified
C-W-0010-L.21-M1745-1.2024-06-29-11-54.NH88X,C-W-0010-L.21-M1745-1,2024-06-29 11:54:00,band_04,640.4711538461538,641.3653846153846,3.0,,center,automated_candidate_unverified
C-W-0010-L.21-M1745-1.2024-06-29-11-54.NH88X,C-W-0010-L.21-M1745-1,2024-06-29 11:54:00,band_05,645.3309352517986,601.0719424460432,4.0,,center,automated_candidate_unverified
C-W-0010-L.21-M1745-1.2024-06-29-11-54.NH88X,C-W-0010-L.21-M1745-1,2024-06-29 11:54:00,band_06,649.8227848101266,560.9746835443038,5.0,,center,automated_candidate_unverified
C-W-0010-L.21-M1745-1.2024-06-29-11-54.NH88X,C-W-0010-L.21-M1745-1,2024-06-29 11:54:00,band_07,654.425,520.1125,6.0,,center,automated_candidate_unverified
C-W-0010-L.21-M1745-1.2024-06-29-11-54.NH88X,C-W-0010-L.21-M1745-1,2024-06-29 11:54:00,band_08,659.056338028169,480.7042253521127,7.0,,center,automated_candidate_unverified
C-W-0010-L.21-M1745-1.2024-06-29-11-54.NH88X,C-W-0010-L.21-M1745-1,2024-06-29 11:54:00,band_09,663.8644067796611,440.8135593220339,8.0,,center,automated_candidate_unverified
C-W-0010-L.21-M1745-1.2024-06-29-11-54.NH88X,C-W-0010-L.21-M1745-1,2024-06-29 11:54:00,band_10,668.4827586206897,401.0862068965517,9.0,,center,automated_candidate_unverified
C-W-0010-L.21-M1745-1.2024-06-29-11-54.NH88X,C-W-0010-L.21-M1745-1,2024-06-29 11:54:00,band_11,673.1666666666666,362.5416666666667,10.0,,center,automated_candidate_unverified
C-W-0010-L.21-M1745-1.2024-06-29-11-54.NH88X,C-W-0010-L.21-M1745-1,2024-06-29 11:54:00,band_12,677.6521739130435,323.5,11.0,,center,automated_candidate_unverified
C-W-0010-L.21-M1745-1.2024-06-29-11-54.NH88X,C-W-0010-L.21-M1745-1,2024-06-29 11:54:00,band_13,682.6595744680851,285.17021276595744,12.0,,center,automated_candidate_unverified
C-W-0010-L.21-M1745-1.2024-06-29-11-54.NH88X,C-W-0010-L.21-M1745-1,2024-06-29 11:54:00,band_14,687.2272727272727,246.8636363636364,13.0,,center,automated_candidate_unverified
C-W-0010-L.21-M1745-1.2024-06-30-11-55.NH88X,C-W-0010-L.21-M1745-1,2024-06-30 11:55:00,band_01,71.59692307692308,836.5969230769231,0.0,,center,automated_candidate_unverified
C-W-0010-L.21-M1745-1.2024-06-30-11-55.NH88X,C-W-0010-L.21-M1745-1,2024-06-30 11:55:00,band_02,72.37588652482269,818.0425531914893,1.0,,center,automated_candidate_unverified
C-W-0010-L.21-M1745-1.2024-06-30-11-55.NH88X,C-W-0010-L.21-M1745-1,2024-06-30 11:55:00,band_03,73.49473684210527,797.838596491228,2.0,,center,automated_candidate_unverified
C-W-0010-L.21-M1745-1.2024-06-30-11-55.NH88X,C-W-0010-L.21-M1745-1,2024-06-30 11:55:00,band_04,66.14285714285714,780.2857142857143,3.0,,center,automated_candidate_unverified
C-W-0010-L.21-M1745-1.2024-06-30-11-55.NH88X,C-W-0010-L.21-M1745-1,2024-06-30 11:55:00,band_05,74.39382239382239,760.5366795366796,4.0,,center,automated_candidate_unverified
C-W-0010-L.21-M1745-1.2024-06-30-11-55.NH88X,C-W-0010-L.21-M1745-1,2024-06-30 11:55:00,band_06,74.98176291793312,741.8753799392098,5.0,,center,automated_candidate_unverified
C-W-0010-L.21-M1745-1.2024-06-30-11-55.NH88X,C-W-0010-L.21-M1745-1,2024-06-30 11:55:00,band_07,65.25,723.5,6.0,,center,automated_candidate_unverified
C-W-0010-L.21-M1745-1.2024-06-30-11-55.NH88X,C-W-0010-L.21-M1745-1,2024-06-30 11:55:00,band_08,74.12721893491124,704.9437869822485,7.0,,center,automated_candidate_unverified
C-W-0010-L.21-M1745-1.2024-06-30-11-55.NH88X,C-W-0010-L.21-M1745-1,2024-06-30 11:55:00,band_09,74.29655172413793,685.948275862069,8.0,,center,automated_candidate_unverified
C-W-0010-L.21-M1745-1.2024-07-01-11-37.NH88X,C-W-0010-L.21-M1745-1,2024-07-01 11:37:00,band_01,678.4285714285714,565.5274725274726,0.0,,center,automated_candidate_unverified
C-W-0010-L.21-M1745-1.2024-07-01-11-37.NH88X,C-W-0010-L.21-M1745-1,2024-07-01 11:37:00,band_02,683.2065217391304,524.8586956521739,1.0,,center,automated_candidate_unverified
C-W-0010-L.21-M1745-1.2024-07-01-11-37.NH88X,C-W-0010-L.21-M1745-1,2024-07-01 11:37:00,band_03,687.8518518518518,484.9876543209877,2.0,,center,automated_candidate_unverified
C-W-0010-L.21-M1745-1.2024-07-01-11-37.NH88X,C-W-0010-L.21-M1745-1,2024-07-01 11:37:00,band_04,692.7972972972973,445.0810810810811,3.0,,center,automated_candidate_unverified
C-W-0010-L.21-M1745-1.2024-07-01-11-37.NH88X,C-W-0010-L.21-M1745-1,2024-07-01 11:37:00,band_05,697.5657894736842,405.4605263157895,4.0,,center,automated_candidate_unverified
C-W-0010-L.21-M1745-1.2024-07-01-11-37.NH88X,C-W-0010-L.21-M1745-1,2024-07-01 11:37:00,band_06,702.4266666666666,367.1066666666667,5.0,,center,automated_candidate_unverified
C-W-0010-L.21-M1745-1.2024-07-01-11-37.NH88X,C-W-0010-L.21-M1745-1,2024-07-01 11:37:00,band_07,707.3142857142857,328.1714285714286,6.0,,center,automated_candidate_unverified
C-W-0010-L.21-M1745-1.2024-07-01-11-37.NH88X,C-W-0010-L.21-M1745-1,2024-07-01 11:37:00,band_08,712.1911764705883,290.13235294117646,7.0,,center,automated_candidate_unverified
C-W-0010-L.21-M1745-1.2024-07-01-11-37.NH88X,C-W-0010-L.21-M1745-1,2024-07-01 11:37:00,band_09,717.2222222222222,252.2698412698413,8.0,,center,automated_candidate_unverified
C-W-0010-L.21-M1745-1.2024-07-02-11-37.NH88X,C-W-0010-L.21-M1745-1,2024-07-02 11:37:00,band_01,677.3333333333334,561.6969696969697,0.0,,center,automated_candidate_unverified
C-W-0010-L.21-M1745-1.2024-07-02-11-37.NH88X,C-W-0010-L.21-M1745-1,2024-07-02 11:37:00,band_02,681.73,520.75,1.0,,center,automated_candidate_unverified
C-W-0010-L.21-M1745-1.2024-07-02-11-37.NH88X,C-W-0010-L.21-M1745-1,2024-07-02 11:37:00,band_03,686.816091954023,481.1034482758621,2.0,,center,automated_candidate_unverified
C-W-0010-L.21-M1745-1.2024-07-02-11-37.NH88X,C-W-0010-L.21-M1745-1,2024-07-02 11:37:00,band_04,691.609756097561,441.0731707317073,3.0,,center,automated_candidate_unverified
C-W-0010-L.21-M1745-1.2024-07-02-11-37.NH88X,C-W-0010-L.21-M1745-1,2024-07-02 11:37:00,band_05,696.6265060240963,401.2891566265061,4.0,,center,automated_candidate_unverified
C-W-0010-L.21-M1745-1.2024-07-02-11-37.NH88X,C-W-0010-L.21-M1745-1,2024-07-02 11:37:00,band_06,701.5949367088608,362.43037974683546,5.0,,center,automated_candidate_unverified
C-W-0010-L.21-M1745-1.2024-07-02-11-37.NH88X,C-W-0010-L.21-M1745-1,2024-07-02 11:37:00,band_07,706.5365853658536,323.4024390243902,6.0,,center,automated_candidate_unverified
C-W-0010-L.21-M1745-1.2024-07-02-11-37.NH88X,C-W-0010-L.21-M1745-1,2024-07-02 11:37:00,band_08,711.6493506493506,285.038961038961,7.0,,center,automated_candidate_unverified
C-W-0010-L.21-M1745-1.2024-07-02-11-37.NH88X,C-W-0010-L.21-M1745-1,2024-07-02 11:37:00,band_09,716.6,246.8,8.0,,center,automated_candidate_unverified
C-W-0010-L.21-M1745-1.2024-07-03-11-38.NH88X,C-W-0010-L.21-M1745-1,2024-07-03 11:38:00,band_01,648.0909090909091,805.969696969697,0.0,,center,automated_candidate_unverified
C-W-0010-L.21-M1745-1.2024-07-03-11-38.NH88X,C-W-0010-L.21-M1745-1,2024-07-03 11:38:00,band_02,657.0,770.5,1.0,,center,automated_candidate_unverified
C-W-0010-L.21-M1745-1.2024-07-03-11-38.NH88X,C-W-0010-L.21-M1745-1,2024-07-03 11:38:00,band_03,660.078947368421,725.8684210526316,2.0,,center,automated_candidate_unverified
C-W-0010-L.21-M1745-1.2024-07-03-11-38.NH88X,C-W-0010-L.21-M1745-1,2024-07-03 11:38:00,band_04,665.5923076923077,685.2692307692307,3.0,,center,automated_candidate_unverified
C-W-0010-L.21-M1745-1.2024-07-03-11-38.NH88X,C-W-0010-L.21-M1745-1,2024-07-03 11:38:00,band_05,668.0884955752213,644.212389380531,4.0,,center,automated_candidate_unverified
C-W-0010-L.21-M1745-1.2024-07-03-11-38.NH88X,C-W-0010-L.21-M1745-1,2024-07-03 11:38:00,band_06,672.3375796178344,601.828025477707,5.0,,center,automated_candidate_unverified
C-W-0010-L.21-M1745-1.2024-07-03-11-38.NH88X,C-W-0010-L.21-M1745-1,2024-07-03 11:38:00,band_07,678.1477272727273,563.1136363636364,6.0,,center,automated_candidate_unverified
C-W-0010-L.21-M1745-1.2024-07-03-11-38.NH88X,C-W-0010-L.21-M1745-1,2024-07-03 11:38:00,band_08,683.0459770114943,522.2183908045977,7.0,,center,automated_candidate_unverified
C-W-0010-L.21-M1745-1.2024-07-03-11-38.NH88X,C-W-0010-L.21-M1745-1,2024-07-03 11:38:00,band_09,688.060975609756,482.0,8.0,,center,automated_candidate_unverified
C-W-0010-L.21-M1745-1.2024-07-03-11-38.NH88X,C-W-0010-L.21-M1745-1,2024-07-03 11:38:00,band_10,692.765625,441.90625,9.0,,center,automated_candidate_unverified
C-W-0010-L.21-M1745-1.2024-07-03-11-38.NH88X,C-W-0010-L.21-M1745-1,2024-07-03 11:38:00,band_11,697.7887323943662,401.8591549295775,10.0,,center,automated_candidate_unverified
C-W-0010-L.21-M1745-1.2024-07-03-11-38.NH88X,C-W-0010-L.21-M1745-1,2024-07-03 11:38:00,band_12,702.7910447761194,362.82089552238807,11.0,,center,automated_candidate_unverified
C-W-0010-L.21-M1745-1.2024-07-03-11-38.NH88X,C-W-0010-L.21-M1745-1,2024-07-03 11:38:00,band_13,707.5625,323.390625,12.0,,center,automated_candidate_unverified
C-W-0010-L.21-M1745-1.2024-07-03-11-38.NH88X,C-W-0010-L.21-M1745-1,2024-07-03 11:38:00,band_14,712.5833333333334,284.68333333333334,13.0,,center,automated_candidate_unverified
C-W-0010-L.21-M1745-1.2024-07-03-11-38.NH88X,C-W-0010-L.21-M1745-1,2024-07-03 11:38:00,band_15,717.2280701754386,246.1929824561404,14.0,,center,automated_candidate_unverified
C-W-0010-L.21-M1745-1.2024-07-04-11-39.NH88X,C-W-0010-L.21-M1745-1,2024-07-04 11:39:00,band_01,657.5050505050505,634.3131313131313,0.0,,center,automated_candidate_unverified
C-W-0010-L.21-M1745-1.2024-07-04-11-39.NH88X,C-W-0010-L.21-M1745-1,2024-07-04 11:39:00,band_02,674.1228070175439,586.0701754385965,1.0,,center,automated_candidate_unverified
C-W-0010-L.21-M1745-1.2024-07-04-11-39.NH88X,C-W-0010-L.21-M1745-1,2024-07-04 11:39:00,band_03,667.0649350649351,553.9090909090909,2.0,,center,automated_candidate_unverified
C-W-0010-L.21-M1745-1.2024-07-04-11-39.NH88X,C-W-0010-L.21-M1745-1,2024-07-04 11:39:00,band_04,672.112676056338,513.0,3.0,,center,automated_candidate_unverified
C-W-0010-L.21-M1745-1.2024-07-04-11-39.NH88X,C-W-0010-L.21-M1745-1,2024-07-04 11:39:00,band_05,676.972602739726,473.3013698630137,4.0,,center,automated_candidate_unverified
C-W-0010-L.21-M1745-1.2024-07-04-11-39.NH88X,C-W-0010-L.21-M1745-1,2024-07-04 11:39:00,band_06,681.5744680851063,433.4468085106383,5.0,,center,automated_candidate_unverified
C-W-0010-L.21-M1745-1.2024-07-04-11-39.NH88X,C-W-0010-L.21-M1745-1,2024-07-04 11:39:00,band_07,686.304347826087,393.9130434782609,6.0,,center,automated_candidate_unverified
C-W-0010-L.21-M1745-1.2024-07-04-11-39.NH88X,C-W-0010-L.21-M1745-1,2024-07-04 11:39:00,band_08,690.8636363636364,355.25,7.0,,center,automated_candidate_unverified
C-W-0010-L.21-M1745-1.2024-07-04-11-39.NH88X,C-W-0010-L.21-M1745-1,2024-07-04 11:39:00,band_09,695.7555555555556,316.26666666666665,8.0,,center,automated_candidate_unverified
C-W-0010-L.21-M1745-1.2024-07-04-11-39.NH88X,C-W-0010-L.21-M1745-1,2024-07-04 11:39:00,band_10,700.5121951219512,277.6829268292683,9.0,,center,automated_candidate_unverified
C-W-0010-L.21-M1745-1.2024-07-04-11-39.NH88X,C-W-0010-L.21-M1745-1,2024-07-04 11:39:00,band_11,705.0769230769231,239.43589743589743,10.0,,center,automated_candidate_unverified
C-W-0010-L.21-M1745-1.2024-07-05-11-39.NH88X,C-W-0010-L.21-M1745-1,2024-07-05 11:39:00,band_01,653.6,732.1,0.0,,center,automated_candidate_unverified
C-W-0010-L.21-M1745-1.2024-07-05-11-39.NH88X,C-W-0010-L.21-M1745-1,2024-07-05 11:39:00,band_02,667.7388059701492,684.1641791044776,1.0,,center,automated_candidate_unverified
C-W-0010-L.21-M1745-1.2024-07-05-11-39.NH88X,C-W-0010-L.21-M1745-1,2024-07-05 11:39:00,band_03,671.1018518518518,643.3981481481482,2.0,,center,automated_candidate_unverified
C-W-0010-L.21-M1745-1.2024-07-05-11-39.NH88X,C-W-0010-L.21-M1745-1,2024-07-05 11:39:00,band_04,676.4128440366973,602.183486238532,3.0,,center,automated_candidate_unverified
C-W-0010-L.21-M1745-1.2024-07-05-11-39.NH88X,C-W-0010-L.21-M1745-1,2024-07-05 11:39:00,band_05,682.0333333333333,562.3666666666667,4.0,,center,automated_candidate_unverified
C-W-0010-L.21-M1745-1.2024-07-05-11-39.NH88X,C-W-0010-L.21-M1745-1,2024-07-05 11:39:00,band_06,686.7926829268292,521.3048780487804,5.0,,center,automated_candidate_unverified
C-W-0010-L.21-M1745-1.2024-07-05-11-39.NH88X,C-W-0010-L.21-M1745-1,2024-07-05 11:39:00,band_07,692.1411764705882,481.3058823529412,6.0,,center,automated_candidate_unverified
C-W-0010-L.21-M1745-1.2024-07-05-11-39.NH88X,C-W-0010-L.21-M1745-1,2024-07-05 11:39:00,band_08,697.5,441.0,7.0,,center,automated_candidate_unverified
C-W-0010-L.21-M1745-1.2024-07-05-11-39.NH88X,C-W-0010-L.21-M1745-1,2024-07-05 11:39:00,band_09,702.9333333333333,400.95,8.0,,center,automated_candidate_unverified
C-W-0010-L.21-M1745-1.2024-07-05-11-39.NH88X,C-W-0010-L.21-M1745-1,2024-07-05 11:39:00,band_10,708.0,361.8421052631579,9.0,,center,automated_candidate_unverified
C-W-0010-L.21-M1745-1.2024-07-05-11-39.NH88X,C-W-0010-L.21-M1745-1,2024-07-05 11:39:00,band_11,713.0,322.1549295774648,10.0,,center,automated_candidate_unverified
C-W-0010-L.21-M1745-1.2024-07-05-11-39.NH88X,C-W-0010-L.21-M1745-1,2024-07-05 11:39:00,band_12,719.0,283.1549295774648,11.0,,center,automated_candidate_unverified
C-W-0010-L.21-M1745-1.2024-07-05-11-39.NH88X,C-W-0010-L.21-M1745-1,2024-07-05 11:39:00,band_13,724.2089552238806,244.29850746268656,12.0,,center,automated_candidate_unverified
C-W-0010-L.21-M1745-1.2024-07-06-11-38.NH88X,C-W-0010-L.21-M1745-1,2024-07-06 11:38:00,band_01,678.6296296296297,562.9012345679013,0.0,,center,automated_candidate_unverified
C-W-0010-L.21-M1745-1.2024-07-06-11-38.NH88X,C-W-0010-L.21-M1745-1,2024-07-06 11:38:00,band_02,683.3552631578947,521.7763157894736,1.0,,center,automated_candidate_unverified
C-W-0010-L.21-M1745-1.2024-07-06-11-38.NH88X,C-W-0010-L.21-M1745-1,2024-07-06 11:38:00,band_03,687.9620253164557,481.53164556962025,2.0,,center,automated_candidate_unverified
C-W-0010-L.21-M1745-1.2024-07-06-11-38.NH88X,C-W-0010-L.21-M1745-1,2024-07-06 11:38:00,band_04,692.8360655737705,441.327868852459,3.0,,center,automated_candidate_unverified
C-W-0010-L.21-M1745-1.2024-07-06-11-38.NH88X,C-W-0010-L.21-M1745-1,2024-07-06 11:38:00,band_05,697.3214285714286,401.1071428571428,4.0,,center,automated_candidate_unverified
C-W-0010-L.21-M1745-1.2024-07-06-11-38.NH88X,C-W-0010-L.21-M1745-1,2024-07-06 11:38:00,band_06,702.1730769230769,362.0,5.0,,center,automated_candidate_unverified
C-W-0010-L.21-M1745-1.2024-07-06-11-38.NH88X,C-W-0010-L.21-M1745-1,2024-07-06 11:38:00,band_07,706.8913043478261,322.7826086956522,6.0,,center,automated_candidate_unverified
C-W-0010-L.21-M1745-1.2024-07-06-11-38.NH88X,C-W-0010-L.21-M1745-1,2024-07-06 11:38:00,band_08,711.6739130434783,283.7608695652174,7.0,,center,automated_candidate_unverified
C-W-0010-L.21-M1745-1.2024-07-06-11-38.NH88X,C-W-0010-L.21-M1745-1,2024-07-06 11:38:00,band_09,716.15,245.2,8.0,,center,automated_candidate_unverified
C-W-0010-L.21-M1745-1.2024-07-07-11-58.NH88X,C-W-0010-L.21-M1745-1,2024-07-07 11:58:00,band_01,664.5172413793103,682.6666666666666,0.0,,center,automated_candidate_unverified
C-W-0010-L.21-M1745-1.2024-07-07-11-58.NH88X,C-W-0010-L.21-M1745-1,2024-07-07 11:58:00,band_02,669.1318681318681,641.7472527472528,1.0,,center,automated_candidate_unverified
C-W-0010-L.21-M1745-1.2024-07-07-11-58.NH88X,C-W-0010-L.21-M1745-1,2024-07-07 11:58:00,band_03,674.6744186046511,601.1976744186046,2.0,,center,automated_candidate_unverified
C-W-0010-L.21-M1745-1.2024-07-07-11-58.NH88X,C-W-0010-L.21-M1745-1,2024-07-07 11:58:00,band_04,678.7333333333333,560.8133333333334,3.0,,center,automated_candidate_unverified
C-W-0010-L.21-M1745-1.2024-07-07-11-58.NH88X,C-W-0010-L.21-M1745-1,2024-07-07 11:58:00,band_05,683.6805555555555,519.7638888888889,4.0,,center,automated_candidate_unverified
C-W-0010-L.21-M1745-1.2024-07-07-11-58.NH88X,C-W-0010-L.21-M1745-1,2024-07-07 11:58:00,band_06,688.7571428571429,479.75714285714287,5.0,,center,automated_candidate_unverified
C-W-0010-L.21-M1745-1.2024-07-07-11-58.NH88X,C-W-0010-L.21-M1745-1,2024-07-07 11:58:00,band_07,693.5744680851063,439.4468085106383,6.0,,center,automated_candidate_unverified
C-W-0010-L.21-M1745-1.2024-07-07-11-58.NH88X,C-W-0010-L.21-M1745-1,2024-07-07 11:58:00,band_08,698.6086956521739,399.5217391304348,7.0,,center,automated_candidate_unverified
C-W-0010-L.21-M1745-1.2024-07-07-11-58.NH88X,C-W-0010-L.21-M1745-1,2024-07-07 11:58:00,band_09,703.5777777777778,360.44444444444446,8.0,,center,automated_candidate_unverified
C-W-0010-L.21-M1745-1.2024-07-07-11-58.NH88X,C-W-0010-L.21-M1745-1,2024-07-07 11:58:00,band_10,708.25,321.1458333333333,9.0,,center,automated_candidate_unverified
C-W-0010-L.21-M1745-1.2024-07-07-11-58.NH88X,C-W-0010-L.21-M1745-1,2024-07-07 11:58:00,band_11,713.4761904761905,282.4047619047619,10.0,,center,automated_candidate_unverified
C-W-0010-L.21-M1745-1.2024-07-07-11-58.NH88X,C-W-0010-L.21-M1745-1,2024-07-07 11:58:00,band_12,718.1621621621622,243.8108108108108,11.0,,center,automated_candidate_unverified
C-W-0010-L.21-M1745-1.2024-07-08-11-30.NH88X,C-W-0010-L.21-M1745-1,2024-07-08 11:30:00,band_01,648.1891891891892,810.0540540540541,0.0,,center,automated_candidate_unverified
C-W-0010-L.21-M1745-1.2024-07-08-11-30.NH88X,C-W-0010-L.21-M1745-1,2024-07-08 11:30:00,band_02,657.0144927536232,770.5507246376811,1.0,,center,automated_candidate_unverified
C-W-0010-L.21-M1745-1.2024-07-08-11-30.NH88X,C-W-0010-L.21-M1745-1,2024-07-08 11:30:00,band_03,660.8518518518518,729.1234567901234,2.0,,center,automated_candidate_unverified
C-W-0010-L.21-M1745-1.2024-07-08-11-30.NH88X,C-W-0010-L.21-M1745-1,2024-07-08 11:30:00,band_04,664.7662337662338,688.6363636363636,3.0,,center,automated_candidate_unverified
C-W-0010-L.21-M1745-1.2024-07-08-11-30.NH88X,C-W-0010-L.21-M1745-1,2024-07-08 11:30:00,band_05,668.9620253164557,647.6455696202531,4.0,,center,automated_candidate_unverified
C-W-0010-L.21-M1745-1.2024-07-08-11-30.NH88X,C-W-0010-L.21-M1745-1,2024-07-08 11:30:00,band_06,675.0958904109589,607.0,5.0,,center,automated_candidate_unverified
C-W-0010-L.21-M1745-1.2024-07-08-11-30.NH88X,C-W-0010-L.21-M1745-1,2024-07-08 11:30:00,band_07,679.5873015873016,566.7142857142857,6.0,,center,automated_candidate_unverified
C-W-0010-L.21-M1745-1.2024-07-08-11-30.NH88X,C-W-0010-L.21-M1745-1,2024-07-08 11:30:00,band_08,684.8333333333334,525.9,7.0,,center,automated_candidate_unverified
C-W-0010-L.21-M1745-1.2024-07-08-11-30.NH88X,C-W-0010-L.21-M1745-1,2024-07-08 11:30:00,band_09,691.0943396226415,485.811320754717,8.0,,center,automated_candidate_unverified
C-W-0010-L.21-M1745-1.2024-07-08-11-30.NH88X,C-W-0010-L.21-M1745-1,2024-07-08 11:30:00,band_10,696.0769230769231,445.56410256410254,9.0,,center,automated_candidate_unverified
C-W-0010-L.21-M1745-1.2024-07-08-11-30.NH88X,C-W-0010-L.21-M1745-1,2024-07-08 11:30:00,band_11,701.9487179487179,405.6410256410256,10.0,,center,automated_candidate_unverified
C-W-0010-L.21-M1745-1.2024-07-08-11-30.NH88X,C-W-0010-L.21-M1745-1,2024-07-08 11:30:00,band_12,707.4705882352941,366.4411764705882,11.0,,center,automated_candidate_unverified
C-W-0010-L.21-M1745-1.2024-07-08-11-30.NH88X,C-W-0010-L.21-M1745-1,2024-07-08 11:30:00,band_13,713.46875,327.21875,12.0,,center,automated_candidate_unverified
C-W-0010-L.21-M1745-1.2024-07-08-11-30.NH88X,C-W-0010-L.21-M1745-1,2024-07-08 11:30:00,band_14,719.4375,288.03125,13.0,,center,automated_candidate_unverified
C-W-0010-L.21-M1745-1.2024-07-08-11-30.NH88X,C-W-0010-L.21-M1745-1,2024-07-08 11:30:00,band_15,725.1153846153846,249.30769230769232,14.0,,center,automated_candidate_unverified
C-W-0010-L.21-M1745-1.2024-07-09-11-44.NH88X,C-W-0010-L.21-M1745-1,2024-07-09 11:44:00,band_01,657.0342298288508,649.7334963325184,0.0,,center,automated_candidate_unverified
C-W-0010-L.21-M1745-1.2024-07-09-11-44.NH88X,C-W-0010-L.21-M1745-1,2024-07-09 11:44:00,band_02,654.1111111111111,603.0972222222222,1.0,,center,automated_candidate_unverified
C-W-0010-L.21-M1745-1.2024-07-09-11-44.NH88X,C-W-0010-L.21-M1745-1,2024-07-09 11:44:00,band_03,669.2916666666666,570.2708333333334,2.0,,center,automated_candidate_unverified
C-W-0010-L.21-M1745-1.2024-07-09-11-44.NH88X,C-W-0010-L.21-M1745-1,2024-07-09 11:44:00,band_04,671.7738095238095,529.0119047619048,3.0,,center,automated_candidate_unverified
C-W-0010-L.21-M1745-1.2024-07-09-11-44.NH88X,C-W-0010-L.21-M1745-1,2024-07-09 11:44:00,band_05,674.8953488372093,487.27906976744185,4.0,,center,automated_candidate_unverified
C-W-0010-L.21-M1745-1.2024-07-09-11-44.NH88X,C-W-0010-L.21-M1745-1,2024-07-09 11:44:00,band_06,677.5070422535211,445.7887323943662,5.0,,center,automated_candidate_unverified
C-W-0010-L.21-M1745-1.2024-07-09-11-44.NH88X,C-W-0010-L.21-M1745-1,2024-07-09 11:44:00,band_07,680.1621621621622,404.22972972972974,6.0,,center,automated_candidate_unverified
C-W-0010-L.21-M1745-1.2024-07-09-11-44.NH88X,C-W-0010-L.21-M1745-1,2024-07-09 11:44:00,band_08,683.0,362.27777777777777,7.0,,center,automated_candidate_unverified
C-W-0010-L.21-M1745-1.2024-07-09-11-44.NH88X,C-W-0010-L.21-M1745-1,2024-07-09 11:44:00,band_09,685.9104477611941,319.6268656716418,8.0,,center,automated_candidate_unverified
C-W-0010-L.21-M1745-1.2024-07-09-11-44.NH88X,C-W-0010-L.21-M1745-1,2024-07-09 11:44:00,band_10,688.9166666666666,276.6666666666667,9.0,,center,automated_candidate_unverified
C-W-0010-L.21-M1745-1.2024-07-09-11-44.NH88X,C-W-0010-L.21-M1745-1,2024-07-09 11:44:00,band_11,692.1891891891892,233.51351351351352,10.0,,center,automated_candidate_unverified
C-W-0010-L.21-M1745-1.2024-07-09-11-44.NH88X,C-W-0010-L.21-M1745-1,2024-07-09 11:44:00,band_12,695.4166666666666,191.25,11.0,,center,automated_candidate_unverified
C-W-0010-L.21-M1745-1.2024-07-10-11-45.NH88X,C-W-0010-L.21-M1745-1,2024-07-10 11:45:00,band_01,662.0744680851063,646.5531914893617,0.0,,center,automated_candidate_unverified
C-W-0010-L.21-M1745-1.2024-07-10-11-45.NH88X,C-W-0010-L.21-M1745-1,2024-07-10 11:45:00,band_02,665.2083333333334,605.2083333333334,1.0,,center,automated_candidate_unverified
C-W-0010-L.21-M1745-1.2024-07-10-11-45.NH88X,C-W-0010-L.21-M1745-1,2024-07-10 11:45:00,band_03,668.3214285714286,564.0,2.0,,center,automated_candidate_unverified
C-W-0010-L.21-M1745-1.2024-07-10-11-45.NH88X,C-W-0010-L.21-M1745-1,2024-07-10 11:45:00,band_04,670.8846153846154,522.9230769230769,3.0,,center,automated_candidate_unverified
C-W-0010-L.21-M1745-1.2024-07-10-11-45.NH88X,C-W-0010-L.21-M1745-1,2024-07-10 11:45:00,band_05,674.0657894736842,480.9605263157895,4.0,,center,automated_candidate_unverified
C-W-0010-L.21-M1745-1.2024-07-10-11-45.NH88X,C-W-0010-L.21-M1745-1,2024-07-10 11:45:00,band_06,676.7571428571429,439.4857142857143,5.0,,center,automated_candidate_unverified
C-W-0010-L.21-M1745-1.2024-07-10-11-45.NH88X,C-W-0010-L.21-M1745-1,2024-07-10 11:45:00,band_07,679.8939393939394,397.6818181818182,6.0,,center,automated_candidate_unverified
C-W-0010-L.21-M1745-1.2024-07-10-11-45.NH88X,C-W-0010-L.21-M1745-1,2024-07-10 11:45:00,band_08,682.9714285714285,355.57142857142856,7.0,,center,automated_candidate_unverified
C-W-0010-L.21-M1745-1.2024-07-10-11-45.NH88X,C-W-0010-L.21-M1745-1,2024-07-10 11:45:00,band_09,686.0645161290323,313.0483870967742,8.0,,center,automated_candidate_unverified
C-W-0010-L.21-M1745-1.2024-07-10-11-45.NH88X,C-W-0010-L.21-M1745-1,2024-07-10 11:45:00,band_10,689.7538461538461,269.8,9.0,,center,automated_candidate_unverified
C-W-0010-L.21-M1745-1.2024-07-10-11-45.NH88X,C-W-0010-L.21-M1745-1,2024-07-10 11:45:00,band_11,693.2096774193549,226.5,10.0,,center,automated_candidate_unverified
C-W-0010-L.21-M1745-1.2024-07-10-11-45.NH88X,C-W-0010-L.21-M1745-1,2024-07-10 11:45:00,band_12,695.9333333333333,183.33333333333331,11.0,,center,automated_candidate_unverified
C-W-0010-L.21-M1745-1.2024-07-11-11-45.NH88X,C-W-0010-L.21-M1745-1,2024-07-11 11:45:00,band_01,186.8,771.12,0.0,,center,automated_candidate_unverified
C-W-0010-L.21-M1745-1.2024-07-11-11-45.NH88X,C-W-0010-L.21-M1745-1,2024-07-11 11:45:00,band_02,193.7333333333333,743.0,1.0,,center,automated_candidate_unverified
C-W-0010-L.21-M1745-1.2024-07-11-11-45.NH88X,C-W-0010-L.21-M1745-1,2024-07-11 11:45:00,band_03,201.1803278688525,720.9508196721312,2.0,,center,automated_candidate_unverified
C-W-0010-L.21-M1745-1.2024-07-11-11-45.NH88X,C-W-0010-L.21-M1745-1,2024-07-11 11:45:00,band_04,198.1304347826087,702.6521739130435,3.0,,center,automated_candidate_unverified
C-W-0010-L.21-M1745-1.2024-07-11-11-45.NH88X,C-W-0010-L.21-M1745-1,2024-07-11 11:45:00,band_05,201.71052631578948,686.7105263157895,4.0,,center,automated_candidate_unverified
C-W-0010-L.21-M1745-1.2024-07-11-11-45.NH88X,C-W-0010-L.21-M1745-1,2024-07-11 11:45:00,band_06,208.8571428571429,665.6,5.0,,center,automated_candidate_unverified
C-W-0010-L.21-M1745-1.2024-07-11-11-45.NH88X,C-W-0010-L.21-M1745-1,2024-07-11 11:45:00,band_07,208.125,640.875,6.0,,center,automated_candidate_unverified
C-W-0010-L.21-M1745-1.2024-07-11-11-45.NH88X,C-W-0010-L.21-M1745-1,2024-07-11 11:45:00,band_08,206.0,623.08,7.0,,center,automated_candidate_unverified
C-W-0010-L.21-M1745-1.2024-07-11-11-45.NH88X,C-W-0010-L.21-M1745-1,2024-07-11 11:45:00,band_09,215.8947368421053,605.1578947368421,8.0,,center,automated_candidate_unverified
C-W-0010-L.21-M1745-1.2024-07-11-11-45.NH88X,C-W-0010-L.21-M1745-1,2024-07-11 11:45:00,band_10,222.0,589.5,9.0,,center,automated_candidate_unverified
C-W-0010-L.21-M1745-1.2024-07-12-11-46.NH88X,C-W-0010-L.21-M1745-1,2024-07-12 11:46:00,band_01,649.5576923076923,726.5673076923077,0.0,,center,automated_candidate_unverified
C-W-0010-L.21-M1745-1.2024-07-12-11-46.NH88X,C-W-0010-L.21-M1745-1,2024-07-12 11:46:00,band_02,647.4411764705883,683.7843137254902,1.0,,center,automated_candidate_unverified
C-W-0010-L.21-M1745-1.2024-07-12-11-46.NH88X,C-W-0010-L.21-M1745-1,2024-07-12 11:46:00,band_03,651.6279069767442,641.6511627906976,2.0,,center,automated_candidate_unverified
C-W-0010-L.21-M1745-1.2024-07-12-11-46.NH88X,C-W-0010-L.21-M1745-1,2024-07-12 11:46:00,band_04,656.3142857142857,601.7809523809524,3.0,,center,automated_candidate_unverified
C-W-0010-L.21-M1745-1.2024-07-12-11-46.NH88X,C-W-0010-L.21-M1745-1,2024-07-12 11:46:00,band_05,656.4487179487179,560.8974358974359,4.0,,center,automated_candidate_unverified
C-W-0010-L.21-M1745-1.2024-07-12-11-46.NH88X,C-W-0010-L.21-M1745-1,2024-07-12 11:46:00,band_06,659.2571428571429,520.1285714285714,5.0,,center,automated_candidate_unverified
C-W-0010-L.21-M1745-1.2024-07-12-11-46.NH88X,C-W-0010-L.21-M1745-1,2024-07-12 11:46:00,band_07,662.0704225352113,478.5633802816901,6.0,,center,automated_candidate_unverified
C-W-0010-L.21-M1745-1.2024-07-12-11-46.NH88X,C-W-0010-L.21-M1745-1,2024-07-12 11:46:00,band_08,664.6862745098039,437.3725490196079,7.0,,center,automated_candidate_unverified
C-W-0010-L.21-M1745-1.2024-07-12-11-46.NH88X,C-W-0010-L.21-M1745-1,2024-07-12 11:46:00,band_09,667.66,395.76,8.0,,center,automated_candidate_unverified
C-W-0010-L.21-M1745-1.2024-07-12-11-46.NH88X,C-W-0010-L.21-M1745-1,2024-07-12 11:46:00,band_10,670.6,354.0,9.0,,center,automated_candidate_unverified
C-W-0010-L.21-M1745-1.2024-07-12-11-46.NH88X,C-W-0010-L.21-M1745-1,2024-07-12 11:46:00,band_11,673.6458333333334,311.875,10.0,,center,automated_candidate_unverified
C-W-0010-L.21-M1745-1.2024-07-13-11-45.NH88X,C-W-0010-L.21-M1745-1,2024-07-13 11:45:00,band_01,66.5,738.5454545454545,0.0,,center,automated_candidate_unverified
C-W-0010-L.21-M1745-1.2024-07-13-11-45.NH88X,C-W-0010-L.21-M1745-1,2024-07-13 11:45:00,band_02,65.70588235294117,724.5882352941177,1.0,,center,automated_candidate_unverified
C-W-0010-L.21-M1745-1.2024-07-13-11-45.NH88X,C-W-0010-L.21-M1745-1,2024-07-13 11:45:00,band_03,79.78301886792453,705.5,2.0,,center,automated_candidate_unverified
C-W-0010-L.21-M1745-1.2024-07-13-11-45.NH88X,C-W-0010-L.21-M1745-1,2024-07-13 11:45:00,band_04,76.83233532934132,686.188622754491,3.0,,center,automated_candidate_unverified
C-W-0010-L.21-M1745-1.2024-07-13-11-45.NH88X,C-W-0010-L.21-M1745-1,2024-07-13 11:45:00,band_05,83.94642857142857,670.9285714285714,4.0,,center,automated_candidate_unverified
C-W-0010-L.21-M1745-1.2024-07-13-11-45.NH88X,C-W-0010-L.21-M1745-1,2024-07-13 11:45:00,band_06,85.51282051282051,657.2051282051282,5.0,,center,automated_candidate_unverified
C-W-0010-L.21-M1745-1.2024-07-13-11-45.NH88X,C-W-0010-L.21-M1745-1,2024-07-13 11:45:00,band_07,90.875,639.25,6.0,,center,automated_candidate_unverified
C-W-0010-L.21-M1745-1.2024-07-13-11-45.NH88X,C-W-0010-L.21-M1745-1,2024-07-13 11:45:00,band_08,91.24242424242424,618.7575757575758,7.0,,center,automated_candidate_unverified
C-W-0010-L.21-M1745-1.2024-07-13-11-45.NH88X,C-W-0010-L.21-M1745-1,2024-07-13 11:45:00,band_09,96.9375,596.0625,8.0,,center,automated_candidate_unverified
C-W-0010-L.21-M1745-1.2024-07-14-11-46.NH88X,C-W-0010-L.21-M1745-1,2024-07-14 11:46:00,band_01,652.2962962962963,643.4814814814815,0.0,,center,automated_candidate_unverified
C-W-0010-L.21-M1745-1.2024-07-14-11-46.NH88X,C-W-0010-L.21-M1745-1,2024-07-14 11:46:00,band_02,648.6428571428571,592.0,1.0,,center,automated_candidate_unverified
C-W-0010-L.21-M1745-1.2024-07-14-11-46.NH88X,C-W-0010-L.21-M1745-1,2024-07-14 11:46:00,band_03,662.0722891566265,562.710843373494,2.0,,center,automated_candidate_unverified
C-W-0010-L.21-M1745-1.2024-07-14-11-46.NH88X,C-W-0010-L.21-M1745-1,2024-07-14 11:46:00,band_04,664.6025641025641,521.9230769230769,3.0,,center,automated_candidate_unverified
C-W-0010-L.21-M1745-1.2024-07-14-11-46.NH88X,C-W-0010-L.21-M1745-1,2024-07-14 11:46:00,band_05,667.7792207792207,480.2857142857143,4.0,,center,automated_candidate_unverified
C-W-0010-L.21-M1745-1.2024-07-14-11-46.NH88X,C-W-0010-L.21-M1745-1,2024-07-14 11:46:00,band_06,670.5245901639345,438.9672131147541,5.0,,center,automated_candidate_unverified
C-W-0010-L.21-M1745-1.2024-07-14-11-46.NH88X,C-W-0010-L.21-M1745-1,2024-07-14 11:46:00,band_07,673.2931034482758,397.5,6.0,,center,automated_candidate_unverified
C-W-0010-L.21-M1745-1.2024-07-14-11-46.NH88X,C-W-0010-L.21-M1745-1,2024-07-14 11:46:00,band_08,676.3461538461538,355.71153846153845,7.0,,center,automated_candidate_unverified
C-W-0010-L.21-M1745-1.2024-07-14-11-46.NH88X,C-W-0010-L.21-M1745-1,2024-07-14 11:46:00,band_09,679.2127659574468,313.531914893617,8.0,,center,automated_candidate_unverified
C-W-0010-L.21-M1745-1.2024-07-14-11-46.NH88X,C-W-0010-L.21-M1745-1,2024-07-14 11:46:00,band_10,682.5777777777778,270.44444444444446,9.0,,center,automated_candidate_unverified
C-W-0010-L.21-M1745-1.2024-07-14-11-46.NH88X,C-W-0010-L.21-M1745-1,2024-07-14 11:46:00,band_11,686.1395348837209,227.3953488372093,10.0,,center,automated_candidate_unverified
C-W-0010-L.21-M1745-1.2024-07-15-11-41.NH88X,C-W-0010-L.21-M1745-1,2024-07-15 11:41:00,band_01,667.2727272727273,565.922077922078,0.0,,center,automated_candidate_unverified
C-W-0010-L.21-M1745-1.2024-07-15-11-41.NH88X,C-W-0010-L.21-M1745-1,2024-07-15 11:41:00,band_02,669.8181818181819,524.8441558441558,1.0,,center,automated_candidate_unverified
C-W-0010-L.21-M1745-1.2024-07-15-11-41.NH88X,C-W-0010-L.21-M1745-1,2024-07-15 11:41:00,band_03,672.7368421052631,482.9868421052632,2.0,,center,automated_candidate_unverified
C-W-0010-L.21-M1745-1.2024-07-15-11-41.NH88X,C-W-0010-L.21-M1745-1,2024-07-15 11:41:00,band_04,675.6984126984127,441.57142857142856,3.0,,center,automated_candidate_unverified
C-W-0010-L.21-M1745-1.2024-07-15-11-41.NH88X,C-W-0010-L.21-M1745-1,2024-07-15 11:41:00,band_05,678.640625,399.71875,4.0,,center,automated_candidate_unverified
C-W-0010-L.21-M1745-1.2024-07-15-11-41.NH88X,C-W-0010-L.21-M1745-1,2024-07-15 11:41:00,band_06,681.7538461538461,357.6307692307692,5.0,,center,automated_candidate_unverified
C-W-0010-L.21-M1745-1.2024-07-15-11-41.NH88X,C-W-0010-L.21-M1745-1,2024-07-15 11:41:00,band_07,684.6923076923077,315.1230769230769,6.0,,center,automated_candidate_unverified
C-W-0010-L.21-M1745-1.2024-07-15-11-41.NH88X,C-W-0010-L.21-M1745-1,2024-07-15 11:41:00,band_08,688.1785714285714,271.9642857142857,7.0,,center,automated_candidate_unverified
C-W-0010-L.21-M1745-1.2024-07-15-11-41.NH88X,C-W-0010-L.21-M1745-1,2024-07-15 11:41:00,band_09,692.1228070175439,228.68421052631575,8.0,,center,automated_candidate_unverified
C-W-0010-L.21-M1745-1.2024-07-15-11-41.NH88X,C-W-0010-L.21-M1745-1,2024-07-15 11:41:00,band_10,694.9,185.6,9.0,,center,automated_candidate_unverified
C-W-0010-L.21-M1745-1.2024-07-16-11-41.NH88X,C-W-0010-L.21-M1745-1,2024-07-16 11:41:00,band_01,649.9381443298969,625.1030927835052,0.0,,center,automated_candidate_unverified
C-W-0010-L.21-M1745-1.2024-07-16-11-41.NH88X,C-W-0010-L.21-M1745-1,2024-07-16 11:41:00,band_02,656.9230769230769,595.3846153846154,1.0,,center,automated_candidate_unverified
C-W-0010-L.21-M1745-1.2024-07-16-11-41.NH88X,C-W-0010-L.21-M1745-1,2024-07-16 11:41:00,band_03,669.4444444444445,566.89898989899,2.0,,center,automated_candidate_unverified
C-W-0010-L.21-M1745-1.2024-07-16-11-41.NH88X,C-W-0010-L.21-M1745-1,2024-07-16 11:41:00,band_04,672.7701149425287,526.2298850574713,3.0,,center,automated_candidate_unverified
C-W-0010-L.21-M1745-1.2024-07-16-11-41.NH88X,C-W-0010-L.21-M1745-1,2024-07-16 11:41:00,band_05,675.7816091954023,484.5287356321839,4.0,,center,automated_candidate_unverified
C-W-0010-L.21-M1745-1.2024-07-16-11-41.NH88X,C-W-0010-L.21-M1745-1,2024-07-16 11:41:00,band_06,679.2077922077922,443.038961038961,5.0,,center,automated_candidate_unverified
C-W-0010-L.21-M1745-1.2024-07-16-11-41.NH88X,C-W-0010-L.21-M1745-1,2024-07-16 11:41:00,band_07,682.8478260869565,401.3152173913044,6.0,,center,automated_candidate_unverified
C-W-0010-L.21-M1745-1.2024-07-16-11-41.NH88X,C-W-0010-L.21-M1745-1,2024-07-16 11:41:00,band_08,687.0375,359.2375,7.0,,center,automated_candidate_unverified
C-W-0010-L.21-M1745-1.2024-07-16-11-41.NH88X,C-W-0010-L.21-M1745-1,2024-07-16 11:41:00,band_09,690.9350649350649,316.6623376623377,8.0,,center,automated_candidate_unverified
C-W-0010-L.21-M1745-1.2024-07-16-11-41.NH88X,C-W-0010-L.21-M1745-1,2024-07-16 11:41:00,band_10,695.5783132530121,273.51807228915663,9.0,,center,automated_candidate_unverified
C-W-0010-L.21-M1745-1.2024-07-16-11-41.NH88X,C-W-0010-L.21-M1745-1,2024-07-16 11:41:00,band_11,700.2117647058824,230.2117647058824,10.0,,center,automated_candidate_unverified
C-W-0010-L.21-M1745-1.2024-07-16-11-41.NH88X,C-W-0010-L.21-M1745-1,2024-07-16 11:41:00,band_12,704.4285714285714,186.6734693877551,11.0,,center,automated_candidate_unverified
C-W-0010-L.21-M1745-1.2024-07-17-11-41.NH88X,C-W-0010-L.21-M1745-1,2024-07-17 11:41:00,band_01,666.6315789473686,608.6973684210526,0.0,,center,automated_candidate_unverified
C-W-0010-L.21-M1745-1.2024-07-17-11-41.NH88X,C-W-0010-L.21-M1745-1,2024-07-17 11:41:00,band_02,666.6623376623377,566.961038961039,1.0,,center,automated_candidate_unverified
C-W-0010-L.21-M1745-1.2024-07-17-11-41.NH88X,C-W-0010-L.21-M1745-1,2024-07-17 11:41:00,band_03,670.1917808219179,526.3561643835617,2.0,,center,automated_candidate_unverified
C-W-0010-L.21-M1745-1.2024-07-17-11-41.NH88X,C-W-0010-L.21-M1745-1,2024-07-17 11:41:00,band_04,673.2205882352941,484.7941176470589,3.0,,center,automated_candidate_unverified
C-W-0010-L.21-M1745-1.2024-07-17-11-41.NH88X,C-W-0010-L.21-M1745-1,2024-07-17 11:41:00,band_05,676.9791666666666,443.4166666666667,4.0,,center,automated_candidate_unverified
C-W-0010-L.21-M1745-1.2024-07-17-11-41.NH88X,C-W-0010-L.21-M1745-1,2024-07-17 11:41:00,band_06,680.3673469387755,401.7551020408163,5.0,,center,automated_candidate_unverified
C-W-0010-L.21-M1745-1.2024-07-17-11-41.NH88X,C-W-0010-L.21-M1745-1,2024-07-17 11:41:00,band_07,684.25,359.9318181818182,6.0,,center,automated_candidate_unverified
C-W-0010-L.21-M1745-1.2024-07-17-11-41.NH88X,C-W-0010-L.21-M1745-1,2024-07-17 11:41:00,band_08,688.1190476190476,317.35714285714283,7.0,,center,automated_candidate_unverified
C-W-0010-L.21-M1745-1.2024-07-17-11-41.NH88X,C-W-0010-L.21-M1745-1,2024-07-17 11:41:00,band_09,692.2142857142857,274.6666666666667,8.0,,center,automated_candidate_unverified
C-W-0010-L.21-M1745-1.2024-07-17-11-41.NH88X,C-W-0010-L.21-M1745-1,2024-07-17 11:41:00,band_10,696.4418604651163,231.2325581395349,9.0,,center,automated_candidate_unverified
C-W-0010-L.21-M1745-1.2024-07-17-11-41.NH88X,C-W-0010-L.21-M1745-1,2024-07-17 11:41:00,band_11,701.3,188.7,10.0,,center,automated_candidate_unverified
C-W-0010-L.21-M1745-1.2024-07-18-11-41.NH88X,C-W-0010-L.21-M1745-1,2024-07-18 11:41:00,band_01,666.1298701298701,610.1168831168832,0.0,,center,automated_candidate_unverified
C-W-0010-L.21-M1745-1.2024-07-18-11-41.NH88X,C-W-0010-L.21-M1745-1,2024-07-18 11:41:00,band_02,670.2857142857143,568.9047619047619,1.0,,center,automated_candidate_unverified
C-W-0010-L.21-M1745-1.2024-07-18-11-41.NH88X,C-W-0010-L.21-M1745-1,2024-07-18 11:41:00,band_03,673.7432432432432,527.8243243243244,2.0,,center,automated_candidate_unverified
C-W-0010-L.21-M1745-1.2024-07-18-11-41.NH88X,C-W-0010-L.21-M1745-1,2024-07-18 11:41:00,band_04,676.7594936708861,486.3037974683545,3.0,,center,automated_candidate_unverified
C-W-0010-L.21-M1745-1.2024-07-18-11-41.NH88X,C-W-0010-L.21-M1745-1,2024-07-18 11:41:00,band_05,680.056338028169,444.8309859154929,4.0,,center,automated_candidate_unverified
C-W-0010-L.21-M1745-1.2024-07-18-11-41.NH88X,C-W-0010-L.21-M1745-1,2024-07-18 11:41:00,band_06,683.9310344827586,402.9655172413793,5.0,,center,automated_candidate_unverified
C-W-0010-L.21-M1745-1.2024-07-18-11-41.NH88X,C-W-0010-L.21-M1745-1,2024-07-18 11:41:00,band_07,687.5538461538462,360.9538461538461,6.0,,center,automated_candidate_unverified
C-W-0010-L.21-M1745-1.2024-07-18-11-41.NH88X,C-W-0010-L.21-M1745-1,2024-07-18 11:41:00,band_08,691.6875,318.484375,7.0,,center,automated_candidate_unverified
C-W-0010-L.21-M1745-1.2024-07-18-11-41.NH88X,C-W-0010-L.21-M1745-1,2024-07-18 11:41:00,band_09,695.6818181818181,275.40909090909093,8.0,,center,automated_candidate_unverified
C-W-0010-L.21-M1745-1.2024-07-18-11-41.NH88X,C-W-0010-L.21-M1745-1,2024-07-18 11:41:00,band_10,700.3582089552239,232.17910447761196,9.0,,center,automated_candidate_unverified
C-W-0010-L.21-M1745-1.2024-07-18-11-41.NH88X,C-W-0010-L.21-M1745-1,2024-07-18 11:41:00,band_11,704.5263157894736,188.7894736842105,10.0,,center,automated_candidate_unverified
C-W-0010-L.21-M1745-1.2024-07-19-11-59.NH88X,C-W-0010-L.21-M1745-1,2024-07-19 11:59:00,band_01,670.0357142857143,524.9047619047619,0.0,,center,automated_candidate_unverified
C-W-0010-L.21-M1745-1.2024-07-19-11-59.NH88X,C-W-0010-L.21-M1745-1,2024-07-19 11:59:00,band_02,673.3013698630137,483.63013698630135,1.0,,center,automated_candidate_unverified
C-W-0010-L.21-M1745-1.2024-07-19-11-59.NH88X,C-W-0010-L.21-M1745-1,2024-07-19 11:59:00,band_03,677.051724137931,441.94827586206895,2.0,,center,automated_candidate_unverified
C-W-0010-L.21-M1745-1.2024-07-19-11-59.NH88X,C-W-0010-L.21-M1745-1,2024-07-19 11:59:00,band_04,680.4098360655738,400.4754098360656,3.0,,center,automated_candidate_unverified
C-W-0010-L.21-M1745-1.2024-07-19-11-59.NH88X,C-W-0010-L.21-M1745-1,2024-07-19 11:59:00,band_05,684.3090909090909,358.5272727272727,4.0,,center,automated_candidate_unverified
C-W-0010-L.21-M1745-1.2024-07-19-11-59.NH88X,C-W-0010-L.21-M1745-1,2024-07-19 11:59:00,band_06,688.1276595744681,316.0,5.0,,center,automated_candidate_unverified
C-W-0010-L.21-M1745-1.2024-07-19-11-59.NH88X,C-W-0010-L.21-M1745-1,2024-07-19 11:59:00,band_07,692.48,272.9,6.0,,center,automated_candidate_unverified
C-W-0010-L.21-M1745-1.2024-07-19-11-59.NH88X,C-W-0010-L.21-M1745-1,2024-07-19 11:59:00,band_08,696.843137254902,229.76470588235293,7.0,,center,automated_candidate_unverified
C-W-0010-L.21-M1745-1.2024-07-19-11-59.NH88X,C-W-0010-L.21-M1745-1,2024-07-19 11:59:00,band_09,701.1153846153846,186.5,8.0,,center,automated_candidate_unverified
C-W-0010-L.21-M1745-1.2024-07-20-11-59.NH88X,C-W-0010-L.21-M1745-1,2024-07-20 11:59:00,band_01,670.7741935483871,524.6989247311828,0.0,,center,automated_candidate_unverified
C-W-0010-L.21-M1745-1.2024-07-20-11-59.NH88X,C-W-0010-L.21-M1745-1,2024-07-20 11:59:00,band_02,674.3793103448276,483.2298850574713,1.0,,center,automated_candidate_unverified
C-W-0010-L.21-M1745-1.2024-07-20-11-59.NH88X,C-W-0010-L.21-M1745-1,2024-07-20 11:59:00,band_03,678.0681818181819,441.8636363636364,2.0,,center,automated_candidate_unverified
C-W-0010-L.21-M1745-1.2024-07-20-11-59.NH88X,C-W-0010-L.21-M1745-1,2024-07-20 11:59:00,band_04,681.4042553191489,400.468085106383,3.0,,center,automated_candidate_unverified
C-W-0010-L.21-M1745-1.2024-07-20-11-59.NH88X,C-W-0010-L.21-M1745-1,2024-07-20 11:59:00,band_05,685.3444444444444,358.18888888888887,4.0,,center,automated_candidate_unverified
C-W-0010-L.21-M1745-1.2024-07-20-11-59.NH88X,C-W-0010-L.21-M1745-1,2024-07-20 11:59:00,band_06,689.5764705882353,315.5764705882353,5.0,,center,automated_candidate_unverified
C-W-0010-L.21-M1745-1.2024-07-20-11-59.NH88X,C-W-0010-L.21-M1745-1,2024-07-20 11:59:00,band_07,694.1910112359551,272.5280898876405,6.0,,center,automated_candidate_unverified
C-W-0010-L.21-M1745-1.2024-07-20-11-59.NH88X,C-W-0010-L.21-M1745-1,2024-07-20 11:59:00,band_08,699.1011235955057,229.08988764044943,7.0,,center,automated_candidate_unverified
C-W-0010-L.21-M1745-1.2024-07-20-11-59.NH88X,C-W-0010-L.21-M1745-1,2024-07-20 11:59:00,band_09,703.8533333333334,185.45333333333332,8.0,,center,automated_candidate_unverified
C-W-0010-L.21-M1745-1.2024-07-21-11-29.NH88X,C-W-0010-L.21-M1745-1,2024-07-21 11:29:00,band_01,665.918918918919,566.7297297297297,0.0,,center,automated_candidate_unverified
C-W-0010-L.21-M1745-1.2024-07-21-11-29.NH88X,C-W-0010-L.21-M1745-1,2024-07-21 11:29:00,band_02,672.6,525.85,1.0,,center,automated_candidate_unverified
C-W-0010-L.21-M1745-1.2024-07-21-11-29.NH88X,C-W-0010-L.21-M1745-1,2024-07-21 11:29:00,band_03,675.7654320987655,484.1975308641975,2.0,,center,automated_candidate_unverified
C-W-0010-L.21-M1745-1.2024-07-21-11-29.NH88X,C-W-0010-L.21-M1745-1,2024-07-21 11:29:00,band_04,679.1756756756756,442.8378378378378,3.0,,center,automated_candidate_unverified
C-W-0010-L.21-M1745-1.2024-07-21-11-29.NH88X,C-W-0010-L.21-M1745-1,2024-07-21 11:29:00,band_05,682.6323529411765,401.0,4.0,,center,automated_candidate_unverified
C-W-0010-L.21-M1745-1.2024-07-21-11-29.NH88X,C-W-0010-L.21-M1745-1,2024-07-21 11:29:00,band_06,686.7466666666667,359.08,5.0,,center,automated_candidate_unverified
C-W-0010-L.21-M1745-1.2024-07-21-11-29.NH88X,C-W-0010-L.21-M1745-1,2024-07-21 11:29:00,band_07,690.6891891891892,316.5,6.0,,center,automated_candidate_unverified
C-W-0010-L.21-M1745-1.2024-07-21-11-29.NH88X,C-W-0010-L.21-M1745-1,2024-07-21 11:29:00,band_08,694.922077922078,273.3116883116884,7.0,,center,automated_candidate_unverified
C-W-0010-L.21-M1745-1.2024-07-21-11-29.NH88X,C-W-0010-L.21-M1745-1,2024-07-21 11:29:00,band_09,699.1891891891892,230.1081081081081,8.0,,center,automated_candidate_unverified
C-W-0010-L.21-M1745-1.2024-07-21-11-29.NH88X,C-W-0010-L.21-M1745-1,2024-07-21 11:29:00,band_10,704.1521739130435,186.67391304347825,9.0,,center,automated_candidate_unverified
C-W-0010-L.21-M1745-1.2024-07-22-11-30.NH88X,C-W-0010-L.21-M1745-1,2024-07-22 11:30:00,band_01,666.6923076923077,567.2307692307693,0.0,,center,automated_candidate_unverified
C-W-0010-L.21-M1745-1.2024-07-22-11-30.NH88X,C-W-0010-L.21-M1745-1,2024-07-22 11:30:00,band_02,675.75,524.5833333333334,1.0,,center,automated_candidate_unverified
C-W-0010-L.21-M1745-1.2024-07-22-11-30.NH88X,C-W-0010-L.21-M1745-1,2024-07-22 11:30:00,band_03,676.5802469135803,484.0617283950617,2.0,,center,automated_candidate_unverified
C-W-0010-L.21-M1745-1.2024-07-22-11-30.NH88X,C-W-0010-L.21-M1745-1,2024-07-22 11:30:00,band_04,679.8333333333334,442.8939393939394,3.0,,center,automated_candidate_unverified
C-W-0010-L.21-M1745-1.2024-07-22-11-30.NH88X,C-W-0010-L.21-M1745-1,2024-07-22 11:30:00,band_05,683.21875,400.84375,4.0,,center,automated_candidate_unverified
C-W-0010-L.21-M1745-1.2024-07-22-11-30.NH88X,C-W-0010-L.21-M1745-1,2024-07-22 11:30:00,band_06,686.9375,358.75,5.0,,center,automated_candidate_unverified
C-W-0010-L.21-M1745-1.2024-07-22-11-30.NH88X,C-W-0010-L.21-M1745-1,2024-07-22 11:30:00,band_07,690.2933333333333,316.2,6.0,,center,automated_candidate_unverified
C-W-0010-L.21-M1745-1.2024-07-22-11-30.NH88X,C-W-0010-L.21-M1745-1,2024-07-22 11:30:00,band_08,695.1451612903226,273.06451612903226,7.0,,center,automated_candidate_unverified
C-W-0010-L.21-M1745-1.2024-07-22-11-30.NH88X,C-W-0010-L.21-M1745-1,2024-07-22 11:30:00,band_09,699.2063492063492,229.65079365079364,8.0,,center,automated_candidate_unverified
C-W-0010-L.21-M1745-1.2024-07-22-11-30.NH88X,C-W-0010-L.21-M1745-1,2024-07-22 11:30:00,band_10,704.0526315789474,186.3421052631579,9.0,,center,automated_candidate_unverified
C-W-0010-L.21-M1745-1.2024-07-23-11-59.NH88X,C-W-0010-L.21-M1745-1,2024-07-23 11:59:00,band_01,677.9791666666666,488.875,0.0,,center,automated_candidate_unverified
C-W-0010-L.21-M1745-1.2024-07-23-11-59.NH88X,C-W-0010-L.21-M1745-1,2024-07-23 11:59:00,band_02,681.4050632911392,447.53164556962025,1.0,,center,automated_candidate_unverified
C-W-0010-L.21-M1745-1.2024-07-23-11-59.NH88X,C-W-0010-L.21-M1745-1,2024-07-23 11:59:00,band_03,684.7638888888889,405.7361111111111,2.0,,center,automated_candidate_unverified
C-W-0010-L.21-M1745-1.2024-07-23-11-59.NH88X,C-W-0010-L.21-M1745-1,2024-07-23 11:59:00,band_04,688.2972972972973,364.2027027027027,3.0,,center,automated_candidate_unverified
C-W-0010-L.21-M1745-1.2024-07-23-11-59.NH88X,C-W-0010-L.21-M1745-1,2024-07-23 11:59:00,band_05,692.04,321.5466666666667,4.0,,center,automated_candidate_unverified
C-W-0010-L.21-M1745-1.2024-07-23-11-59.NH88X,C-W-0010-L.21-M1745-1,2024-07-23 11:59:00,band_06,696.6086956521739,278.7391304347826,5.0,,center,automated_candidate_unverified
C-W-0010-L.21-M1745-1.2024-07-23-11-59.NH88X,C-W-0010-L.21-M1745-1,2024-07-23 11:59:00,band_07,700.7164179104477,235.46268656716416,6.0,,center,automated_candidate_unverified
C-W-0010-L.21-M1745-1.2024-07-23-11-59.NH88X,C-W-0010-L.21-M1745-1,2024-07-23 11:59:00,band_08,705.1315789473684,192.6315789473684,7.0,,center,automated_candidate_unverified
C-W-0010-L.21-M1745-1.2024-07-24-11-30.NH88X,C-W-0010-L.21-M1745-1,2024-07-24 11:30:00,band_01,676.6153846153846,531.4307692307692,0.0,,center,automated_candidate_unverified
C-W-0010-L.21-M1745-1.2024-07-24-11-30.NH88X,C-W-0010-L.21-M1745-1,2024-07-24 11:30:00,band_02,678.2,489.6666666666667,1.0,,center,automated_candidate_unverified
C-W-0010-L.21-M1745-1.2024-07-24-11-30.NH88X,C-W-0010-L.21-M1745-1,2024-07-24 11:30:00,band_03,681.561797752809,448.2921348314607,2.0,,center,automated_candidate_unverified
C-W-0010-L.21-M1745-1.2024-07-24-11-30.NH88X,C-W-0010-L.21-M1745-1,2024-07-24 11:30:00,band_04,685.0,406.5,3.0,,center,automated_candidate_unverified
C-W-0010-L.21-M1745-1.2024-07-24-11-30.NH88X,C-W-0010-L.21-M1745-1,2024-07-24 11:30:00,band_05,688.7,364.3375,4.0,,center,automated_candidate_unverified
C-W-0010-L.21-M1745-1.2024-07-24-11-30.NH88X,C-W-0010-L.21-M1745-1,2024-07-24 11:30:00,band_06,692.2911392405064,321.73417721518985,5.0,,center,automated_candidate_unverified
C-W-0010-L.21-M1745-1.2024-07-24-11-30.NH88X,C-W-0010-L.21-M1745-1,2024-07-24 11:30:00,band_07,696.9878048780488,278.5121951219512,6.0,,center,automated_candidate_unverified
C-W-0010-L.21-M1745-1.2024-07-24-11-30.NH88X,C-W-0010-L.21-M1745-1,2024-07-24 11:30:00,band_08,700.9310344827586,235.24137931034485,7.0,,center,automated_candidate_unverified
C-W-0010-L.21-M1745-1.2024-07-24-11-30.NH88X,C-W-0010-L.21-M1745-1,2024-07-24 11:30:00,band_09,705.8833333333333,191.71666666666667,8.0,,center,automated_candidate_unverified
C-W-0010-L.21-M1745-1.2024-07-25-11-30.NH88X,C-W-0010-L.21-M1745-1,2024-07-25 11:30:00,band_01,668.7977528089888,529.5280898876405,0.0,,center,automated_candidate_unverified
C-W-0010-L.21-M1745-1.2024-07-25-11-30.NH88X,C-W-0010-L.21-M1745-1,2024-07-25 11:30:00,band_02,674.7058823529412,487.2647058823529,1.0,,center,automated_candidate_unverified
C-W-0010-L.21-M1745-1.2024-07-25-11-30.NH88X,C-W-0010-L.21-M1745-1,2024-07-25 11:30:00,band_03,675.2857142857143,446.6666666666667,2.0,,center,automated_candidate_unverified
C-W-0010-L.21-M1745-1.2024-07-25-11-30.NH88X,C-W-0010-L.21-M1745-1,2024-07-25 11:30:00,band_04,678.5783132530121,405.1686746987952,3.0,,center,automated_candidate_unverified
C-W-0010-L.21-M1745-1.2024-07-25-11-30.NH88X,C-W-0010-L.21-M1745-1,2024-07-25 11:30:00,band_05,682.5402298850574,363.3103448275862,4.0,,center,automated_candidate_unverified
C-W-0010-L.21-M1745-1.2024-07-25-11-30.NH88X,C-W-0010-L.21-M1745-1,2024-07-25 11:30:00,band_06,686.2,320.84,5.0,,center,automated_candidate_unverified
C-W-0010-L.21-M1745-1.2024-07-25-11-30.NH88X,C-W-0010-L.21-M1745-1,2024-07-25 11:30:00,band_07,690.3164556962025,278.0379746835443,6.0,,center,automated_candidate_unverified
C-W-0010-L.21-M1745-1.2024-07-25-11-30.NH88X,C-W-0010-L.21-M1745-1,2024-07-25 11:30:00,band_08,695.0,235.23684210526315,7.0,,center,automated_candidate_unverified
C-W-0010-L.21-M1745-1.2024-07-25-11-30.NH88X,C-W-0010-L.21-M1745-1,2024-07-25 11:30:00,band_09,699.5964912280701,192.12280701754383,8.0,,center,automated_candidate_unverified
C-W-0010-L.21-M1745-1.2024-07-26-11-31.NH88X,C-W-0010-L.21-M1745-1,2024-07-26 11:31:00,band_01,666.8192771084338,527.6024096385543,0.0,,center,automated_candidate_unverified
C-W-0010-L.21-M1745-1.2024-07-26-11-31.NH88X,C-W-0010-L.21-M1745-1,2024-07-26 11:31:00,band_02,670.6538461538462,485.97435897435895,1.0,,center,automated_candidate_unverified
C-W-0010-L.21-M1745-1.2024-07-26-11-31.NH88X,C-W-0010-L.21-M1745-1,2024-07-26 11:31:00,band_03,673.6341463414634,445.0,2.0,,center,automated_candidate_unverified
C-W-0010-L.21-M1745-1.2024-07-26-11-31.NH88X,C-W-0010-L.21-M1745-1,2024-07-26 11:31:00,band_04,676.890243902439,403.390243902439,3.0,,center,automated_candidate_unverified
C-W-0010-L.21-M1745-1.2024-07-26-11-31.NH88X,C-W-0010-L.21-M1745-1,2024-07-26 11:31:00,band_05,680.9350649350649,361.46753246753246,4.0,,center,automated_candidate_unverified
C-W-0010-L.21-M1745-1.2024-07-26-11-31.NH88X,C-W-0010-L.21-M1745-1,2024-07-26 11:31:00,band_06,684.6486486486486,319.1216216216216,5.0,,center,automated_candidate_unverified
C-W-0010-L.21-M1745-1.2024-07-26-11-31.NH88X,C-W-0010-L.21-M1745-1,2024-07-26 11:31:00,band_07,689.0,276.16438356164383,6.0,,center,automated_candidate_unverified
C-W-0010-L.21-M1745-1.2024-07-26-11-31.NH88X,C-W-0010-L.21-M1745-1,2024-07-26 11:31:00,band_08,693.1944444444445,233.11111111111111,7.0,,center,automated_candidate_unverified
C-W-0010-L.21-M1745-1.2024-07-26-11-31.NH88X,C-W-0010-L.21-M1745-1,2024-07-26 11:31:00,band_09,698.0784313725491,190.05882352941177,8.0,,center,automated_candidate_unverified
C-W-0010-L.21-M1745-1.2024-07-27-11-31.NH88X,C-W-0010-L.21-M1745-1,2024-07-27 11:31:00,band_01,672.875,522.484375,0.0,,center,automated_candidate_unverified
C-W-0010-L.21-M1745-1.2024-07-27-11-31.NH88X,C-W-0010-L.21-M1745-1,2024-07-27 11:31:00,band_02,679.3333333333334,478.94444444444446,1.0,,center,automated_candidate_unverified
C-W-0010-L.21-M1745-1.2024-07-27-11-31.NH88X,C-W-0010-L.21-M1745-1,2024-07-27 11:31:00,band_03,680.1232876712329,439.3013698630137,2.0,,center,automated_candidate_unverified
C-W-0010-L.21-M1745-1.2024-07-27-11-31.NH88X,C-W-0010-L.21-M1745-1,2024-07-27 11:31:00,band_04,683.7758620689655,397.4827586206897,3.0,,center,automated_candidate_unverified
C-W-0010-L.21-M1745-1.2024-07-27-11-31.NH88X,C-W-0010-L.21-M1745-1,2024-07-27 11:31:00,band_05,687.6909090909091,355.3272727272727,4.0,,center,automated_candidate_unverified
C-W-0010-L.21-M1745-1.2024-07-27-11-31.NH88X,C-W-0010-L.21-M1745-1,2024-07-27 11:31:00,band_06,691.6470588235294,312.8235294117647,5.0,,center,automated_candidate_unverified
C-W-0010-L.21-M1745-1.2024-07-27-11-31.NH88X,C-W-0010-L.21-M1745-1,2024-07-27 11:31:00,band_07,696.1818181818181,269.3636363636364,6.0,,center,automated_candidate_unverified
C-W-0010-L.21-M1745-1.2024-07-27-11-31.NH88X,C-W-0010-L.21-M1745-1,2024-07-27 11:31:00,band_08,700.5625,225.89583333333331,7.0,,center,automated_candidate_unverified
C-W-0010-L.21-M1745-1.2024-07-27-11-31.NH88X,C-W-0010-L.21-M1745-1,2024-07-27 11:31:00,band_09,705.4583333333334,182.29166666666663,8.0,,center,automated_candidate_unverified
C-W-0010-L.21-M1745-1.2024-07-28-11-55.NH88X,C-W-0010-L.21-M1745-1,2024-07-28 11:55:00,band_01,682.1428571428571,523.3766233766233,0.0,,center,automated_candidate_unverified
C-W-0010-L.21-M1745-1.2024-07-28-11-55.NH88X,C-W-0010-L.21-M1745-1,2024-07-28 11:55:00,band_02,685.9555555555555,479.9333333333333,1.0,,center,automated_candidate_unverified
C-W-0010-L.21-M1745-1.2024-07-28-11-55.NH88X,C-W-0010-L.21-M1745-1,2024-07-28 11:55:00,band_03,685.0,440.65,2.0,,center,automated_candidate_unverified
C-W-0010-L.21-M1745-1.2024-07-28-11-55.NH88X,C-W-0010-L.21-M1745-1,2024-07-28 11:55:00,band_04,691.8169014084507,397.76056338028167,3.0,,center,automated_candidate_unverified
C-W-0010-L.21-M1745-1.2024-07-28-11-55.NH88X,C-W-0010-L.21-M1745-1,2024-07-28 11:55:00,band_05,695.8,355.5,4.0,,center,automated_candidate_unverified
C-W-0010-L.21-M1745-1.2024-07-28-11-55.NH88X,C-W-0010-L.21-M1745-1,2024-07-28 11:55:00,band_06,700.0675675675676,312.64864864864865,5.0,,center,automated_candidate_unverified
C-W-0010-L.21-M1745-1.2024-07-28-11-55.NH88X,C-W-0010-L.21-M1745-1,2024-07-28 11:55:00,band_07,704.6666666666666,269.15277777777777,6.0,,center,automated_candidate_unverified
C-W-0010-L.21-M1745-1.2024-07-28-11-55.NH88X,C-W-0010-L.21-M1745-1,2024-07-28 11:55:00,band_08,709.4428571428572,225.37142857142857,7.0,,center,automated_candidate_unverified
C-W-0010-L.21-M1745-1.2024-07-28-11-55.NH88X,C-W-0010-L.21-M1745-1,2024-07-28 11:55:00,band_09,714.5102040816327,181.8367346938776,8.0,,center,automated_candidate_unverified
C-W-0010-L.21-M1745-1.2024-07-29-11-57.NH88X,C-W-0010-L.21-M1745-1,2024-07-29 11:57:00,band_01,676.344262295082,485.1311475409836,0.0,,center,automated_candidate_unverified
C-W-0010-L.21-M1745-1.2024-07-29-11-57.NH88X,C-W-0010-L.21-M1745-1,2024-07-29 11:57:00,band_02,681.8804347826087,443.4673913043478,1.0,,center,automated_candidate_unverified
C-W-0010-L.21-M1745-1.2024-07-29-11-57.NH88X,C-W-0010-L.21-M1745-1,2024-07-29 11:57:00,band_03,685.2236842105264,401.5394736842105,2.0,,center,automated_candidate_unverified
C-W-0010-L.21-M1745-1.2024-07-29-11-57.NH88X,C-W-0010-L.21-M1745-1,2024-07-29 11:57:00,band_04,689.0,359.6060606060606,3.0,,center,automated_candidate_unverified
C-W-0010-L.21-M1745-1.2024-07-29-11-57.NH88X,C-W-0010-L.21-M1745-1,2024-07-29 11:57:00,band_05,692.8656716417911,317.089552238806,4.0,,center,automated_candidate_unverified
C-W-0010-L.21-M1745-1.2024-07-29-11-57.NH88X,C-W-0010-L.21-M1745-1,2024-07-29 11:57:00,band_06,697.5,273.8793103448276,5.0,,center,automated_candidate_unverified
C-W-0010-L.21-M1745-1.2024-07-29-11-57.NH88X,C-W-0010-L.21-M1745-1,2024-07-29 11:57:00,band_07,702.0333333333333,230.65,6.0,,center,automated_candidate_unverified
C-W-0010-L.21-M1745-1.2024-07-29-11-57.NH88X,C-W-0010-L.21-M1745-1,2024-07-29 11:57:00,band_08,706.6904761904761,187.73809523809524,7.0,,center,automated_candidate_unverified
C-W-0010-L.21-M1745-1.2024-07-30-11-56.NH88X,C-W-0010-L.21-M1745-1,2024-07-30 11:56:00,band_01,669.4444444444445,625.1111111111111,0.0,,center,automated_candidate_unverified
C-W-0010-L.21-M1745-1.2024-07-30-11-56.NH88X,C-W-0010-L.21-M1745-1,2024-07-30 11:56:00,band_02,672.25,591.35,1.0,,center,automated_candidate_unverified
C-W-0010-L.21-M1745-1.2024-07-30-11-56.NH88X,C-W-0010-L.21-M1745-1,2024-07-30 11:56:00,band_03,664.0,559.1785714285714,2.0,,center,automated_candidate_unverified
C-W-0010-L.21-M1745-1.2024-07-30-11-56.NH88X,C-W-0010-L.21-M1745-1,2024-07-30 11:56:00,band_04,670.1612903225806,520.3118279569892,3.0,,center,automated_candidate_unverified
C-W-0010-L.21-M1745-1.2024-07-30-11-56.NH88X,C-W-0010-L.21-M1745-1,2024-07-30 11:56:00,band_05,673.1649484536083,478.7628865979381,4.0,,center,automated_candidate_unverified
C-W-0010-L.21-M1745-1.2024-07-30-11-56.NH88X,C-W-0010-L.21-M1745-1,2024-07-30 11:56:00,band_06,675.948275862069,437.2844827586207,5.0,,center,automated_candidate_unverified
C-W-0010-L.21-M1745-1.2024-07-31-11-57.NH88X,C-W-0010-L.21-M1745-1,2024-07-31 11:57:00,band_01,54.75,810.0833333333334,0.0,,center,automated_candidate_unverified
C-W-0010-L.21-M1745-1.2024-07-31-11-57.NH88X,C-W-0010-L.21-M1745-1,2024-07-31 11:57:00,band_02,66.14285714285714,779.6190476190476,1.0,,center,automated_candidate_unverified
C-W-0010-L.21-M1745-1.2024-07-31-11-57.NH88X,C-W-0010-L.21-M1745-1,2024-07-31 11:57:00,band_03,73.05755395683454,742.3453237410072,2.0,,center,automated_candidate_unverified
C-W-0010-L.21-M1745-1.2024-07-31-11-57.NH88X,C-W-0010-L.21-M1745-1,2024-07-31 11:57:00,band_04,79.79591836734694,705.265306122449,3.0,,center,automated_candidate_unverified
C-W-0010-L.21-M1745-1.2024-07-31-11-57.NH88X,C-W-0010-L.21-M1745-1,2024-07-31 11:57:00,band_05,97.76470588235294,664.8235294117648,4.0,,center,automated_candidate_unverified
C-W-0010-L.21-M1745-1.2024-07-31-11-57.NH88X,C-W-0010-L.21-M1745-1,2024-07-31 11:57:00,band_06,106.5,630.75,5.0,,center,automated_candidate_unverified
C-W-0010-L.21-M1745-1.2024-07-31-11-57.NH88X,C-W-0010-L.21-M1745-1,2024-07-31 11:57:00,band_07,117.16666666666669,591.6666666666666,6.0,,center,automated_candidate_unverified
C-W-0010-L.21-M1745-1.2024-07-31-11-57.NH88X,C-W-0010-L.21-M1745-1,2024-07-31 11:57:00,band_08,126.55555555555556,561.8518518518518,7.0,,center,automated_candidate_unverified
C-W-0010-L.21-M1745-1.2024-08-01-11-58.NH88X,C-W-0010-L.21-M1745-1,2024-08-01 11:58:00,band_01,661.0,720.1,0.0,,center,automated_candidate_unverified
C-W-0010-L.21-M1745-1.2024-08-01-11-58.NH88X,C-W-0010-L.21-M1745-1,2024-08-01 11:58:00,band_02,673.6315789473684,666.9473684210526,1.0,,center,automated_candidate_unverified
C-W-0010-L.21-M1745-1.2024-08-01-11-58.NH88X,C-W-0010-L.21-M1745-1,2024-08-01 11:58:00,band_03,671.241935483871,610.1774193548387,2.0,,center,automated_candidate_unverified
C-W-0010-L.21-M1745-1.2024-08-01-11-58.NH88X,C-W-0010-L.21-M1745-1,2024-08-01 11:58:00,band_04,667.047619047619,559.9047619047619,3.0,,center,automated_candidate_unverified
C-W-0010-L.21-M1745-1.2024-08-01-11-58.NH88X,C-W-0010-L.21-M1745-1,2024-08-01 11:58:00,band_05,669.671875,520.796875,4.0,,center,automated_candidate_unverified
C-W-0010-L.21-M1745-1.2024-08-01-11-58.NH88X,C-W-0010-L.21-M1745-1,2024-08-01 11:58:00,band_06,673.2295081967213,478.9836065573771,5.0,,center,automated_candidate_unverified
C-W-0010-L.21-M1745-1.2024-08-01-11-58.NH88X,C-W-0010-L.21-M1745-1,2024-08-01 11:58:00,band_07,676.6769230769231,437.6923076923077,6.0,,center,automated_candidate_unverified
C-W-0010-L.21-M1745-1.2024-08-01-11-58.NH88X,C-W-0010-L.21-M1745-1,2024-08-01 11:58:00,band_08,680.8809523809524,396.1190476190476,7.0,,center,automated_candidate_unverified
C-W-0010-L.21-M1745-1.2024-08-01-11-58.NH88X,C-W-0010-L.21-M1745-1,2024-08-01 11:58:00,band_09,684.8421052631579,354.13157894736844,8.0,,center,automated_candidate_unverified
C-W-0010-L.21-M1745-1.2024-08-01-11-58.NH88X,C-W-0010-L.21-M1745-1,2024-08-01 11:58:00,band_10,689.5,311.8333333333333,9.0,,center,automated_candidate_unverified
C-W-0010-L.21-M1745-1.2024-08-01-11-58.NH88X,C-W-0010-L.21-M1745-1,2024-08-01 11:58:00,band_11,694.2285714285714,268.57142857142856,10.0,,center,automated_candidate_unverified
C-W-0010-L.21-M1745-1.2024-08-01-11-58.NH88X,C-W-0010-L.21-M1745-1,2024-08-01 11:58:00,band_12,698.9705882352941,225.55882352941177,11.0,,center,automated_candidate_unverified
C-W-0010-L.21-M1745-1.2024-08-02-11-57.NH88X,C-W-0010-L.21-M1745-1,2024-08-02 11:57:00,band_01,73.5433962264151,836.222641509434,0.0,,center,automated_candidate_unverified
C-W-0010-L.21-M1745-1.2024-08-02-11-57.NH88X,C-W-0010-L.21-M1745-1,2024-08-02 11:57:00,band_02,74.93214285714286,817.3142857142857,1.0,,center,automated_candidate_unverified
C-W-0010-L.21-M1745-1.2024-08-02-11-57.NH88X,C-W-0010-L.21-M1745-1,2024-08-02 11:57:00,band_03,72.88732394366197,798.5985915492957,2.0,,center,automated_candidate_unverified
C-W-0010-L.21-M1745-1.2024-08-02-11-57.NH88X,C-W-0010-L.21-M1745-1,2024-08-02 11:57:00,band_04,66.2,774.4,3.0,,center,automated_candidate_unverified
C-W-0010-L.21-M1745-1.2024-08-02-11-57.NH88X,C-W-0010-L.21-M1745-1,2024-08-02 11:57:00,band_05,73.42801556420234,761.4474708171206,4.0,,center,automated_candidate_unverified
C-W-0010-L.21-M1745-1.2024-08-02-11-57.NH88X,C-W-0010-L.21-M1745-1,2024-08-02 11:57:00,band_06,74.17213114754098,742.5204918032787,5.0,,center,automated_candidate_unverified
C-W-0010-L.21-M1745-1.2024-08-02-11-57.NH88X,C-W-0010-L.21-M1745-1,2024-08-02 11:57:00,band_07,65.5,723.5,6.0,,center,automated_candidate_unverified
C-W-0010-L.21-M1745-1.2024-08-02-11-57.NH88X,C-W-0010-L.21-M1745-1,2024-08-02 11:57:00,band_08,73.7239263803681,704.9294478527607,7.0,,center,automated_candidate_unverified
C-W-0010-L.21-M1745-1.2024-08-02-11-57.NH88X,C-W-0010-L.21-M1745-1,2024-08-02 11:57:00,band_09,74.3731343283582,685.4813432835821,8.0,,center,automated_candidate_unverified
C-W-0010-L.21-M1745-1.2024-08-03-11-58.NH88X,C-W-0010-L.21-M1745-1,2024-08-03 11:58:00,band_01,72.76190476190476,798.7655677655678,0.0,,center,automated_candidate_unverified
C-W-0010-L.21-M1745-1.2024-08-03-11-58.NH88X,C-W-0010-L.21-M1745-1,2024-08-03 11:58:00,band_02,76.42857142857143,779.7142857142857,1.0,,center,automated_candidate_unverified
C-W-0010-L.21-M1745-1.2024-08-03-11-58.NH88X,C-W-0010-L.21-M1745-1,2024-08-03 11:58:00,band_03,75.64393939393939,761.7765151515151,2.0,,center,automated_candidate_unverified
C-W-0010-L.21-M1745-1.2024-08-03-11-58.NH88X,C-W-0010-L.21-M1745-1,2024-08-03 11:58:00,band_04,73.89224137931035,742.5043103448276,3.0,,center,automated_candidate_unverified
C-W-0010-L.21-M1745-1.2024-08-03-11-58.NH88X,C-W-0010-L.21-M1745-1,2024-08-03 11:58:00,band_05,65.25,723.5,4.0,,center,automated_candidate_unverified
C-W-0010-L.21-M1745-1.2024-08-03-11-58.NH88X,C-W-0010-L.21-M1745-1,2024-08-03 11:58:00,band_06,74.32098765432099,704.966049382716,5.0,,center,automated_candidate_unverified
C-W-0010-L.21-M1745-1.2024-08-03-11-58.NH88X,C-W-0010-L.21-M1745-1,2024-08-03 11:58:00,band_07,73.9186046511628,685.7635658914729,6.0,,center,automated_candidate_unverified
C-W-0010-L.21-M1745-1.2024-08-04-11-57.NH88X,C-W-0010-L.21-M1745-1,2024-08-04 11:57:00,band_01,127.33333333333331,823.3333333333334,0.0,,center,automated_candidate_unverified
C-W-0010-L.21-M1745-1.2024-08-04-11-57.NH88X,C-W-0010-L.21-M1745-1,2024-08-04 11:57:00,band_02,113.23076923076924,793.3076923076923,1.0,,center,automated_candidate_unverified
C-W-0010-L.21-M1745-1.2024-08-04-11-57.NH88X,C-W-0010-L.21-M1745-1,2024-08-04 11:57:00,band_03,107.48148148148148,773.8888888888889,2.0,,center,automated_candidate_unverified
C-W-0010-L.21-M1745-1.2024-08-04-11-57.NH88X,C-W-0010-L.21-M1745-1,2024-08-04 11:57:00,band_04,103.6554054054054,749.6283783783783,3.0,,center,automated_candidate_unverified
C-W-0010-L.21-M1745-1.2024-08-04-11-57.NH88X,C-W-0010-L.21-M1745-1,2024-08-04 11:57:00,band_05,96.47524752475248,721.2673267326733,4.0,,center,automated_candidate_unverified
C-W-0010-L.21-M1745-1.2024-08-04-11-57.NH88X,C-W-0010-L.21-M1745-1,2024-08-04 11:57:00,band_06,86.2,694.4,5.0,,center,automated_candidate_unverified
C-W-0010-L.21-M1745-1.2024-08-04-11-57.NH88X,C-W-0010-L.21-M1745-1,2024-08-04 11:57:00,band_07,77.94444444444444,658.4166666666666,6.0,,center,automated_candidate_unverified
C-W-0010-L.21-M1745-1.2024-08-04-11-57.NH88X,C-W-0010-L.21-M1745-1,2024-08-04 11:57:00,band_08,66.15625,635.21875,7.0,,center,automated_candidate_unverified
C-W-0010-L.21-M1745-1.2024-08-05-11-57.NH88X,C-W-0010-L.21-M1745-1,2024-08-05 11:57:00,band_01,685.5211267605633,400.4647887323944,0.0,,center,automated_candidate_unverified
C-W-0010-L.21-M1745-1.2024-08-05-11-57.NH88X,C-W-0010-L.21-M1745-1,2024-08-05 11:57:00,band_02,689.7605633802817,358.4507042253521,1.0,,center,automated_candidate_unverified
C-W-0010-L.21-M1745-1.2024-08-05-11-57.NH88X,C-W-0010-L.21-M1745-1,2024-08-05 11:57:00,band_03,694.1194029850747,316.0,2.0,,center,automated_candidate_unverified
C-W-0010-L.21-M1745-1.2024-08-05-11-57.NH88X,C-W-0010-L.21-M1745-1,2024-08-05 11:57:00,band_04,698.8805970149253,272.65671641791045,3.0,,center,automated_candidate_unverified
C-W-0010-L.21-M1745-1.2024-08-05-11-57.NH88X,C-W-0010-L.21-M1745-1,2024-08-05 11:57:00,band_05,703.9117647058823,229.7058823529412,4.0,,center,automated_candidate_unverified
C-W-0010-L.21-M1745-1.2024-08-05-11-57.NH88X,C-W-0010-L.21-M1745-1,2024-08-05 11:57:00,band_06,709.62,185.98,5.0,,center,automated_candidate_unverified
C-W-0010-L.21-M1745-1.2024-08-06-11-59.NH88X,C-W-0010-L.21-M1745-1,2024-08-06 11:59:00,band_01,682.435294117647,360.8588235294118,0.0,,center,automated_candidate_unverified
C-W-0010-L.21-M1745-1.2024-08-06-11-59.NH88X,C-W-0010-L.21-M1745-1,2024-08-06 11:59:00,band_02,686.5,318.66279069767444,1.0,,center,automated_candidate_unverified
C-W-0010-L.21-M1745-1.2024-08-06-11-59.NH88X,C-W-0010-L.21-M1745-1,2024-08-06 11:59:00,band_03,691.3571428571429,275.5238095238095,2.0,,center,automated_candidate_unverified
C-W-0010-L.21-M1745-1.2024-08-06-11-59.NH88X,C-W-0010-L.21-M1745-1,2024-08-06 11:59:00,band_04,696.4022988505748,232.5977011494253,3.0,,center,automated_candidate_unverified
C-W-0010-L.21-M1745-1.2024-08-06-11-59.NH88X,C-W-0010-L.21-M1745-1,2024-08-06 11:59:00,band_05,701.5857142857143,188.94285714285715,4.0,,center,automated_candidate_unverified
C-W-0010-L.21-M1745-1.2024-08-07-11-58.NH88X,C-W-0010-L.21-M1745-1,2024-08-07 11:58:00,band_01,673.4,446.3,0.0,,center,automated_candidate_unverified
C-W-0010-L.21-M1745-1.2024-08-07-11-58.NH88X,C-W-0010-L.21-M1745-1,2024-08-07 11:58:00,band_02,681.0689655172414,403.5,1.0,,center,automated_candidate_unverified
C-W-0010-L.21-M1745-1.2024-08-07-11-58.NH88X,C-W-0010-L.21-M1745-1,2024-08-07 11:58:00,band_03,685.156862745098,361.4705882352941,2.0,,center,automated_candidate_unverified
C-W-0010-L.21-M1745-1.2024-08-07-11-58.NH88X,C-W-0010-L.21-M1745-1,2024-08-07 11:58:00,band_04,689.4489795918367,319.2448979591837,3.0,,center,automated_candidate_unverified
C-W-0010-L.21-M1745-1.2024-08-07-11-58.NH88X,C-W-0010-L.21-M1745-1,2024-08-07 11:58:00,band_05,693.86,276.22,4.0,,center,automated_candidate_unverified
C-W-0010-L.21-M1745-1.2024-08-07-11-58.NH88X,C-W-0010-L.21-M1745-1,2024-08-07 11:58:00,band_06,698.7450980392157,233.1764705882353,5.0,,center,automated_candidate_unverified
C-W-0010-L.21-M1745-1.2024-08-07-11-58.NH88X,C-W-0010-L.21-M1745-1,2024-08-07 11:58:00,band_07,704.0277777777778,189.91666666666663,6.0,,center,automated_candidate_unverified
C-W-0010-L.21-M1745-1.2024-08-08-11-59.NH88X,C-W-0010-L.21-M1745-1,2024-08-08 11:59:00,band_01,151.83333333333334,817.6666666666666,0.0,,center,automated_candidate_unverified
C-W-0010-L.21-M1745-1.2024-08-08-11-59.NH88X,C-W-0010-L.21-M1745-1,2024-08-08 11:59:00,band_02,151.89743589743588,791.5897435897435,1.0,,center,automated_candidate_unverified
C-W-0010-L.21-M1745-1.2024-08-08-11-59.NH88X,C-W-0010-L.21-M1745-1,2024-08-08 11:59:00,band_03,145.05263157894737,774.578947368421,2.0,,center,automated_candidate_unverified
C-W-0010-L.21-M1745-1.2024-08-08-11-59.NH88X,C-W-0010-L.21-M1745-1,2024-08-08 11:59:00,band_04,135.82978723404256,752.0851063829788,3.0,,center,automated_candidate_unverified
C-W-0010-L.21-M1745-1.2024-08-08-11-59.NH88X,C-W-0010-L.21-M1745-1,2024-08-08 11:59:00,band_05,131.77118644067798,732.1567796610169,4.0,,center,automated_candidate_unverified
C-W-0010-L.21-M1745-1.2024-08-08-11-59.NH88X,C-W-0010-L.21-M1745-1,2024-08-08 11:59:00,band_06,123.2608695652174,712.7826086956521,5.0,,center,automated_candidate_unverified
C-W-0010-L.21-M1745-1.2024-08-08-11-59.NH88X,C-W-0010-L.21-M1745-1,2024-08-08 11:59:00,band_07,107.9,688.35,6.0,,center,automated_candidate_unverified
C-W-0010-L.21-M1745-1.2024-08-08-11-59.NH88X,C-W-0010-L.21-M1745-1,2024-08-08 11:59:00,band_08,109.96153846153848,666.1923076923077,7.0,,center,automated_candidate_unverified
C-W-0010-L.21-M1745-1.2024-08-08-11-59.NH88X,C-W-0010-L.21-M1745-1,2024-08-08 11:59:00,band_09,93.26190476190476,650.1428571428571,8.0,,center,automated_candidate_unverified
C-W-0010-L.21-M1745-1.2024-08-08-11-59.NH88X,C-W-0010-L.21-M1745-1,2024-08-08 11:59:00,band_10,87.51293103448276,622.9094827586207,9.0,,center,automated_candidate_unverified
C-W-0010-L.21-M1745-1.2024-08-09-08-28.NH88X,C-W-0010-L.21-M1745-1,2024-08-09 08:28:00,band_01,706.8842105263158,700.3052631578947,0.0,,center,automated_candidate_unverified
C-W-0010-L.21-M1745-1.2024-08-09-08-28.NH88X,C-W-0010-L.21-M1745-1,2024-08-09 08:28:00,band_02,702.2608695652174,666.8260869565217,1.0,,center,automated_candidate_unverified
C-W-0010-L.21-M1745-1.2024-08-09-08-28.NH88X,C-W-0010-L.21-M1745-1,2024-08-09 08:28:00,band_03,689.6765957446809,627.8765957446808,2.0,,center,automated_candidate_unverified
C-W-0010-L.21-M1745-1.2024-08-09-08-28.NH88X,C-W-0010-L.21-M1745-1,2024-08-09 08:28:00,band_04,687.0,599.8181818181819,3.0,,center,automated_candidate_unverified
C-W-0010-L.21-M1745-1.2024-08-09-08-28.NH88X,C-W-0010-L.21-M1745-1,2024-08-09 08:28:00,band_05,673.8333333333334,562.0,4.0,,center,automated_candidate_unverified
C-W-0010-L.21-M1745-1.2024-08-09-08-28.NH88X,C-W-0010-L.21-M1745-1,2024-08-09 08:28:00,band_06,665.4,527.290909090909,5.0,,center,automated_candidate_unverified
C-M-0013-L.23-M1619-4_M1619-8.2024-06-28-11-32.NH888,C-M-0013-L.23-M1619-4_M1619-8,2024-06-28 11:32:00,band_01,643.7115384615385,788.0865384615385,0.0,,center,automated_candidate_unverified
C-M-0013-L.23-M1619-4_M1619-8.2024-06-28-11-32.NH888,C-M-0013-L.23-M1619-4_M1619-8,2024-06-28 11:32:00,band_02,644.2063492063492,743.3492063492064,1.0,,center,automated_candidate_unverified
C-M-0013-L.23-M1619-4_M1619-8.2024-06-28-11-32.NH888,C-M-0013-L.23-M1619-4_M1619-8,2024-06-28 11:32:00,band_03,644.3515625,698.4765625,2.0,,center,automated_candidate_unverified
C-M-0013-L.23-M1619-4_M1619-8.2024-06-28-11-32.NH888,C-M-0013-L.23-M1619-4_M1619-8,2024-06-28 11:32:00,band_04,645.046875,653.6875,3.0,,center,automated_candidate_unverified
C-M-0013-L.23-M1619-4_M1619-8.2024-06-28-11-32.NH888,C-M-0013-L.23-M1619-4_M1619-8,2024-06-28 11:32:00,band_05,644.9609375,608.8984375,4.0,,center,automated_candidate_unverified
C-M-0013-L.23-M1619-4_M1619-8.2024-06-28-11-32.NH888,C-M-0013-L.23-M1619-4_M1619-8,2024-06-28 11:32:00,band_06,645.1515151515151,564.3333333333334,5.0,,center,automated_candidate_unverified
C-M-0013-L.23-M1619-4_M1619-8.2024-06-28-11-32.NH888,C-M-0013-L.23-M1619-4_M1619-8,2024-06-28 11:32:00,band_07,646.2596153846154,519.5192307692307,6.0,,center,automated_candidate_unverified
C-M-0013-L.23-M1619-4_M1619-8.2024-06-28-11-32.NH888,C-M-0013-L.23-M1619-4_M1619-8,2024-06-28 11:32:00,band_08,646.939393939394,474.4949494949495,7.0,,center,automated_candidate_unverified
C-M-0013-L.23-M1619-4_M1619-8.2024-06-28-11-32.NH888,C-M-0013-L.23-M1619-4_M1619-8,2024-06-28 11:32:00,band_09,647.5,430.5,8.0,,center,automated_candidate_unverified
C-M-0013-L.23-M1619-4_M1619-8.2024-06-28-11-32.NH888,C-M-0013-L.23-M1619-4_M1619-8,2024-06-28 11:32:00,band_10,648.0,386.5,9.0,,center,automated_candidate_unverified
C-M-0013-L.23-M1619-4_M1619-8.2024-06-28-11-32.NH888,C-M-0013-L.23-M1619-4_M1619-8,2024-06-28 11:32:00,band_11,648.144578313253,342.86746987951807,10.0,,center,automated_candidate_unverified
C-M-0013-L.23-M1619-4_M1619-8.2024-06-28-11-32.NH888,C-M-0013-L.23-M1619-4_M1619-8,2024-06-28 11:32:00,band_12,648.7323943661971,299.0845070422535,11.0,,center,automated_candidate_unverified
C-M-0013-L.23-M1619-4_M1619-8.2024-06-28-11-32.NH888,C-M-0013-L.23-M1619-4_M1619-8,2024-06-28 11:32:00,band_13,648.5402298850574,256.01149425287355,12.0,,center,automated_candidate_unverified
C-M-0013-L.23-M1619-4_M1619-8.2024-06-28-11-32.NH888,C-M-0013-L.23-M1619-4_M1619-8,2024-06-28 11:32:00,band_14,648.9878048780488,212.58536585365852,13.0,,center,automated_candidate_unverified
C-M-0013-L.23-M1619-4_M1619-8.2024-06-28-11-32.NH888,C-M-0013-L.23-M1619-4_M1619-8,2024-06-28 11:32:00,band_15,648.6951219512196,169.6341463414634,14.0,,center,automated_candidate_unverified
C-M-0013-L.23-M1619-4_M1619-8.2024-06-28-11-32.NH888,C-M-0013-L.23-M1619-4_M1619-8,2024-06-28 11:32:00,band_16,648.6842105263158,126.22368421052632,15.0,,center,automated_candidate_unverified
C-M-0013-L.23-M1619-4_M1619-8.2024-06-28-11-32.NH888,C-M-0013-L.23-M1619-4_M1619-8,2024-06-28 11:32:00,band_17,648.6176470588235,83.33823529411765,16.0,,center,automated_candidate_unverified
C-M-0013-L.23-M1619-4_M1619-8.2024-06-29-11-33.NH888,C-M-0013-L.23-M1619-4_M1619-8,2024-06-29 11:33:00,band_01,632.9605263157895,785.8092105263158,0.0,,center,automated_candidate_unverified
C-M-0013-L.23-M1619-4_M1619-8.2024-06-29-11-33.NH888,C-M-0013-L.23-M1619-4_M1619-8,2024-06-29 11:33:00,band_02,631.6902654867257,740.8230088495575,1.0,,center,automated_candidate_unverified
C-M-0013-L.23-M1619-4_M1619-8.2024-06-29-11-33.NH888,C-M-0013-L.23-M1619-4_M1619-8,2024-06-29 11:33:00,band_03,631.8220338983051,696.3474576271186,2.0,,center,automated_candidate_unverified
C-M-0013-L.23-M1619-4_M1619-8.2024-06-29-11-33.NH888,C-M-0013-L.23-M1619-4_M1619-8,2024-06-29 11:33:00,band_04,633.6617647058823,652.2205882352941,3.0,,center,automated_candidate_unverified
C-M-0013-L.23-M1619-4_M1619-8.2024-06-29-11-33.NH888,C-M-0013-L.23-M1619-4_M1619-8,2024-06-29 11:33:00,band_05,633.3725490196078,607.5686274509804,4.0,,center,automated_candidate_unverified
C-M-0013-L.23-M1619-4_M1619-8.2024-06-29-11-33.NH888,C-M-0013-L.23-M1619-4_M1619-8,2024-06-29 11:33:00,band_06,634.84375,562.9895833333334,5.0,,center,automated_candidate_unverified
C-M-0013-L.23-M1619-4_M1619-8.2024-06-29-11-33.NH888,C-M-0013-L.23-M1619-4_M1619-8,2024-06-29 11:33:00,band_07,635.7368421052631,518.3157894736842,6.0,,center,automated_candidate_unverified
C-M-0013-L.23-M1619-4_M1619-8.2024-06-29-11-33.NH888,C-M-0013-L.23-M1619-4_M1619-8,2024-06-29 11:33:00,band_08,636.9574468085107,473.4574468085106,7.0,,center,automated_candidate_unverified
C-M-0013-L.23-M1619-4_M1619-8.2024-06-29-11-33.NH888,C-M-0013-L.23-M1619-4_M1619-8,2024-06-29 11:33:00,band_09,638.0,429.2089552238806,8.0,,center,automated_candidate_unverified
C-M-0013-L.23-M1619-4_M1619-8.2024-06-29-11-33.NH888,C-M-0013-L.23-M1619-4_M1619-8,2024-06-29 11:33:00,band_10,639.0483870967741,385.1612903225807,9.0,,center,automated_candidate_unverified
C-M-0013-L.23-M1619-4_M1619-8.2024-06-29-11-33.NH888,C-M-0013-L.23-M1619-4_M1619-8,2024-06-29 11:33:00,band_11,640.044776119403,341.3731343283582,10.0,,center,automated_candidate_unverified
C-M-0013-L.23-M1619-4_M1619-8.2024-06-29-11-33.NH888,C-M-0013-L.23-M1619-4_M1619-8,2024-06-29 11:33:00,band_12,641.1290322580645,297.2741935483871,11.0,,center,automated_candidate_unverified
C-M-0013-L.23-M1619-4_M1619-8.2024-06-29-11-33.NH888,C-M-0013-L.23-M1619-4_M1619-8,2024-06-29 11:33:00,band_13,641.2435897435897,253.80769230769232,12.0,,center,automated_candidate_unverified
C-M-0013-L.23-M1619-4_M1619-8.2024-06-29-11-33.NH888,C-M-0013-L.23-M1619-4_M1619-8,2024-06-29 11:33:00,band_14,642.0131578947369,209.76315789473685,13.0,,center,automated_candidate_unverified
C-M-0013-L.23-M1619-4_M1619-8.2024-06-29-11-33.NH888,C-M-0013-L.23-M1619-4_M1619-8,2024-06-29 11:33:00,band_15,642.472972972973,166.59459459459458,14.0,,center,automated_candidate_unverified
C-M-0013-L.23-M1619-4_M1619-8.2024-06-29-11-33.NH888,C-M-0013-L.23-M1619-4_M1619-8,2024-06-29 11:33:00,band_16,642.9230769230769,122.49230769230768,15.0,,center,automated_candidate_unverified
C-M-0013-L.23-M1619-4_M1619-8.2024-06-29-11-33.NH888,C-M-0013-L.23-M1619-4_M1619-8,2024-06-29 11:33:00,band_17,643.2962962962963,79.11111111111111,16.0,,center,automated_candidate_unverified
C-M-0013-L.23-M1619-4_M1619-8.2024-06-30-11-33.NH888,C-M-0013-L.23-M1619-4_M1619-8,2024-06-30 11:33:00,band_01,111.25,814.0,0.0,,center,automated_candidate_unverified
C-M-0013-L.23-M1619-4_M1619-8.2024-06-30-11-33.NH888,C-M-0013-L.23-M1619-4_M1619-8,2024-06-30 11:33:00,band_02,110.0,795.4166666666666,1.0,,center,automated_candidate_unverified
C-M-0013-L.23-M1619-4_M1619-8.2024-06-30-11-33.NH888,C-M-0013-L.23-M1619-4_M1619-8,2024-06-30 11:33:00,band_03,117.625,773.875,2.0,,center,automated_candidate_unverified
C-M-0013-L.23-M1619-4_M1619-8.2024-06-30-11-33.NH888,C-M-0013-L.23-M1619-4_M1619-8,2024-06-30 11:33:00,band_04,124.06666666666666,758.4,3.0,,center,automated_candidate_unverified
C-M-0013-L.23-M1619-4_M1619-8.2024-06-30-11-33.NH888,C-M-0013-L.23-M1619-4_M1619-8,2024-06-30 11:33:00,band_05,130.1,734.7,4.0,,center,automated_candidate_unverified
C-M-0013-L.23-M1619-4_M1619-8.2024-06-30-11-33.NH888,C-M-0013-L.23-M1619-4_M1619-8,2024-06-30 11:33:00,band_06,137.07692307692307,718.025641025641,5.0,,center,automated_candidate_unverified
C-M-0013-L.23-M1619-4_M1619-8.2024-06-30-11-33.NH888,C-M-0013-L.23-M1619-4_M1619-8,2024-06-30 11:33:00,band_07,140.25714285714287,702.7428571428571,6.0,,center,automated_candidate_unverified
C-M-0013-L.23-M1619-4_M1619-8.2024-06-30-11-33.NH888,C-M-0013-L.23-M1619-4_M1619-8,2024-06-30 11:33:00,band_08,153.44444444444446,673.9305555555555,7.0,,center,automated_candidate_unverified
C-M-0013-L.23-M1619-4_M1619-8.2024-07-01-11-47.NH888,C-M-0013-L.23-M1619-4_M1619-8,2024-07-01 11:47:00,band_01,624.0817610062893,652.503144654088,0.0,,center,automated_candidate_unverified
C-M-0013-L.23-M1619-4_M1619-8.2024-07-01-11-47.NH888,C-M-0013-L.23-M1619-4_M1619-8,2024-07-01 11:47:00,band_02,628.2049689440994,607.5714285714286,1.0,,center,automated_candidate_unverified
C-M-0013-L.23-M1619-4_M1619-8.2024-07-01-11-47.NH888,C-M-0013-L.23-M1619-4_M1619-8,2024-07-01 11:47:00,band_03,624.9803921568628,563.3921568627451,2.0,,center,automated_candidate_unverified
C-M-0013-L.23-M1619-4_M1619-8.2024-07-01-11-47.NH888,C-M-0013-L.23-M1619-4_M1619-8,2024-07-01 11:47:00,band_04,625.5353535353536,518.5959595959596,3.0,,center,automated_candidate_unverified
C-M-0013-L.23-M1619-4_M1619-8.2024-07-01-11-47.NH888,C-M-0013-L.23-M1619-4_M1619-8,2024-07-01 11:47:00,band_05,626.3723404255319,474.468085106383,4.0,,center,automated_candidate_unverified
C-M-0013-L.23-M1619-4_M1619-8.2024-07-01-11-47.NH888,C-M-0013-L.23-M1619-4_M1619-8,2024-07-01 11:47:00,band_06,626.5,430.5777777777778,5.0,,center,automated_candidate_unverified
C-M-0013-L.23-M1619-4_M1619-8.2024-07-01-11-47.NH888,C-M-0013-L.23-M1619-4_M1619-8,2024-07-01 11:47:00,band_07,626.8961038961039,386.8051948051948,6.0,,center,automated_candidate_unverified
C-M-0013-L.23-M1619-4_M1619-8.2024-07-01-11-47.NH888,C-M-0013-L.23-M1619-4_M1619-8,2024-07-01 11:47:00,band_08,627.2597402597403,343.7402597402597,7.0,,center,automated_candidate_unverified
C-M-0013-L.23-M1619-4_M1619-8.2024-07-01-11-47.NH888,C-M-0013-L.23-M1619-4_M1619-8,2024-07-01 11:47:00,band_09,627.68,300.36,8.0,,center,automated_candidate_unverified
C-M-0013-L.23-M1619-4_M1619-8.2024-07-01-11-47.NH888,C-M-0013-L.23-M1619-4_M1619-8,2024-07-01 11:47:00,band_10,627.8589743589744,257.6666666666667,9.0,,center,automated_candidate_unverified
C-M-0013-L.23-M1619-4_M1619-8.2024-07-01-11-47.NH888,C-M-0013-L.23-M1619-4_M1619-8,2024-07-01 11:47:00,band_11,627.7323943661971,214.29577464788733,10.0,,center,automated_candidate_unverified
C-M-0013-L.23-M1619-4_M1619-8.2024-07-01-11-47.NH888,C-M-0013-L.23-M1619-4_M1619-8,2024-07-01 11:47:00,band_12,627.4605263157895,171.76315789473685,11.0,,center,automated_candidate_unverified
C-M-0013-L.23-M1619-4_M1619-8.2024-07-01-11-47.NH888,C-M-0013-L.23-M1619-4_M1619-8,2024-07-01 11:47:00,band_13,627.4782608695652,128.43478260869566,12.0,,center,automated_candidate_unverified
C-M-0013-L.23-M1619-4_M1619-8.2024-07-01-11-47.NH888,C-M-0013-L.23-M1619-4_M1619-8,2024-07-01 11:47:00,band_14,627.1694915254237,85.9322033898305,13.0,,center,automated_candidate_unverified
C-M-0013-L.23-M1619-4_M1619-8.2024-07-02-11-47.NH888,C-M-0013-L.23-M1619-4_M1619-8,2024-07-02 11:47:00,band_01,644.0,821.3333333333334,0.0,,center,automated_candidate_unverified
C-M-0013-L.23-M1619-4_M1619-8.2024-07-02-11-47.NH888,C-M-0013-L.23-M1619-4_M1619-8,2024-07-02 11:47:00,band_02,636.6106194690266,789.1061946902655,1.0,,center,automated_candidate_unverified
C-M-0013-L.23-M1619-4_M1619-8.2024-07-02-11-47.NH888,C-M-0013-L.23-M1619-4_M1619-8,2024-07-02 11:47:00,band_03,638.0597014925373,744.6268656716418,2.0,,center,automated_candidate_unverified
C-M-0013-L.23-M1619-4_M1619-8.2024-07-02-11-47.NH888,C-M-0013-L.23-M1619-4_M1619-8,2024-07-02 11:47:00,band_04,637.7256637168142,699.9026548672566,3.0,,center,automated_candidate_unverified
C-M-0013-L.23-M1619-4_M1619-8.2024-07-02-11-47.NH888,C-M-0013-L.23-M1619-4_M1619-8,2024-07-02 11:47:00,band_05,640.7904191616766,652.8622754491018,4.0,,center,automated_candidate_unverified
C-M-0013-L.23-M1619-4_M1619-8.2024-07-02-11-47.NH888,C-M-0013-L.23-M1619-4_M1619-8,2024-07-02 11:47:00,band_06,639.3571428571429,610.936507936508,5.0,,center,automated_candidate_unverified
C-M-0013-L.23-M1619-4_M1619-8.2024-07-02-11-47.NH888,C-M-0013-L.23-M1619-4_M1619-8,2024-07-02 11:47:00,band_07,639.8190476190476,566.3428571428572,6.0,,center,automated_candidate_unverified
C-M-0013-L.23-M1619-4_M1619-8.2024-07-02-11-47.NH888,C-M-0013-L.23-M1619-4_M1619-8,2024-07-02 11:47:00,band_08,641.1274509803922,521.4705882352941,7.0,,center,automated_candidate_unverified
C-M-0013-L.23-M1619-4_M1619-8.2024-07-02-11-47.NH888,C-M-0013-L.23-M1619-4_M1619-8,2024-07-02 11:47:00,band_09,641.89,476.61,8.0,,center,automated_candidate_unverified
C-M-0013-L.23-M1619-4_M1619-8.2024-07-02-11-47.NH888,C-M-0013-L.23-M1619-4_M1619-8,2024-07-02 11:47:00,band_10,642.5483870967741,432.61290322580646,9.0,,center,automated_candidate_unverified
C-M-0013-L.23-M1619-4_M1619-8.2024-07-02-11-47.NH888,C-M-0013-L.23-M1619-4_M1619-8,2024-07-02 11:47:00,band_11,643.6703296703297,388.7142857142857,10.0,,center,automated_candidate_unverified
C-M-0013-L.23-M1619-4_M1619-8.2024-07-02-11-47.NH888,C-M-0013-L.23-M1619-4_M1619-8,2024-07-02 11:47:00,band_12,644.3411764705883,345.0352941176471,11.0,,center,automated_candidate_unverified
C-M-0013-L.23-M1619-4_M1619-8.2024-07-02-11-47.NH888,C-M-0013-L.23-M1619-4_M1619-8,2024-07-02 11:47:00,band_13,644.7682926829268,301.5487804878049,12.0,,center,automated_candidate_unverified
C-M-0013-L.23-M1619-4_M1619-8.2024-07-02-11-47.NH888,C-M-0013-L.23-M1619-4_M1619-8,2024-07-02 11:47:00,band_14,645.358024691358,258.22222222222223,13.0,,center,automated_candidate_unverified
C-M-0013-L.23-M1619-4_M1619-8.2024-07-02-11-47.NH888,C-M-0013-L.23-M1619-4_M1619-8,2024-07-02 11:47:00,band_15,646.3296703296703,214.64835164835165,14.0,,center,automated_candidate_unverified
C-M-0013-L.23-M1619-4_M1619-8.2024-07-02-11-47.NH888,C-M-0013-L.23-M1619-4_M1619-8,2024-07-02 11:47:00,band_16,646.3563218390805,171.64367816091954,15.0,,center,automated_candidate_unverified
C-M-0013-L.23-M1619-4_M1619-8.2024-07-02-11-47.NH888,C-M-0013-L.23-M1619-4_M1619-8,2024-07-02 11:47:00,band_17,646.6746987951807,128.0120481927711,16.0,,center,automated_candidate_unverified
C-M-0013-L.23-M1619-4_M1619-8.2024-07-02-11-47.NH888,C-M-0013-L.23-M1619-4_M1619-8,2024-07-02 11:47:00,band_18,646.76,85.08,17.0,,center,automated_candidate_unverified
C-M-0013-L.23-M1619-4_M1619-8.2024-07-03-11-48.NH888,C-M-0013-L.23-M1619-4_M1619-8,2024-07-03 11:48:00,band_01,636.9930555555555,786.2708333333334,0.0,,center,automated_candidate_unverified
C-M-0013-L.23-M1619-4_M1619-8.2024-07-03-11-48.NH888,C-M-0013-L.23-M1619-4_M1619-8,2024-07-03 11:48:00,band_02,636.4736842105264,740.6466165413534,1.0,,center,automated_candidate_unverified
C-M-0013-L.23-M1619-4_M1619-8.2024-07-03-11-48.NH888,C-M-0013-L.23-M1619-4_M1619-8,2024-07-03 11:48:00,band_03,634.2233502538071,696.6903553299493,2.0,,center,automated_candidate_unverified
C-M-0013-L.23-M1619-4_M1619-8.2024-07-03-11-48.NH888,C-M-0013-L.23-M1619-4_M1619-8,2024-07-03 11:48:00,band_04,639.4487179487179,651.0128205128206,3.0,,center,automated_candidate_unverified
C-M-0013-L.23-M1619-4_M1619-8.2024-07-03-11-48.NH888,C-M-0013-L.23-M1619-4_M1619-8,2024-07-03 11:48:00,band_05,641.9404761904761,607.4940476190476,4.0,,center,automated_candidate_unverified
C-M-0013-L.23-M1619-4_M1619-8.2024-07-03-11-48.NH888,C-M-0013-L.23-M1619-4_M1619-8,2024-07-03 11:48:00,band_06,639.2,562.29,5.0,,center,automated_candidate_unverified
C-M-0013-L.23-M1619-4_M1619-8.2024-07-03-11-48.NH888,C-M-0013-L.23-M1619-4_M1619-8,2024-07-03 11:48:00,band_07,640.1274509803922,517.4411764705883,6.0,,center,automated_candidate_unverified
C-M-0013-L.23-M1619-4_M1619-8.2024-07-03-11-48.NH888,C-M-0013-L.23-M1619-4_M1619-8,2024-07-03 11:48:00,band_08,641.1274509803922,472.5490196078432,7.0,,center,automated_candidate_unverified
C-M-0013-L.23-M1619-4_M1619-8.2024-07-03-11-48.NH888,C-M-0013-L.23-M1619-4_M1619-8,2024-07-03 11:48:00,band_09,642.0588235294117,428.45882352941175,8.0,,center,automated_candidate_unverified
C-M-0013-L.23-M1619-4_M1619-8.2024-07-03-11-48.NH888,C-M-0013-L.23-M1619-4_M1619-8,2024-07-03 11:48:00,band_10,642.6629213483146,384.3820224719101,9.0,,center,automated_candidate_unverified
C-M-0013-L.23-M1619-4_M1619-8.2024-07-03-11-48.NH888,C-M-0013-L.23-M1619-4_M1619-8,2024-07-03 11:48:00,band_11,643.6483516483516,340.68131868131866,10.0,,center,automated_candidate_unverified
C-M-0013-L.23-M1619-4_M1619-8.2024-07-03-11-48.NH888,C-M-0013-L.23-M1619-4_M1619-8,2024-07-03 11:48:00,band_12,644.5454545454545,296.6363636363636,11.0,,center,automated_candidate_unverified
C-M-0013-L.23-M1619-4_M1619-8.2024-07-03-11-48.NH888,C-M-0013-L.23-M1619-4_M1619-8,2024-07-03 11:48:00,band_13,644.9397590361446,253.15662650602408,12.0,,center,automated_candidate_unverified
C-M-0013-L.23-M1619-4_M1619-8.2024-07-03-11-48.NH888,C-M-0013-L.23-M1619-4_M1619-8,2024-07-03 11:48:00,band_14,645.329268292683,209.6341463414634,13.0,,center,automated_candidate_unverified
C-M-0013-L.23-M1619-4_M1619-8.2024-07-03-11-48.NH888,C-M-0013-L.23-M1619-4_M1619-8,2024-07-03 11:48:00,band_15,645.5681818181819,166.10227272727272,14.0,,center,automated_candidate_unverified
C-M-0013-L.23-M1619-4_M1619-8.2024-07-03-11-48.NH888,C-M-0013-L.23-M1619-4_M1619-8,2024-07-03 11:48:00,band_16,646.0481927710844,122.2289156626506,15.0,,center,automated_candidate_unverified
C-M-0013-L.23-M1619-4_M1619-8.2024-07-03-11-48.NH888,C-M-0013-L.23-M1619-4_M1619-8,2024-07-03 11:48:00,band_17,645.9473684210526,79.19736842105263,16.0,,center,automated_candidate_unverified
C-M-0013-L.23-M1619-4_M1619-8.2024-07-04-11-45.NH888,C-M-0013-L.23-M1619-4_M1619-8,2024-07-04 11:45:00,band_01,643.1075949367089,696.3037974683544,0.0,,center,automated_candidate_unverified
C-M-0013-L.23-M1619-4_M1619-8.2024-07-04-11-45.NH888,C-M-0013-L.23-M1619-4_M1619-8,2024-07-04 11:45:00,band_02,642.503355704698,652.4295302013422,1.0,,center,automated_candidate_unverified
C-M-0013-L.23-M1619-4_M1619-8.2024-07-04-11-45.NH888,C-M-0013-L.23-M1619-4_M1619-8,2024-07-04 11:45:00,band_03,644.4751773049645,607.4539007092199,2.0,,center,automated_candidate_unverified
C-M-0013-L.23-M1619-4_M1619-8.2024-07-04-11-45.NH888,C-M-0013-L.23-M1619-4_M1619-8,2024-07-04 11:45:00,band_04,642.7582417582418,563.2637362637363,3.0,,center,automated_candidate_unverified
C-M-0013-L.23-M1619-4_M1619-8.2024-07-04-11-45.NH888,C-M-0013-L.23-M1619-4_M1619-8,2024-07-04 11:45:00,band_05,643.5111111111111,518.2444444444444,4.0,,center,automated_candidate_unverified
C-M-0013-L.23-M1619-4_M1619-8.2024-07-04-11-45.NH888,C-M-0013-L.23-M1619-4_M1619-8,2024-07-04 11:45:00,band_06,644.8089887640449,473.3820224719101,5.0,,center,automated_candidate_unverified
C-M-0013-L.23-M1619-4_M1619-8.2024-07-04-11-45.NH888,C-M-0013-L.23-M1619-4_M1619-8,2024-07-04 11:45:00,band_07,645.2615384615384,429.3384615384616,6.0,,center,automated_candidate_unverified
C-M-0013-L.23-M1619-4_M1619-8.2024-07-04-11-45.NH888,C-M-0013-L.23-M1619-4_M1619-8,2024-07-04 11:45:00,band_08,646.3454545454546,385.2363636363637,7.0,,center,automated_candidate_unverified
C-M-0013-L.23-M1619-4_M1619-8.2024-07-04-11-45.NH888,C-M-0013-L.23-M1619-4_M1619-8,2024-07-04 11:45:00,band_09,646.7678571428571,341.60714285714283,8.0,,center,automated_candidate_unverified
C-M-0013-L.23-M1619-4_M1619-8.2024-07-04-11-45.NH888,C-M-0013-L.23-M1619-4_M1619-8,2024-07-04 11:45:00,band_10,647.6938775510204,297.8775510204082,9.0,,center,automated_candidate_unverified
C-M-0013-L.23-M1619-4_M1619-8.2024-07-04-11-45.NH888,C-M-0013-L.23-M1619-4_M1619-8,2024-07-04 11:45:00,band_11,647.2950819672132,254.63934426229508,10.0,,center,automated_candidate_unverified
C-M-0013-L.23-M1619-4_M1619-8.2024-07-04-11-45.NH888,C-M-0013-L.23-M1619-4_M1619-8,2024-07-04 11:45:00,band_12,647.2280701754386,211.1929824561404,11.0,,center,automated_candidate_unverified
C-M-0013-L.23-M1619-4_M1619-8.2024-07-04-11-45.NH888,C-M-0013-L.23-M1619-4_M1619-8,2024-07-04 11:45:00,band_13,647.5090909090909,168.25454545454545,12.0,,center,automated_candidate_unverified
C-M-0013-L.23-M1619-4_M1619-8.2024-07-04-11-45.NH888,C-M-0013-L.23-M1619-4_M1619-8,2024-07-04 11:45:00,band_14,647.5,124.60714285714286,13.0,,center,automated_candidate_unverified
C-M-0013-L.23-M1619-4_M1619-8.2024-07-04-11-45.NH888,C-M-0013-L.23-M1619-4_M1619-8,2024-07-04 11:45:00,band_15,647.6666666666666,81.73333333333333,14.0,,center,automated_candidate_unverified
C-M-0013-L.23-M1619-4_M1619-8.2024-07-05-11-46.NH888,C-M-0013-L.23-M1619-4_M1619-8,2024-07-05 11:46:00,band_01,490.8,611.2,0.0,,center,automated_candidate_unverified
C-M-0013-L.23-M1619-4_M1619-8.2024-07-05-11-46.NH888,C-M-0013-L.23-M1619-4_M1619-8,2024-07-05 11:46:00,band_02,498.6119402985075,594.6492537313433,1.0,,center,automated_candidate_unverified
C-M-0013-L.23-M1619-4_M1619-8.2024-07-05-11-46.NH888,C-M-0013-L.23-M1619-4_M1619-8,2024-07-05 11:46:00,band_03,490.1212121212121,579.2272727272727,2.0,,center,automated_candidate_unverified
C-M-0013-L.23-M1619-4_M1619-8.2024-07-05-11-46.NH888,C-M-0013-L.23-M1619-4_M1619-8,2024-07-05 11:46:00,band_04,487.36,558.48,3.0,,center,automated_candidate_unverified
C-M-0013-L.23-M1619-4_M1619-8.2024-07-05-11-46.NH888,C-M-0013-L.23-M1619-4_M1619-8,2024-07-05 11:46:00,band_05,487.2,538.28,4.0,,center,automated_candidate_unverified
C-M-0013-L.23-M1619-4_M1619-8.2024-07-05-11-46.NH888,C-M-0013-L.23-M1619-4_M1619-8,2024-07-05 11:46:00,band_06,487.5,517.6153846153846,5.0,,center,automated_candidate_unverified
C-M-0013-L.23-M1619-4_M1619-8.2024-07-05-11-46.NH888,C-M-0013-L.23-M1619-4_M1619-8,2024-07-05 11:46:00,band_07,488.12,497.56,6.0,,center,automated_candidate_unverified
C-M-0013-L.23-M1619-4_M1619-8.2024-07-05-11-46.NH888,C-M-0013-L.23-M1619-4_M1619-8,2024-07-05 11:46:00,band_08,490.1935483870968,479.2903225806452,7.0,,center,automated_candidate_unverified
C-M-0013-L.23-M1619-4_M1619-8.2024-07-05-11-46.NH888,C-M-0013-L.23-M1619-4_M1619-8,2024-07-05 11:46:00,band_09,489.0625,457.125,8.0,,center,automated_candidate_unverified
C-M-0013-L.23-M1619-4_M1619-8.2024-07-05-11-46.NH888,C-M-0013-L.23-M1619-4_M1619-8,2024-07-05 11:46:00,band_10,490.5,436.8,9.0,,center,automated_candidate_unverified
C-M-0013-L.23-M1619-4_M1619-8.2024-07-05-11-46.NH888,C-M-0013-L.23-M1619-4_M1619-8,2024-07-05 11:46:00,band_11,491.3076923076923,417.0,10.0,,center,automated_candidate_unverified
C-M-0013-L.23-M1619-4_M1619-8.2024-07-05-11-46.NH888,C-M-0013-L.23-M1619-4_M1619-8,2024-07-05 11:46:00,band_12,492.0,396.5,11.0,,center,automated_candidate_unverified
C-M-0013-L.23-M1619-4_M1619-8.2024-07-05-11-46.NH888,C-M-0013-L.23-M1619-4_M1619-8,2024-07-05 11:46:00,band_13,493.0,376.3333333333333,12.0,,center,automated_candidate_unverified
C-M-0013-L.23-M1619-4_M1619-8.2024-07-05-11-46.NH888,C-M-0013-L.23-M1619-4_M1619-8,2024-07-05 11:46:00,band_14,494.0,356.0,13.0,,center,automated_candidate_unverified
C-M-0013-L.23-M1619-4_M1619-8.2024-07-06-11-46.NH888,C-M-0013-L.23-M1619-4_M1619-8,2024-07-06 11:46:00,band_01,476.39130434782606,612.8695652173913,0.0,,center,automated_candidate_unverified
C-M-0013-L.23-M1619-4_M1619-8.2024-07-06-11-46.NH888,C-M-0013-L.23-M1619-4_M1619-8,2024-07-06 11:46:00,band_02,489.8888888888889,588.5555555555555,1.0,,center,automated_candidate_unverified
C-M-0013-L.23-M1619-4_M1619-8.2024-07-06-11-46.NH888,C-M-0013-L.23-M1619-4_M1619-8,2024-07-06 11:46:00,band_03,483.0,574.0545454545454,2.0,,center,automated_candidate_unverified
C-M-0013-L.23-M1619-4_M1619-8.2024-07-06-11-46.NH888,C-M-0013-L.23-M1619-4_M1619-8,2024-07-06 11:46:00,band_04,479.1739130434783,553.304347826087,3.0,,center,automated_candidate_unverified
C-M-0013-L.23-M1619-4_M1619-8.2024-07-06-11-46.NH888,C-M-0013-L.23-M1619-4_M1619-8,2024-07-06 11:46:00,band_05,479.125,532.9166666666666,4.0,,center,automated_candidate_unverified
C-M-0013-L.23-M1619-4_M1619-8.2024-07-06-11-46.NH888,C-M-0013-L.23-M1619-4_M1619-8,2024-07-06 11:46:00,band_06,479.2083333333333,512.625,5.0,,center,automated_candidate_unverified
C-M-0013-L.23-M1619-4_M1619-8.2024-07-06-11-46.NH888,C-M-0013-L.23-M1619-4_M1619-8,2024-07-06 11:46:00,band_07,480.0,492.5,6.0,,center,automated_candidate_unverified
C-M-0013-L.23-M1619-4_M1619-8.2024-07-06-11-46.NH888,C-M-0013-L.23-M1619-4_M1619-8,2024-07-06 11:46:00,band_08,480.45,472.35,7.0,,center,automated_candidate_unverified
C-M-0013-L.23-M1619-4_M1619-8.2024-07-06-11-46.NH888,C-M-0013-L.23-M1619-4_M1619-8,2024-07-06 11:46:00,band_09,481.0,451.875,8.0,,center,automated_candidate_unverified
C-M-0013-L.23-M1619-4_M1619-8.2024-07-06-11-46.NH888,C-M-0013-L.23-M1619-4_M1619-8,2024-07-06 11:46:00,band_10,481.7142857142857,431.8571428571428,9.0,,center,automated_candidate_unverified
C-M-0013-L.23-M1619-4_M1619-8.2024-07-06-11-46.NH888,C-M-0013-L.23-M1619-4_M1619-8,2024-07-06 11:46:00,band_11,482.3333333333333,411.73333333333335,10.0,,center,automated_candidate_unverified
C-M-0013-L.23-M1619-4_M1619-8.2024-07-06-11-46.NH888,C-M-0013-L.23-M1619-4_M1619-8,2024-07-06 11:46:00,band_12,483.5,391.5,11.0,,center,automated_candidate_unverified
C-M-0013-L.23-M1619-4_M1619-8.2024-07-06-11-46.NH888,C-M-0013-L.23-M1619-4_M1619-8,2024-07-06 11:46:00,band_13,484.0769230769231,371.3076923076923,12.0,,center,automated_candidate_unverified
C-M-0013-L.23-M1619-4_M1619-8.2024-07-06-11-46.NH888,C-M-0013-L.23-M1619-4_M1619-8,2024-07-06 11:46:00,band_14,485.3636363636364,350.90909090909093,13.0,,center,automated_candidate_unverified
C-M-0013-L.23-M1619-4_M1619-8.2024-07-07-11-46.NH888,C-M-0013-L.23-M1619-4_M1619-8,2024-07-07 11:46:00,band_01,642.3090909090909,563.9636363636364,0.0,,center,automated_candidate_unverified
C-M-0013-L.23-M1619-4_M1619-8.2024-07-07-11-46.NH888,C-M-0013-L.23-M1619-4_M1619-8,2024-07-07 11:46:00,band_02,643.0485436893204,518.9708737864078,1.0,,center,automated_candidate_unverified
C-M-0013-L.23-M1619-4_M1619-8.2024-07-07-11-46.NH888,C-M-0013-L.23-M1619-4_M1619-8,2024-07-07 11:46:00,band_03,644.1770833333334,474.03125,2.0,,center,automated_candidate_unverified
C-M-0013-L.23-M1619-4_M1619-8.2024-07-07-11-46.NH888,C-M-0013-L.23-M1619-4_M1619-8,2024-07-07 11:46:00,band_04,645.0641025641025,429.7435897435897,3.0,,center,automated_candidate_unverified
C-M-0013-L.23-M1619-4_M1619-8.2024-07-07-11-46.NH888,C-M-0013-L.23-M1619-4_M1619-8,2024-07-07 11:46:00,band_05,646.3714285714286,385.7,4.0,,center,automated_candidate_unverified
C-M-0013-L.23-M1619-4_M1619-8.2024-07-07-11-46.NH888,C-M-0013-L.23-M1619-4_M1619-8,2024-07-07 11:46:00,band_06,646.6805555555555,341.77777777777777,5.0,,center,automated_candidate_unverified
C-M-0013-L.23-M1619-4_M1619-8.2024-07-07-11-46.NH888,C-M-0013-L.23-M1619-4_M1619-8,2024-07-07 11:46:00,band_07,647.7101449275362,298.0,6.0,,center,automated_candidate_unverified
C-M-0013-L.23-M1619-4_M1619-8.2024-07-07-11-46.NH888,C-M-0013-L.23-M1619-4_M1619-8,2024-07-07 11:46:00,band_08,648.3466666666667,254.38666666666663,7.0,,center,automated_candidate_unverified
C-M-0013-L.23-M1619-4_M1619-8.2024-07-07-11-46.NH888,C-M-0013-L.23-M1619-4_M1619-8,2024-07-07 11:46:00,band_09,648.6,210.61333333333332,8.0,,center,automated_candidate_unverified
C-M-0013-L.23-M1619-4_M1619-8.2024-07-07-11-46.NH888,C-M-0013-L.23-M1619-4_M1619-8,2024-07-07 11:46:00,band_10,648.6865671641791,167.11940298507463,9.0,,center,automated_candidate_unverified
C-M-0013-L.23-M1619-4_M1619-8.2024-07-07-11-46.NH888,C-M-0013-L.23-M1619-4_M1619-8,2024-07-07 11:46:00,band_11,648.7794117647059,123.04411764705884,10.0,,center,automated_candidate_unverified
C-M-0013-L.23-M1619-4_M1619-8.2024-07-07-11-46.NH888,C-M-0013-L.23-M1619-4_M1619-8,2024-07-07 11:46:00,band_12,649.4561403508771,79.66666666666667,11.0,,center,automated_candidate_unverified
C-M-0013-L.23-M1619-4_M1619-8.2024-07-08-11-46.NH888,C-M-0013-L.23-M1619-4_M1619-8,2024-07-08 11:46:00,band_01,642.1318681318681,785.967032967033,0.0,,center,automated_candidate_unverified
C-M-0013-L.23-M1619-4_M1619-8.2024-07-08-11-46.NH888,C-M-0013-L.23-M1619-4_M1619-8,2024-07-08 11:46:00,band_02,645.051724137931,742.2413793103449,1.0,,center,automated_candidate_unverified
C-M-0013-L.23-M1619-4_M1619-8.2024-07-08-11-46.NH888,C-M-0013-L.23-M1619-4_M1619-8,2024-07-08 11:46:00,band_03,643.0,696.9652173913043,2.0,,center,automated_candidate_unverified
C-M-0013-L.23-M1619-4_M1619-8.2024-07-08-11-46.NH888,C-M-0013-L.23-M1619-4_M1619-8,2024-07-08 11:46:00,band_04,643.7676767676768,652.2121212121212,3.0,,center,automated_candidate_unverified
C-M-0013-L.23-M1619-4_M1619-8.2024-07-08-11-46.NH888,C-M-0013-L.23-M1619-4_M1619-8,2024-07-08 11:46:00,band_05,646.0784313725491,607.8039215686274,4.0,,center,automated_candidate_unverified
C-M-0013-L.23-M1619-4_M1619-8.2024-07-08-11-46.NH888,C-M-0013-L.23-M1619-4_M1619-8,2024-07-08 11:46:00,band_06,645.9759036144578,562.7349397590361,5.0,,center,automated_candidate_unverified
C-M-0013-L.23-M1619-4_M1619-8.2024-07-08-11-46.NH888,C-M-0013-L.23-M1619-4_M1619-8,2024-07-08 11:46:00,band_07,646.9375,517.8875,6.0,,center,automated_candidate_unverified
C-M-0013-L.23-M1619-4_M1619-8.2024-07-08-11-46.NH888,C-M-0013-L.23-M1619-4_M1619-8,2024-07-08 11:46:00,band_08,648.4583333333334,472.8333333333333,7.0,,center,automated_candidate_unverified
C-M-0013-L.23-M1619-4_M1619-8.2024-07-08-11-46.NH888,C-M-0013-L.23-M1619-4_M1619-8,2024-07-08 11:46:00,band_09,649.6785714285714,428.3928571428572,8.0,,center,automated_candidate_unverified
C-M-0013-L.23-M1619-4_M1619-8.2024-07-08-11-46.NH888,C-M-0013-L.23-M1619-4_M1619-8,2024-07-08 11:46:00,band_10,651.0454545454545,383.9318181818182,9.0,,center,automated_candidate_unverified
C-M-0013-L.23-M1619-4_M1619-8.2024-07-08-11-46.NH888,C-M-0013-L.23-M1619-4_M1619-8,2024-07-08 11:46:00,band_11,651.9555555555555,339.9555555555556,10.0,,center,automated_candidate_unverified
C-M-0013-L.23-M1619-4_M1619-8.2024-07-08-11-46.NH888,C-M-0013-L.23-M1619-4_M1619-8,2024-07-08 11:46:00,band_12,652.6052631578947,295.8421052631579,11.0,,center,automated_candidate_unverified
C-M-0013-L.23-M1619-4_M1619-8.2024-07-08-11-46.NH888,C-M-0013-L.23-M1619-4_M1619-8,2024-07-08 11:46:00,band_13,652.7307692307693,252.0,12.0,,center,automated_candidate_unverified
C-M-0013-L.23-M1619-4_M1619-8.2024-07-08-11-46.NH888,C-M-0013-L.23-M1619-4_M1619-8,2024-07-08 11:46:00,band_14,653.5384615384615,207.6153846153846,13.0,,center,automated_candidate_unverified
C-M-0013-L.23-M1619-4_M1619-8.2024-07-08-11-46.NH888,C-M-0013-L.23-M1619-4_M1619-8,2024-07-08 11:46:00,band_15,653.62,164.1,14.0,,center,automated_candidate_unverified
C-M-0013-L.23-M1619-4_M1619-8.2024-07-08-11-46.NH888,C-M-0013-L.23-M1619-4_M1619-8,2024-07-08 11:46:00,band_16,653.7234042553191,119.91489361702128,15.0,,center,automated_candidate_unverified
C-M-0013-L.23-M1619-4_M1619-8.2024-07-08-11-46.NH888,C-M-0013-L.23-M1619-4_M1619-8,2024-07-08 11:46:00,band_17,654.1052631578947,76.07894736842105,16.0,,center,automated_candidate_unverified
C-M-0013-L.23-M1619-4_M1619-8.2024-07-09-11-47.NH888,C-M-0013-L.23-M1619-4_M1619-8,2024-07-09 11:47:00,band_01,474.7837837837838,608.8378378378378,0.0,,center,automated_candidate_unverified
C-M-0013-L.23-M1619-4_M1619-8.2024-07-09-11-47.NH888,C-M-0013-L.23-M1619-4_M1619-8,2024-07-09 11:47:00,band_02,482.6234567901234,589.8179012345679,1.0,,center,automated_candidate_unverified
C-M-0013-L.23-M1619-4_M1619-8.2024-07-09-11-47.NH888,C-M-0013-L.23-M1619-4_M1619-8,2024-07-09 11:47:00,band_03,481.2307692307692,569.4615384615385,2.0,,center,automated_candidate_unverified
C-M-0013-L.23-M1619-4_M1619-8.2024-07-09-11-47.NH888,C-M-0013-L.23-M1619-4_M1619-8,2024-07-09 11:47:00,band_04,480.11764705882354,549.4117647058823,3.0,,center,automated_candidate_unverified
C-M-0013-L.23-M1619-4_M1619-8.2024-07-09-11-47.NH888,C-M-0013-L.23-M1619-4_M1619-8,2024-07-09 11:47:00,band_05,481.4,528.4,4.0,,center,automated_candidate_unverified
C-M-0013-L.23-M1619-4_M1619-8.2024-07-09-11-47.NH888,C-M-0013-L.23-M1619-4_M1619-8,2024-07-09 11:47:00,band_06,481.12,508.56,5.0,,center,automated_candidate_unverified
C-M-0013-L.23-M1619-4_M1619-8.2024-07-09-11-47.NH888,C-M-0013-L.23-M1619-4_M1619-8,2024-07-09 11:47:00,band_07,481.7916666666667,488.375,6.0,,center,automated_candidate_unverified
C-M-0013-L.23-M1619-4_M1619-8.2024-07-09-11-47.NH888,C-M-0013-L.23-M1619-4_M1619-8,2024-07-09 11:47:00,band_08,483.0,468.8148148148149,7.0,,center,automated_candidate_unverified
C-M-0013-L.23-M1619-4_M1619-8.2024-07-09-11-47.NH888,C-M-0013-L.23-M1619-4_M1619-8,2024-07-09 11:47:00,band_09,482.95,447.6,8.0,,center,automated_candidate_unverified
C-M-0013-L.23-M1619-4_M1619-8.2024-07-09-11-47.NH888,C-M-0013-L.23-M1619-4_M1619-8,2024-07-09 11:47:00,band_10,483.6190476190476,427.4285714285714,9.0,,center,automated_candidate_unverified
C-M-0013-L.23-M1619-4_M1619-8.2024-07-09-11-47.NH888,C-M-0013-L.23-M1619-4_M1619-8,2024-07-09 11:47:00,band_11,484.6190476190476,407.4285714285714,10.0,,center,automated_candidate_unverified
C-M-0013-L.23-M1619-4_M1619-8.2024-07-09-11-47.NH888,C-M-0013-L.23-M1619-4_M1619-8,2024-07-09 11:47:00,band_12,485.3571428571428,386.8571428571428,11.0,,center,automated_candidate_unverified
C-M-0013-L.23-M1619-4_M1619-8.2024-07-09-11-47.NH888,C-M-0013-L.23-M1619-4_M1619-8,2024-07-09 11:47:00,band_13,486.5,366.5,12.0,,center,automated_candidate_unverified
C-M-0013-L.23-M1619-4_M1619-8.2024-07-09-11-47.NH888,C-M-0013-L.23-M1619-4_M1619-8,2024-07-09 11:47:00,band_14,487.5384615384616,346.15384615384613,13.0,,center,automated_candidate_unverified
C-M-0013-L.23-M1619-4_M1619-8.2024-07-10-11-47.NH888,C-M-0013-L.23-M1619-4_M1619-8,2024-07-10 11:47:00,band_01,636.9148936170212,780.3191489361702,0.0,,center,automated_candidate_unverified
C-M-0013-L.23-M1619-4_M1619-8.2024-07-10-11-47.NH888,C-M-0013-L.23-M1619-4_M1619-8,2024-07-10 11:47:00,band_02,644.0,739.8064516129032,1.0,,center,automated_candidate_unverified
C-M-0013-L.23-M1619-4_M1619-8.2024-07-10-11-47.NH888,C-M-0013-L.23-M1619-4_M1619-8,2024-07-10 11:47:00,band_03,648.5932835820895,696.9664179104477,2.0,,center,automated_candidate_unverified
C-M-0013-L.23-M1619-4_M1619-8.2024-07-10-11-47.NH888,C-M-0013-L.23-M1619-4_M1619-8,2024-07-10 11:47:00,band_04,651.0,658.5,3.0,,center,automated_candidate_unverified
C-M-0013-L.23-M1619-4_M1619-8.2024-07-10-11-47.NH888,C-M-0013-L.23-M1619-4_M1619-8,2024-07-10 11:47:00,band_05,649.6666666666666,614.0,4.0,,center,automated_candidate_unverified
C-M-0013-L.23-M1619-4_M1619-8.2024-07-10-11-47.NH888,C-M-0013-L.23-M1619-4_M1619-8,2024-07-10 11:47:00,band_06,644.030303030303,559.3939393939394,5.0,,center,automated_candidate_unverified
C-M-0013-L.23-M1619-4_M1619-8.2024-07-10-11-47.NH888,C-M-0013-L.23-M1619-4_M1619-8,2024-07-10 11:47:00,band_07,645.5514018691589,514.4672897196261,6.0,,center,automated_candidate_unverified
C-M-0013-L.23-M1619-4_M1619-8.2024-07-10-11-47.NH888,C-M-0013-L.23-M1619-4_M1619-8,2024-07-10 11:47:00,band_08,646.7551020408164,469.5408163265306,7.0,,center,automated_candidate_unverified
C-M-0013-L.23-M1619-4_M1619-8.2024-07-10-11-47.NH888,C-M-0013-L.23-M1619-4_M1619-8,2024-07-10 11:47:00,band_09,647.6966292134831,424.7640449438202,8.0,,center,automated_candidate_unverified
C-M-0013-L.23-M1619-4_M1619-8.2024-07-10-11-47.NH888,C-M-0013-L.23-M1619-4_M1619-8,2024-07-10 11:47:00,band_10,648.9397590361446,380.6265060240964,9.0,,center,automated_candidate_unverified
C-M-0013-L.23-M1619-4_M1619-8.2024-07-10-11-47.NH888,C-M-0013-L.23-M1619-4_M1619-8,2024-07-10 11:47:00,band_11,649.9767441860465,336.6162790697674,10.0,,center,automated_candidate_unverified
C-M-0013-L.23-M1619-4_M1619-8.2024-07-10-11-47.NH888,C-M-0013-L.23-M1619-4_M1619-8,2024-07-10 11:47:00,band_12,650.6712328767123,292.5342465753425,11.0,,center,automated_candidate_unverified
C-M-0013-L.23-M1619-4_M1619-8.2024-07-10-11-47.NH888,C-M-0013-L.23-M1619-4_M1619-8,2024-07-10 11:47:00,band_13,651.144578313253,248.6144578313253,12.0,,center,automated_candidate_unverified
C-M-0013-L.23-M1619-4_M1619-8.2024-07-10-11-47.NH888,C-M-0013-L.23-M1619-4_M1619-8,2024-07-10 11:47:00,band_14,652.140625,204.046875,13.0,,center,automated_candidate_unverified
C-M-0013-L.23-M1619-4_M1619-8.2024-07-10-11-47.NH888,C-M-0013-L.23-M1619-4_M1619-8,2024-07-10 11:47:00,band_15,652.1904761904761,160.53968253968253,14.0,,center,automated_candidate_unverified
C-M-0013-L.23-M1619-4_M1619-8.2024-07-10-11-47.NH888,C-M-0013-L.23-M1619-4_M1619-8,2024-07-10 11:47:00,band_16,652.5441176470588,116.17647058823528,15.0,,center,automated_candidate_unverified
C-M-0013-L.23-M1619-4_M1619-8.2024-07-10-11-47.NH888,C-M-0013-L.23-M1619-4_M1619-8,2024-07-10 11:47:00,band_17,652.55,72.65,16.0,,center,automated_candidate_unverified
C-M-0013-L.23-M1619-4_M1619-8.2024-07-11-11-52.NH888,C-M-0013-L.23-M1619-4_M1619-8,2024-07-11 11:52:00,band_01,643.0540540540541,827.9594594594595,0.0,,center,automated_candidate_unverified
C-M-0013-L.23-M1619-4_M1619-8.2024-07-11-11-52.NH888,C-M-0013-L.23-M1619-4_M1619-8,2024-07-11 11:52:00,band_02,638.2,780.8,1.0,,center,automated_candidate_unverified
C-M-0013-L.23-M1619-4_M1619-8.2024-07-11-11-52.NH888,C-M-0013-L.23-M1619-4_M1619-8,2024-07-11 11:52:00,band_03,644.474358974359,739.1282051282051,2.0,,center,automated_candidate_unverified
C-M-0013-L.23-M1619-4_M1619-8.2024-07-11-11-52.NH888,C-M-0013-L.23-M1619-4_M1619-8,2024-07-11 11:52:00,band_04,644.5096153846154,694.2115384615385,3.0,,center,automated_candidate_unverified
C-M-0013-L.23-M1619-4_M1619-8.2024-07-11-11-52.NH888,C-M-0013-L.23-M1619-4_M1619-8,2024-07-11 11:52:00,band_05,644.7241379310345,649.2068965517242,4.0,,center,automated_candidate_unverified
C-M-0013-L.23-M1619-4_M1619-8.2024-07-11-11-52.NH888,C-M-0013-L.23-M1619-4_M1619-8,2024-07-11 11:52:00,band_06,646.6413043478261,604.9130434782609,5.0,,center,automated_candidate_unverified
C-M-0013-L.23-M1619-4_M1619-8.2024-07-11-11-52.NH888,C-M-0013-L.23-M1619-4_M1619-8,2024-07-11 11:52:00,band_07,647.2727272727273,559.8571428571429,6.0,,center,automated_candidate_unverified
C-M-0013-L.23-M1619-4_M1619-8.2024-07-11-11-52.NH888,C-M-0013-L.23-M1619-4_M1619-8,2024-07-11 11:52:00,band_08,648.5,515.0,7.0,,center,automated_candidate_unverified
C-M-0013-L.23-M1619-4_M1619-8.2024-07-11-11-52.NH888,C-M-0013-L.23-M1619-4_M1619-8,2024-07-11 11:52:00,band_09,649.6341463414634,470.0,8.0,,center,automated_candidate_unverified
C-M-0013-L.23-M1619-4_M1619-8.2024-07-11-11-52.NH888,C-M-0013-L.23-M1619-4_M1619-8,2024-07-11 11:52:00,band_10,651.0958904109589,425.16438356164383,9.0,,center,automated_candidate_unverified
C-M-0013-L.23-M1619-4_M1619-8.2024-07-11-11-52.NH888,C-M-0013-L.23-M1619-4_M1619-8,2024-07-11 11:52:00,band_11,652.0377358490566,380.66037735849056,10.0,,center,automated_candidate_unverified
C-M-0013-L.23-M1619-4_M1619-8.2024-07-11-11-52.NH888,C-M-0013-L.23-M1619-4_M1619-8,2024-07-11 11:52:00,band_12,653.1538461538462,336.5,11.0,,center,automated_candidate_unverified
C-M-0013-L.23-M1619-4_M1619-8.2024-07-11-11-52.NH888,C-M-0013-L.23-M1619-4_M1619-8,2024-07-11 11:52:00,band_13,654.4565217391304,292.2391304347826,12.0,,center,automated_candidate_unverified
C-M-0013-L.23-M1619-4_M1619-8.2024-07-11-11-52.NH888,C-M-0013-L.23-M1619-4_M1619-8,2024-07-11 11:52:00,band_14,655.0172413793103,248.1551724137931,13.0,,center,automated_candidate_unverified
C-M-0013-L.23-M1619-4_M1619-8.2024-07-11-11-52.NH888,C-M-0013-L.23-M1619-4_M1619-8,2024-07-11 11:52:00,band_15,656.0731707317074,203.5609756097561,14.0,,center,automated_candidate_unverified
C-M-0013-L.23-M1619-4_M1619-8.2024-07-11-11-52.NH888,C-M-0013-L.23-M1619-4_M1619-8,2024-07-11 11:52:00,band_16,656.2051282051282,159.66666666666666,15.0,,center,automated_candidate_unverified
C-M-0013-L.23-M1619-4_M1619-8.2024-07-11-11-52.NH888,C-M-0013-L.23-M1619-4_M1619-8,2024-07-11 11:52:00,band_17,656.7111111111111,115.04444444444444,16.0,,center,automated_candidate_unverified
C-M-0013-L.23-M1619-4_M1619-8.2024-07-11-11-52.NH888,C-M-0013-L.23-M1619-4_M1619-8,2024-07-11 11:52:00,band_18,657.2894736842105,71.07894736842105,17.0,,center,automated_candidate_unverified
C-M-0013-L.23-M1619-4_M1619-8.2024-07-12-11-53.NH888,C-M-0013-L.23-M1619-4_M1619-8,2024-07-12 11:53:00,band_01,649.4418604651163,602.3779069767442,0.0,,center,automated_candidate_unverified
C-M-0013-L.23-M1619-4_M1619-8.2024-07-12-11-53.NH888,C-M-0013-L.23-M1619-4_M1619-8,2024-07-12 11:53:00,band_02,644.4891304347826,558.25,1.0,,center,automated_candidate_unverified
C-M-0013-L.23-M1619-4_M1619-8.2024-07-12-11-53.NH888,C-M-0013-L.23-M1619-4_M1619-8,2024-07-12 11:53:00,band_03,645.6428571428571,513.4081632653061,2.0,,center,automated_candidate_unverified
C-M-0013-L.23-M1619-4_M1619-8.2024-07-12-11-53.NH888,C-M-0013-L.23-M1619-4_M1619-8,2024-07-12 11:53:00,band_04,646.9036144578313,468.4578313253012,3.0,,center,automated_candidate_unverified
C-M-0013-L.23-M1619-4_M1619-8.2024-07-12-11-53.NH888,C-M-0013-L.23-M1619-4_M1619-8,2024-07-12 11:53:00,band_05,648.2,424.04285714285714,4.0,,center,automated_candidate_unverified
C-M-0013-L.23-M1619-4_M1619-8.2024-07-12-11-53.NH888,C-M-0013-L.23-M1619-4_M1619-8,2024-07-12 11:53:00,band_06,649.3770491803278,379.44262295081967,5.0,,center,automated_candidate_unverified
C-M-0013-L.23-M1619-4_M1619-8.2024-07-12-11-53.NH888,C-M-0013-L.23-M1619-4_M1619-8,2024-07-12 11:53:00,band_07,650.7910447761194,335.34328358208955,6.0,,center,automated_candidate_unverified
C-M-0013-L.23-M1619-4_M1619-8.2024-07-12-11-53.NH888,C-M-0013-L.23-M1619-4_M1619-8,2024-07-12 11:53:00,band_08,651.6862745098039,291.15686274509807,7.0,,center,automated_candidate_unverified
C-M-0013-L.23-M1619-4_M1619-8.2024-07-12-11-53.NH888,C-M-0013-L.23-M1619-4_M1619-8,2024-07-12 11:53:00,band_09,652.051724137931,247.1379310344828,8.0,,center,automated_candidate_unverified
C-M-0013-L.23-M1619-4_M1619-8.2024-07-12-11-53.NH888,C-M-0013-L.23-M1619-4_M1619-8,2024-07-12 11:53:00,band_10,652.9814814814815,202.94444444444449,9.0,,center,automated_candidate_unverified
C-M-0013-L.23-M1619-4_M1619-8.2024-07-12-11-53.NH888,C-M-0013-L.23-M1619-4_M1619-8,2024-07-12 11:53:00,band_11,653.6734693877551,159.0408163265306,10.0,,center,automated_candidate_unverified
C-M-0013-L.23-M1619-4_M1619-8.2024-07-12-11-53.NH888,C-M-0013-L.23-M1619-4_M1619-8,2024-07-12 11:53:00,band_12,653.7884615384615,114.59615384615384,11.0,,center,automated_candidate_unverified
C-M-0013-L.23-M1619-4_M1619-8.2024-07-12-11-53.NH888,C-M-0013-L.23-M1619-4_M1619-8,2024-07-12 11:53:00,band_13,654.2,70.62222222222222,12.0,,center,automated_candidate_unverified
C-M-0013-L.23-M1619-4_M1619-8.2024-07-13-11-53.NH888,C-M-0013-L.23-M1619-4_M1619-8,2024-07-13 11:53:00,band_01,635.296875,734.0625,0.0,,center,automated_candidate_unverified
C-M-0013-L.23-M1619-4_M1619-8.2024-07-13-11-53.NH888,C-M-0013-L.23-M1619-4_M1619-8,2024-07-13 11:53:00,band_02,634.3809523809524,689.1809523809524,1.0,,center,automated_candidate_unverified
C-M-0013-L.23-M1619-4_M1619-8.2024-07-13-11-53.NH888,C-M-0013-L.23-M1619-4_M1619-8,2024-07-13 11:53:00,band_03,635.1237113402062,644.3298969072165,2.0,,center,automated_candidate_unverified
C-M-0013-L.23-M1619-4_M1619-8.2024-07-13-11-53.NH888,C-M-0013-L.23-M1619-4_M1619-8,2024-07-13 11:53:00,band_04,636.66,600.34,3.0,,center,automated_candidate_unverified
C-M-0013-L.23-M1619-4_M1619-8.2024-07-13-11-53.NH888,C-M-0013-L.23-M1619-4_M1619-8,2024-07-13 11:53:00,band_05,637.0125,555.5875,4.0,,center,automated_candidate_unverified
C-M-0013-L.23-M1619-4_M1619-8.2024-07-13-11-53.NH888,C-M-0013-L.23-M1619-4_M1619-8,2024-07-13 11:53:00,band_06,637.9666666666667,510.6777777777778,5.0,,center,automated_candidate_unverified
C-M-0013-L.23-M1619-4_M1619-8.2024-07-13-11-53.NH888,C-M-0013-L.23-M1619-4_M1619-8,2024-07-13 11:53:00,band_07,638.8518518518518,466.0123456790124,6.0,,center,automated_candidate_unverified
C-M-0013-L.23-M1619-4_M1619-8.2024-07-13-11-53.NH888,C-M-0013-L.23-M1619-4_M1619-8,2024-07-13 11:53:00,band_08,640.0,422.0,7.0,,center,automated_candidate_unverified
C-M-0013-L.23-M1619-4_M1619-8.2024-07-13-11-53.NH888,C-M-0013-L.23-M1619-4_M1619-8,2024-07-13 11:53:00,band_09,640.9814814814815,377.5740740740741,8.0,,center,automated_candidate_unverified
C-M-0013-L.23-M1619-4_M1619-8.2024-07-13-11-53.NH888,C-M-0013-L.23-M1619-4_M1619-8,2024-07-13 11:53:00,band_10,642.051724137931,334.05172413793105,9.0,,center,automated_candidate_unverified
C-M-0013-L.23-M1619-4_M1619-8.2024-07-13-11-53.NH888,C-M-0013-L.23-M1619-4_M1619-8,2024-07-13 11:53:00,band_11,643.1607142857143,290.1428571428572,10.0,,center,automated_candidate_unverified
C-M-0013-L.23-M1619-4_M1619-8.2024-07-13-11-53.NH888,C-M-0013-L.23-M1619-4_M1619-8,2024-07-13 11:53:00,band_12,643.56,246.48,11.0,,center,automated_candidate_unverified
C-M-0013-L.23-M1619-4_M1619-8.2024-07-13-11-53.NH888,C-M-0013-L.23-M1619-4_M1619-8,2024-07-13 11:53:00,band_13,644.3409090909091,202.52272727272728,12.0,,center,automated_candidate_unverified
C-M-0013-L.23-M1619-4_M1619-8.2024-07-13-11-53.NH888,C-M-0013-L.23-M1619-4_M1619-8,2024-07-13 11:53:00,band_14,644.4878048780488,159.1951219512195,13.0,,center,automated_candidate_unverified
C-M-0013-L.23-M1619-4_M1619-8.2024-07-13-11-53.NH888,C-M-0013-L.23-M1619-4_M1619-8,2024-07-13 11:53:00,band_15,644.5416666666666,115.35416666666669,14.0,,center,automated_candidate_unverified
C-M-0013-L.23-M1619-4_M1619-8.2024-07-13-11-53.NH888,C-M-0013-L.23-M1619-4_M1619-8,2024-07-13 11:53:00,band_16,645.05,71.9,15.0,,center,automated_candidate_unverified
C-M-0013-L.23-M1619-4_M1619-8.2024-07-14-11-52.NH888,C-M-0013-L.23-M1619-4_M1619-8,2024-07-14 11:52:00,band_01,635.8,645.8,0.0,,center,automated_candidate_unverified
C-M-0013-L.23-M1619-4_M1619-8.2024-07-14-11-52.NH888,C-M-0013-L.23-M1619-4_M1619-8,2024-07-14 11:52:00,band_02,643.0166666666667,600.625,1.0,,center,automated_candidate_unverified
C-M-0013-L.23-M1619-4_M1619-8.2024-07-14-11-52.NH888,C-M-0013-L.23-M1619-4_M1619-8,2024-07-14 11:52:00,band_03,641.978021978022,555.7472527472528,2.0,,center,automated_candidate_unverified
C-M-0013-L.23-M1619-4_M1619-8.2024-07-14-11-52.NH888,C-M-0013-L.23-M1619-4_M1619-8,2024-07-14 11:52:00,band_04,643.9032258064516,510.6881720430108,3.0,,center,automated_candidate_unverified
C-M-0013-L.23-M1619-4_M1619-8.2024-07-14-11-52.NH888,C-M-0013-L.23-M1619-4_M1619-8,2024-07-14 11:52:00,band_05,644.6746987951807,465.7831325301205,4.0,,center,automated_candidate_unverified
C-M-0013-L.23-M1619-4_M1619-8.2024-07-14-11-52.NH888,C-M-0013-L.23-M1619-4_M1619-8,2024-07-14 11:52:00,band_06,645.8169014084507,421.5352112676056,5.0,,center,automated_candidate_unverified
C-M-0013-L.23-M1619-4_M1619-8.2024-07-14-11-52.NH888,C-M-0013-L.23-M1619-4_M1619-8,2024-07-14 11:52:00,band_07,647.1746031746031,377.1428571428572,6.0,,center,automated_candidate_unverified
C-M-0013-L.23-M1619-4_M1619-8.2024-07-14-11-52.NH888,C-M-0013-L.23-M1619-4_M1619-8,2024-07-14 11:52:00,band_08,647.9661016949152,333.03389830508473,7.0,,center,automated_candidate_unverified
C-M-0013-L.23-M1619-4_M1619-8.2024-07-14-11-52.NH888,C-M-0013-L.23-M1619-4_M1619-8,2024-07-14 11:52:00,band_09,649.0508474576271,288.8813559322034,8.0,,center,automated_candidate_unverified
C-M-0013-L.23-M1619-4_M1619-8.2024-07-14-11-52.NH888,C-M-0013-L.23-M1619-4_M1619-8,2024-07-14 11:52:00,band_10,649.3174603174604,244.74603174603172,9.0,,center,automated_candidate_unverified
C-M-0013-L.23-M1619-4_M1619-8.2024-07-14-11-52.NH888,C-M-0013-L.23-M1619-4_M1619-8,2024-07-14 11:52:00,band_11,649.9056603773585,200.2264150943396,10.0,,center,automated_candidate_unverified
C-M-0013-L.23-M1619-4_M1619-8.2024-07-14-11-52.NH888,C-M-0013-L.23-M1619-4_M1619-8,2024-07-14 11:52:00,band_12,650.5490196078431,156.41176470588235,11.0,,center,automated_candidate_unverified
C-M-0013-L.23-M1619-4_M1619-8.2024-07-14-11-52.NH888,C-M-0013-L.23-M1619-4_M1619-8,2024-07-14 11:52:00,band_13,650.6734693877551,112.04081632653062,12.0,,center,automated_candidate_unverified
C-M-0013-L.23-M1619-4_M1619-8.2024-07-14-11-52.NH888,C-M-0013-L.23-M1619-4_M1619-8,2024-07-14 11:52:00,band_14,650.8666666666667,67.75555555555556,13.0,,center,automated_candidate_unverified
C-M-0013-L.23-M1619-4_M1619-8.2024-07-15-11-31.NH888,C-M-0013-L.23-M1619-4_M1619-8,2024-07-15 11:31:00,band_01,477.6739130434783,615.9130434782609,0.0,,center,automated_candidate_unverified
C-M-0013-L.23-M1619-4_M1619-8.2024-07-15-11-31.NH888,C-M-0013-L.23-M1619-4_M1619-8,2024-07-15 11:31:00,band_02,486.9230769230769,600.3076923076923,1.0,,center,automated_candidate_unverified
C-M-0013-L.23-M1619-4_M1619-8.2024-07-15-11-31.NH888,C-M-0013-L.23-M1619-4_M1619-8,2024-07-15 11:31:00,band_03,478.2,580.6,2.0,,center,automated_candidate_unverified
C-M-0013-L.23-M1619-4_M1619-8.2024-07-15-11-31.NH888,C-M-0013-L.23-M1619-4_M1619-8,2024-07-15 11:31:00,band_04,482.8421052631579,563.5263157894736,3.0,,center,automated_candidate_unverified
C-M-0013-L.23-M1619-4_M1619-8.2024-07-15-11-31.NH888,C-M-0013-L.23-M1619-4_M1619-8,2024-07-15 11:31:00,band_05,483.1333333333333,545.5333333333333,4.0,,center,automated_candidate_unverified
C-M-0013-L.23-M1619-4_M1619-8.2024-07-15-11-31.NH888,C-M-0013-L.23-M1619-4_M1619-8,2024-07-15 11:31:00,band_06,481.8571428571428,525.5238095238095,5.0,,center,automated_candidate_unverified
C-M-0013-L.23-M1619-4_M1619-8.2024-07-15-11-31.NH888,C-M-0013-L.23-M1619-4_M1619-8,2024-07-15 11:31:00,band_07,482.2857142857143,504.7142857142857,6.0,,center,automated_candidate_unverified
C-M-0013-L.23-M1619-4_M1619-8.2024-07-15-11-31.NH888,C-M-0013-L.23-M1619-4_M1619-8,2024-07-15 11:31:00,band_08,482.46153846153845,484.4230769230769,7.0,,center,automated_candidate_unverified
C-M-0013-L.23-M1619-4_M1619-8.2024-07-15-11-31.NH888,C-M-0013-L.23-M1619-4_M1619-8,2024-07-15 11:31:00,band_09,483.2083333333333,464.375,8.0,,center,automated_candidate_unverified
C-M-0013-L.23-M1619-4_M1619-8.2024-07-15-11-31.NH888,C-M-0013-L.23-M1619-4_M1619-8,2024-07-15 11:31:00,band_10,483.8888888888889,443.77777777777777,9.0,,center,automated_candidate_unverified
C-M-0013-L.23-M1619-4_M1619-8.2024-07-15-11-31.NH888,C-M-0013-L.23-M1619-4_M1619-8,2024-07-15 11:31:00,band_11,484.6190476190476,423.57142857142856,10.0,,center,automated_candidate_unverified
C-M-0013-L.23-M1619-4_M1619-8.2024-07-15-11-31.NH888,C-M-0013-L.23-M1619-4_M1619-8,2024-07-15 11:31:00,band_12,485.578947368421,403.42105263157896,11.0,,center,automated_candidate_unverified
C-M-0013-L.23-M1619-4_M1619-8.2024-07-15-11-31.NH888,C-M-0013-L.23-M1619-4_M1619-8,2024-07-15 11:31:00,band_13,486.5,382.8,12.0,,center,automated_candidate_unverified
C-M-0013-L.23-M1619-4_M1619-8.2024-07-15-11-31.NH888,C-M-0013-L.23-M1619-4_M1619-8,2024-07-15 11:31:00,band_14,487.3684210526316,362.5263157894737,13.0,,center,automated_candidate_unverified
C-M-0013-L.23-M1619-4_M1619-8.2024-07-15-11-31.NH888,C-M-0013-L.23-M1619-4_M1619-8,2024-07-15 11:31:00,band_15,488.6315789473685,341.7368421052632,14.0,,center,automated_candidate_unverified
C-M-0013-L.23-M1619-4_M1619-8.2024-07-16-11-32.NH888,C-M-0013-L.23-M1619-4_M1619-8,2024-07-16 11:32:00,band_01,648.4418604651163,603.312292358804,0.0,,center,automated_candidate_unverified
C-M-0013-L.23-M1619-4_M1619-8.2024-07-16-11-32.NH888,C-M-0013-L.23-M1619-4_M1619-8,2024-07-16 11:32:00,band_02,643.4716981132076,554.3867924528302,1.0,,center,automated_candidate_unverified
C-M-0013-L.23-M1619-4_M1619-8.2024-07-16-11-32.NH888,C-M-0013-L.23-M1619-4_M1619-8,2024-07-16 11:32:00,band_03,644.9122807017544,509.39473684210526,2.0,,center,automated_candidate_unverified
C-M-0013-L.23-M1619-4_M1619-8.2024-07-16-11-32.NH888,C-M-0013-L.23-M1619-4_M1619-8,2024-07-16 11:32:00,band_04,646.2403846153846,464.3942307692308,3.0,,center,automated_candidate_unverified
C-M-0013-L.23-M1619-4_M1619-8.2024-07-16-11-32.NH888,C-M-0013-L.23-M1619-4_M1619-8,2024-07-16 11:32:00,band_05,647.8484848484849,419.8787878787879,4.0,,center,automated_candidate_unverified
C-M-0013-L.23-M1619-4_M1619-8.2024-07-16-11-32.NH888,C-M-0013-L.23-M1619-4_M1619-8,2024-07-16 11:32:00,band_06,648.939393939394,375.6060606060606,5.0,,center,automated_candidate_unverified
C-M-0013-L.23-M1619-4_M1619-8.2024-07-16-11-32.NH888,C-M-0013-L.23-M1619-4_M1619-8,2024-07-16 11:32:00,band_07,650.2555555555556,331.4888888888889,6.0,,center,automated_candidate_unverified
C-M-0013-L.23-M1619-4_M1619-8.2024-07-16-11-32.NH888,C-M-0013-L.23-M1619-4_M1619-8,2024-07-16 11:32:00,band_08,651.035294117647,287.2117647058824,7.0,,center,automated_candidate_unverified
C-M-0013-L.23-M1619-4_M1619-8.2024-07-16-11-32.NH888,C-M-0013-L.23-M1619-4_M1619-8,2024-07-16 11:32:00,band_09,652.2934782608696,243.0108695652174,8.0,,center,automated_candidate_unverified
C-M-0013-L.23-M1619-4_M1619-8.2024-07-16-11-32.NH888,C-M-0013-L.23-M1619-4_M1619-8,2024-07-16 11:32:00,band_10,652.8144329896908,198.71134020618555,9.0,,center,automated_candidate_unverified
C-M-0013-L.23-M1619-4_M1619-8.2024-07-16-11-32.NH888,C-M-0013-L.23-M1619-4_M1619-8,2024-07-16 11:32:00,band_11,653.4752475247525,154.93069306930693,10.0,,center,automated_candidate_unverified
C-M-0013-L.23-M1619-4_M1619-8.2024-07-16-11-32.NH888,C-M-0013-L.23-M1619-4_M1619-8,2024-07-16 11:32:00,band_12,654.4731182795699,109.9462365591398,11.0,,center,automated_candidate_unverified
C-M-0013-L.23-M1619-4_M1619-8.2024-07-16-11-32.NH888,C-M-0013-L.23-M1619-4_M1619-8,2024-07-16 11:32:00,band_13,654.8941176470588,66.0,12.0,,center,automated_candidate_unverified
C-M-0013-L.23-M1619-4_M1619-8.2024-07-17-11-32.NH888,C-M-0013-L.23-M1619-4_M1619-8,2024-07-17 11:32:00,band_01,641.0849056603773,597.7169811320755,0.0,,center,automated_candidate_unverified
C-M-0013-L.23-M1619-4_M1619-8.2024-07-17-11-32.NH888,C-M-0013-L.23-M1619-4_M1619-8,2024-07-17 11:32:00,band_02,640.9638554216867,552.6867469879518,1.0,,center,automated_candidate_unverified
C-M-0013-L.23-M1619-4_M1619-8.2024-07-17-11-32.NH888,C-M-0013-L.23-M1619-4_M1619-8,2024-07-17 11:32:00,band_03,642.7261904761905,507.9761904761905,2.0,,center,automated_candidate_unverified
C-M-0013-L.23-M1619-4_M1619-8.2024-07-17-11-32.NH888,C-M-0013-L.23-M1619-4_M1619-8,2024-07-17 11:32:00,band_04,643.8875,462.9375,3.0,,center,automated_candidate_unverified
C-M-0013-L.23-M1619-4_M1619-8.2024-07-17-11-32.NH888,C-M-0013-L.23-M1619-4_M1619-8,2024-07-17 11:32:00,band_05,645.6818181818181,418.6818181818182,4.0,,center,automated_candidate_unverified
C-M-0013-L.23-M1619-4_M1619-8.2024-07-17-11-32.NH888,C-M-0013-L.23-M1619-4_M1619-8,2024-07-17 11:32:00,band_06,647.2181818181818,373.9818181818182,5.0,,center,automated_candidate_unverified
C-M-0013-L.23-M1619-4_M1619-8.2024-07-17-11-32.NH888,C-M-0013-L.23-M1619-4_M1619-8,2024-07-17 11:32:00,band_07,648.4615384615385,329.9423076923077,6.0,,center,automated_candidate_unverified
C-M-0013-L.23-M1619-4_M1619-8.2024-07-17-11-32.NH888,C-M-0013-L.23-M1619-4_M1619-8,2024-07-17 11:32:00,band_08,649.7755102040817,285.16326530612247,7.0,,center,automated_candidate_unverified
C-M-0013-L.23-M1619-4_M1619-8.2024-07-17-11-32.NH888,C-M-0013-L.23-M1619-4_M1619-8,2024-07-17 11:32:00,band_09,650.1607142857143,241.14285714285717,8.0,,center,automated_candidate_unverified
C-M-0013-L.23-M1619-4_M1619-8.2024-07-17-11-32.NH888,C-M-0013-L.23-M1619-4_M1619-8,2024-07-17 11:32:00,band_10,650.9375,196.58333333333331,9.0,,center,automated_candidate_unverified
C-M-0013-L.23-M1619-4_M1619-8.2024-07-17-11-32.NH888,C-M-0013-L.23-M1619-4_M1619-8,2024-07-17 11:32:00,band_11,651.5102040816327,152.51020408163265,10.0,,center,automated_candidate_unverified
C-M-0013-L.23-M1619-4_M1619-8.2024-07-17-11-32.NH888,C-M-0013-L.23-M1619-4_M1619-8,2024-07-17 11:32:00,band_12,652.1904761904761,107.78571428571428,11.0,,center,automated_candidate_unverified
C-M-0013-L.23-M1619-4_M1619-8.2024-07-17-11-32.NH888,C-M-0013-L.23-M1619-4_M1619-8,2024-07-17 11:32:00,band_13,652.390243902439,63.65853658536585,12.0,,center,automated_candidate_unverified
C-M-0013-L.23-M1619-4_M1619-8.2024-07-18-11-32.NH888,C-M-0013-L.23-M1619-4_M1619-8,2024-07-18 11:32:00,band_01,634.1724137931035,657.6551724137931,0.0,,center,automated_candidate_unverified
C-M-0013-L.23-M1619-4_M1619-8.2024-07-18-11-32.NH888,C-M-0013-L.23-M1619-4_M1619-8,2024-07-18 11:32:00,band_02,645.1153846153846,598.6538461538462,1.0,,center,automated_candidate_unverified
C-M-0013-L.23-M1619-4_M1619-8.2024-07-18-11-32.NH888,C-M-0013-L.23-M1619-4_M1619-8,2024-07-18 11:32:00,band_03,647.7722772277227,554.3267326732673,2.0,,center,automated_candidate_unverified
C-M-0013-L.23-M1619-4_M1619-8.2024-07-18-11-32.NH888,C-M-0013-L.23-M1619-4_M1619-8,2024-07-18 11:32:00,band_04,648.7227722772277,509.38613861386136,3.0,,center,automated_candidate_unverified
C-M-0013-L.23-M1619-4_M1619-8.2024-07-18-11-32.NH888,C-M-0013-L.23-M1619-4_M1619-8,2024-07-18 11:32:00,band_05,650.2765957446809,464.3510638297872,4.0,,center,automated_candidate_unverified
C-M-0013-L.23-M1619-4_M1619-8.2024-07-18-11-32.NH888,C-M-0013-L.23-M1619-4_M1619-8,2024-07-18 11:32:00,band_06,651.2345679012345,419.7037037037037,5.0,,center,automated_candidate_unverified
C-M-0013-L.23-M1619-4_M1619-8.2024-07-18-11-32.NH888,C-M-0013-L.23-M1619-4_M1619-8,2024-07-18 11:32:00,band_07,652.5,375.225,6.0,,center,automated_candidate_unverified
C-M-0013-L.23-M1619-4_M1619-8.2024-07-18-11-32.NH888,C-M-0013-L.23-M1619-4_M1619-8,2024-07-18 11:32:00,band_08,652.9615384615385,330.87179487179486,7.0,,center,automated_candidate_unverified
C-M-0013-L.23-M1619-4_M1619-8.2024-07-18-11-32.NH888,C-M-0013-L.23-M1619-4_M1619-8,2024-07-18 11:32:00,band_09,654.5344827586207,286.4655172413793,8.0,,center,automated_candidate_unverified
C-M-0013-L.23-M1619-4_M1619-8.2024-07-18-11-32.NH888,C-M-0013-L.23-M1619-4_M1619-8,2024-07-18 11:32:00,band_10,654.7352941176471,242.3823529411765,9.0,,center,automated_candidate_unverified
C-M-0013-L.23-M1619-4_M1619-8.2024-07-18-11-32.NH888,C-M-0013-L.23-M1619-4_M1619-8,2024-07-18 11:32:00,band_11,655.1315789473684,197.8947368421053,10.0,,center,automated_candidate_unverified
C-M-0013-L.23-M1619-4_M1619-8.2024-07-18-11-32.NH888,C-M-0013-L.23-M1619-4_M1619-8,2024-07-18 11:32:00,band_12,655.1733333333333,153.93333333333334,11.0,,center,automated_candidate_unverified
C-M-0013-L.23-M1619-4_M1619-8.2024-07-18-11-32.NH888,C-M-0013-L.23-M1619-4_M1619-8,2024-07-18 11:32:00,band_13,655.2702702702703,109.47297297297295,12.0,,center,automated_candidate_unverified
C-M-0013-L.23-M1619-4_M1619-8.2024-07-18-11-32.NH888,C-M-0013-L.23-M1619-4_M1619-8,2024-07-18 11:32:00,band_14,655.2647058823529,65.25,13.0,,center,automated_candidate_unverified
C-M-0013-L.23-M1619-4_M1619-8.2024-07-19-11-32.NH888,C-M-0013-L.23-M1619-4_M1619-8,2024-07-19 11:32:00,band_01,68.125,781.1666666666666,0.0,,center,automated_candidate_unverified
C-M-0013-L.23-M1619-4_M1619-8.2024-07-19-11-32.NH888,C-M-0013-L.23-M1619-4_M1619-8,2024-07-19 11:32:00,band_02,73.29139072847683,761.0728476821192,1.0,,center,automated_candidate_unverified
C-M-0013-L.23-M1619-4_M1619-8.2024-07-19-11-32.NH888,C-M-0013-L.23-M1619-4_M1619-8,2024-07-19 11:32:00,band_03,75.5,742.5227272727273,2.0,,center,automated_candidate_unverified
C-M-0013-L.23-M1619-4_M1619-8.2024-07-19-11-32.NH888,C-M-0013-L.23-M1619-4_M1619-8,2024-07-19 11:32:00,band_04,65.0,723.5,3.0,,center,automated_candidate_unverified
C-M-0013-L.23-M1619-4_M1619-8.2024-07-19-11-32.NH888,C-M-0013-L.23-M1619-4_M1619-8,2024-07-19 11:32:00,band_05,79.19209039548022,705.6553672316384,4.0,,center,automated_candidate_unverified
C-M-0013-L.23-M1619-4_M1619-8.2024-07-19-11-32.NH888,C-M-0013-L.23-M1619-4_M1619-8,2024-07-19 11:32:00,band_06,71.70638297872341,685.8425531914894,5.0,,center,automated_candidate_unverified
C-M-0013-L.23-M1619-4_M1619-8.2024-07-19-11-32.NH888,C-M-0013-L.23-M1619-4_M1619-8,2024-07-19 11:32:00,band_07,72.8,668.4,6.0,,center,automated_candidate_unverified
C-M-0013-L.23-M1619-4_M1619-8.2024-07-20-11-32.NH888,C-M-0013-L.23-M1619-4_M1619-8,2024-07-20 11:32:00,band_01,637.4406779661017,553.1355932203389,0.0,,center,automated_candidate_unverified
C-M-0013-L.23-M1619-4_M1619-8.2024-07-20-11-32.NH888,C-M-0013-L.23-M1619-4_M1619-8,2024-07-20 11:32:00,band_02,641.6833333333333,509.06666666666666,1.0,,center,automated_candidate_unverified
C-M-0013-L.23-M1619-4_M1619-8.2024-07-20-11-32.NH888,C-M-0013-L.23-M1619-4_M1619-8,2024-07-20 11:32:00,band_03,642.9174311926605,464.4403669724771,2.0,,center,automated_candidate_unverified
C-M-0013-L.23-M1619-4_M1619-8.2024-07-20-11-32.NH888,C-M-0013-L.23-M1619-4_M1619-8,2024-07-20 11:32:00,band_04,644.4158415841584,420.1980198019802,3.0,,center,automated_candidate_unverified
C-M-0013-L.23-M1619-4_M1619-8.2024-07-20-11-32.NH888,C-M-0013-L.23-M1619-4_M1619-8,2024-07-20 11:32:00,band_05,645.7142857142857,375.7040816326531,4.0,,center,automated_candidate_unverified
C-M-0013-L.23-M1619-4_M1619-8.2024-07-20-11-32.NH888,C-M-0013-L.23-M1619-4_M1619-8,2024-07-20 11:32:00,band_06,647.0421052631579,331.69473684210527,5.0,,center,automated_candidate_unverified
C-M-0013-L.23-M1619-4_M1619-8.2024-07-20-11-32.NH888,C-M-0013-L.23-M1619-4_M1619-8,2024-07-20 11:32:00,band_07,647.8823529411765,287.7058823529412,6.0,,center,automated_candidate_unverified
C-M-0013-L.23-M1619-4_M1619-8.2024-07-20-11-32.NH888,C-M-0013-L.23-M1619-4_M1619-8,2024-07-20 11:32:00,band_08,648.945652173913,243.7934782608696,7.0,,center,automated_candidate_unverified
C-M-0013-L.23-M1619-4_M1619-8.2024-07-20-11-32.NH888,C-M-0013-L.23-M1619-4_M1619-8,2024-07-20 11:32:00,band_09,649.7238095238096,199.72380952380956,8.0,,center,automated_candidate_unverified
C-M-0013-L.23-M1619-4_M1619-8.2024-07-20-11-32.NH888,C-M-0013-L.23-M1619-4_M1619-8,2024-07-20 11:32:00,band_10,650.0625,155.79166666666666,9.0,,center,automated_candidate_unverified
C-M-0013-L.23-M1619-4_M1619-8.2024-07-20-11-32.NH888,C-M-0013-L.23-M1619-4_M1619-8,2024-07-20 11:32:00,band_11,651.0,111.33018867924528,10.0,,center,automated_candidate_unverified
C-M-0013-L.23-M1619-4_M1619-8.2024-07-20-11-32.NH888,C-M-0013-L.23-M1619-4_M1619-8,2024-07-20 11:32:00,band_12,651.6363636363636,67.24242424242425,11.0,,center,automated_candidate_unverified
C-M-0013-L.23-M1619-4_M1619-8.2024-07-21-11-33.NH888,C-M-0013-L.23-M1619-4_M1619-8,2024-07-21 11:33:00,band_01,643.5566037735849,507.688679245283,0.0,,center,automated_candidate_unverified
C-M-0013-L.23-M1619-4_M1619-8.2024-07-21-11-33.NH888,C-M-0013-L.23-M1619-4_M1619-8,2024-07-21 11:33:00,band_02,644.5353535353536,462.7272727272728,1.0,,center,automated_candidate_unverified
C-M-0013-L.23-M1619-4_M1619-8.2024-07-21-11-33.NH888,C-M-0013-L.23-M1619-4_M1619-8,2024-07-21 11:33:00,band_03,646.0,418.5520833333333,2.0,,center,automated_candidate_unverified
C-M-0013-L.23-M1619-4_M1619-8.2024-07-21-11-33.NH888,C-M-0013-L.23-M1619-4_M1619-8,2024-07-21 11:33:00,band_04,647.0253164556962,373.9240506329114,3.0,,center,automated_candidate_unverified
C-M-0013-L.23-M1619-4_M1619-8.2024-07-21-11-33.NH888,C-M-0013-L.23-M1619-4_M1619-8,2024-07-21 11:33:00,band_05,648.6805555555555,329.77777777777777,4.0,,center,automated_candidate_unverified
C-M-0013-L.23-M1619-4_M1619-8.2024-07-21-11-33.NH888,C-M-0013-L.23-M1619-4_M1619-8,2024-07-21 11:33:00,band_06,649.3068181818181,285.60227272727275,5.0,,center,automated_candidate_unverified
C-M-0013-L.23-M1619-4_M1619-8.2024-07-21-11-33.NH888,C-M-0013-L.23-M1619-4_M1619-8,2024-07-21 11:33:00,band_07,650.1505376344086,241.51612903225808,6.0,,center,automated_candidate_unverified
C-M-0013-L.23-M1619-4_M1619-8.2024-07-21-11-33.NH888,C-M-0013-L.23-M1619-4_M1619-8,2024-07-21 11:33:00,band_08,650.8275862068965,196.816091954023,7.0,,center,automated_candidate_unverified
C-M-0013-L.23-M1619-4_M1619-8.2024-07-21-11-33.NH888,C-M-0013-L.23-M1619-4_M1619-8,2024-07-21 11:33:00,band_09,650.9868421052631,153.0921052631579,8.0,,center,automated_candidate_unverified
C-M-0013-L.23-M1619-4_M1619-8.2024-07-21-11-33.NH888,C-M-0013-L.23-M1619-4_M1619-8,2024-07-21 11:33:00,band_10,651.6086956521739,108.1304347826087,9.0,,center,automated_candidate_unverified
C-M-0013-L.23-M1619-4_M1619-8.2024-07-21-11-33.NH888,C-M-0013-L.23-M1619-4_M1619-8,2024-07-21 11:33:00,band_11,651.9166666666666,64.23611111111111,10.0,,center,automated_candidate_unverified
C-M-0013-L.23-M1619-4_M1619-8.2024-07-22-11-32.NH888,C-M-0013-L.23-M1619-4_M1619-8,2024-07-22 11:32:00,band_01,643.8660714285714,507.4732142857143,0.0,,center,automated_candidate_unverified
C-M-0013-L.23-M1619-4_M1619-8.2024-07-22-11-32.NH888,C-M-0013-L.23-M1619-4_M1619-8,2024-07-22 11:32:00,band_02,645.4174757281553,462.378640776699,1.0,,center,automated_candidate_unverified
C-M-0013-L.23-M1619-4_M1619-8.2024-07-22-11-32.NH888,C-M-0013-L.23-M1619-4_M1619-8,2024-07-22 11:32:00,band_03,645.1851851851852,418.3611111111111,2.0,,center,automated_candidate_unverified
C-M-0013-L.23-M1619-4_M1619-8.2024-07-22-11-32.NH888,C-M-0013-L.23-M1619-4_M1619-8,2024-07-22 11:32:00,band_04,648.1204819277109,373.2891566265061,3.0,,center,automated_candidate_unverified
C-M-0013-L.23-M1619-4_M1619-8.2024-07-22-11-32.NH888,C-M-0013-L.23-M1619-4_M1619-8,2024-07-22 11:32:00,band_05,649.0126582278481,329.1898734177215,4.0,,center,automated_candidate_unverified
C-M-0013-L.23-M1619-4_M1619-8.2024-07-22-11-32.NH888,C-M-0013-L.23-M1619-4_M1619-8,2024-07-22 11:32:00,band_06,650.144578313253,284.69879518072287,5.0,,center,automated_candidate_unverified
C-M-0013-L.23-M1619-4_M1619-8.2024-07-22-11-32.NH888,C-M-0013-L.23-M1619-4_M1619-8,2024-07-22 11:32:00,band_07,651.0232558139535,240.593023255814,6.0,,center,automated_candidate_unverified
C-M-0013-L.23-M1619-4_M1619-8.2024-07-22-11-32.NH888,C-M-0013-L.23-M1619-4_M1619-8,2024-07-22 11:32:00,band_08,652.0833333333334,195.8452380952381,7.0,,center,automated_candidate_unverified
C-M-0013-L.23-M1619-4_M1619-8.2024-07-22-11-32.NH888,C-M-0013-L.23-M1619-4_M1619-8,2024-07-22 11:32:00,band_09,652.8928571428571,151.95238095238096,8.0,,center,automated_candidate_unverified
C-M-0013-L.23-M1619-4_M1619-8.2024-07-22-11-32.NH888,C-M-0013-L.23-M1619-4_M1619-8,2024-07-22 11:32:00,band_10,653.3855421686746,107.144578313253,9.0,,center,automated_candidate_unverified
C-M-0013-L.23-M1619-4_M1619-8.2024-07-22-11-32.NH888,C-M-0013-L.23-M1619-4_M1619-8,2024-07-22 11:32:00,band_11,654.1159420289855,63.31884057971015,10.0,,center,automated_candidate_unverified
C-M-0013-L.23-M1619-4_M1619-8.2024-07-23-11-55.NH888,C-M-0013-L.23-M1619-4_M1619-8,2024-07-23 11:55:00,band_01,644.6545454545454,507.3363636363636,0.0,,center,automated_candidate_unverified
C-M-0013-L.23-M1619-4_M1619-8.2024-07-23-11-55.NH888,C-M-0013-L.23-M1619-4_M1619-8,2024-07-23 11:55:00,band_02,645.8529411764706,462.2058823529412,1.0,,center,automated_candidate_unverified
C-M-0013-L.23-M1619-4_M1619-8.2024-07-23-11-55.NH888,C-M-0013-L.23-M1619-4_M1619-8,2024-07-23 11:55:00,band_03,647.6442953020135,418.9261744966443,2.0,,center,automated_candidate_unverified
C-M-0013-L.23-M1619-4_M1619-8.2024-07-23-11-55.NH888,C-M-0013-L.23-M1619-4_M1619-8,2024-07-23 11:55:00,band_04,648.4597701149426,373.13793103448273,3.0,,center,automated_candidate_unverified
C-M-0013-L.23-M1619-4_M1619-8.2024-07-23-11-55.NH888,C-M-0013-L.23-M1619-4_M1619-8,2024-07-23 11:55:00,band_05,649.7157894736843,328.8526315789473,4.0,,center,automated_candidate_unverified
C-M-0013-L.23-M1619-4_M1619-8.2024-07-23-11-55.NH888,C-M-0013-L.23-M1619-4_M1619-8,2024-07-23 11:55:00,band_06,650.3023255813954,284.54651162790697,5.0,,center,automated_candidate_unverified
C-M-0013-L.23-M1619-4_M1619-8.2024-07-23-11-55.NH888,C-M-0013-L.23-M1619-4_M1619-8,2024-07-23 11:55:00,band_07,650.9759036144578,240.55421686746988,6.0,,center,automated_candidate_unverified
C-M-0013-L.23-M1619-4_M1619-8.2024-07-23-11-55.NH888,C-M-0013-L.23-M1619-4_M1619-8,2024-07-23 11:55:00,band_08,651.8842105263158,195.85263157894735,7.0,,center,automated_candidate_unverified
C-M-0013-L.23-M1619-4_M1619-8.2024-07-23-11-55.NH888,C-M-0013-L.23-M1619-4_M1619-8,2024-07-23 11:55:00,band_09,652.2209302325581,151.8372093023256,8.0,,center,automated_candidate_unverified
C-M-0013-L.23-M1619-4_M1619-8.2024-07-23-11-55.NH888,C-M-0013-L.23-M1619-4_M1619-8,2024-07-23 11:55:00,band_10,652.6022727272727,106.9659090909091,9.0,,center,automated_candidate_unverified
C-M-0013-L.23-M1619-4_M1619-8.2024-07-23-11-55.NH888,C-M-0013-L.23-M1619-4_M1619-8,2024-07-23 11:55:00,band_11,653.4320987654321,62.79012345679013,10.0,,center,automated_candidate_unverified
C-M-0013-L.23-M1619-4_M1619-8.2024-07-24-11-55.NH888,C-M-0013-L.23-M1619-4_M1619-8,2024-07-24 11:55:00,band_01,479.3333333333333,499.9047619047619,0.0,,center,automated_candidate_unverified
C-M-0013-L.23-M1619-4_M1619-8.2024-07-24-11-55.NH888,C-M-0013-L.23-M1619-4_M1619-8,2024-07-24 11:55:00,band_02,478.3793103448276,479.5517241379311,1.0,,center,automated_candidate_unverified
C-M-0013-L.23-M1619-4_M1619-8.2024-07-24-11-55.NH888,C-M-0013-L.23-M1619-4_M1619-8,2024-07-24 11:55:00,band_03,479.04,459.4,2.0,,center,automated_candidate_unverified
C-M-0013-L.23-M1619-4_M1619-8.2024-07-24-11-55.NH888,C-M-0013-L.23-M1619-4_M1619-8,2024-07-24 11:55:00,band_04,480.0833333333333,438.75,3.0,,center,automated_candidate_unverified
C-M-0013-L.23-M1619-4_M1619-8.2024-07-24-11-55.NH888,C-M-0013-L.23-M1619-4_M1619-8,2024-07-24 11:55:00,band_05,482.8813559322034,418.271186440678,4.0,,center,automated_candidate_unverified
C-M-0013-L.23-M1619-4_M1619-8.2024-07-24-11-55.NH888,C-M-0013-L.23-M1619-4_M1619-8,2024-07-24 11:55:00,band_06,481.60869565217394,398.5652173913044,5.0,,center,automated_candidate_unverified
C-M-0013-L.23-M1619-4_M1619-8.2024-07-24-11-55.NH888,C-M-0013-L.23-M1619-4_M1619-8,2024-07-24 11:55:00,band_07,482.5,378.0,6.0,,center,automated_candidate_unverified
C-M-0013-L.23-M1619-4_M1619-8.2024-07-24-11-55.NH888,C-M-0013-L.23-M1619-4_M1619-8,2024-07-24 11:55:00,band_08,483.60869565217394,357.4347826086956,7.0,,center,automated_candidate_unverified
C-M-0013-L.23-M1619-4_M1619-8.2024-07-24-11-55.NH888,C-M-0013-L.23-M1619-4_M1619-8,2024-07-24 11:55:00,band_09,484.88,336.56,8.0,,center,automated_candidate_unverified
C-M-0013-L.23-M1619-4_M1619-8.2024-07-25-11-55.NH888,C-M-0013-L.23-M1619-4_M1619-8,2024-07-25 11:55:00,band_01,650.2095238095238,462.95238095238096,0.0,,center,automated_candidate_unverified
C-M-0013-L.23-M1619-4_M1619-8.2024-07-25-11-55.NH888,C-M-0013-L.23-M1619-4_M1619-8,2024-07-25 11:55:00,band_02,651.6111111111111,418.6111111111111,1.0,,center,automated_candidate_unverified
C-M-0013-L.23-M1619-4_M1619-8.2024-07-25-11-55.NH888,C-M-0013-L.23-M1619-4_M1619-8,2024-07-25 11:55:00,band_03,652.8021978021978,373.7802197802198,2.0,,center,automated_candidate_unverified
C-M-0013-L.23-M1619-4_M1619-8.2024-07-25-11-55.NH888,C-M-0013-L.23-M1619-4_M1619-8,2024-07-25 11:55:00,band_04,653.8791208791209,329.65934065934067,3.0,,center,automated_candidate_unverified
C-M-0013-L.23-M1619-4_M1619-8.2024-07-25-11-55.NH888,C-M-0013-L.23-M1619-4_M1619-8,2024-07-25 11:55:00,band_05,654.6516853932584,285.60674157303373,4.0,,center,automated_candidate_unverified
C-M-0013-L.23-M1619-4_M1619-8.2024-07-25-11-55.NH888,C-M-0013-L.23-M1619-4_M1619-8,2024-07-25 11:55:00,band_06,656.1931818181819,241.5568181818182,5.0,,center,automated_candidate_unverified
C-M-0013-L.23-M1619-4_M1619-8.2024-07-25-11-55.NH888,C-M-0013-L.23-M1619-4_M1619-8,2024-07-25 11:55:00,band_07,656.9767441860465,196.7674418604651,6.0,,center,automated_candidate_unverified
C-M-0013-L.23-M1619-4_M1619-8.2024-07-25-11-55.NH888,C-M-0013-L.23-M1619-4_M1619-8,2024-07-25 11:55:00,band_08,657.2588235294118,152.88235294117646,7.0,,center,automated_candidate_unverified
C-M-0013-L.23-M1619-4_M1619-8.2024-07-25-11-55.NH888,C-M-0013-L.23-M1619-4_M1619-8,2024-07-25 11:55:00,band_09,658.0595238095239,108.02380952380952,8.0,,center,automated_candidate_unverified
C-M-0013-L.23-M1619-4_M1619-8.2024-07-25-11-55.NH888,C-M-0013-L.23-M1619-4_M1619-8,2024-07-25 11:55:00,band_10,659.0,63.96296296296296,9.0,,center,automated_candidate_unverified
C-M-0013-L.23-M1619-4_M1619-8.2024-07-26-11-54.NH888,C-M-0013-L.23-M1619-4_M1619-8,2024-07-26 11:54:00,band_01,640.5757575757576,550.2424242424242,0.0,,center,automated_candidate_unverified
C-M-0013-L.23-M1619-4_M1619-8.2024-07-26-11-54.NH888,C-M-0013-L.23-M1619-4_M1619-8,2024-07-26 11:54:00,band_02,649.0,508.7058823529412,1.0,,center,automated_candidate_unverified
C-M-0013-L.23-M1619-4_M1619-8.2024-07-26-11-54.NH888,C-M-0013-L.23-M1619-4_M1619-8,2024-07-26 11:54:00,band_03,646.1262135922331,461.9320388349514,2.0,,center,automated_candidate_unverified
C-M-0013-L.23-M1619-4_M1619-8.2024-07-26-11-54.NH888,C-M-0013-L.23-M1619-4_M1619-8,2024-07-26 11:54:00,band_04,647.5700934579439,417.7383177570093,3.0,,center,automated_candidate_unverified
C-M-0013-L.23-M1619-4_M1619-8.2024-07-26-11-54.NH888,C-M-0013-L.23-M1619-4_M1619-8,2024-07-26 11:54:00,band_05,648.4888888888889,373.5,4.0,,center,automated_candidate_unverified
C-M-0013-L.23-M1619-4_M1619-8.2024-07-26-11-54.NH888,C-M-0013-L.23-M1619-4_M1619-8,2024-07-26 11:54:00,band_06,649.4891304347826,329.5760869565217,5.0,,center,automated_candidate_unverified
C-M-0013-L.23-M1619-4_M1619-8.2024-07-26-11-54.NH888,C-M-0013-L.23-M1619-4_M1619-8,2024-07-26 11:54:00,band_07,650.3908045977012,285.3793103448276,6.0,,center,automated_candidate_unverified
C-M-0013-L.23-M1619-4_M1619-8.2024-07-26-11-54.NH888,C-M-0013-L.23-M1619-4_M1619-8,2024-07-26 11:54:00,band_08,650.9157894736842,241.67368421052632,7.0,,center,automated_candidate_unverified
C-M-0013-L.23-M1619-4_M1619-8.2024-07-26-11-54.NH888,C-M-0013-L.23-M1619-4_M1619-8,2024-07-26 11:54:00,band_09,651.75,197.5,8.0,,center,automated_candidate_unverified
C-M-0013-L.23-M1619-4_M1619-8.2024-07-26-11-54.NH888,C-M-0013-L.23-M1619-4_M1619-8,2024-07-26 11:54:00,band_10,652.4395604395604,153.71428571428572,9.0,,center,automated_candidate_unverified
C-M-0013-L.23-M1619-4_M1619-8.2024-07-26-11-54.NH888,C-M-0013-L.23-M1619-4_M1619-8,2024-07-26 11:54:00,band_11,652.7619047619048,109.21428571428572,10.0,,center,automated_candidate_unverified
C-M-0013-L.23-M1619-4_M1619-8.2024-07-26-11-54.NH888,C-M-0013-L.23-M1619-4_M1619-8,2024-07-26 11:54:00,band_12,653.1875,65.425,11.0,,center,automated_candidate_unverified
C-M-0013-L.23-M1619-4_M1619-8.2024-07-27-11-55.NH888,C-M-0013-L.23-M1619-4_M1619-8,2024-07-27 11:55:00,band_01,652.6629213483146,462.7191011235955,0.0,,center,automated_candidate_unverified
C-M-0013-L.23-M1619-4_M1619-8.2024-07-27-11-55.NH888,C-M-0013-L.23-M1619-4_M1619-8,2024-07-27 11:55:00,band_02,653.8571428571429,418.2087912087912,1.0,,center,automated_candidate_unverified
C-M-0013-L.23-M1619-4_M1619-8.2024-07-27-11-55.NH888,C-M-0013-L.23-M1619-4_M1619-8,2024-07-27 11:55:00,band_03,655.6086956521739,373.4492753623188,2.0,,center,automated_candidate_unverified
C-M-0013-L.23-M1619-4_M1619-8.2024-07-27-11-55.NH888,C-M-0013-L.23-M1619-4_M1619-8,2024-07-27 11:55:00,band_04,656.6923076923077,329.1230769230769,3.0,,center,automated_candidate_unverified
C-M-0013-L.23-M1619-4_M1619-8.2024-07-27-11-55.NH888,C-M-0013-L.23-M1619-4_M1619-8,2024-07-27 11:55:00,band_05,657.9491525423729,284.4406779661017,4.0,,center,automated_candidate_unverified
C-M-0013-L.23-M1619-4_M1619-8.2024-07-27-11-55.NH888,C-M-0013-L.23-M1619-4_M1619-8,2024-07-27 11:55:00,band_06,658.5538461538462,240.12307692307687,5.0,,center,automated_candidate_unverified
C-M-0013-L.23-M1619-4_M1619-8.2024-07-27-11-55.NH888,C-M-0013-L.23-M1619-4_M1619-8,2024-07-27 11:55:00,band_07,659.1896551724138,195.36206896551724,6.0,,center,automated_candidate_unverified
C-M-0013-L.23-M1619-4_M1619-8.2024-07-27-11-55.NH888,C-M-0013-L.23-M1619-4_M1619-8,2024-07-27 11:55:00,band_08,660.0877192982456,151.19298245614036,7.0,,center,automated_candidate_unverified
C-M-0013-L.23-M1619-4_M1619-8.2024-07-27-11-55.NH888,C-M-0013-L.23-M1619-4_M1619-8,2024-07-27 11:55:00,band_09,660.9107142857143,106.14285714285714,8.0,,center,automated_candidate_unverified
C-M-0013-L.23-M1619-4_M1619-8.2024-07-27-11-55.NH888,C-M-0013-L.23-M1619-4_M1619-8,2024-07-27 11:55:00,band_10,661.0576923076923,61.94230769230769,9.0,,center,automated_candidate_unverified
C-M-0013-L.23-M1619-4_M1619-8.2024-07-28-11-55.NH888,C-M-0013-L.23-M1619-4_M1619-8,2024-07-28 11:55:00,band_01,648.0909090909091,552.3409090909091,0.0,,center,automated_candidate_unverified
C-M-0013-L.23-M1619-4_M1619-8.2024-07-28-11-55.NH888,C-M-0013-L.23-M1619-4_M1619-8,2024-07-28 11:55:00,band_02,655.5,510.6666666666667,1.0,,center,automated_candidate_unverified
C-M-0013-L.23-M1619-4_M1619-8.2024-07-28-11-55.NH888,C-M-0013-L.23-M1619-4_M1619-8,2024-07-28 11:55:00,band_03,653.0618556701031,463.4020618556701,2.0,,center,automated_candidate_unverified
C-M-0013-L.23-M1619-4_M1619-8.2024-07-28-11-55.NH888,C-M-0013-L.23-M1619-4_M1619-8,2024-07-28 11:55:00,band_04,654.0612244897959,418.765306122449,3.0,,center,automated_candidate_unverified
C-M-0013-L.23-M1619-4_M1619-8.2024-07-28-11-55.NH888,C-M-0013-L.23-M1619-4_M1619-8,2024-07-28 11:55:00,band_05,655.3636363636364,374.4285714285714,4.0,,center,automated_candidate_unverified
C-M-0013-L.23-M1619-4_M1619-8.2024-07-28-11-55.NH888,C-M-0013-L.23-M1619-4_M1619-8,2024-07-28 11:55:00,band_06,656.25,330.2236842105263,5.0,,center,automated_candidate_unverified
C-M-0013-L.23-M1619-4_M1619-8.2024-07-28-11-55.NH888,C-M-0013-L.23-M1619-4_M1619-8,2024-07-28 11:55:00,band_07,657.0625,285.75,6.0,,center,automated_candidate_unverified
C-M-0013-L.23-M1619-4_M1619-8.2024-07-28-11-55.NH888,C-M-0013-L.23-M1619-4_M1619-8,2024-07-28 11:55:00,band_08,657.945652173913,241.75,7.0,,center,automated_candidate_unverified
C-M-0013-L.23-M1619-4_M1619-8.2024-07-28-11-55.NH888,C-M-0013-L.23-M1619-4_M1619-8,2024-07-28 11:55:00,band_09,658.8068181818181,197.26136363636363,8.0,,center,automated_candidate_unverified
C-M-0013-L.23-M1619-4_M1619-8.2024-07-28-11-55.NH888,C-M-0013-L.23-M1619-4_M1619-8,2024-07-28 11:55:00,band_10,659.379746835443,153.0379746835443,9.0,,center,automated_candidate_unverified
C-M-0013-L.23-M1619-4_M1619-8.2024-07-28-11-55.NH888,C-M-0013-L.23-M1619-4_M1619-8,2024-07-28 11:55:00,band_11,659.925925925926,108.39506172839506,10.0,,center,automated_candidate_unverified
C-M-0013-L.23-M1619-4_M1619-8.2024-07-28-11-55.NH888,C-M-0013-L.23-M1619-4_M1619-8,2024-07-28 11:55:00,band_12,660.2647058823529,64.25,11.0,,center,automated_candidate_unverified
C-M-0013-L.23-M1619-4_M1619-8.2024-07-29-11-55.NH888,C-M-0013-L.23-M1619-4_M1619-8,2024-07-29 11:55:00,band_01,650.5783132530121,371.8313253012048,0.0,,center,automated_candidate_unverified
C-M-0013-L.23-M1619-4_M1619-8.2024-07-29-11-55.NH888,C-M-0013-L.23-M1619-4_M1619-8,2024-07-29 11:55:00,band_02,651.855421686747,327.6265060240964,1.0,,center,automated_candidate_unverified
C-M-0013-L.23-M1619-4_M1619-8.2024-07-29-11-55.NH888,C-M-0013-L.23-M1619-4_M1619-8,2024-07-29 11:55:00,band_03,652.32,282.96,2.0,,center,automated_candidate_unverified
C-M-0013-L.23-M1619-4_M1619-8.2024-07-29-11-55.NH888,C-M-0013-L.23-M1619-4_M1619-8,2024-07-29 11:55:00,band_04,653.175,238.825,3.0,,center,automated_candidate_unverified
C-M-0013-L.23-M1619-4_M1619-8.2024-07-29-11-55.NH888,C-M-0013-L.23-M1619-4_M1619-8,2024-07-29 11:55:00,band_05,654.0909090909091,194.25757575757572,4.0,,center,automated_candidate_unverified
C-M-0013-L.23-M1619-4_M1619-8.2024-07-29-11-55.NH888,C-M-0013-L.23-M1619-4_M1619-8,2024-07-29 11:55:00,band_06,654.1728395061729,150.33333333333334,5.0,,center,automated_candidate_unverified
C-M-0013-L.23-M1619-4_M1619-8.2024-07-29-11-55.NH888,C-M-0013-L.23-M1619-4_M1619-8,2024-07-29 11:55:00,band_07,654.7682926829268,105.51219512195122,6.0,,center,automated_candidate_unverified
C-M-0013-L.23-M1619-4_M1619-8.2024-07-29-11-55.NH888,C-M-0013-L.23-M1619-4_M1619-8,2024-07-29 11:55:00,band_08,654.7,61.333333333333336,7.0,,center,automated_candidate_unverified
C-M-0013-L.23-M1619-4_M1619-8.2024-07-30-11-55.NH888,C-M-0013-L.23-M1619-4_M1619-8,2024-07-30 11:55:00,band_01,651.7755102040817,315.7551020408163,0.0,,center,automated_candidate_unverified
C-M-0013-L.23-M1619-4_M1619-8.2024-07-30-11-55.NH888,C-M-0013-L.23-M1619-4_M1619-8,2024-07-30 11:55:00,band_02,653.0485436893204,271.3398058252427,1.0,,center,automated_candidate_unverified
C-M-0013-L.23-M1619-4_M1619-8.2024-07-30-11-55.NH888,C-M-0013-L.23-M1619-4_M1619-8,2024-07-30 11:55:00,band_03,654.979381443299,226.7835051546392,2.0,,center,automated_candidate_unverified
C-M-0013-L.23-M1619-4_M1619-8.2024-07-30-11-55.NH888,C-M-0013-L.23-M1619-4_M1619-8,2024-07-30 11:55:00,band_04,655.5445544554456,181.88118811881188,3.0,,center,automated_candidate_unverified
C-M-0013-L.23-M1619-4_M1619-8.2024-07-30-11-55.NH888,C-M-0013-L.23-M1619-4_M1619-8,2024-07-30 11:55:00,band_05,656.9805825242719,137.49514563106797,4.0,,center,automated_candidate_unverified
C-M-0013-L.23-M1619-4_M1619-8.2024-07-30-11-55.NH888,C-M-0013-L.23-M1619-4_M1619-8,2024-07-30 11:55:00,band_06,658.4791666666666,91.97916666666669,5.0,,center,automated_candidate_unverified
C-M-0013-L.23-M1619-4_M1619-8.2024-07-30-11-55.NH888,C-M-0013-L.23-M1619-4_M1619-8,2024-07-30 11:55:00,band_07,658.8631578947368,47.305263157894736,6.0,,center,automated_candidate_unverified
C-M-0013-L.23-M1619-4_M1619-8.2024-07-31-11-56.NH888,C-M-0013-L.23-M1619-4_M1619-8,2024-07-31 11:56:00,band_01,647.635294117647,445.6,0.0,,center,automated_candidate_unverified
C-M-0013-L.23-M1619-4_M1619-8.2024-07-31-11-56.NH888,C-M-0013-L.23-M1619-4_M1619-8,2024-07-31 11:56:00,band_02,649.0958904109589,400.9178082191781,1.0,,center,automated_candidate_unverified
C-M-0013-L.23-M1619-4_M1619-8.2024-07-31-11-56.NH888,C-M-0013-L.23-M1619-4_M1619-8,2024-07-31 11:56:00,band_03,650.8039215686274,356.19607843137254,2.0,,center,automated_candidate_unverified
C-M-0013-L.23-M1619-4_M1619-8.2024-07-31-11-56.NH888,C-M-0013-L.23-M1619-4_M1619-8,2024-07-31 11:56:00,band_04,652.3191489361702,311.7659574468085,3.0,,center,automated_candidate_unverified
C-M-0013-L.23-M1619-4_M1619-8.2024-07-31-11-56.NH888,C-M-0013-L.23-M1619-4_M1619-8,2024-07-31 11:56:00,band_05,653.6,266.8,4.0,,center,automated_candidate_unverified
C-M-0013-L.23-M1619-4_M1619-8.2024-07-31-11-56.NH888,C-M-0013-L.23-M1619-4_M1619-8,2024-07-31 11:56:00,band_06,654.6153846153846,222.21153846153845,5.0,,center,automated_candidate_unverified
C-M-0013-L.23-M1619-4_M1619-8.2024-07-31-11-56.NH888,C-M-0013-L.23-M1619-4_M1619-8,2024-07-31 11:56:00,band_07,655.75,177.0,6.0,,center,automated_candidate_unverified
C-M-0013-L.23-M1619-4_M1619-8.2024-07-31-11-56.NH888,C-M-0013-L.23-M1619-4_M1619-8,2024-07-31 11:56:00,band_08,656.5416666666666,132.35416666666666,7.0,,center,automated_candidate_unverified
C-M-0013-L.23-M1619-4_M1619-8.2024-07-31-11-56.NH888,C-M-0013-L.23-M1619-4_M1619-8,2024-07-31 11:56:00,band_09,657.6382978723404,87.14893617021276,8.0,,center,automated_candidate_unverified
C-M-0013-L.23-M1619-4_M1619-8.2024-07-31-11-56.NH888,C-M-0013-L.23-M1619-4_M1619-8,2024-07-31 11:56:00,band_10,657.8409090909091,42.18181818181818,9.0,,center,automated_candidate_unverified
C-M-0013-L.23-M1619-4_M1619-8.2024-08-01-11-55.NH888,C-M-0013-L.23-M1619-4_M1619-8,2024-08-01 11:55:00,band_01,637.3880597014926,397.0597014925373,0.0,,center,automated_candidate_unverified
C-M-0013-L.23-M1619-4_M1619-8.2024-08-01-11-55.NH888,C-M-0013-L.23-M1619-4_M1619-8,2024-08-01 11:55:00,band_02,638.6,352.9,1.0,,center,automated_candidate_unverified
C-M-0013-L.23-M1619-4_M1619-8.2024-08-01-11-55.NH888,C-M-0013-L.23-M1619-4_M1619-8,2024-08-01 11:55:00,band_03,640.4583333333334,308.7083333333333,2.0,,center,automated_candidate_unverified
C-M-0013-L.23-M1619-4_M1619-8.2024-08-01-11-55.NH888,C-M-0013-L.23-M1619-4_M1619-8,2024-08-01 11:55:00,band_04,641.4186046511628,264.2093023255814,3.0,,center,automated_candidate_unverified
C-M-0013-L.23-M1619-4_M1619-8.2024-08-01-11-55.NH888,C-M-0013-L.23-M1619-4_M1619-8,2024-08-01 11:55:00,band_05,642.9615384615385,220.1153846153846,4.0,,center,automated_candidate_unverified
C-M-0013-L.23-M1619-4_M1619-8.2024-08-01-11-55.NH888,C-M-0013-L.23-M1619-4_M1619-8,2024-08-01 11:55:00,band_06,644.1,175.45,5.0,,center,automated_candidate_unverified
C-M-0013-L.23-M1619-4_M1619-8.2024-08-01-11-55.NH888,C-M-0013-L.23-M1619-4_M1619-8,2024-08-01 11:55:00,band_07,645.5581395348837,131.41860465116278,6.0,,center,automated_candidate_unverified
C-M-0013-L.23-M1619-4_M1619-8.2024-08-01-11-55.NH888,C-M-0013-L.23-M1619-4_M1619-8,2024-08-01 11:55:00,band_08,646.2894736842105,86.60526315789474,7.0,,center,automated_candidate_unverified
C-M-0013-L.23-M1619-4_M1619-8.2024-08-01-11-55.NH888,C-M-0013-L.23-M1619-4_M1619-8,2024-08-01 11:55:00,band_09,646.7906976744187,42.25581395348837,8.0,,center,automated_candidate_unverified
C-M-0013-L.23-M1619-4_M1619-8.2024-08-02-11-55.NH888,C-M-0013-L.23-M1619-4_M1619-8,2024-08-02 11:55:00,band_01,646.3962264150944,488.8490566037736,0.0,,center,automated_candidate_unverified
C-M-0013-L.23-M1619-4_M1619-8.2024-08-02-11-55.NH888,C-M-0013-L.23-M1619-4_M1619-8,2024-08-02 11:55:00,band_02,648.8815789473684,444.0657894736842,1.0,,center,automated_candidate_unverified
C-M-0013-L.23-M1619-4_M1619-8.2024-08-02-11-55.NH888,C-M-0013-L.23-M1619-4_M1619-8,2024-08-02 11:55:00,band_03,652.0545454545454,400.07272727272726,2.0,,center,automated_candidate_unverified
C-M-0013-L.23-M1619-4_M1619-8.2024-08-02-11-55.NH888,C-M-0013-L.23-M1619-4_M1619-8,2024-08-02 11:55:00,band_04,651.0,354.29411764705884,3.0,,center,automated_candidate_unverified
C-M-0013-L.23-M1619-4_M1619-8.2024-08-02-11-55.NH888,C-M-0013-L.23-M1619-4_M1619-8,2024-08-02 11:55:00,band_05,654.1162790697674,311.69767441860466,4.0,,center,automated_candidate_unverified
C-M-0013-L.23-M1619-4_M1619-8.2024-08-02-11-55.NH888,C-M-0013-L.23-M1619-4_M1619-8,2024-08-02 11:55:00,band_06,654.875,267.2083333333333,5.0,,center,automated_candidate_unverified
C-M-0013-L.23-M1619-4_M1619-8.2024-08-02-11-55.NH888,C-M-0013-L.23-M1619-4_M1619-8,2024-08-02 11:55:00,band_07,655.8541666666666,223.29166666666663,6.0,,center,automated_candidate_unverified
C-M-0013-L.23-M1619-4_M1619-8.2024-08-02-11-55.NH888,C-M-0013-L.23-M1619-4_M1619-8,2024-08-02 11:55:00,band_08,657.0930232558139,179.0,7.0,,center,automated_candidate_unverified
C-M-0013-L.23-M1619-4_M1619-8.2024-08-02-11-55.NH888,C-M-0013-L.23-M1619-4_M1619-8,2024-08-02 11:55:00,band_09,657.7173913043479,135.17391304347825,8.0,,center,automated_candidate_unverified
C-M-0013-L.23-M1619-4_M1619-8.2024-08-02-11-55.NH888,C-M-0013-L.23-M1619-4_M1619-8,2024-08-02 11:55:00,band_10,658.4166666666666,90.33333333333331,9.0,,center,automated_candidate_unverified
C-M-0013-L.23-M1619-4_M1619-8.2024-08-02-11-55.NH888,C-M-0013-L.23-M1619-4_M1619-8,2024-08-02 11:55:00,band_11,658.675,46.475,10.0,,center,automated_candidate_unverified
C-M-0013-L.23-M1619-4_M1619-8.2024-08-03-11-56.NH888,C-M-0013-L.23-M1619-4_M1619-8,2024-08-03 11:56:00,band_01,652.1702127659574,356.0,0.0,,center,automated_candidate_unverified
C-M-0013-L.23-M1619-4_M1619-8.2024-08-03-11-56.NH888,C-M-0013-L.23-M1619-4_M1619-8,2024-08-03 11:56:00,band_02,654.0,311.79545454545456,1.0,,center,automated_candidate_unverified
C-M-0013-L.23-M1619-4_M1619-8.2024-08-03-11-56.NH888,C-M-0013-L.23-M1619-4_M1619-8,2024-08-03 11:56:00,band_03,654.530612244898,267.2857142857143,2.0,,center,automated_candidate_unverified
C-M-0013-L.23-M1619-4_M1619-8.2024-08-03-11-56.NH888,C-M-0013-L.23-M1619-4_M1619-8,2024-08-03 11:56:00,band_04,655.6470588235294,223.2745098039216,3.0,,center,automated_candidate_unverified
C-M-0013-L.23-M1619-4_M1619-8.2024-08-03-11-56.NH888,C-M-0013-L.23-M1619-4_M1619-8,2024-08-03 11:56:00,band_05,656.6041666666666,179.0,4.0,,center,automated_candidate_unverified
C-M-0013-L.23-M1619-4_M1619-8.2024-08-03-11-56.NH888,C-M-0013-L.23-M1619-4_M1619-8,2024-08-03 11:56:00,band_06,657.531914893617,135.04255319148936,5.0,,center,automated_candidate_unverified
C-M-0013-L.23-M1619-4_M1619-8.2024-08-03-11-56.NH888,C-M-0013-L.23-M1619-4_M1619-8,2024-08-03 11:56:00,band_07,658.1951219512196,90.1219512195122,6.0,,center,automated_candidate_unverified
C-M-0013-L.23-M1619-4_M1619-8.2024-08-04-11-56.NH888,C-M-0013-L.23-M1619-4_M1619-8,2024-08-04 11:56:00,band_01,648.7391304347826,489.8478260869565,0.0,,center,automated_candidate_unverified
C-M-0013-L.23-M1619-4_M1619-8.2024-08-04-11-56.NH888,C-M-0013-L.23-M1619-4_M1619-8,2024-08-04 11:56:00,band_02,649.776119402985,445.1940298507463,1.0,,center,automated_candidate_unverified
C-M-0013-L.23-M1619-4_M1619-8.2024-08-04-11-56.NH888,C-M-0013-L.23-M1619-4_M1619-8,2024-08-04 11:56:00,band_03,652.1086956521739,400.89130434782606,2.0,,center,automated_candidate_unverified
C-M-0013-L.23-M1619-4_M1619-8.2024-08-04-11-56.NH888,C-M-0013-L.23-M1619-4_M1619-8,2024-08-04 11:56:00,band_04,653.2881355932203,356.5084745762712,3.0,,center,automated_candidate_unverified
C-M-0013-L.23-M1619-4_M1619-8.2024-08-04-11-56.NH888,C-M-0013-L.23-M1619-4_M1619-8,2024-08-04 11:56:00,band_05,655.1578947368421,312.56140350877195,4.0,,center,automated_candidate_unverified
C-M-0013-L.23-M1619-4_M1619-8.2024-08-04-11-56.NH888,C-M-0013-L.23-M1619-4_M1619-8,2024-08-04 11:56:00,band_06,656.051724137931,268.05172413793105,5.0,,center,automated_candidate_unverified
C-M-0013-L.23-M1619-4_M1619-8.2024-08-04-11-56.NH888,C-M-0013-L.23-M1619-4_M1619-8,2024-08-04 11:56:00,band_07,657.1186440677966,224.1864406779661,6.0,,center,automated_candidate_unverified
C-M-0013-L.23-M1619-4_M1619-8.2024-08-04-11-56.NH888,C-M-0013-L.23-M1619-4_M1619-8,2024-08-04 11:56:00,band_08,657.8979591836735,179.79591836734693,7.0,,center,automated_candidate_unverified
C-M-0013-L.23-M1619-4_M1619-8.2024-08-04-11-56.NH888,C-M-0013-L.23-M1619-4_M1619-8,2024-08-04 11:56:00,band_09,658.8,135.84,8.0,,center,automated_candidate_unverified
C-M-0013-L.23-M1619-4_M1619-8.2024-08-04-11-56.NH888,C-M-0013-L.23-M1619-4_M1619-8,2024-08-04 11:56:00,band_10,659.7872340425532,91.12765957446808,9.0,,center,automated_candidate_unverified
C-M-0013-L.23-M1619-4_M1619-8.2024-08-04-11-56.NH888,C-M-0013-L.23-M1619-4_M1619-8,2024-08-04 11:56:00,band_11,659.8571428571429,46.90476190476191,10.0,,center,automated_candidate_unverified
C-M-0013-L.23-M1619-4_M1619-8.2024-08-05-11-57.NH888,C-M-0013-L.23-M1619-4_M1619-8,2024-08-05 11:57:00,band_01,647.7920792079208,489.6930693069307,0.0,,center,automated_candidate_unverified
C-M-0013-L.23-M1619-4_M1619-8.2024-08-05-11-57.NH888,C-M-0013-L.23-M1619-4_M1619-8,2024-08-05 11:57:00,band_02,650.1204819277109,444.9518072289157,1.0,,center,automated_candidate_unverified
C-M-0013-L.23-M1619-4_M1619-8.2024-08-05-11-57.NH888,C-M-0013-L.23-M1619-4_M1619-8,2024-08-05 11:57:00,band_03,643.698245614035,400.30526315789473,2.0,,center,automated_candidate_unverified
C-M-0013-L.23-M1619-4_M1619-8.2024-08-05-11-57.NH888,C-M-0013-L.23-M1619-4_M1619-8,2024-08-05 11:57:00,band_04,653.0481927710844,356.3614457831325,3.0,,center,automated_candidate_unverified
C-M-0013-L.23-M1619-4_M1619-8.2024-08-05-11-57.NH888,C-M-0013-L.23-M1619-4_M1619-8,2024-08-05 11:57:00,band_05,654.5064935064935,312.24675324675326,4.0,,center,automated_candidate_unverified
C-M-0013-L.23-M1619-4_M1619-8.2024-08-05-11-57.NH888,C-M-0013-L.23-M1619-4_M1619-8,2024-08-05 11:57:00,band_06,655.5862068965517,267.7701149425287,5.0,,center,automated_candidate_unverified
C-M-0013-L.23-M1619-4_M1619-8.2024-08-05-11-57.NH888,C-M-0013-L.23-M1619-4_M1619-8,2024-08-05 11:57:00,band_07,656.8846153846154,223.6025641025641,6.0,,center,automated_candidate_unverified
C-M-0013-L.23-M1619-4_M1619-8.2024-08-05-11-57.NH888,C-M-0013-L.23-M1619-4_M1619-8,2024-08-05 11:57:00,band_08,657.7857142857143,178.74285714285713,7.0,,center,automated_candidate_unverified
C-M-0013-L.23-M1619-4_M1619-8.2024-08-05-11-57.NH888,C-M-0013-L.23-M1619-4_M1619-8,2024-08-05 11:57:00,band_09,658.7391304347826,134.79710144927537,8.0,,center,automated_candidate_unverified
C-M-0013-L.23-M1619-4_M1619-8.2024-08-05-11-57.NH888,C-M-0013-L.23-M1619-4_M1619-8,2024-08-05 11:57:00,band_10,659.4776119402985,89.88059701492537,9.0,,center,automated_candidate_unverified
C-M-0013-L.23-M1619-4_M1619-8.2024-08-05-11-57.NH888,C-M-0013-L.23-M1619-4_M1619-8,2024-08-05 11:57:00,band_11,660.2033898305085,45.61016949152543,10.0,,center,automated_candidate_unverified
C-M-0013-L.23-M1619-4_M1619-8.2024-08-06-11-56.NH888,C-M-0013-L.23-M1619-4_M1619-8,2024-08-06 11:56:00,band_01,641.2934131736527,397.05988023952096,0.0,,center,automated_candidate_unverified
C-M-0013-L.23-M1619-4_M1619-8.2024-08-06-11-56.NH888,C-M-0013-L.23-M1619-4_M1619-8,2024-08-06 11:56:00,band_02,654.9411764705883,359.54117647058825,1.0,,center,automated_candidate_unverified
C-M-0013-L.23-M1619-4_M1619-8.2024-08-06-11-56.NH888,C-M-0013-L.23-M1619-4_M1619-8,2024-08-06 11:56:00,band_03,656.2333333333333,315.53333333333336,2.0,,center,automated_candidate_unverified
C-M-0013-L.23-M1619-4_M1619-8.2024-08-06-11-56.NH888,C-M-0013-L.23-M1619-4_M1619-8,2024-08-06 11:56:00,band_04,657.3947368421053,271.3157894736842,3.0,,center,automated_candidate_unverified
C-M-0013-L.23-M1619-4_M1619-8.2024-08-06-11-56.NH888,C-M-0013-L.23-M1619-4_M1619-8,2024-08-06 11:56:00,band_05,658.5454545454545,227.45454545454547,4.0,,center,automated_candidate_unverified
C-M-0013-L.23-M1619-4_M1619-8.2024-08-06-11-56.NH888,C-M-0013-L.23-M1619-4_M1619-8,2024-08-06 11:56:00,band_06,659.4375,183.0,5.0,,center,automated_candidate_unverified
C-M-0013-L.23-M1619-4_M1619-8.2024-08-06-11-56.NH888,C-M-0013-L.23-M1619-4_M1619-8,2024-08-06 11:56:00,band_07,660.5569620253165,139.34177215189874,6.0,,center,automated_candidate_unverified
C-M-0013-L.23-M1619-4_M1619-8.2024-08-06-11-56.NH888,C-M-0013-L.23-M1619-4_M1619-8,2024-08-06 11:56:00,band_08,661.3846153846154,94.7051282051282,7.0,,center,automated_candidate_unverified
C-M-0013-L.23-M1619-4_M1619-8.2024-08-06-11-56.NH888,C-M-0013-L.23-M1619-4_M1619-8,2024-08-06 11:56:00,band_09,661.5555555555555,50.97222222222222,8.0,,center,automated_candidate_unverified
C-M-0013-L.23-M1619-4_M1619-8.2024-08-07-11-57.NH888,C-M-0013-L.23-M1619-4_M1619-8,2024-08-07 11:57:00,band_01,629.0,664.9230769230769,0.0,,center,automated_candidate_unverified
C-M-0013-L.23-M1619-4_M1619-8.2024-08-07-11-57.NH888,C-M-0013-L.23-M1619-4_M1619-8,2024-08-07 11:57:00,band_02,631.3783783783783,630.5945945945946,1.0,,center,automated_candidate_unverified
C-M-0013-L.23-M1619-4_M1619-8.2024-08-07-11-57.NH888,C-M-0013-L.23-M1619-4_M1619-8,2024-08-07 11:57:00,band_03,634.2257053291536,574.0031347962382,2.0,,center,automated_candidate_unverified
C-M-0013-L.23-M1619-4_M1619-8.2024-08-07-11-57.NH888,C-M-0013-L.23-M1619-4_M1619-8,2024-08-07 11:57:00,band_04,639.375,532.25,3.0,,center,automated_candidate_unverified
C-M-0013-L.23-M1619-4_M1619-8.2024-08-07-11-57.NH888,C-M-0013-L.23-M1619-4_M1619-8,2024-08-07 11:57:00,band_05,643.6161616161617,489.6969696969697,4.0,,center,automated_candidate_unverified
C-M-0013-L.23-M1619-4_M1619-8.2024-08-07-11-57.NH888,C-M-0013-L.23-M1619-4_M1619-8,2024-08-07 11:57:00,band_06,645.625,445.53125,5.0,,center,automated_candidate_unverified
C-M-0013-L.23-M1619-4_M1619-8.2024-08-07-11-57.NH888,C-M-0013-L.23-M1619-4_M1619-8,2024-08-07 11:57:00,band_07,644.2666666666667,400.9,6.0,,center,automated_candidate_unverified
C-M-0013-L.23-M1619-4_M1619-8.2024-08-07-11-57.NH888,C-M-0013-L.23-M1619-4_M1619-8,2024-08-07 11:57:00,band_08,648.5942028985507,356.92753623188406,7.0,,center,automated_candidate_unverified
C-M-0013-L.23-M1619-4_M1619-8.2024-08-07-11-57.NH888,C-M-0013-L.23-M1619-4_M1619-8,2024-08-07 11:57:00,band_09,649.9166666666666,313.01666666666665,8.0,,center,automated_candidate_unverified
C-M-0013-L.23-M1619-4_M1619-8.2024-08-07-11-57.NH888,C-M-0013-L.23-M1619-4_M1619-8,2024-08-07 11:57:00,band_10,650.776119402985,269.0149253731343,9.0,,center,automated_candidate_unverified
C-M-0013-L.23-M1619-4_M1619-8.2024-08-07-11-57.NH888,C-M-0013-L.23-M1619-4_M1619-8,2024-08-07 11:57:00,band_11,652.0422535211268,225.1267605633803,10.0,,center,automated_candidate_unverified
C-M-0013-L.23-M1619-4_M1619-8.2024-08-07-11-57.NH888,C-M-0013-L.23-M1619-4_M1619-8,2024-08-07 11:57:00,band_12,653.016129032258,180.88709677419357,11.0,,center,automated_candidate_unverified
C-M-0013-L.23-M1619-4_M1619-8.2024-08-07-11-57.NH888,C-M-0013-L.23-M1619-4_M1619-8,2024-08-07 11:57:00,band_13,653.6428571428571,136.96428571428572,12.0,,center,automated_candidate_unverified
C-M-0013-L.23-M1619-4_M1619-8.2024-08-07-11-57.NH888,C-M-0013-L.23-M1619-4_M1619-8,2024-08-07 11:57:00,band_14,654.2545454545455,92.7090909090909,13.0,,center,automated_candidate_unverified
C-M-0013-L.23-M1619-4_M1619-8.2024-08-07-11-57.NH888,C-M-0013-L.23-M1619-4_M1619-8,2024-08-07 11:57:00,band_15,654.6595744680851,48.7872340425532,14.0,,center,automated_candidate_unverified
C-M-0013-L.23-M1619-4_M1619-8.2024-08-08-11-32.NH888,C-M-0013-L.23-M1619-4_M1619-8,2024-08-08 11:32:00,band_01,643.40625,534.90625,0.0,,center,automated_candidate_unverified
C-M-0013-L.23-M1619-4_M1619-8.2024-08-08-11-32.NH888,C-M-0013-L.23-M1619-4_M1619-8,2024-08-08 11:32:00,band_02,645.9901960784314,491.5490196078432,1.0,,center,automated_candidate_unverified
C-M-0013-L.23-M1619-4_M1619-8.2024-08-08-11-32.NH888,C-M-0013-L.23-M1619-4_M1619-8,2024-08-08 11:32:00,band_03,651.0196078431372,447.88235294117646,2.0,,center,automated_candidate_unverified
C-M-0013-L.23-M1619-4_M1619-8.2024-08-08-11-32.NH888,C-M-0013-L.23-M1619-4_M1619-8,2024-08-08 11:32:00,band_04,648.4883720930233,402.453488372093,3.0,,center,automated_candidate_unverified
C-M-0013-L.23-M1619-4_M1619-8.2024-08-08-11-32.NH888,C-M-0013-L.23-M1619-4_M1619-8,2024-08-08 11:32:00,band_05,650.1234567901234,358.7901234567901,4.0,,center,automated_candidate_unverified
C-M-0013-L.23-M1619-4_M1619-8.2024-08-08-11-32.NH888,C-M-0013-L.23-M1619-4_M1619-8,2024-08-08 11:32:00,band_06,651.3552631578947,315.05263157894734,5.0,,center,automated_candidate_unverified
C-M-0013-L.23-M1619-4_M1619-8.2024-08-08-11-32.NH888,C-M-0013-L.23-M1619-4_M1619-8,2024-08-08 11:32:00,band_07,652.3116883116883,271.05194805194805,6.0,,center,automated_candidate_unverified
C-M-0013-L.23-M1619-4_M1619-8.2024-08-08-11-32.NH888,C-M-0013-L.23-M1619-4_M1619-8,2024-08-08 11:32:00,band_08,653.32,227.2133333333333,7.0,,center,automated_candidate_unverified
C-M-0013-L.23-M1619-4_M1619-8.2024-08-08-11-32.NH888,C-M-0013-L.23-M1619-4_M1619-8,2024-08-08 11:32:00,band_09,654.0235294117647,182.89411764705883,8.0,,center,automated_candidate_unverified
C-M-0013-L.23-M1619-4_M1619-8.2024-08-08-11-32.NH888,C-M-0013-L.23-M1619-4_M1619-8,2024-08-08 11:32:00,band_10,654.6447368421053,139.42105263157896,9.0,,center,automated_candidate_unverified
C-M-0013-L.23-M1619-4_M1619-8.2024-08-08-11-32.NH888,C-M-0013-L.23-M1619-4_M1619-8,2024-08-08 11:32:00,band_11,655.4303797468355,94.9367088607595,10.0,,center,automated_candidate_unverified
C-M-0013-L.23-M1619-4_M1619-8.2024-08-08-11-32.NH888,C-M-0013-L.23-M1619-4_M1619-8,2024-08-08 11:32:00,band_12,655.5735294117648,51.14705882352941,11.0,,center,automated_candidate_unverified
C-M-0013-L.23-M1619-4_M1619-8.2024-08-09-11-03.NH888,C-M-0013-L.23-M1619-4_M1619-8,2024-08-09 11:03:00,band_01,72.82456140350877,836.3728070175439,0.0,,center,automated_candidate_unverified
C-M-0013-L.23-M1619-4_M1619-8.2024-08-09-11-03.NH888,C-M-0013-L.23-M1619-4_M1619-8,2024-08-09 11:03:00,band_02,73.97169811320755,817.9009433962265,1.0,,center,automated_candidate_unverified
C-M-0013-L.23-M1619-4_M1619-8.2024-08-09-11-03.NH888,C-M-0013-L.23-M1619-4_M1619-8,2024-08-09 11:03:00,band_03,72.8902953586498,798.7763713080169,2.0,,center,automated_candidate_unverified
C-M-0013-L.23-M1619-4_M1619-8.2024-08-09-11-03.NH888,C-M-0013-L.23-M1619-4_M1619-8,2024-08-09 11:03:00,band_04,65.0,780.0,3.0,,center,automated_candidate_unverified
C-M-0013-L.23-M1619-4_M1619-8.2024-08-09-11-03.NH888,C-M-0013-L.23-M1619-4_M1619-8,2024-08-09 11:03:00,band_05,57.0,751.0,4.0,,center,automated_candidate_unverified
C-M-0013-L.23-M1619-4_M1619-8.2024-08-09-11-03.NH888,C-M-0013-L.23-M1619-4_M1619-8,2024-08-09 11:03:00,band_06,54.142857142857146,722.2857142857143,5.0,,center,automated_candidate_unverified
C-M-0013-L.23-M1619-4_M1619-8.2024-08-09-11-03.NH888,C-M-0013-L.23-M1619-4_M1619-8,2024-08-09 11:03:00,band_07,52.46153846153846,697.8461538461538,6.0,,center,automated_candidate_unverified
C-M-0013-L.23-M1619-4_M1619-8.2024-08-09-11-03.NH888,C-M-0013-L.23-M1619-4_M1619-8,2024-08-09 11:03:00,band_08,48.729729729729726,675.3243243243244,7.0,,center,automated_candidate_unverified
C-M-0013-L.23-M1619-4_M1619-8.2024-08-09-11-03.NH888,C-M-0013-L.23-M1619-4_M1619-8,2024-08-09 11:03:00,band_09,43.833333333333336,652.8333333333334,8.0,,center,automated_candidate_unverified
C-M-0013-L.23-M1619-4_M1619-8.2024-08-09-11-03.NH888,C-M-0013-L.23-M1619-4_M1619-8,2024-08-09 11:03:00,band_10,44.65714285714286,632.0857142857143,9.0,,center,automated_candidate_unverified
C-M-0013-R.23-M1619-4_M1619-8.2024-06-28-11-33.NGFZT,C-M-0013-R.23-M1619-4_M1619-8,2024-06-28 11:33:00,band_01,277.52,836.33,0.0,,center,automated_candidate_unverified
C-M-0013-R.23-M1619-4_M1619-8.2024-06-28-11-33.NGFZT,C-M-0013-R.23-M1619-4_M1619-8,2024-06-28 11:33:00,band_02,280.1523809523809,792.1619047619048,1.0,,center,automated_candidate_unverified
C-M-0013-R.23-M1619-4_M1619-8.2024-06-28-11-33.NGFZT,C-M-0013-R.23-M1619-4_M1619-8,2024-06-28 11:33:00,band_03,283.1747572815534,748.4757281553398,2.0,,center,automated_candidate_unverified
C-M-0013-R.23-M1619-4_M1619-8.2024-06-28-11-33.NGFZT,C-M-0013-R.23-M1619-4_M1619-8,2024-06-28 11:33:00,band_04,286.9009900990099,704.4554455445544,3.0,,center,automated_candidate_unverified
C-M-0013-R.23-M1619-4_M1619-8.2024-06-28-11-33.NGFZT,C-M-0013-R.23-M1619-4_M1619-8,2024-06-28 11:33:00,band_05,289.2330097087379,661.6893203883495,4.0,,center,automated_candidate_unverified
C-M-0013-R.23-M1619-4_M1619-8.2024-06-28-11-33.NGFZT,C-M-0013-R.23-M1619-4_M1619-8,2024-06-28 11:33:00,band_06,291.7619047619048,618.6309523809524,5.0,,center,automated_candidate_unverified
C-M-0013-R.23-M1619-4_M1619-8.2024-06-28-11-33.NGFZT,C-M-0013-R.23-M1619-4_M1619-8,2024-06-28 11:33:00,band_07,295.2179487179488,576.5512820512821,6.0,,center,automated_candidate_unverified
C-M-0013-R.23-M1619-4_M1619-8.2024-06-28-11-33.NGFZT,C-M-0013-R.23-M1619-4_M1619-8,2024-06-28 11:33:00,band_08,299.4647887323944,534.6197183098592,7.0,,center,automated_candidate_unverified
C-M-0013-R.23-M1619-4_M1619-8.2024-06-28-11-33.NGFZT,C-M-0013-R.23-M1619-4_M1619-8,2024-06-28 11:33:00,band_09,303.53731343283584,493.3283582089553,8.0,,center,automated_candidate_unverified
C-M-0013-R.23-M1619-4_M1619-8.2024-06-28-11-33.NGFZT,C-M-0013-R.23-M1619-4_M1619-8,2024-06-28 11:33:00,band_10,307.5223880597015,452.7313432835821,9.0,,center,automated_candidate_unverified
C-M-0013-R.23-M1619-4_M1619-8.2024-06-28-11-33.NGFZT,C-M-0013-R.23-M1619-4_M1619-8,2024-06-28 11:33:00,band_11,311.3,412.8666666666667,10.0,,center,automated_candidate_unverified
C-M-0013-R.23-M1619-4_M1619-8.2024-06-28-11-33.NGFZT,C-M-0013-R.23-M1619-4_M1619-8,2024-06-28 11:33:00,band_12,314.93333333333334,373.1166666666667,11.0,,center,automated_candidate_unverified
C-M-0013-R.23-M1619-4_M1619-8.2024-06-28-11-33.NGFZT,C-M-0013-R.23-M1619-4_M1619-8,2024-06-28 11:33:00,band_13,317.9107142857143,334.0357142857143,12.0,,center,automated_candidate_unverified
C-M-0013-R.23-M1619-4_M1619-8.2024-06-28-11-33.NGFZT,C-M-0013-R.23-M1619-4_M1619-8,2024-06-28 11:33:00,band_14,320.9423076923077,294.9230769230769,13.0,,center,automated_candidate_unverified
C-M-0013-R.23-M1619-4_M1619-8.2024-06-28-11-33.NGFZT,C-M-0013-R.23-M1619-4_M1619-8,2024-06-28 11:33:00,band_15,323.6458333333333,256.6875,14.0,,center,automated_candidate_unverified
C-M-0013-R.23-M1619-4_M1619-8.2024-06-28-11-33.NGFZT,C-M-0013-R.23-M1619-4_M1619-8,2024-06-28 11:33:00,band_16,326.0612244897959,218.55102040816325,15.0,,center,automated_candidate_unverified
C-M-0013-R.23-M1619-4_M1619-8.2024-06-28-11-33.NGFZT,C-M-0013-R.23-M1619-4_M1619-8,2024-06-28 11:33:00,band_17,328.8205128205128,181.07692307692307,16.0,,center,automated_candidate_unverified
C-M-0013-R.23-M1619-4_M1619-8.2024-06-29-11-33.NGFZT,C-M-0013-R.23-M1619-4_M1619-8,2024-06-29 11:33:00,band_01,279.9569892473118,838.4408602150538,0.0,,center,automated_candidate_unverified
C-M-0013-R.23-M1619-4_M1619-8.2024-06-29-11-33.NGFZT,C-M-0013-R.23-M1619-4_M1619-8,2024-06-29 11:33:00,band_02,282.8478260869565,794.4347826086956,1.0,,center,automated_candidate_unverified
C-M-0013-R.23-M1619-4_M1619-8.2024-06-29-11-33.NGFZT,C-M-0013-R.23-M1619-4_M1619-8,2024-06-29 11:33:00,band_03,285.46875,750.3958333333334,2.0,,center,automated_candidate_unverified
C-M-0013-R.23-M1619-4_M1619-8.2024-06-29-11-33.NGFZT,C-M-0013-R.23-M1619-4_M1619-8,2024-06-29 11:33:00,band_04,288.9587628865979,706.4226804123712,3.0,,center,automated_candidate_unverified
C-M-0013-R.23-M1619-4_M1619-8.2024-06-29-11-33.NGFZT,C-M-0013-R.23-M1619-4_M1619-8,2024-06-29 11:33:00,band_05,291.5339805825243,663.4077669902913,4.0,,center,automated_candidate_unverified
C-M-0013-R.23-M1619-4_M1619-8.2024-06-29-11-33.NGFZT,C-M-0013-R.23-M1619-4_M1619-8,2024-06-29 11:33:00,band_06,294.219512195122,620.5731707317074,5.0,,center,automated_candidate_unverified
C-M-0013-R.23-M1619-4_M1619-8.2024-06-29-11-33.NGFZT,C-M-0013-R.23-M1619-4_M1619-8,2024-06-29 11:33:00,band_07,298.1818181818182,578.1948051948052,6.0,,center,automated_candidate_unverified
C-M-0013-R.23-M1619-4_M1619-8.2024-06-29-11-33.NGFZT,C-M-0013-R.23-M1619-4_M1619-8,2024-06-29 11:33:00,band_08,302.26984126984127,536.063492063492,7.0,,center,automated_candidate_unverified
C-M-0013-R.23-M1619-4_M1619-8.2024-06-29-11-33.NGFZT,C-M-0013-R.23-M1619-4_M1619-8,2024-06-29 11:33:00,band_09,306.24590163934425,494.4918032786885,8.0,,center,automated_candidate_unverified
C-M-0013-R.23-M1619-4_M1619-8.2024-06-29-11-33.NGFZT,C-M-0013-R.23-M1619-4_M1619-8,2024-06-29 11:33:00,band_10,310.5762711864407,453.6779661016949,9.0,,center,automated_candidate_unverified
C-M-0013-R.23-M1619-4_M1619-8.2024-06-29-11-33.NGFZT,C-M-0013-R.23-M1619-4_M1619-8,2024-06-29 11:33:00,band_11,313.8928571428572,413.1785714285714,10.0,,center,automated_candidate_unverified
C-M-0013-R.23-M1619-4_M1619-8.2024-06-29-11-33.NGFZT,C-M-0013-R.23-M1619-4_M1619-8,2024-06-29 11:33:00,band_12,317.93333333333334,373.26666666666665,11.0,,center,automated_candidate_unverified
C-M-0013-R.23-M1619-4_M1619-8.2024-06-29-11-33.NGFZT,C-M-0013-R.23-M1619-4_M1619-8,2024-06-29 11:33:00,band_13,321.10714285714283,333.8392857142857,12.0,,center,automated_candidate_unverified
C-M-0013-R.23-M1619-4_M1619-8.2024-06-29-11-33.NGFZT,C-M-0013-R.23-M1619-4_M1619-8,2024-06-29 11:33:00,band_14,323.88,294.5,13.0,,center,automated_candidate_unverified
C-M-0013-R.23-M1619-4_M1619-8.2024-06-29-11-33.NGFZT,C-M-0013-R.23-M1619-4_M1619-8,2024-06-29 11:33:00,band_15,326.9767441860465,255.7906976744186,14.0,,center,automated_candidate_unverified
C-M-0013-R.23-M1619-4_M1619-8.2024-06-29-11-33.NGFZT,C-M-0013-R.23-M1619-4_M1619-8,2024-06-29 11:33:00,band_16,329.4583333333333,217.1875,15.0,,center,automated_candidate_unverified
C-M-0013-R.23-M1619-4_M1619-8.2024-06-29-11-33.NGFZT,C-M-0013-R.23-M1619-4_M1619-8,2024-06-29 11:33:00,band_17,331.9428571428571,179.28571428571428,16.0,,center,automated_candidate_unverified
C-M-0013-R.23-M1619-4_M1619-8.2024-06-30-11-33.NGFZT,C-M-0013-R.23-M1619-4_M1619-8,2024-06-30 11:33:00,band_01,296.9404761904762,620.3928571428571,0.0,,center,automated_candidate_unverified
C-M-0013-R.23-M1619-4_M1619-8.2024-06-30-11-33.NGFZT,C-M-0013-R.23-M1619-4_M1619-8,2024-06-30 11:33:00,band_02,300.53246753246754,578.1168831168832,1.0,,center,automated_candidate_unverified
C-M-0013-R.23-M1619-4_M1619-8.2024-06-30-11-33.NGFZT,C-M-0013-R.23-M1619-4_M1619-8,2024-06-30 11:33:00,band_03,304.953125,535.921875,2.0,,center,automated_candidate_unverified
C-M-0013-R.23-M1619-4_M1619-8.2024-06-30-11-33.NGFZT,C-M-0013-R.23-M1619-4_M1619-8,2024-06-30 11:33:00,band_04,309.1166666666667,494.6,3.0,,center,automated_candidate_unverified
C-M-0013-R.23-M1619-4_M1619-8.2024-06-30-11-33.NGFZT,C-M-0013-R.23-M1619-4_M1619-8,2024-06-30 11:33:00,band_05,313.3965517241379,453.6896551724138,4.0,,center,automated_candidate_unverified
C-M-0013-R.23-M1619-4_M1619-8.2024-06-30-11-33.NGFZT,C-M-0013-R.23-M1619-4_M1619-8,2024-06-30 11:33:00,band_06,316.6666666666667,413.2941176470589,5.0,,center,automated_candidate_unverified
C-M-0013-R.23-M1619-4_M1619-8.2024-06-30-11-33.NGFZT,C-M-0013-R.23-M1619-4_M1619-8,2024-06-30 11:33:00,band_07,320.38775510204084,373.2040816326531,6.0,,center,automated_candidate_unverified
C-M-0013-R.23-M1619-4_M1619-8.2024-06-30-11-33.NGFZT,C-M-0013-R.23-M1619-4_M1619-8,2024-06-30 11:33:00,band_08,323.72,333.98,7.0,,center,automated_candidate_unverified
C-M-0013-R.23-M1619-4_M1619-8.2024-06-30-11-33.NGFZT,C-M-0013-R.23-M1619-4_M1619-8,2024-06-30 11:33:00,band_09,326.5434782608696,294.5,8.0,,center,automated_candidate_unverified
C-M-0013-R.23-M1619-4_M1619-8.2024-06-30-11-33.NGFZT,C-M-0013-R.23-M1619-4_M1619-8,2024-06-30 11:33:00,band_10,329.5869565217391,256.0869565217391,9.0,,center,automated_candidate_unverified
C-M-0013-R.23-M1619-4_M1619-8.2024-06-30-11-33.NGFZT,C-M-0013-R.23-M1619-4_M1619-8,2024-06-30 11:33:00,band_11,332.0238095238095,217.5,10.0,,center,automated_candidate_unverified
C-M-0013-R.23-M1619-4_M1619-8.2024-06-30-11-33.NGFZT,C-M-0013-R.23-M1619-4_M1619-8,2024-06-30 11:33:00,band_12,334.5,179.60526315789474,11.0,,center,automated_candidate_unverified
C-M-0013-R.23-M1619-4_M1619-8.2024-07-01-11-48.NGFZT,C-M-0013-R.23-M1619-4_M1619-8,2024-07-01 11:48:00,band_01,300.54464285714283,704.8035714285714,0.0,,center,automated_candidate_unverified
C-M-0013-R.23-M1619-4_M1619-8.2024-07-01-11-48.NGFZT,C-M-0013-R.23-M1619-4_M1619-8,2024-07-01 11:48:00,band_02,303.75471698113205,662.3396226415094,1.0,,center,automated_candidate_unverified
C-M-0013-R.23-M1619-4_M1619-8.2024-07-01-11-48.NGFZT,C-M-0013-R.23-M1619-4_M1619-8,2024-07-01 11:48:00,band_03,307.1162790697674,619.5,2.0,,center,automated_candidate_unverified
C-M-0013-R.23-M1619-4_M1619-8.2024-07-01-11-48.NGFZT,C-M-0013-R.23-M1619-4_M1619-8,2024-07-01 11:48:00,band_04,311.0,577.5,3.0,,center,automated_candidate_unverified
C-M-0013-R.23-M1619-4_M1619-8.2024-07-01-11-48.NGFZT,C-M-0013-R.23-M1619-4_M1619-8,2024-07-01 11:48:00,band_05,315.1,535.7857142857143,4.0,,center,automated_candidate_unverified
C-M-0013-R.23-M1619-4_M1619-8.2024-07-01-11-48.NGFZT,C-M-0013-R.23-M1619-4_M1619-8,2024-07-01 11:48:00,band_06,319.2857142857143,494.95238095238096,5.0,,center,automated_candidate_unverified
C-M-0013-R.23-M1619-4_M1619-8.2024-07-01-11-48.NGFZT,C-M-0013-R.23-M1619-4_M1619-8,2024-07-01 11:48:00,band_07,323.265625,454.609375,6.0,,center,automated_candidate_unverified
C-M-0013-R.23-M1619-4_M1619-8.2024-07-01-11-48.NGFZT,C-M-0013-R.23-M1619-4_M1619-8,2024-07-01 11:48:00,band_08,327.1186440677966,415.0,7.0,,center,automated_candidate_unverified
C-M-0013-R.23-M1619-4_M1619-8.2024-07-01-11-48.NGFZT,C-M-0013-R.23-M1619-4_M1619-8,2024-07-01 11:48:00,band_09,331.0,375.59615384615387,8.0,,center,automated_candidate_unverified
C-M-0013-R.23-M1619-4_M1619-8.2024-07-01-11-48.NGFZT,C-M-0013-R.23-M1619-4_M1619-8,2024-07-01 11:48:00,band_10,334.0925925925926,336.72222222222223,9.0,,center,automated_candidate_unverified
C-M-0013-R.23-M1619-4_M1619-8.2024-07-01-11-48.NGFZT,C-M-0013-R.23-M1619-4_M1619-8,2024-07-01 11:48:00,band_11,337.1296296296296,298.35185185185185,10.0,,center,automated_candidate_unverified
C-M-0013-R.23-M1619-4_M1619-8.2024-07-01-11-48.NGFZT,C-M-0013-R.23-M1619-4_M1619-8,2024-07-01 11:48:00,band_12,340.0,260.5,11.0,,center,automated_candidate_unverified
C-M-0013-R.23-M1619-4_M1619-8.2024-07-01-11-48.NGFZT,C-M-0013-R.23-M1619-4_M1619-8,2024-07-01 11:48:00,band_13,343.0888888888889,222.6888888888889,12.0,,center,automated_candidate_unverified
C-M-0013-R.23-M1619-4_M1619-8.2024-07-01-11-48.NGFZT,C-M-0013-R.23-M1619-4_M1619-8,2024-07-01 11:48:00,band_14,345.56410256410254,185.66666666666663,13.0,,center,automated_candidate_unverified
C-M-0013-R.23-M1619-4_M1619-8.2024-07-02-11-47.NGFZT,C-M-0013-R.23-M1619-4_M1619-8,2024-07-02 11:47:00,band_01,281.98850574712645,791.2413793103449,0.0,,center,automated_candidate_unverified
C-M-0013-R.23-M1619-4_M1619-8.2024-07-02-11-47.NGFZT,C-M-0013-R.23-M1619-4_M1619-8,2024-07-02 11:47:00,band_02,284.64835164835165,747.3186813186813,1.0,,center,automated_candidate_unverified
C-M-0013-R.23-M1619-4_M1619-8.2024-07-02-11-47.NGFZT,C-M-0013-R.23-M1619-4_M1619-8,2024-07-02 11:47:00,band_03,287.9684210526316,703.5157894736842,2.0,,center,automated_candidate_unverified
C-M-0013-R.23-M1619-4_M1619-8.2024-07-02-11-47.NGFZT,C-M-0013-R.23-M1619-4_M1619-8,2024-07-02 11:47:00,band_04,290.6966292134832,660.685393258427,3.0,,center,automated_candidate_unverified
C-M-0013-R.23-M1619-4_M1619-8.2024-07-02-11-47.NGFZT,C-M-0013-R.23-M1619-4_M1619-8,2024-07-02 11:47:00,band_05,293.75342465753425,617.9589041095891,4.0,,center,automated_candidate_unverified
C-M-0013-R.23-M1619-4_M1619-8.2024-07-02-11-47.NGFZT,C-M-0013-R.23-M1619-4_M1619-8,2024-07-02 11:47:00,band_06,297.3246753246753,575.5974025974026,5.0,,center,automated_candidate_unverified
C-M-0013-R.23-M1619-4_M1619-8.2024-07-02-11-47.NGFZT,C-M-0013-R.23-M1619-4_M1619-8,2024-07-02 11:47:00,band_07,301.5,533.8714285714286,6.0,,center,automated_candidate_unverified
C-M-0013-R.23-M1619-4_M1619-8.2024-07-02-11-47.NGFZT,C-M-0013-R.23-M1619-4_M1619-8,2024-07-02 11:47:00,band_08,305.7536231884058,492.3768115942029,7.0,,center,automated_candidate_unverified
C-M-0013-R.23-M1619-4_M1619-8.2024-07-02-11-47.NGFZT,C-M-0013-R.23-M1619-4_M1619-8,2024-07-02 11:47:00,band_09,310.3492063492063,451.5873015873016,8.0,,center,automated_candidate_unverified
C-M-0013-R.23-M1619-4_M1619-8.2024-07-02-11-47.NGFZT,C-M-0013-R.23-M1619-4_M1619-8,2024-07-02 11:47:00,band_10,313.9491525423729,411.5254237288136,9.0,,center,automated_candidate_unverified
C-M-0013-R.23-M1619-4_M1619-8.2024-07-02-11-47.NGFZT,C-M-0013-R.23-M1619-4_M1619-8,2024-07-02 11:47:00,band_11,318.1090909090909,371.7818181818182,10.0,,center,automated_candidate_unverified
C-M-0013-R.23-M1619-4_M1619-8.2024-07-02-11-47.NGFZT,C-M-0013-R.23-M1619-4_M1619-8,2024-07-02 11:47:00,band_12,320.9811320754717,332.52830188679246,11.0,,center,automated_candidate_unverified
C-M-0013-R.23-M1619-4_M1619-8.2024-07-02-11-47.NGFZT,C-M-0013-R.23-M1619-4_M1619-8,2024-07-02 11:47:00,band_13,323.9259259259259,293.35185185185185,12.0,,center,automated_candidate_unverified
C-M-0013-R.23-M1619-4_M1619-8.2024-07-02-11-47.NGFZT,C-M-0013-R.23-M1619-4_M1619-8,2024-07-02 11:47:00,band_14,327.26666666666665,254.7111111111111,13.0,,center,automated_candidate_unverified
C-M-0013-R.23-M1619-4_M1619-8.2024-07-02-11-47.NGFZT,C-M-0013-R.23-M1619-4_M1619-8,2024-07-02 11:47:00,band_15,329.97727272727275,216.29545454545453,14.0,,center,automated_candidate_unverified
C-M-0013-R.23-M1619-4_M1619-8.2024-07-02-11-47.NGFZT,C-M-0013-R.23-M1619-4_M1619-8,2024-07-02 11:47:00,band_16,332.75,178.40625,15.0,,center,automated_candidate_unverified
C-M-0013-R.23-M1619-4_M1619-8.2024-07-03-11-47.NGFZT,C-M-0013-R.23-M1619-4_M1619-8,2024-07-03 11:47:00,band_01,279.64150943396226,836.0377358490566,0.0,,center,automated_candidate_unverified
C-M-0013-R.23-M1619-4_M1619-8.2024-07-03-11-47.NGFZT,C-M-0013-R.23-M1619-4_M1619-8,2024-07-03 11:47:00,band_02,282.9166666666667,791.6944444444445,1.0,,center,automated_candidate_unverified
C-M-0013-R.23-M1619-4_M1619-8.2024-07-03-11-47.NGFZT,C-M-0013-R.23-M1619-4_M1619-8,2024-07-03 11:47:00,band_03,285.2654867256637,747.8407079646017,2.0,,center,automated_candidate_unverified
C-M-0013-R.23-M1619-4_M1619-8.2024-07-03-11-47.NGFZT,C-M-0013-R.23-M1619-4_M1619-8,2024-07-03 11:47:00,band_04,289.24038461538464,704.1538461538462,3.0,,center,automated_candidate_unverified
C-M-0013-R.23-M1619-4_M1619-8.2024-07-03-11-47.NGFZT,C-M-0013-R.23-M1619-4_M1619-8,2024-07-03 11:47:00,band_05,291.64516129032256,661.3118279569892,4.0,,center,automated_candidate_unverified
C-M-0013-R.23-M1619-4_M1619-8.2024-07-03-11-47.NGFZT,C-M-0013-R.23-M1619-4_M1619-8,2024-07-03 11:47:00,band_06,294.6385542168675,618.3493975903615,5.0,,center,automated_candidate_unverified
C-M-0013-R.23-M1619-4_M1619-8.2024-07-03-11-47.NGFZT,C-M-0013-R.23-M1619-4_M1619-8,2024-07-03 11:47:00,band_07,298.4102564102564,575.9358974358975,6.0,,center,automated_candidate_unverified
C-M-0013-R.23-M1619-4_M1619-8.2024-07-03-11-47.NGFZT,C-M-0013-R.23-M1619-4_M1619-8,2024-07-03 11:47:00,band_08,302.54285714285714,533.8714285714286,7.0,,center,automated_candidate_unverified
C-M-0013-R.23-M1619-4_M1619-8.2024-07-03-11-47.NGFZT,C-M-0013-R.23-M1619-4_M1619-8,2024-07-03 11:47:00,band_09,307.25,492.5833333333333,8.0,,center,automated_candidate_unverified
C-M-0013-R.23-M1619-4_M1619-8.2024-07-03-11-47.NGFZT,C-M-0013-R.23-M1619-4_M1619-8,2024-07-03 11:47:00,band_10,311.20338983050846,451.4406779661017,9.0,,center,automated_candidate_unverified
C-M-0013-R.23-M1619-4_M1619-8.2024-07-03-11-47.NGFZT,C-M-0013-R.23-M1619-4_M1619-8,2024-07-03 11:47:00,band_11,315.04761904761904,411.3333333333333,10.0,,center,automated_candidate_unverified
C-M-0013-R.23-M1619-4_M1619-8.2024-07-03-11-47.NGFZT,C-M-0013-R.23-M1619-4_M1619-8,2024-07-03 11:47:00,band_12,319.01666666666665,371.4666666666666,11.0,,center,automated_candidate_unverified
C-M-0013-R.23-M1619-4_M1619-8.2024-07-03-11-47.NGFZT,C-M-0013-R.23-M1619-4_M1619-8,2024-07-03 11:47:00,band_13,322.07142857142856,332.1428571428572,12.0,,center,automated_candidate_unverified
C-M-0013-R.23-M1619-4_M1619-8.2024-07-03-11-47.NGFZT,C-M-0013-R.23-M1619-4_M1619-8,2024-07-03 11:47:00,band_14,325.462962962963,292.5740740740741,13.0,,center,automated_candidate_unverified
C-M-0013-R.23-M1619-4_M1619-8.2024-07-03-11-47.NGFZT,C-M-0013-R.23-M1619-4_M1619-8,2024-07-03 11:47:00,band_15,328.037037037037,254.1296296296296,14.0,,center,automated_candidate_unverified
C-M-0013-R.23-M1619-4_M1619-8.2024-07-03-11-47.NGFZT,C-M-0013-R.23-M1619-4_M1619-8,2024-07-03 11:47:00,band_16,331.13461538461536,215.6153846153846,15.0,,center,automated_candidate_unverified
C-M-0013-R.23-M1619-4_M1619-8.2024-07-03-11-47.NGFZT,C-M-0013-R.23-M1619-4_M1619-8,2024-07-03 11:47:00,band_17,333.6190476190476,177.5,16.0,,center,automated_candidate_unverified
C-M-0013-R.23-M1619-4_M1619-8.2024-07-04-11-46.NGFZT,C-M-0013-R.23-M1619-4_M1619-8,2024-07-04 11:46:00,band_01,284.1,680.2,0.0,,center,automated_candidate_unverified
C-M-0013-R.23-M1619-4_M1619-8.2024-07-04-11-46.NGFZT,C-M-0013-R.23-M1619-4_M1619-8,2024-07-04 11:46:00,band_02,281.875,646.1666666666666,1.0,,center,automated_candidate_unverified
C-M-0013-R.23-M1619-4_M1619-8.2024-07-04-11-46.NGFZT,C-M-0013-R.23-M1619-4_M1619-8,2024-07-04 11:46:00,band_03,297.4235294117647,616.4705882352941,2.0,,center,automated_candidate_unverified
C-M-0013-R.23-M1619-4_M1619-8.2024-07-04-11-46.NGFZT,C-M-0013-R.23-M1619-4_M1619-8,2024-07-04 11:46:00,band_04,301.2435897435897,574.1538461538462,3.0,,center,automated_candidate_unverified
C-M-0013-R.23-M1619-4_M1619-8.2024-07-04-11-46.NGFZT,C-M-0013-R.23-M1619-4_M1619-8,2024-07-04 11:46:00,band_05,301.4791666666667,534.4791666666666,4.0,,center,automated_candidate_unverified
C-M-0013-R.23-M1619-4_M1619-8.2024-07-04-11-46.NGFZT,C-M-0013-R.23-M1619-4_M1619-8,2024-07-04 11:46:00,band_06,309.48387096774195,490.9354838709677,5.0,,center,automated_candidate_unverified
C-M-0013-R.23-M1619-4_M1619-8.2024-07-04-11-46.NGFZT,C-M-0013-R.23-M1619-4_M1619-8,2024-07-04 11:46:00,band_07,313.8636363636364,450.2121212121212,6.0,,center,automated_candidate_unverified
C-M-0013-R.23-M1619-4_M1619-8.2024-07-04-11-46.NGFZT,C-M-0013-R.23-M1619-4_M1619-8,2024-07-04 11:46:00,band_08,317.6111111111111,409.8888888888889,7.0,,center,automated_candidate_unverified
C-M-0013-R.23-M1619-4_M1619-8.2024-07-04-11-46.NGFZT,C-M-0013-R.23-M1619-4_M1619-8,2024-07-04 11:46:00,band_09,321.5660377358491,370.0566037735849,8.0,,center,automated_candidate_unverified
C-M-0013-R.23-M1619-4_M1619-8.2024-07-04-11-46.NGFZT,C-M-0013-R.23-M1619-4_M1619-8,2024-07-04 11:46:00,band_10,324.58,330.88,9.0,,center,automated_candidate_unverified
C-M-0013-R.23-M1619-4_M1619-8.2024-07-04-11-46.NGFZT,C-M-0013-R.23-M1619-4_M1619-8,2024-07-04 11:46:00,band_11,327.6078431372549,291.4313725490196,10.0,,center,automated_candidate_unverified
C-M-0013-R.23-M1619-4_M1619-8.2024-07-04-11-46.NGFZT,C-M-0013-R.23-M1619-4_M1619-8,2024-07-04 11:46:00,band_12,330.42857142857144,253.0408163265306,11.0,,center,automated_candidate_unverified
C-M-0013-R.23-M1619-4_M1619-8.2024-07-04-11-46.NGFZT,C-M-0013-R.23-M1619-4_M1619-8,2024-07-04 11:46:00,band_13,333.34090909090907,214.72727272727272,12.0,,center,automated_candidate_unverified
C-M-0013-R.23-M1619-4_M1619-8.2024-07-04-11-46.NGFZT,C-M-0013-R.23-M1619-4_M1619-8,2024-07-04 11:46:00,band_14,335.6428571428572,176.83333333333334,13.0,,center,automated_candidate_unverified
C-M-0013-R.23-M1619-4_M1619-8.2024-07-05-11-45.NGFZT,C-M-0013-R.23-M1619-4_M1619-8,2024-07-05 11:45:00,band_01,312.7878787878788,665.2626262626262,0.0,,center,automated_candidate_unverified
C-M-0013-R.23-M1619-4_M1619-8.2024-07-05-11-45.NGFZT,C-M-0013-R.23-M1619-4_M1619-8,2024-07-05 11:45:00,band_02,315.6304347826087,622.695652173913,1.0,,center,automated_candidate_unverified
C-M-0013-R.23-M1619-4_M1619-8.2024-07-05-11-45.NGFZT,C-M-0013-R.23-M1619-4_M1619-8,2024-07-05 11:45:00,band_03,319.5529411764706,580.3882352941176,2.0,,center,automated_candidate_unverified
C-M-0013-R.23-M1619-4_M1619-8.2024-07-05-11-45.NGFZT,C-M-0013-R.23-M1619-4_M1619-8,2024-07-05 11:45:00,band_04,324.3098591549296,538.4788732394367,3.0,,center,automated_candidate_unverified
C-M-0013-R.23-M1619-4_M1619-8.2024-07-05-11-45.NGFZT,C-M-0013-R.23-M1619-4_M1619-8,2024-07-05 11:45:00,band_05,328.63235294117646,497.2058823529412,4.0,,center,automated_candidate_unverified
C-M-0013-R.23-M1619-4_M1619-8.2024-07-05-11-45.NGFZT,C-M-0013-R.23-M1619-4_M1619-8,2024-07-05 11:45:00,band_06,332.9264705882353,456.5,5.0,,center,automated_candidate_unverified
C-M-0013-R.23-M1619-4_M1619-8.2024-07-05-11-45.NGFZT,C-M-0013-R.23-M1619-4_M1619-8,2024-07-05 11:45:00,band_07,337.11290322580646,416.2903225806452,6.0,,center,automated_candidate_unverified
C-M-0013-R.23-M1619-4_M1619-8.2024-07-05-11-45.NGFZT,C-M-0013-R.23-M1619-4_M1619-8,2024-07-05 11:45:00,band_08,341.2096774193548,376.2903225806452,7.0,,center,automated_candidate_unverified
C-M-0013-R.23-M1619-4_M1619-8.2024-07-05-11-45.NGFZT,C-M-0013-R.23-M1619-4_M1619-8,2024-07-05 11:45:00,band_09,345.04545454545456,336.9318181818182,8.0,,center,automated_candidate_unverified
C-M-0013-R.23-M1619-4_M1619-8.2024-07-05-11-45.NGFZT,C-M-0013-R.23-M1619-4_M1619-8,2024-07-05 11:45:00,band_10,348.46938775510205,297.3265306122449,9.0,,center,automated_candidate_unverified
C-M-0013-R.23-M1619-4_M1619-8.2024-07-05-11-45.NGFZT,C-M-0013-R.23-M1619-4_M1619-8,2024-07-05 11:45:00,band_11,351.7291666666667,258.875,10.0,,center,automated_candidate_unverified
C-M-0013-R.23-M1619-4_M1619-8.2024-07-05-11-45.NGFZT,C-M-0013-R.23-M1619-4_M1619-8,2024-07-05 11:45:00,band_12,354.79545454545456,220.13636363636363,11.0,,center,automated_candidate_unverified
C-M-0013-R.23-M1619-4_M1619-8.2024-07-05-11-45.NGFZT,C-M-0013-R.23-M1619-4_M1619-8,2024-07-05 11:45:00,band_13,357.9736842105263,182.21052631578948,12.0,,center,automated_candidate_unverified
C-M-0013-R.23-M1619-4_M1619-8.2024-07-06-11-46.NGFZT,C-M-0013-R.23-M1619-4_M1619-8,2024-07-06 11:46:00,band_01,297.73417721518985,658.6962025316456,0.0,,center,automated_candidate_unverified
C-M-0013-R.23-M1619-4_M1619-8.2024-07-06-11-46.NGFZT,C-M-0013-R.23-M1619-4_M1619-8,2024-07-06 11:46:00,band_02,296.20238095238096,616.4166666666666,1.0,,center,automated_candidate_unverified
C-M-0013-R.23-M1619-4_M1619-8.2024-07-06-11-46.NGFZT,C-M-0013-R.23-M1619-4_M1619-8,2024-07-06 11:46:00,band_03,300.0263157894737,573.9736842105264,2.0,,center,automated_candidate_unverified
C-M-0013-R.23-M1619-4_M1619-8.2024-07-06-11-46.NGFZT,C-M-0013-R.23-M1619-4_M1619-8,2024-07-06 11:46:00,band_04,304.3380281690141,531.6760563380282,3.0,,center,automated_candidate_unverified
C-M-0013-R.23-M1619-4_M1619-8.2024-07-06-11-46.NGFZT,C-M-0013-R.23-M1619-4_M1619-8,2024-07-06 11:46:00,band_05,308.359375,490.265625,4.0,,center,automated_candidate_unverified
C-M-0013-R.23-M1619-4_M1619-8.2024-07-06-11-46.NGFZT,C-M-0013-R.23-M1619-4_M1619-8,2024-07-06 11:46:00,band_06,312.4590163934426,449.37704918032784,5.0,,center,automated_candidate_unverified
C-M-0013-R.23-M1619-4_M1619-8.2024-07-06-11-46.NGFZT,C-M-0013-R.23-M1619-4_M1619-8,2024-07-06 11:46:00,band_07,315.9824561403509,408.9122807017544,6.0,,center,automated_candidate_unverified
C-M-0013-R.23-M1619-4_M1619-8.2024-07-06-11-46.NGFZT,C-M-0013-R.23-M1619-4_M1619-8,2024-07-06 11:46:00,band_08,319.9830508474576,368.89830508474574,7.0,,center,automated_candidate_unverified
C-M-0013-R.23-M1619-4_M1619-8.2024-07-06-11-46.NGFZT,C-M-0013-R.23-M1619-4_M1619-8,2024-07-06 11:46:00,band_09,323.11290322580646,329.48387096774195,8.0,,center,automated_candidate_unverified
C-M-0013-R.23-M1619-4_M1619-8.2024-07-06-11-46.NGFZT,C-M-0013-R.23-M1619-4_M1619-8,2024-07-06 11:46:00,band_10,325.74,289.76,9.0,,center,automated_candidate_unverified
C-M-0013-R.23-M1619-4_M1619-8.2024-07-06-11-46.NGFZT,C-M-0013-R.23-M1619-4_M1619-8,2024-07-06 11:46:00,band_11,328.5869565217391,251.08695652173915,10.0,,center,automated_candidate_unverified
C-M-0013-R.23-M1619-4_M1619-8.2024-07-06-11-46.NGFZT,C-M-0013-R.23-M1619-4_M1619-8,2024-07-06 11:46:00,band_12,331.4791666666667,212.10416666666663,11.0,,center,automated_candidate_unverified
C-M-0013-R.23-M1619-4_M1619-8.2024-07-06-11-46.NGFZT,C-M-0013-R.23-M1619-4_M1619-8,2024-07-06 11:46:00,band_13,333.609756097561,173.90243902439025,12.0,,center,automated_candidate_unverified
C-M-0013-R.23-M1619-4_M1619-8.2024-07-07-11-45.NGFZT,C-M-0013-R.23-M1619-4_M1619-8,2024-07-07 11:45:00,band_01,294.0103092783505,657.3144329896908,0.0,,center,automated_candidate_unverified
C-M-0013-R.23-M1619-4_M1619-8.2024-07-07-11-45.NGFZT,C-M-0013-R.23-M1619-4_M1619-8,2024-07-07 11:45:00,band_02,292.7386363636364,615.5454545454545,1.0,,center,automated_candidate_unverified
C-M-0013-R.23-M1619-4_M1619-8.2024-07-07-11-45.NGFZT,C-M-0013-R.23-M1619-4_M1619-8,2024-07-07 11:45:00,band_03,296.60714285714283,573.4404761904761,2.0,,center,automated_candidate_unverified
C-M-0013-R.23-M1619-4_M1619-8.2024-07-07-11-45.NGFZT,C-M-0013-R.23-M1619-4_M1619-8,2024-07-07 11:45:00,band_04,300.67123287671234,531.6301369863014,3.0,,center,automated_candidate_unverified
C-M-0013-R.23-M1619-4_M1619-8.2024-07-07-11-45.NGFZT,C-M-0013-R.23-M1619-4_M1619-8,2024-07-07 11:45:00,band_05,305.09375,490.28125,4.0,,center,automated_candidate_unverified
C-M-0013-R.23-M1619-4_M1619-8.2024-07-07-11-45.NGFZT,C-M-0013-R.23-M1619-4_M1619-8,2024-07-07 11:45:00,band_06,309.2258064516129,449.2741935483871,5.0,,center,automated_candidate_unverified
C-M-0013-R.23-M1619-4_M1619-8.2024-07-07-11-45.NGFZT,C-M-0013-R.23-M1619-4_M1619-8,2024-07-07 11:45:00,band_07,313.1587301587302,409.2380952380952,6.0,,center,automated_candidate_unverified
C-M-0013-R.23-M1619-4_M1619-8.2024-07-07-11-45.NGFZT,C-M-0013-R.23-M1619-4_M1619-8,2024-07-07 11:45:00,band_08,316.78688524590166,369.2622950819672,7.0,,center,automated_candidate_unverified
C-M-0013-R.23-M1619-4_M1619-8.2024-07-07-11-45.NGFZT,C-M-0013-R.23-M1619-4_M1619-8,2024-07-07 11:45:00,band_09,319.8421052631579,330.12280701754383,8.0,,center,automated_candidate_unverified
C-M-0013-R.23-M1619-4_M1619-8.2024-07-07-11-45.NGFZT,C-M-0013-R.23-M1619-4_M1619-8,2024-07-07 11:45:00,band_10,323.08620689655174,290.7068965517241,9.0,,center,automated_candidate_unverified
C-M-0013-R.23-M1619-4_M1619-8.2024-07-07-11-45.NGFZT,C-M-0013-R.23-M1619-4_M1619-8,2024-07-07 11:45:00,band_11,325.7407407407408,252.1851851851852,10.0,,center,automated_candidate_unverified
C-M-0013-R.23-M1619-4_M1619-8.2024-07-07-11-45.NGFZT,C-M-0013-R.23-M1619-4_M1619-8,2024-07-07 11:45:00,band_12,328.5762711864407,213.84745762711864,11.0,,center,automated_candidate_unverified
C-M-0013-R.23-M1619-4_M1619-8.2024-07-07-11-45.NGFZT,C-M-0013-R.23-M1619-4_M1619-8,2024-07-07 11:45:00,band_13,330.74418604651163,175.8372093023256,12.0,,center,automated_candidate_unverified
C-M-0013-R.23-M1619-4_M1619-8.2024-07-08-11-46.NGFZT,C-M-0013-R.23-M1619-4_M1619-8,2024-07-08 11:46:00,band_01,288.7032967032967,784.978021978022,0.0,,center,automated_candidate_unverified
C-M-0013-R.23-M1619-4_M1619-8.2024-07-08-11-46.NGFZT,C-M-0013-R.23-M1619-4_M1619-8,2024-07-08 11:46:00,band_02,291.26881720430106,741.4086021505376,1.0,,center,automated_candidate_unverified
C-M-0013-R.23-M1619-4_M1619-8.2024-07-08-11-46.NGFZT,C-M-0013-R.23-M1619-4_M1619-8,2024-07-08 11:46:00,band_03,294.3225806451613,697.483870967742,2.0,,center,automated_candidate_unverified
C-M-0013-R.23-M1619-4_M1619-8.2024-07-08-11-46.NGFZT,C-M-0013-R.23-M1619-4_M1619-8,2024-07-08 11:46:00,band_04,297.10227272727275,655.0113636363636,3.0,,center,automated_candidate_unverified
C-M-0013-R.23-M1619-4_M1619-8.2024-07-08-11-46.NGFZT,C-M-0013-R.23-M1619-4_M1619-8,2024-07-08 11:46:00,band_05,299.81081081081084,612.1621621621622,4.0,,center,automated_candidate_unverified
C-M-0013-R.23-M1619-4_M1619-8.2024-07-08-11-46.NGFZT,C-M-0013-R.23-M1619-4_M1619-8,2024-07-08 11:46:00,band_06,303.5,570.0,5.0,,center,automated_candidate_unverified
C-M-0013-R.23-M1619-4_M1619-8.2024-07-08-11-46.NGFZT,C-M-0013-R.23-M1619-4_M1619-8,2024-07-08 11:46:00,band_07,307.7931034482759,527.8965517241379,6.0,,center,automated_candidate_unverified
C-M-0013-R.23-M1619-4_M1619-8.2024-07-08-11-46.NGFZT,C-M-0013-R.23-M1619-4_M1619-8,2024-07-08 11:46:00,band_08,311.86,486.4,7.0,,center,automated_candidate_unverified
C-M-0013-R.23-M1619-4_M1619-8.2024-07-08-11-46.NGFZT,C-M-0013-R.23-M1619-4_M1619-8,2024-07-08 11:46:00,band_09,316.0,445.2765957446808,8.0,,center,automated_candidate_unverified
C-M-0013-R.23-M1619-4_M1619-8.2024-07-08-11-46.NGFZT,C-M-0013-R.23-M1619-4_M1619-8,2024-07-08 11:46:00,band_10,319.76,405.06,9.0,,center,automated_candidate_unverified
C-M-0013-R.23-M1619-4_M1619-8.2024-07-08-11-46.NGFZT,C-M-0013-R.23-M1619-4_M1619-8,2024-07-08 11:46:00,band_11,323.6808510638298,364.93617021276594,10.0,,center,automated_candidate_unverified
C-M-0013-R.23-M1619-4_M1619-8.2024-07-08-11-46.NGFZT,C-M-0013-R.23-M1619-4_M1619-8,2024-07-08 11:46:00,band_12,326.65909090909093,325.3863636363636,11.0,,center,automated_candidate_unverified
C-M-0013-R.23-M1619-4_M1619-8.2024-07-08-11-46.NGFZT,C-M-0013-R.23-M1619-4_M1619-8,2024-07-08 11:46:00,band_13,330.06976744186045,285.86046511627904,12.0,,center,automated_candidate_unverified
C-M-0013-R.23-M1619-4_M1619-8.2024-07-08-11-46.NGFZT,C-M-0013-R.23-M1619-4_M1619-8,2024-07-08 11:46:00,band_14,332.3095238095238,247.1190476190476,13.0,,center,automated_candidate_unverified
C-M-0013-R.23-M1619-4_M1619-8.2024-07-08-11-46.NGFZT,C-M-0013-R.23-M1619-4_M1619-8,2024-07-08 11:46:00,band_15,335.05,208.35,14.0,,center,automated_candidate_unverified
C-M-0013-R.23-M1619-4_M1619-8.2024-07-08-11-46.NGFZT,C-M-0013-R.23-M1619-4_M1619-8,2024-07-08 11:46:00,band_16,337.65625,170.25,15.0,,center,automated_candidate_unverified
C-M-0013-R.23-M1619-4_M1619-8.2024-07-09-11-46.NGFZT,C-M-0013-R.23-M1619-4_M1619-8,2024-07-09 11:46:00,band_01,287.5,728.4166666666666,0.0,,center,automated_candidate_unverified
C-M-0013-R.23-M1619-4_M1619-8.2024-07-09-11-46.NGFZT,C-M-0013-R.23-M1619-4_M1619-8,2024-07-09 11:46:00,band_02,298.6111111111111,697.7361111111111,1.0,,center,automated_candidate_unverified
C-M-0013-R.23-M1619-4_M1619-8.2024-07-09-11-46.NGFZT,C-M-0013-R.23-M1619-4_M1619-8,2024-07-09 11:46:00,band_03,298.86538461538464,655.8525641025641,2.0,,center,automated_candidate_unverified
C-M-0013-R.23-M1619-4_M1619-8.2024-07-09-11-46.NGFZT,C-M-0013-R.23-M1619-4_M1619-8,2024-07-09 11:46:00,band_04,303.225,612.8,3.0,,center,automated_candidate_unverified
C-M-0013-R.23-M1619-4_M1619-8.2024-07-09-11-46.NGFZT,C-M-0013-R.23-M1619-4_M1619-8,2024-07-09 11:46:00,band_05,306.7283950617284,570.641975308642,4.0,,center,automated_candidate_unverified
C-M-0013-R.23-M1619-4_M1619-8.2024-07-09-11-46.NGFZT,C-M-0013-R.23-M1619-4_M1619-8,2024-07-09 11:46:00,band_06,311.40845070422534,528.3943661971831,5.0,,center,automated_candidate_unverified
C-M-0013-R.23-M1619-4_M1619-8.2024-07-09-11-46.NGFZT,C-M-0013-R.23-M1619-4_M1619-8,2024-07-09 11:46:00,band_07,315.609375,487.078125,6.0,,center,automated_candidate_unverified
C-M-0013-R.23-M1619-4_M1619-8.2024-07-09-11-46.NGFZT,C-M-0013-R.23-M1619-4_M1619-8,2024-07-09 11:46:00,band_08,319.72727272727275,446.1666666666667,7.0,,center,automated_candidate_unverified
C-M-0013-R.23-M1619-4_M1619-8.2024-07-09-11-46.NGFZT,C-M-0013-R.23-M1619-4_M1619-8,2024-07-09 11:46:00,band_09,323.56140350877195,405.561403508772,8.0,,center,automated_candidate_unverified
C-M-0013-R.23-M1619-4_M1619-8.2024-07-09-11-46.NGFZT,C-M-0013-R.23-M1619-4_M1619-8,2024-07-09 11:46:00,band_10,327.3392857142857,365.4107142857143,9.0,,center,automated_candidate_unverified
C-M-0013-R.23-M1619-4_M1619-8.2024-07-09-11-46.NGFZT,C-M-0013-R.23-M1619-4_M1619-8,2024-07-09 11:46:00,band_11,330.8070175438597,325.7543859649123,10.0,,center,automated_candidate_unverified
C-M-0013-R.23-M1619-4_M1619-8.2024-07-09-11-46.NGFZT,C-M-0013-R.23-M1619-4_M1619-8,2024-07-09 11:46:00,band_12,333.8181818181818,286.05454545454546,11.0,,center,automated_candidate_unverified
C-M-0013-R.23-M1619-4_M1619-8.2024-07-09-11-46.NGFZT,C-M-0013-R.23-M1619-4_M1619-8,2024-07-09 11:46:00,band_13,336.82142857142856,247.25,12.0,,center,automated_candidate_unverified
C-M-0013-R.23-M1619-4_M1619-8.2024-07-09-11-46.NGFZT,C-M-0013-R.23-M1619-4_M1619-8,2024-07-09 11:46:00,band_14,339.5,208.23076923076923,13.0,,center,automated_candidate_unverified
C-M-0013-R.23-M1619-4_M1619-8.2024-07-09-11-46.NGFZT,C-M-0013-R.23-M1619-4_M1619-8,2024-07-09 11:46:00,band_15,342.3095238095238,169.95238095238096,14.0,,center,automated_candidate_unverified
C-M-0013-R.23-M1619-4_M1619-8.2024-07-10-11-47.NGFZT,C-M-0013-R.23-M1619-4_M1619-8,2024-07-10 11:47:00,band_01,285.3809523809524,823.9047619047619,0.0,,center,automated_candidate_unverified
C-M-0013-R.23-M1619-4_M1619-8.2024-07-10-11-47.NGFZT,C-M-0013-R.23-M1619-4_M1619-8,2024-07-10 11:47:00,band_02,287.0105263157895,782.0,1.0,,center,automated_candidate_unverified
C-M-0013-R.23-M1619-4_M1619-8.2024-07-10-11-47.NGFZT,C-M-0013-R.23-M1619-4_M1619-8,2024-07-10 11:47:00,band_03,289.4032258064516,738.5967741935484,2.0,,center,automated_candidate_unverified
C-M-0013-R.23-M1619-4_M1619-8.2024-07-10-11-47.NGFZT,C-M-0013-R.23-M1619-4_M1619-8,2024-07-10 11:47:00,band_04,291.26666666666665,694.7583333333333,3.0,,center,automated_candidate_unverified
C-M-0013-R.23-M1619-4_M1619-8.2024-07-10-11-47.NGFZT,C-M-0013-R.23-M1619-4_M1619-8,2024-07-10 11:47:00,band_05,294.14141414141415,652.5454545454545,4.0,,center,automated_candidate_unverified
C-M-0013-R.23-M1619-4_M1619-8.2024-07-10-11-47.NGFZT,C-M-0013-R.23-M1619-4_M1619-8,2024-07-10 11:47:00,band_06,297.75,609.4886363636364,5.0,,center,automated_candidate_unverified
C-M-0013-R.23-M1619-4_M1619-8.2024-07-10-11-47.NGFZT,C-M-0013-R.23-M1619-4_M1619-8,2024-07-10 11:47:00,band_07,301.30120481927713,567.5060240963855,6.0,,center,automated_candidate_unverified
C-M-0013-R.23-M1619-4_M1619-8.2024-07-10-11-47.NGFZT,C-M-0013-R.23-M1619-4_M1619-8,2024-07-10 11:47:00,band_08,305.7105263157895,525.5131578947369,7.0,,center,automated_candidate_unverified
C-M-0013-R.23-M1619-4_M1619-8.2024-07-10-11-47.NGFZT,C-M-0013-R.23-M1619-4_M1619-8,2024-07-10 11:47:00,band_09,309.81538461538463,484.1538461538461,8.0,,center,automated_candidate_unverified
C-M-0013-R.23-M1619-4_M1619-8.2024-07-10-11-47.NGFZT,C-M-0013-R.23-M1619-4_M1619-8,2024-07-10 11:47:00,band_10,314.03225806451616,443.06451612903226,9.0,,center,automated_candidate_unverified
C-M-0013-R.23-M1619-4_M1619-8.2024-07-10-11-47.NGFZT,C-M-0013-R.23-M1619-4_M1619-8,2024-07-10 11:47:00,band_11,317.741935483871,402.64516129032256,10.0,,center,automated_candidate_unverified
C-M-0013-R.23-M1619-4_M1619-8.2024-07-10-11-47.NGFZT,C-M-0013-R.23-M1619-4_M1619-8,2024-07-10 11:47:00,band_12,321.5357142857143,362.375,11.0,,center,automated_candidate_unverified
C-M-0013-R.23-M1619-4_M1619-8.2024-07-10-11-47.NGFZT,C-M-0013-R.23-M1619-4_M1619-8,2024-07-10 11:47:00,band_13,324.5660377358491,323.0566037735849,12.0,,center,automated_candidate_unverified
C-M-0013-R.23-M1619-4_M1619-8.2024-07-10-11-47.NGFZT,C-M-0013-R.23-M1619-4_M1619-8,2024-07-10 11:47:00,band_14,327.66037735849056,283.188679245283,13.0,,center,automated_candidate_unverified
C-M-0013-R.23-M1619-4_M1619-8.2024-07-10-11-47.NGFZT,C-M-0013-R.23-M1619-4_M1619-8,2024-07-10 11:47:00,band_15,330.58,244.74,14.0,,center,automated_candidate_unverified
C-M-0013-R.23-M1619-4_M1619-8.2024-07-10-11-47.NGFZT,C-M-0013-R.23-M1619-4_M1619-8,2024-07-10 11:47:00,band_16,333.52,205.76,15.0,,center,automated_candidate_unverified
C-M-0013-R.23-M1619-4_M1619-8.2024-07-10-11-47.NGFZT,C-M-0013-R.23-M1619-4_M1619-8,2024-07-10 11:47:00,band_17,335.5813953488372,167.5581395348837,16.0,,center,automated_candidate_unverified
C-M-0013-R.23-M1619-4_M1619-8.2024-07-11-11-53.NGFZT,C-M-0013-R.23-M1619-4_M1619-8,2024-07-11 11:53:00,band_01,284.64761904761906,782.6857142857143,0.0,,center,automated_candidate_unverified
C-M-0013-R.23-M1619-4_M1619-8.2024-07-11-11-53.NGFZT,C-M-0013-R.23-M1619-4_M1619-8,2024-07-11 11:53:00,band_02,286.3960396039604,739.3366336633663,1.0,,center,automated_candidate_unverified
C-M-0013-R.23-M1619-4_M1619-8.2024-07-11-11-53.NGFZT,C-M-0013-R.23-M1619-4_M1619-8,2024-07-11 11:53:00,band_03,289.302752293578,695.3669724770642,2.0,,center,automated_candidate_unverified
C-M-0013-R.23-M1619-4_M1619-8.2024-07-11-11-53.NGFZT,C-M-0013-R.23-M1619-4_M1619-8,2024-07-11 11:53:00,band_04,292.59302325581393,653.2558139534884,3.0,,center,automated_candidate_unverified
C-M-0013-R.23-M1619-4_M1619-8.2024-07-11-11-53.NGFZT,C-M-0013-R.23-M1619-4_M1619-8,2024-07-11 11:53:00,band_05,295.253164556962,610.2025316455696,4.0,,center,automated_candidate_unverified
C-M-0013-R.23-M1619-4_M1619-8.2024-07-11-11-53.NGFZT,C-M-0013-R.23-M1619-4_M1619-8,2024-07-11 11:53:00,band_06,299.1184210526316,568.1578947368421,5.0,,center,automated_candidate_unverified
C-M-0013-R.23-M1619-4_M1619-8.2024-07-11-11-53.NGFZT,C-M-0013-R.23-M1619-4_M1619-8,2024-07-11 11:53:00,band_07,303.06666666666666,526.05,6.0,,center,automated_candidate_unverified
C-M-0013-R.23-M1619-4_M1619-8.2024-07-11-11-53.NGFZT,C-M-0013-R.23-M1619-4_M1619-8,2024-07-11 11:53:00,band_08,307.35087719298247,484.4736842105263,7.0,,center,automated_candidate_unverified
C-M-0013-R.23-M1619-4_M1619-8.2024-07-11-11-53.NGFZT,C-M-0013-R.23-M1619-4_M1619-8,2024-07-11 11:53:00,band_09,311.5,443.3703703703704,8.0,,center,automated_candidate_unverified
C-M-0013-R.23-M1619-4_M1619-8.2024-07-11-11-53.NGFZT,C-M-0013-R.23-M1619-4_M1619-8,2024-07-11 11:53:00,band_10,315.06,403.1,9.0,,center,automated_candidate_unverified
C-M-0013-R.23-M1619-4_M1619-8.2024-07-11-11-53.NGFZT,C-M-0013-R.23-M1619-4_M1619-8,2024-07-11 11:53:00,band_11,318.6530612244898,362.9183673469388,10.0,,center,automated_candidate_unverified
C-M-0013-R.23-M1619-4_M1619-8.2024-07-11-11-53.NGFZT,C-M-0013-R.23-M1619-4_M1619-8,2024-07-11 11:53:00,band_12,321.6862745098039,323.29411764705884,11.0,,center,automated_candidate_unverified
C-M-0013-R.23-M1619-4_M1619-8.2024-07-11-11-53.NGFZT,C-M-0013-R.23-M1619-4_M1619-8,2024-07-11 11:53:00,band_13,325.0243902439024,283.5853658536585,12.0,,center,automated_candidate_unverified
C-M-0013-R.23-M1619-4_M1619-8.2024-07-11-11-53.NGFZT,C-M-0013-R.23-M1619-4_M1619-8,2024-07-11 11:53:00,band_14,327.9767441860465,244.7906976744186,13.0,,center,automated_candidate_unverified
C-M-0013-R.23-M1619-4_M1619-8.2024-07-11-11-53.NGFZT,C-M-0013-R.23-M1619-4_M1619-8,2024-07-11 11:53:00,band_15,330.5365853658537,205.78048780487805,14.0,,center,automated_candidate_unverified
C-M-0013-R.23-M1619-4_M1619-8.2024-07-11-11-53.NGFZT,C-M-0013-R.23-M1619-4_M1619-8,2024-07-11 11:53:00,band_16,333.1666666666667,167.36111111111111,15.0,,center,automated_candidate_unverified
C-M-0013-R.23-M1619-4_M1619-8.2024-07-12-11-52.NGFZT,C-M-0013-R.23-M1619-4_M1619-8,2024-07-12 11:52:00,band_01,291.5208333333333,695.3333333333334,0.0,,center,automated_candidate_unverified
C-M-0013-R.23-M1619-4_M1619-8.2024-07-12-11-52.NGFZT,C-M-0013-R.23-M1619-4_M1619-8,2024-07-12 11:52:00,band_02,292.73873873873873,652.6396396396397,1.0,,center,automated_candidate_unverified
C-M-0013-R.23-M1619-4_M1619-8.2024-07-12-11-52.NGFZT,C-M-0013-R.23-M1619-4_M1619-8,2024-07-12 11:52:00,band_03,296.0657894736842,609.9605263157895,2.0,,center,automated_candidate_unverified
C-M-0013-R.23-M1619-4_M1619-8.2024-07-12-11-52.NGFZT,C-M-0013-R.23-M1619-4_M1619-8,2024-07-12 11:52:00,band_04,299.873417721519,567.620253164557,3.0,,center,automated_candidate_unverified
C-M-0013-R.23-M1619-4_M1619-8.2024-07-12-11-52.NGFZT,C-M-0013-R.23-M1619-4_M1619-8,2024-07-12 11:52:00,band_05,304.09090909090907,525.5,4.0,,center,automated_candidate_unverified
C-M-0013-R.23-M1619-4_M1619-8.2024-07-12-11-52.NGFZT,C-M-0013-R.23-M1619-4_M1619-8,2024-07-12 11:52:00,band_06,308.0983606557377,484.2295081967213,5.0,,center,automated_candidate_unverified
C-M-0013-R.23-M1619-4_M1619-8.2024-07-12-11-52.NGFZT,C-M-0013-R.23-M1619-4_M1619-8,2024-07-12 11:52:00,band_07,311.9830508474576,443.1186440677966,6.0,,center,automated_candidate_unverified
C-M-0013-R.23-M1619-4_M1619-8.2024-07-12-11-52.NGFZT,C-M-0013-R.23-M1619-4_M1619-8,2024-07-12 11:52:00,band_08,315.61538461538464,403.0,7.0,,center,automated_candidate_unverified
C-M-0013-R.23-M1619-4_M1619-8.2024-07-12-11-52.NGFZT,C-M-0013-R.23-M1619-4_M1619-8,2024-07-12 11:52:00,band_09,319.52,362.76,8.0,,center,automated_candidate_unverified
C-M-0013-R.23-M1619-4_M1619-8.2024-07-12-11-52.NGFZT,C-M-0013-R.23-M1619-4_M1619-8,2024-07-12 11:52:00,band_10,322.38,323.1,9.0,,center,automated_candidate_unverified
C-M-0013-R.23-M1619-4_M1619-8.2024-07-12-11-52.NGFZT,C-M-0013-R.23-M1619-4_M1619-8,2024-07-12 11:52:00,band_11,325.55102040816325,283.42857142857144,10.0,,center,automated_candidate_unverified
C-M-0013-R.23-M1619-4_M1619-8.2024-07-12-11-52.NGFZT,C-M-0013-R.23-M1619-4_M1619-8,2024-07-12 11:52:00,band_12,328.1951219512195,244.7317073170732,11.0,,center,automated_candidate_unverified
C-M-0013-R.23-M1619-4_M1619-8.2024-07-12-11-52.NGFZT,C-M-0013-R.23-M1619-4_M1619-8,2024-07-12 11:52:00,band_13,331.0,205.72093023255812,12.0,,center,automated_candidate_unverified
C-M-0013-R.23-M1619-4_M1619-8.2024-07-12-11-52.NGFZT,C-M-0013-R.23-M1619-4_M1619-8,2024-07-12 11:52:00,band_14,333.27027027027026,167.3783783783784,13.0,,center,automated_candidate_unverified
C-M-0013-R.23-M1619-4_M1619-8.2024-07-13-11-53.NGFZT,C-M-0013-R.23-M1619-4_M1619-8,2024-07-13 11:53:00,band_01,285.3111111111112,690.4666666666667,0.0,,center,automated_candidate_unverified
C-M-0013-R.23-M1619-4_M1619-8.2024-07-13-11-53.NGFZT,C-M-0013-R.23-M1619-4_M1619-8,2024-07-13 11:53:00,band_02,288.3488372093023,648.0,1.0,,center,automated_candidate_unverified
C-M-0013-R.23-M1619-4_M1619-8.2024-07-13-11-53.NGFZT,C-M-0013-R.23-M1619-4_M1619-8,2024-07-13 11:53:00,band_03,291.2631578947368,605.1315789473684,2.0,,center,automated_candidate_unverified
C-M-0013-R.23-M1619-4_M1619-8.2024-07-13-11-53.NGFZT,C-M-0013-R.23-M1619-4_M1619-8,2024-07-13 11:53:00,band_04,295.13157894736844,563.4078947368421,3.0,,center,automated_candidate_unverified
C-M-0013-R.23-M1619-4_M1619-8.2024-07-13-11-53.NGFZT,C-M-0013-R.23-M1619-4_M1619-8,2024-07-13 11:53:00,band_05,299.26984126984127,521.5873015873016,4.0,,center,automated_candidate_unverified
C-M-0013-R.23-M1619-4_M1619-8.2024-07-13-11-53.NGFZT,C-M-0013-R.23-M1619-4_M1619-8,2024-07-13 11:53:00,band_06,303.7142857142857,480.8035714285714,5.0,,center,automated_candidate_unverified
C-M-0013-R.23-M1619-4_M1619-8.2024-07-13-11-53.NGFZT,C-M-0013-R.23-M1619-4_M1619-8,2024-07-13 11:53:00,band_07,307.5660377358491,440.0566037735849,6.0,,center,automated_candidate_unverified
C-M-0013-R.23-M1619-4_M1619-8.2024-07-13-11-53.NGFZT,C-M-0013-R.23-M1619-4_M1619-8,2024-07-13 11:53:00,band_08,311.61538461538464,400.38461538461536,7.0,,center,automated_candidate_unverified
C-M-0013-R.23-M1619-4_M1619-8.2024-07-13-11-53.NGFZT,C-M-0013-R.23-M1619-4_M1619-8,2024-07-13 11:53:00,band_09,315.4130434782609,360.7608695652174,8.0,,center,automated_candidate_unverified
C-M-0013-R.23-M1619-4_M1619-8.2024-07-13-11-53.NGFZT,C-M-0013-R.23-M1619-4_M1619-8,2024-07-13 11:53:00,band_10,318.3953488372093,321.7674418604651,9.0,,center,automated_candidate_unverified
C-M-0013-R.23-M1619-4_M1619-8.2024-07-13-11-53.NGFZT,C-M-0013-R.23-M1619-4_M1619-8,2024-07-13 11:53:00,band_11,321.825,282.675,10.0,,center,automated_candidate_unverified
C-M-0013-R.23-M1619-4_M1619-8.2024-07-13-11-53.NGFZT,C-M-0013-R.23-M1619-4_M1619-8,2024-07-13 11:53:00,band_12,324.8611111111111,244.61111111111111,11.0,,center,automated_candidate_unverified
C-M-0013-R.23-M1619-4_M1619-8.2024-07-13-11-53.NGFZT,C-M-0013-R.23-M1619-4_M1619-8,2024-07-13 11:53:00,band_13,327.5,206.5,12.0,,center,automated_candidate_unverified
C-M-0013-R.23-M1619-4_M1619-8.2024-07-13-11-53.NGFZT,C-M-0013-R.23-M1619-4_M1619-8,2024-07-13 11:53:00,band_14,330.09375,169.0625,13.0,,center,automated_candidate_unverified
C-M-0013-R.23-M1619-4_M1619-8.2024-07-14-11-53.NGFZT,C-M-0013-R.23-M1619-4_M1619-8,2024-07-14 11:53:00,band_01,296.46590909090907,606.375,0.0,,center,automated_candidate_unverified
C-M-0013-R.23-M1619-4_M1619-8.2024-07-14-11-53.NGFZT,C-M-0013-R.23-M1619-4_M1619-8,2024-07-14 11:53:00,band_02,300.32530120481925,564.2409638554217,1.0,,center,automated_candidate_unverified
C-M-0013-R.23-M1619-4_M1619-8.2024-07-14-11-53.NGFZT,C-M-0013-R.23-M1619-4_M1619-8,2024-07-14 11:53:00,band_03,304.84615384615387,522.1025641025641,2.0,,center,automated_candidate_unverified
C-M-0013-R.23-M1619-4_M1619-8.2024-07-14-11-53.NGFZT,C-M-0013-R.23-M1619-4_M1619-8,2024-07-14 11:53:00,band_04,308.52941176470586,480.77941176470586,3.0,,center,automated_candidate_unverified
C-M-0013-R.23-M1619-4_M1619-8.2024-07-14-11-53.NGFZT,C-M-0013-R.23-M1619-4_M1619-8,2024-07-14 11:53:00,band_05,312.78125,439.734375,4.0,,center,automated_candidate_unverified
C-M-0013-R.23-M1619-4_M1619-8.2024-07-14-11-53.NGFZT,C-M-0013-R.23-M1619-4_M1619-8,2024-07-14 11:53:00,band_06,316.5079365079365,399.4920634920635,5.0,,center,automated_candidate_unverified
C-M-0013-R.23-M1619-4_M1619-8.2024-07-14-11-53.NGFZT,C-M-0013-R.23-M1619-4_M1619-8,2024-07-14 11:53:00,band_07,320.1034482758621,359.3793103448276,6.0,,center,automated_candidate_unverified
C-M-0013-R.23-M1619-4_M1619-8.2024-07-14-11-53.NGFZT,C-M-0013-R.23-M1619-4_M1619-8,2024-07-14 11:53:00,band_08,323.5471698113208,319.9433962264151,7.0,,center,automated_candidate_unverified
C-M-0013-R.23-M1619-4_M1619-8.2024-07-14-11-53.NGFZT,C-M-0013-R.23-M1619-4_M1619-8,2024-07-14 11:53:00,band_09,326.4807692307692,280.13461538461536,8.0,,center,automated_candidate_unverified
C-M-0013-R.23-M1619-4_M1619-8.2024-07-14-11-53.NGFZT,C-M-0013-R.23-M1619-4_M1619-8,2024-07-14 11:53:00,band_10,329.52830188679246,241.3018867924528,9.0,,center,automated_candidate_unverified
C-M-0013-R.23-M1619-4_M1619-8.2024-07-14-11-53.NGFZT,C-M-0013-R.23-M1619-4_M1619-8,2024-07-14 11:53:00,band_11,331.76,202.32,10.0,,center,automated_candidate_unverified
C-M-0013-R.23-M1619-4_M1619-8.2024-07-14-11-53.NGFZT,C-M-0013-R.23-M1619-4_M1619-8,2024-07-14 11:53:00,band_12,334.2162162162162,163.83783783783784,11.0,,center,automated_candidate_unverified
C-M-0013-R.23-M1619-4_M1619-8.2024-07-15-11-31.NGFZT,C-M-0013-R.23-M1619-4_M1619-8,2024-07-15 11:31:00,band_01,293.6,648.1761904761905,0.0,,center,automated_candidate_unverified
C-M-0013-R.23-M1619-4_M1619-8.2024-07-15-11-31.NGFZT,C-M-0013-R.23-M1619-4_M1619-8,2024-07-15 11:31:00,band_02,298.2926829268293,607.4024390243902,1.0,,center,automated_candidate_unverified
C-M-0013-R.23-M1619-4_M1619-8.2024-07-15-11-31.NGFZT,C-M-0013-R.23-M1619-4_M1619-8,2024-07-15 11:31:00,band_03,302.0487804878049,565.2317073170732,2.0,,center,automated_candidate_unverified
C-M-0013-R.23-M1619-4_M1619-8.2024-07-15-11-31.NGFZT,C-M-0013-R.23-M1619-4_M1619-8,2024-07-15 11:31:00,band_04,306.5769230769231,523.1025641025641,3.0,,center,automated_candidate_unverified
C-M-0013-R.23-M1619-4_M1619-8.2024-07-15-11-31.NGFZT,C-M-0013-R.23-M1619-4_M1619-8,2024-07-15 11:31:00,band_05,310.59420289855075,481.7391304347826,4.0,,center,automated_candidate_unverified
C-M-0013-R.23-M1619-4_M1619-8.2024-07-15-11-31.NGFZT,C-M-0013-R.23-M1619-4_M1619-8,2024-07-15 11:31:00,band_06,314.7313432835821,440.7313432835821,5.0,,center,automated_candidate_unverified
C-M-0013-R.23-M1619-4_M1619-8.2024-07-15-11-31.NGFZT,C-M-0013-R.23-M1619-4_M1619-8,2024-07-15 11:31:00,band_07,318.3692307692308,400.5076923076923,6.0,,center,automated_candidate_unverified
C-M-0013-R.23-M1619-4_M1619-8.2024-07-15-11-31.NGFZT,C-M-0013-R.23-M1619-4_M1619-8,2024-07-15 11:31:00,band_08,322.0967741935484,360.3870967741936,7.0,,center,automated_candidate_unverified
C-M-0013-R.23-M1619-4_M1619-8.2024-07-15-11-31.NGFZT,C-M-0013-R.23-M1619-4_M1619-8,2024-07-15 11:31:00,band_09,325.58490566037733,320.811320754717,8.0,,center,automated_candidate_unverified
C-M-0013-R.23-M1619-4_M1619-8.2024-07-15-11-31.NGFZT,C-M-0013-R.23-M1619-4_M1619-8,2024-07-15 11:31:00,band_10,328.5272727272727,281.1818181818182,9.0,,center,automated_candidate_unverified
C-M-0013-R.23-M1619-4_M1619-8.2024-07-15-11-31.NGFZT,C-M-0013-R.23-M1619-4_M1619-8,2024-07-15 11:31:00,band_11,331.6470588235294,242.41176470588235,10.0,,center,automated_candidate_unverified
C-M-0013-R.23-M1619-4_M1619-8.2024-07-15-11-31.NGFZT,C-M-0013-R.23-M1619-4_M1619-8,2024-07-15 11:31:00,band_12,334.1020408163265,203.3061224489796,11.0,,center,automated_candidate_unverified
C-M-0013-R.23-M1619-4_M1619-8.2024-07-15-11-31.NGFZT,C-M-0013-R.23-M1619-4_M1619-8,2024-07-15 11:31:00,band_13,336.6818181818182,164.97727272727272,12.0,,center,automated_candidate_unverified
C-M-0013-R.23-M1619-4_M1619-8.2024-07-16-11-31.NGFZT,C-M-0013-R.23-M1619-4_M1619-8,2024-07-16 11:31:00,band_01,300.7156862745098,653.6078431372549,0.0,,center,automated_candidate_unverified
C-M-0013-R.23-M1619-4_M1619-8.2024-07-16-11-31.NGFZT,C-M-0013-R.23-M1619-4_M1619-8,2024-07-16 11:31:00,band_02,303.7142857142857,610.974025974026,1.0,,center,automated_candidate_unverified
C-M-0013-R.23-M1619-4_M1619-8.2024-07-16-11-31.NGFZT,C-M-0013-R.23-M1619-4_M1619-8,2024-07-16 11:31:00,band_03,307.390243902439,569.1463414634146,2.0,,center,automated_candidate_unverified
C-M-0013-R.23-M1619-4_M1619-8.2024-07-16-11-31.NGFZT,C-M-0013-R.23-M1619-4_M1619-8,2024-07-16 11:31:00,band_04,311.68831168831167,527.0909090909091,3.0,,center,automated_candidate_unverified
C-M-0013-R.23-M1619-4_M1619-8.2024-07-16-11-31.NGFZT,C-M-0013-R.23-M1619-4_M1619-8,2024-07-16 11:31:00,band_05,316.0,485.67105263157896,4.0,,center,automated_candidate_unverified
C-M-0013-R.23-M1619-4_M1619-8.2024-07-16-11-31.NGFZT,C-M-0013-R.23-M1619-4_M1619-8,2024-07-16 11:31:00,band_06,320.14864864864865,444.9189189189189,5.0,,center,automated_candidate_unverified
C-M-0013-R.23-M1619-4_M1619-8.2024-07-16-11-31.NGFZT,C-M-0013-R.23-M1619-4_M1619-8,2024-07-16 11:31:00,band_07,324.21875,404.46875,6.0,,center,automated_candidate_unverified
C-M-0013-R.23-M1619-4_M1619-8.2024-07-16-11-31.NGFZT,C-M-0013-R.23-M1619-4_M1619-8,2024-07-16 11:31:00,band_08,327.9830508474576,364.542372881356,7.0,,center,automated_candidate_unverified
C-M-0013-R.23-M1619-4_M1619-8.2024-07-16-11-31.NGFZT,C-M-0013-R.23-M1619-4_M1619-8,2024-07-16 11:31:00,band_09,331.3015873015873,325.04761904761904,8.0,,center,automated_candidate_unverified
C-M-0013-R.23-M1619-4_M1619-8.2024-07-16-11-31.NGFZT,C-M-0013-R.23-M1619-4_M1619-8,2024-07-16 11:31:00,band_10,334.7758620689655,285.48275862068965,9.0,,center,automated_candidate_unverified
C-M-0013-R.23-M1619-4_M1619-8.2024-07-16-11-31.NGFZT,C-M-0013-R.23-M1619-4_M1619-8,2024-07-16 11:31:00,band_11,337.8269230769231,246.8653846153846,10.0,,center,automated_candidate_unverified
C-M-0013-R.23-M1619-4_M1619-8.2024-07-16-11-31.NGFZT,C-M-0013-R.23-M1619-4_M1619-8,2024-07-16 11:31:00,band_12,340.8928571428572,207.80357142857144,11.0,,center,automated_candidate_unverified
C-M-0013-R.23-M1619-4_M1619-8.2024-07-16-11-31.NGFZT,C-M-0013-R.23-M1619-4_M1619-8,2024-07-16 11:31:00,band_13,343.1428571428572,169.51020408163265,12.0,,center,automated_candidate_unverified
C-M-0013-R.23-M1619-4_M1619-8.2024-07-17-11-31.NGFZT,C-M-0013-R.23-M1619-4_M1619-8,2024-07-17 11:31:00,band_01,303.6,680.8,0.0,,center,automated_candidate_unverified
C-M-0013-R.23-M1619-4_M1619-8.2024-07-17-11-31.NGFZT,C-M-0013-R.23-M1619-4_M1619-8,2024-07-17 11:31:00,band_02,297.6301369863013,653.2054794520548,1.0,,center,automated_candidate_unverified
C-M-0013-R.23-M1619-4_M1619-8.2024-07-17-11-31.NGFZT,C-M-0013-R.23-M1619-4_M1619-8,2024-07-17 11:31:00,band_03,300.13698630136986,610.9589041095891,2.0,,center,automated_candidate_unverified
C-M-0013-R.23-M1619-4_M1619-8.2024-07-17-11-31.NGFZT,C-M-0013-R.23-M1619-4_M1619-8,2024-07-17 11:31:00,band_04,303.86301369863014,569.013698630137,3.0,,center,automated_candidate_unverified
C-M-0013-R.23-M1619-4_M1619-8.2024-07-17-11-31.NGFZT,C-M-0013-R.23-M1619-4_M1619-8,2024-07-17 11:31:00,band_05,308.0810810810811,526.7972972972973,4.0,,center,automated_candidate_unverified
C-M-0013-R.23-M1619-4_M1619-8.2024-07-17-11-31.NGFZT,C-M-0013-R.23-M1619-4_M1619-8,2024-07-17 11:31:00,band_06,312.2333333333333,485.3833333333333,5.0,,center,automated_candidate_unverified
C-M-0013-R.23-M1619-4_M1619-8.2024-07-17-11-31.NGFZT,C-M-0013-R.23-M1619-4_M1619-8,2024-07-17 11:31:00,band_07,316.5357142857143,444.375,6.0,,center,automated_candidate_unverified
C-M-0013-R.23-M1619-4_M1619-8.2024-07-17-11-31.NGFZT,C-M-0013-R.23-M1619-4_M1619-8,2024-07-17 11:31:00,band_08,320.4313725490196,403.9607843137255,7.0,,center,automated_candidate_unverified
C-M-0013-R.23-M1619-4_M1619-8.2024-07-17-11-31.NGFZT,C-M-0013-R.23-M1619-4_M1619-8,2024-07-17 11:31:00,band_09,324.1111111111111,364.0,8.0,,center,automated_candidate_unverified
C-M-0013-R.23-M1619-4_M1619-8.2024-07-17-11-31.NGFZT,C-M-0013-R.23-M1619-4_M1619-8,2024-07-17 11:31:00,band_10,327.58,324.5,9.0,,center,automated_candidate_unverified
C-M-0013-R.23-M1619-4_M1619-8.2024-07-17-11-31.NGFZT,C-M-0013-R.23-M1619-4_M1619-8,2024-07-17 11:31:00,band_11,330.6,284.8,10.0,,center,automated_candidate_unverified
C-M-0013-R.23-M1619-4_M1619-8.2024-07-17-11-31.NGFZT,C-M-0013-R.23-M1619-4_M1619-8,2024-07-17 11:31:00,band_12,333.5217391304348,245.9782608695652,11.0,,center,automated_candidate_unverified
C-M-0013-R.23-M1619-4_M1619-8.2024-07-17-11-31.NGFZT,C-M-0013-R.23-M1619-4_M1619-8,2024-07-17 11:31:00,band_13,336.1428571428572,207.07142857142856,12.0,,center,automated_candidate_unverified
C-M-0013-R.23-M1619-4_M1619-8.2024-07-17-11-31.NGFZT,C-M-0013-R.23-M1619-4_M1619-8,2024-07-17 11:31:00,band_14,338.7352941176471,168.7058823529412,13.0,,center,automated_candidate_unverified
C-M-0013-R.23-M1619-4_M1619-8.2024-07-18-11-32.NGFZT,C-M-0013-R.23-M1619-4_M1619-8,2024-07-18 11:32:00,band_01,289.641975308642,652.425925925926,0.0,,center,automated_candidate_unverified
C-M-0013-R.23-M1619-4_M1619-8.2024-07-18-11-32.NGFZT,C-M-0013-R.23-M1619-4_M1619-8,2024-07-18 11:32:00,band_02,299.3734939759036,610.277108433735,1.0,,center,automated_candidate_unverified
C-M-0013-R.23-M1619-4_M1619-8.2024-07-18-11-32.NGFZT,C-M-0013-R.23-M1619-4_M1619-8,2024-07-18 11:32:00,band_03,302.9753086419753,568.3333333333334,2.0,,center,automated_candidate_unverified
C-M-0013-R.23-M1619-4_M1619-8.2024-07-18-11-32.NGFZT,C-M-0013-R.23-M1619-4_M1619-8,2024-07-18 11:32:00,band_04,307.3333333333333,526.2716049382716,3.0,,center,automated_candidate_unverified
C-M-0013-R.23-M1619-4_M1619-8.2024-07-18-11-32.NGFZT,C-M-0013-R.23-M1619-4_M1619-8,2024-07-18 11:32:00,band_05,311.2063492063492,485.12698412698415,4.0,,center,automated_candidate_unverified
C-M-0013-R.23-M1619-4_M1619-8.2024-07-18-11-32.NGFZT,C-M-0013-R.23-M1619-4_M1619-8,2024-07-18 11:32:00,band_06,315.54545454545456,444.1666666666667,5.0,,center,automated_candidate_unverified
C-M-0013-R.23-M1619-4_M1619-8.2024-07-18-11-32.NGFZT,C-M-0013-R.23-M1619-4_M1619-8,2024-07-18 11:32:00,band_07,319.06666666666666,404.05,6.0,,center,automated_candidate_unverified
C-M-0013-R.23-M1619-4_M1619-8.2024-07-18-11-32.NGFZT,C-M-0013-R.23-M1619-4_M1619-8,2024-07-18 11:32:00,band_08,322.6212121212121,364.0,7.0,,center,automated_candidate_unverified
C-M-0013-R.23-M1619-4_M1619-8.2024-07-18-11-32.NGFZT,C-M-0013-R.23-M1619-4_M1619-8,2024-07-18 11:32:00,band_09,325.7678571428572,324.5,8.0,,center,automated_candidate_unverified
C-M-0013-R.23-M1619-4_M1619-8.2024-07-18-11-32.NGFZT,C-M-0013-R.23-M1619-4_M1619-8,2024-07-18 11:32:00,band_10,328.6034482758621,285.0,9.0,,center,automated_candidate_unverified
C-M-0013-R.23-M1619-4_M1619-8.2024-07-18-11-32.NGFZT,C-M-0013-R.23-M1619-4_M1619-8,2024-07-18 11:32:00,band_11,331.2413793103448,246.6034482758621,10.0,,center,automated_candidate_unverified
C-M-0013-R.23-M1619-4_M1619-8.2024-07-18-11-32.NGFZT,C-M-0013-R.23-M1619-4_M1619-8,2024-07-18 11:32:00,band_12,333.6530612244898,207.81632653061223,11.0,,center,automated_candidate_unverified
C-M-0013-R.23-M1619-4_M1619-8.2024-07-18-11-32.NGFZT,C-M-0013-R.23-M1619-4_M1619-8,2024-07-18 11:32:00,band_13,335.5853658536585,169.6341463414634,12.0,,center,automated_candidate_unverified
C-M-0013-R.23-M1619-4_M1619-8.2024-07-19-11-32.NGFZT,C-M-0013-R.23-M1619-4_M1619-8,2024-07-19 11:32:00,band_01,295.17283950617286,653.4567901234568,0.0,,center,automated_candidate_unverified
C-M-0013-R.23-M1619-4_M1619-8.2024-07-19-11-32.NGFZT,C-M-0013-R.23-M1619-4_M1619-8,2024-07-19 11:32:00,band_02,297.5079365079365,610.8253968253969,1.0,,center,automated_candidate_unverified
C-M-0013-R.23-M1619-4_M1619-8.2024-07-19-11-32.NGFZT,C-M-0013-R.23-M1619-4_M1619-8,2024-07-19 11:32:00,band_03,300.84507042253523,568.9577464788732,2.0,,center,automated_candidate_unverified
C-M-0013-R.23-M1619-4_M1619-8.2024-07-19-11-32.NGFZT,C-M-0013-R.23-M1619-4_M1619-8,2024-07-19 11:32:00,band_04,305.1232876712329,527.0,3.0,,center,automated_candidate_unverified
C-M-0013-R.23-M1619-4_M1619-8.2024-07-19-11-32.NGFZT,C-M-0013-R.23-M1619-4_M1619-8,2024-07-19 11:32:00,band_05,309.4807692307692,485.88461538461536,4.0,,center,automated_candidate_unverified
C-M-0013-R.23-M1619-4_M1619-8.2024-07-19-11-32.NGFZT,C-M-0013-R.23-M1619-4_M1619-8,2024-07-19 11:32:00,band_06,313.5471698113208,444.9433962264151,5.0,,center,automated_candidate_unverified
C-M-0013-R.23-M1619-4_M1619-8.2024-07-19-11-32.NGFZT,C-M-0013-R.23-M1619-4_M1619-8,2024-07-19 11:32:00,band_07,317.40816326530614,404.8775510204082,6.0,,center,automated_candidate_unverified
C-M-0013-R.23-M1619-4_M1619-8.2024-07-19-11-32.NGFZT,C-M-0013-R.23-M1619-4_M1619-8,2024-07-19 11:32:00,band_08,321.0,364.79545454545456,7.0,,center,automated_candidate_unverified
C-M-0013-R.23-M1619-4_M1619-8.2024-07-19-11-32.NGFZT,C-M-0013-R.23-M1619-4_M1619-8,2024-07-19 11:32:00,band_09,324.04651162790697,325.5813953488372,8.0,,center,automated_candidate_unverified
C-M-0013-R.23-M1619-4_M1619-8.2024-07-19-11-32.NGFZT,C-M-0013-R.23-M1619-4_M1619-8,2024-07-19 11:32:00,band_10,327.1428571428572,286.07142857142856,9.0,,center,automated_candidate_unverified
C-M-0013-R.23-M1619-4_M1619-8.2024-07-19-11-32.NGFZT,C-M-0013-R.23-M1619-4_M1619-8,2024-07-19 11:32:00,band_11,330.125,247.65,10.0,,center,automated_candidate_unverified
C-M-0013-R.23-M1619-4_M1619-8.2024-07-19-11-32.NGFZT,C-M-0013-R.23-M1619-4_M1619-8,2024-07-19 11:32:00,band_12,332.3809523809524,208.8571428571429,11.0,,center,automated_candidate_unverified
C-M-0013-R.23-M1619-4_M1619-8.2024-07-19-11-32.NGFZT,C-M-0013-R.23-M1619-4_M1619-8,2024-07-19 11:32:00,band_13,334.9714285714286,170.68571428571428,12.0,,center,automated_candidate_unverified
C-M-0013-R.23-M1619-4_M1619-8.2024-07-20-11-32.NGFZT,C-M-0013-R.23-M1619-4_M1619-8,2024-07-20 11:32:00,band_01,299.0,609.92,0.0,,center,automated_candidate_unverified
C-M-0013-R.23-M1619-4_M1619-8.2024-07-20-11-32.NGFZT,C-M-0013-R.23-M1619-4_M1619-8,2024-07-20 11:32:00,band_02,302.6923076923077,567.9615384615385,1.0,,center,automated_candidate_unverified
C-M-0013-R.23-M1619-4_M1619-8.2024-07-20-11-32.NGFZT,C-M-0013-R.23-M1619-4_M1619-8,2024-07-20 11:32:00,band_03,307.11538461538464,525.7820512820513,2.0,,center,automated_candidate_unverified
C-M-0013-R.23-M1619-4_M1619-8.2024-07-20-11-32.NGFZT,C-M-0013-R.23-M1619-4_M1619-8,2024-07-20 11:32:00,band_04,311.37142857142857,484.7857142857143,3.0,,center,automated_candidate_unverified
C-M-0013-R.23-M1619-4_M1619-8.2024-07-20-11-32.NGFZT,C-M-0013-R.23-M1619-4_M1619-8,2024-07-20 11:32:00,band_05,315.44615384615383,444.04615384615386,4.0,,center,automated_candidate_unverified
C-M-0013-R.23-M1619-4_M1619-8.2024-07-20-11-32.NGFZT,C-M-0013-R.23-M1619-4_M1619-8,2024-07-20 11:32:00,band_06,319.59375,403.90625,5.0,,center,automated_candidate_unverified
C-M-0013-R.23-M1619-4_M1619-8.2024-07-20-11-32.NGFZT,C-M-0013-R.23-M1619-4_M1619-8,2024-07-20 11:32:00,band_07,323.3333333333333,363.7719298245614,6.0,,center,automated_candidate_unverified
C-M-0013-R.23-M1619-4_M1619-8.2024-07-20-11-32.NGFZT,C-M-0013-R.23-M1619-4_M1619-8,2024-07-20 11:32:00,band_08,326.57894736842104,324.6140350877193,7.0,,center,automated_candidate_unverified
C-M-0013-R.23-M1619-4_M1619-8.2024-07-20-11-32.NGFZT,C-M-0013-R.23-M1619-4_M1619-8,2024-07-20 11:32:00,band_09,329.96153846153845,284.7307692307692,8.0,,center,automated_candidate_unverified
C-M-0013-R.23-M1619-4_M1619-8.2024-07-20-11-32.NGFZT,C-M-0013-R.23-M1619-4_M1619-8,2024-07-20 11:32:00,band_10,333.01851851851853,246.35185185185185,9.0,,center,automated_candidate_unverified
C-M-0013-R.23-M1619-4_M1619-8.2024-07-20-11-32.NGFZT,C-M-0013-R.23-M1619-4_M1619-8,2024-07-20 11:32:00,band_11,335.84615384615387,207.5,10.0,,center,automated_candidate_unverified
C-M-0013-R.23-M1619-4_M1619-8.2024-07-20-11-32.NGFZT,C-M-0013-R.23-M1619-4_M1619-8,2024-07-20 11:32:00,band_12,338.5,169.10526315789474,11.0,,center,automated_candidate_unverified
C-M-0013-R.23-M1619-4_M1619-8.2024-07-21-11-33.NGFZT,C-M-0013-R.23-M1619-4_M1619-8,2024-07-21 11:33:00,band_01,304.3191489361702,680.2127659574469,0.0,,center,automated_candidate_unverified
C-M-0013-R.23-M1619-4_M1619-8.2024-07-21-11-33.NGFZT,C-M-0013-R.23-M1619-4_M1619-8,2024-07-21 11:33:00,band_02,297.16161616161617,651.6262626262626,1.0,,center,automated_candidate_unverified
C-M-0013-R.23-M1619-4_M1619-8.2024-07-21-11-33.NGFZT,C-M-0013-R.23-M1619-4_M1619-8,2024-07-21 11:33:00,band_03,300.3142857142857,608.7428571428571,2.0,,center,automated_candidate_unverified
C-M-0013-R.23-M1619-4_M1619-8.2024-07-21-11-33.NGFZT,C-M-0013-R.23-M1619-4_M1619-8,2024-07-21 11:33:00,band_04,304.53932584269666,567.1573033707865,3.0,,center,automated_candidate_unverified
C-M-0013-R.23-M1619-4_M1619-8.2024-07-21-11-33.NGFZT,C-M-0013-R.23-M1619-4_M1619-8,2024-07-21 11:33:00,band_05,308.51724137931035,524.7701149425287,4.0,,center,automated_candidate_unverified
C-M-0013-R.23-M1619-4_M1619-8.2024-07-21-11-33.NGFZT,C-M-0013-R.23-M1619-4_M1619-8,2024-07-21 11:33:00,band_06,312.6666666666667,483.50666666666666,5.0,,center,automated_candidate_unverified
C-M-0013-R.23-M1619-4_M1619-8.2024-07-21-11-33.NGFZT,C-M-0013-R.23-M1619-4_M1619-8,2024-07-21 11:33:00,band_07,317.1621621621622,442.4864864864865,6.0,,center,automated_candidate_unverified
C-M-0013-R.23-M1619-4_M1619-8.2024-07-21-11-33.NGFZT,C-M-0013-R.23-M1619-4_M1619-8,2024-07-21 11:33:00,band_08,320.6923076923077,402.12307692307695,7.0,,center,automated_candidate_unverified
C-M-0013-R.23-M1619-4_M1619-8.2024-07-21-11-33.NGFZT,C-M-0013-R.23-M1619-4_M1619-8,2024-07-21 11:33:00,band_09,324.56716417910445,362.04477611940297,8.0,,center,automated_candidate_unverified
C-M-0013-R.23-M1619-4_M1619-8.2024-07-21-11-33.NGFZT,C-M-0013-R.23-M1619-4_M1619-8,2024-07-21 11:33:00,band_10,327.80882352941177,322.3970588235294,9.0,,center,automated_candidate_unverified
C-M-0013-R.23-M1619-4_M1619-8.2024-07-21-11-33.NGFZT,C-M-0013-R.23-M1619-4_M1619-8,2024-07-21 11:33:00,band_11,331.1666666666667,282.7,10.0,,center,automated_candidate_unverified
C-M-0013-R.23-M1619-4_M1619-8.2024-07-21-11-33.NGFZT,C-M-0013-R.23-M1619-4_M1619-8,2024-07-21 11:33:00,band_12,334.125,243.94642857142856,11.0,,center,automated_candidate_unverified
C-M-0013-R.23-M1619-4_M1619-8.2024-07-21-11-33.NGFZT,C-M-0013-R.23-M1619-4_M1619-8,2024-07-21 11:33:00,band_13,337.17857142857144,204.8392857142857,12.0,,center,automated_candidate_unverified
C-M-0013-R.23-M1619-4_M1619-8.2024-07-21-11-33.NGFZT,C-M-0013-R.23-M1619-4_M1619-8,2024-07-21 11:33:00,band_14,339.25925925925924,166.03703703703704,13.0,,center,automated_candidate_unverified
C-M-0013-R.23-M1619-4_M1619-8.2024-07-22-11-34.NGFZT,C-M-0013-R.23-M1619-4_M1619-8,2024-07-22 11:34:00,band_01,298.3333333333333,607.1111111111111,0.0,,center,automated_candidate_unverified
C-M-0013-R.23-M1619-4_M1619-8.2024-07-22-11-34.NGFZT,C-M-0013-R.23-M1619-4_M1619-8,2024-07-22 11:34:00,band_02,305.64,566.86,1.0,,center,automated_candidate_unverified
C-M-0013-R.23-M1619-4_M1619-8.2024-07-22-11-34.NGFZT,C-M-0013-R.23-M1619-4_M1619-8,2024-07-22 11:34:00,band_03,309.37974683544303,525.1012658227849,2.0,,center,automated_candidate_unverified
C-M-0013-R.23-M1619-4_M1619-8.2024-07-22-11-34.NGFZT,C-M-0013-R.23-M1619-4_M1619-8,2024-07-22 11:34:00,band_04,313.5636363636364,483.94545454545454,3.0,,center,automated_candidate_unverified
C-M-0013-R.23-M1619-4_M1619-8.2024-07-22-11-34.NGFZT,C-M-0013-R.23-M1619-4_M1619-8,2024-07-22 11:34:00,band_05,318.0178571428572,442.8571428571428,4.0,,center,automated_candidate_unverified
C-M-0013-R.23-M1619-4_M1619-8.2024-07-22-11-34.NGFZT,C-M-0013-R.23-M1619-4_M1619-8,2024-07-22 11:34:00,band_06,321.7708333333333,402.6458333333333,5.0,,center,automated_candidate_unverified
C-M-0013-R.23-M1619-4_M1619-8.2024-07-22-11-34.NGFZT,C-M-0013-R.23-M1619-4_M1619-8,2024-07-22 11:34:00,band_07,326.0,362.5,6.0,,center,automated_candidate_unverified
C-M-0013-R.23-M1619-4_M1619-8.2024-07-22-11-34.NGFZT,C-M-0013-R.23-M1619-4_M1619-8,2024-07-22 11:34:00,band_08,329.40909090909093,323.02272727272725,7.0,,center,automated_candidate_unverified
C-M-0013-R.23-M1619-4_M1619-8.2024-07-22-11-34.NGFZT,C-M-0013-R.23-M1619-4_M1619-8,2024-07-22 11:34:00,band_09,332.60526315789474,283.3684210526316,8.0,,center,automated_candidate_unverified
C-M-0013-R.23-M1619-4_M1619-8.2024-07-22-11-34.NGFZT,C-M-0013-R.23-M1619-4_M1619-8,2024-07-22 11:34:00,band_10,335.65,244.6,9.0,,center,automated_candidate_unverified
C-M-0013-R.23-M1619-4_M1619-8.2024-07-22-11-34.NGFZT,C-M-0013-R.23-M1619-4_M1619-8,2024-07-22 11:34:00,band_11,338.56756756756755,205.6216216216216,10.0,,center,automated_candidate_unverified
C-M-0013-R.23-M1619-4_M1619-8.2024-07-22-11-34.NGFZT,C-M-0013-R.23-M1619-4_M1619-8,2024-07-22 11:34:00,band_12,341.10714285714283,167.28571428571428,11.0,,center,automated_candidate_unverified
C-M-0013-R.23-M1619-4_M1619-8.2024-07-23-11-54.NGFZT,C-M-0013-R.23-M1619-4_M1619-8,2024-07-23 11:54:00,band_01,301.8888888888889,610.1111111111111,0.0,,center,automated_candidate_unverified
C-M-0013-R.23-M1619-4_M1619-8.2024-07-23-11-54.NGFZT,C-M-0013-R.23-M1619-4_M1619-8,2024-07-23 11:54:00,band_02,299.7719298245614,565.9824561403509,1.0,,center,automated_candidate_unverified
C-M-0013-R.23-M1619-4_M1619-8.2024-07-23-11-54.NGFZT,C-M-0013-R.23-M1619-4_M1619-8,2024-07-23 11:54:00,band_03,305.8,523.8222222222222,2.0,,center,automated_candidate_unverified
C-M-0013-R.23-M1619-4_M1619-8.2024-07-23-11-54.NGFZT,C-M-0013-R.23-M1619-4_M1619-8,2024-07-23 11:54:00,band_04,310.14102564102564,482.6410256410256,3.0,,center,automated_candidate_unverified
C-M-0013-R.23-M1619-4_M1619-8.2024-07-23-11-54.NGFZT,C-M-0013-R.23-M1619-4_M1619-8,2024-07-23 11:54:00,band_05,314.4864864864865,441.5405405405405,4.0,,center,automated_candidate_unverified
C-M-0013-R.23-M1619-4_M1619-8.2024-07-23-11-54.NGFZT,C-M-0013-R.23-M1619-4_M1619-8,2024-07-23 11:54:00,band_06,318.25,401.38235294117646,5.0,,center,automated_candidate_unverified
C-M-0013-R.23-M1619-4_M1619-8.2024-07-23-11-54.NGFZT,C-M-0013-R.23-M1619-4_M1619-8,2024-07-23 11:54:00,band_07,321.67164179104475,361.23880597014926,6.0,,center,automated_candidate_unverified
C-M-0013-R.23-M1619-4_M1619-8.2024-07-23-11-54.NGFZT,C-M-0013-R.23-M1619-4_M1619-8,2024-07-23 11:54:00,band_08,325.015625,321.5625,7.0,,center,automated_candidate_unverified
C-M-0013-R.23-M1619-4_M1619-8.2024-07-23-11-54.NGFZT,C-M-0013-R.23-M1619-4_M1619-8,2024-07-23 11:54:00,band_09,328.1166666666667,282.0833333333333,8.0,,center,automated_candidate_unverified
C-M-0013-R.23-M1619-4_M1619-8.2024-07-23-11-54.NGFZT,C-M-0013-R.23-M1619-4_M1619-8,2024-07-23 11:54:00,band_10,330.93333333333334,243.25,9.0,,center,automated_candidate_unverified
C-M-0013-R.23-M1619-4_M1619-8.2024-07-23-11-54.NGFZT,C-M-0013-R.23-M1619-4_M1619-8,2024-07-23 11:54:00,band_11,333.5660377358491,204.18867924528303,10.0,,center,automated_candidate_unverified
C-M-0013-R.23-M1619-4_M1619-8.2024-07-23-11-54.NGFZT,C-M-0013-R.23-M1619-4_M1619-8,2024-07-23 11:54:00,band_12,335.79545454545456,165.86363636363637,11.0,,center,automated_candidate_unverified
C-M-0013-R.23-M1619-4_M1619-8.2024-07-24-11-54.NGFZT,C-M-0013-R.23-M1619-4_M1619-8,2024-07-24 11:54:00,band_01,297.1333333333333,606.5333333333333,0.0,,center,automated_candidate_unverified
C-M-0013-R.23-M1619-4_M1619-8.2024-07-24-11-54.NGFZT,C-M-0013-R.23-M1619-4_M1619-8,2024-07-24 11:54:00,band_02,302.6756756756757,566.3513513513514,1.0,,center,automated_candidate_unverified
C-M-0013-R.23-M1619-4_M1619-8.2024-07-24-11-54.NGFZT,C-M-0013-R.23-M1619-4_M1619-8,2024-07-24 11:54:00,band_03,308.3258426966292,524.5842696629213,2.0,,center,automated_candidate_unverified
C-M-0013-R.23-M1619-4_M1619-8.2024-07-24-11-54.NGFZT,C-M-0013-R.23-M1619-4_M1619-8,2024-07-24 11:54:00,band_04,312.3855421686747,483.27710843373495,3.0,,center,automated_candidate_unverified
C-M-0013-R.23-M1619-4_M1619-8.2024-07-24-11-54.NGFZT,C-M-0013-R.23-M1619-4_M1619-8,2024-07-24 11:54:00,band_05,316.6056338028169,442.2535211267606,4.0,,center,automated_candidate_unverified
C-M-0013-R.23-M1619-4_M1619-8.2024-07-24-11-54.NGFZT,C-M-0013-R.23-M1619-4_M1619-8,2024-07-24 11:54:00,band_06,320.5,402.0,5.0,,center,automated_candidate_unverified
C-M-0013-R.23-M1619-4_M1619-8.2024-07-24-11-54.NGFZT,C-M-0013-R.23-M1619-4_M1619-8,2024-07-24 11:54:00,band_07,324.3333333333333,361.9130434782609,6.0,,center,automated_candidate_unverified
C-M-0013-R.23-M1619-4_M1619-8.2024-07-24-11-54.NGFZT,C-M-0013-R.23-M1619-4_M1619-8,2024-07-24 11:54:00,band_08,327.6818181818182,322.3787878787879,7.0,,center,automated_candidate_unverified
C-M-0013-R.23-M1619-4_M1619-8.2024-07-24-11-54.NGFZT,C-M-0013-R.23-M1619-4_M1619-8,2024-07-24 11:54:00,band_09,330.859375,282.671875,8.0,,center,automated_candidate_unverified
C-M-0013-R.23-M1619-4_M1619-8.2024-07-24-11-54.NGFZT,C-M-0013-R.23-M1619-4_M1619-8,2024-07-24 11:54:00,band_10,333.8363636363636,244.0,9.0,,center,automated_candidate_unverified
C-M-0013-R.23-M1619-4_M1619-8.2024-07-24-11-54.NGFZT,C-M-0013-R.23-M1619-4_M1619-8,2024-07-24 11:54:00,band_11,336.7118644067797,204.9322033898305,10.0,,center,automated_candidate_unverified
C-M-0013-R.23-M1619-4_M1619-8.2024-07-24-11-54.NGFZT,C-M-0013-R.23-M1619-4_M1619-8,2024-07-24 11:54:00,band_12,339.28,166.7,11.0,,center,automated_candidate_unverified
C-M-0013-R.23-M1619-4_M1619-8.2024-07-25-11-54.NGFZT,C-M-0013-R.23-M1619-4_M1619-8,2024-07-25 11:54:00,band_01,311.1038961038961,526.3766233766233,0.0,,center,automated_candidate_unverified
C-M-0013-R.23-M1619-4_M1619-8.2024-07-25-11-54.NGFZT,C-M-0013-R.23-M1619-4_M1619-8,2024-07-25 11:54:00,band_02,315.280487804878,485.390243902439,1.0,,center,automated_candidate_unverified
C-M-0013-R.23-M1619-4_M1619-8.2024-07-25-11-54.NGFZT,C-M-0013-R.23-M1619-4_M1619-8,2024-07-25 11:54:00,band_03,318.8142857142857,444.4285714285714,2.0,,center,automated_candidate_unverified
C-M-0013-R.23-M1619-4_M1619-8.2024-07-25-11-54.NGFZT,C-M-0013-R.23-M1619-4_M1619-8,2024-07-25 11:54:00,band_04,322.71014492753625,404.536231884058,3.0,,center,automated_candidate_unverified
C-M-0013-R.23-M1619-4_M1619-8.2024-07-25-11-54.NGFZT,C-M-0013-R.23-M1619-4_M1619-8,2024-07-25 11:54:00,band_05,326.43055555555554,364.52777777777777,4.0,,center,automated_candidate_unverified
C-M-0013-R.23-M1619-4_M1619-8.2024-07-25-11-54.NGFZT,C-M-0013-R.23-M1619-4_M1619-8,2024-07-25 11:54:00,band_06,329.5970149253731,325.089552238806,5.0,,center,automated_candidate_unverified
C-M-0013-R.23-M1619-4_M1619-8.2024-07-25-11-54.NGFZT,C-M-0013-R.23-M1619-4_M1619-8,2024-07-25 11:54:00,band_07,332.76271186440675,285.76271186440675,6.0,,center,automated_candidate_unverified
C-M-0013-R.23-M1619-4_M1619-8.2024-07-25-11-54.NGFZT,C-M-0013-R.23-M1619-4_M1619-8,2024-07-25 11:54:00,band_08,335.51666666666665,247.16666666666663,7.0,,center,automated_candidate_unverified
C-M-0013-R.23-M1619-4_M1619-8.2024-07-25-11-54.NGFZT,C-M-0013-R.23-M1619-4_M1619-8,2024-07-25 11:54:00,band_09,338.07142857142856,208.2321428571429,8.0,,center,automated_candidate_unverified
C-M-0013-R.23-M1619-4_M1619-8.2024-07-25-11-54.NGFZT,C-M-0013-R.23-M1619-4_M1619-8,2024-07-25 11:54:00,band_10,341.06666666666666,170.33333333333334,9.0,,center,automated_candidate_unverified
C-M-0013-R.23-M1619-4_M1619-8.2024-07-26-11-55.NGFZT,C-M-0013-R.23-M1619-4_M1619-8,2024-07-26 11:55:00,band_01,297.2,608.6,0.0,,center,automated_candidate_unverified
C-M-0013-R.23-M1619-4_M1619-8.2024-07-26-11-55.NGFZT,C-M-0013-R.23-M1619-4_M1619-8,2024-07-26 11:55:00,band_02,304.32894736842104,568.6052631578947,1.0,,center,automated_candidate_unverified
C-M-0013-R.23-M1619-4_M1619-8.2024-07-26-11-55.NGFZT,C-M-0013-R.23-M1619-4_M1619-8,2024-07-26 11:55:00,band_03,308.6666666666667,526.528735632184,2.0,,center,automated_candidate_unverified
C-M-0013-R.23-M1619-4_M1619-8.2024-07-26-11-55.NGFZT,C-M-0013-R.23-M1619-4_M1619-8,2024-07-26 11:55:00,band_04,309.38461538461536,484.84615384615387,3.0,,center,automated_candidate_unverified
C-M-0013-R.23-M1619-4_M1619-8.2024-07-26-11-55.NGFZT,C-M-0013-R.23-M1619-4_M1619-8,2024-07-26 11:55:00,band_05,317.5263157894737,444.60526315789474,4.0,,center,automated_candidate_unverified
C-M-0013-R.23-M1619-4_M1619-8.2024-07-26-11-55.NGFZT,C-M-0013-R.23-M1619-4_M1619-8,2024-07-26 11:55:00,band_06,321.5211267605634,404.4507042253521,5.0,,center,automated_candidate_unverified
C-M-0013-R.23-M1619-4_M1619-8.2024-07-26-11-55.NGFZT,C-M-0013-R.23-M1619-4_M1619-8,2024-07-26 11:55:00,band_07,325.32835820895525,364.3731343283582,6.0,,center,automated_candidate_unverified
C-M-0013-R.23-M1619-4_M1619-8.2024-07-26-11-55.NGFZT,C-M-0013-R.23-M1619-4_M1619-8,2024-07-26 11:55:00,band_08,328.5797101449276,325.0869565217391,7.0,,center,automated_candidate_unverified
C-M-0013-R.23-M1619-4_M1619-8.2024-07-26-11-55.NGFZT,C-M-0013-R.23-M1619-4_M1619-8,2024-07-26 11:55:00,band_09,332.0655737704918,285.44262295081967,8.0,,center,automated_candidate_unverified
C-M-0013-R.23-M1619-4_M1619-8.2024-07-26-11-55.NGFZT,C-M-0013-R.23-M1619-4_M1619-8,2024-07-26 11:55:00,band_10,334.9375,246.875,9.0,,center,automated_candidate_unverified
C-M-0013-R.23-M1619-4_M1619-8.2024-07-26-11-55.NGFZT,C-M-0013-R.23-M1619-4_M1619-8,2024-07-26 11:55:00,band_11,337.8524590163934,208.11475409836063,10.0,,center,automated_candidate_unverified
C-M-0013-R.23-M1619-4_M1619-8.2024-07-26-11-55.NGFZT,C-M-0013-R.23-M1619-4_M1619-8,2024-07-26 11:55:00,band_12,340.63157894736844,169.91228070175438,11.0,,center,automated_candidate_unverified
C-M-0013-R.23-M1619-4_M1619-8.2024-07-27-11-55.NGFZT,C-M-0013-R.23-M1619-4_M1619-8,2024-07-27 11:55:00,band_01,297.5797101449276,654.0579710144928,0.0,,center,automated_candidate_unverified
C-M-0013-R.23-M1619-4_M1619-8.2024-07-27-11-55.NGFZT,C-M-0013-R.23-M1619-4_M1619-8,2024-07-27 11:55:00,band_02,298.7692307692308,610.9615384615385,1.0,,center,automated_candidate_unverified
C-M-0013-R.23-M1619-4_M1619-8.2024-07-27-11-55.NGFZT,C-M-0013-R.23-M1619-4_M1619-8,2024-07-27 11:55:00,band_03,304.0869565217391,569.1739130434783,2.0,,center,automated_candidate_unverified
C-M-0013-R.23-M1619-4_M1619-8.2024-07-27-11-55.NGFZT,C-M-0013-R.23-M1619-4_M1619-8,2024-07-27 11:55:00,band_04,308.0975609756098,527.5,3.0,,center,automated_candidate_unverified
C-M-0013-R.23-M1619-4_M1619-8.2024-07-27-11-55.NGFZT,C-M-0013-R.23-M1619-4_M1619-8,2024-07-27 11:55:00,band_05,312.2763157894737,486.1973684210527,4.0,,center,automated_candidate_unverified
C-M-0013-R.23-M1619-4_M1619-8.2024-07-27-11-55.NGFZT,C-M-0013-R.23-M1619-4_M1619-8,2024-07-27 11:55:00,band_06,316.9516129032258,445.483870967742,5.0,,center,automated_candidate_unverified
C-M-0013-R.23-M1619-4_M1619-8.2024-07-27-11-55.NGFZT,C-M-0013-R.23-M1619-4_M1619-8,2024-07-27 11:55:00,band_07,320.60377358490564,405.0943396226415,6.0,,center,automated_candidate_unverified
C-M-0013-R.23-M1619-4_M1619-8.2024-07-27-11-55.NGFZT,C-M-0013-R.23-M1619-4_M1619-8,2024-07-27 11:55:00,band_08,324.4117647058824,365.1764705882353,7.0,,center,automated_candidate_unverified
C-M-0013-R.23-M1619-4_M1619-8.2024-07-27-11-55.NGFZT,C-M-0013-R.23-M1619-4_M1619-8,2024-07-27 11:55:00,band_09,327.66,325.88,8.0,,center,automated_candidate_unverified
C-M-0013-R.23-M1619-4_M1619-8.2024-07-27-11-55.NGFZT,C-M-0013-R.23-M1619-4_M1619-8,2024-07-27 11:55:00,band_10,330.8863636363636,286.3636363636364,9.0,,center,automated_candidate_unverified
C-M-0013-R.23-M1619-4_M1619-8.2024-07-27-11-55.NGFZT,C-M-0013-R.23-M1619-4_M1619-8,2024-07-27 11:55:00,band_11,333.8,247.8,10.0,,center,automated_candidate_unverified
C-M-0013-R.23-M1619-4_M1619-8.2024-07-27-11-55.NGFZT,C-M-0013-R.23-M1619-4_M1619-8,2024-07-27 11:55:00,band_12,336.6818181818182,208.97727272727272,11.0,,center,automated_candidate_unverified
C-M-0013-R.23-M1619-4_M1619-8.2024-07-27-11-55.NGFZT,C-M-0013-R.23-M1619-4_M1619-8,2024-07-27 11:55:00,band_13,339.0,170.75,12.0,,center,automated_candidate_unverified
C-M-0013-R.23-M1619-4_M1619-8.2024-07-28-11-55.NGFZT,C-M-0013-R.23-M1619-4_M1619-8,2024-07-28 11:55:00,band_01,309.34567901234567,526.358024691358,0.0,,center,automated_candidate_unverified
C-M-0013-R.23-M1619-4_M1619-8.2024-07-28-11-55.NGFZT,C-M-0013-R.23-M1619-4_M1619-8,2024-07-28 11:55:00,band_02,313.9367088607595,485.493670886076,1.0,,center,automated_candidate_unverified
C-M-0013-R.23-M1619-4_M1619-8.2024-07-28-11-55.NGFZT,C-M-0013-R.23-M1619-4_M1619-8,2024-07-28 11:55:00,band_03,317.8709677419355,444.5,2.0,,center,automated_candidate_unverified
C-M-0013-R.23-M1619-4_M1619-8.2024-07-28-11-55.NGFZT,C-M-0013-R.23-M1619-4_M1619-8,2024-07-28 11:55:00,band_04,321.6363636363636,404.4363636363637,3.0,,center,automated_candidate_unverified
C-M-0013-R.23-M1619-4_M1619-8.2024-07-28-11-55.NGFZT,C-M-0013-R.23-M1619-4_M1619-8,2024-07-28 11:55:00,band_05,325.5,364.5,4.0,,center,automated_candidate_unverified
C-M-0013-R.23-M1619-4_M1619-8.2024-07-28-11-55.NGFZT,C-M-0013-R.23-M1619-4_M1619-8,2024-07-28 11:55:00,band_06,329.0740740740741,325.2037037037037,5.0,,center,automated_candidate_unverified
C-M-0013-R.23-M1619-4_M1619-8.2024-07-28-11-55.NGFZT,C-M-0013-R.23-M1619-4_M1619-8,2024-07-28 11:55:00,band_07,332.5208333333333,285.7708333333333,6.0,,center,automated_candidate_unverified
C-M-0013-R.23-M1619-4_M1619-8.2024-07-28-11-55.NGFZT,C-M-0013-R.23-M1619-4_M1619-8,2024-07-28 11:55:00,band_08,335.42857142857144,247.16326530612244,7.0,,center,automated_candidate_unverified
C-M-0013-R.23-M1619-4_M1619-8.2024-07-28-11-55.NGFZT,C-M-0013-R.23-M1619-4_M1619-8,2024-07-28 11:55:00,band_09,338.45652173913044,208.45652173913044,8.0,,center,automated_candidate_unverified
C-M-0013-R.23-M1619-4_M1619-8.2024-07-28-11-55.NGFZT,C-M-0013-R.23-M1619-4_M1619-8,2024-07-28 11:55:00,band_10,341.2631578947368,170.44736842105263,9.0,,center,automated_candidate_unverified
C-M-0013-R.23-M1619-4_M1619-8.2024-07-29-11-55.NGFZT,C-M-0013-R.23-M1619-4_M1619-8,2024-07-29 11:55:00,band_01,302.1803278688525,610.7213114754098,0.0,,center,automated_candidate_unverified
C-M-0013-R.23-M1619-4_M1619-8.2024-07-29-11-55.NGFZT,C-M-0013-R.23-M1619-4_M1619-8,2024-07-29 11:55:00,band_02,308.45,569.05,1.0,,center,automated_candidate_unverified
C-M-0013-R.23-M1619-4_M1619-8.2024-07-29-11-55.NGFZT,C-M-0013-R.23-M1619-4_M1619-8,2024-07-29 11:55:00,band_03,310.3452380952381,526.6547619047619,2.0,,center,automated_candidate_unverified
C-M-0013-R.23-M1619-4_M1619-8.2024-07-29-11-55.NGFZT,C-M-0013-R.23-M1619-4_M1619-8,2024-07-29 11:55:00,band_04,314.77647058823527,485.7294117647059,3.0,,center,automated_candidate_unverified
C-M-0013-R.23-M1619-4_M1619-8.2024-07-29-11-55.NGFZT,C-M-0013-R.23-M1619-4_M1619-8,2024-07-29 11:55:00,band_05,318.7536231884058,444.9565217391304,4.0,,center,automated_candidate_unverified
C-M-0013-R.23-M1619-4_M1619-8.2024-07-29-11-55.NGFZT,C-M-0013-R.23-M1619-4_M1619-8,2024-07-29 11:55:00,band_06,322.85074626865674,405.0149253731343,5.0,,center,automated_candidate_unverified
C-M-0013-R.23-M1619-4_M1619-8.2024-07-29-11-55.NGFZT,C-M-0013-R.23-M1619-4_M1619-8,2024-07-29 11:55:00,band_07,326.5660377358491,365.0566037735849,6.0,,center,automated_candidate_unverified
C-M-0013-R.23-M1619-4_M1619-8.2024-07-29-11-55.NGFZT,C-M-0013-R.23-M1619-4_M1619-8,2024-07-29 11:55:00,band_08,329.7090909090909,325.54545454545456,7.0,,center,automated_candidate_unverified
C-M-0013-R.23-M1619-4_M1619-8.2024-07-29-11-55.NGFZT,C-M-0013-R.23-M1619-4_M1619-8,2024-07-29 11:55:00,band_09,332.9230769230769,286.1923076923077,8.0,,center,automated_candidate_unverified
C-M-0013-R.23-M1619-4_M1619-8.2024-07-29-11-55.NGFZT,C-M-0013-R.23-M1619-4_M1619-8,2024-07-29 11:55:00,band_10,335.6470588235294,247.94117647058823,9.0,,center,automated_candidate_unverified
C-M-0013-R.23-M1619-4_M1619-8.2024-07-29-11-55.NGFZT,C-M-0013-R.23-M1619-4_M1619-8,2024-07-29 11:55:00,band_11,338.38,209.1,10.0,,center,automated_candidate_unverified
C-M-0013-R.23-M1619-4_M1619-8.2024-07-29-11-55.NGFZT,C-M-0013-R.23-M1619-4_M1619-8,2024-07-29 11:55:00,band_12,341.02564102564105,171.12820512820514,11.0,,center,automated_candidate_unverified
C-M-0013-R.23-M1619-4_M1619-8.2024-07-30-11-56.NGFZT,C-M-0013-R.23-M1619-4_M1619-8,2024-07-30 11:56:00,band_01,310.013698630137,523.082191780822,0.0,,center,automated_candidate_unverified
C-M-0013-R.23-M1619-4_M1619-8.2024-07-30-11-56.NGFZT,C-M-0013-R.23-M1619-4_M1619-8,2024-07-30 11:56:00,band_02,314.0,482.0,1.0,,center,automated_candidate_unverified
C-M-0013-R.23-M1619-4_M1619-8.2024-07-30-11-56.NGFZT,C-M-0013-R.23-M1619-4_M1619-8,2024-07-30 11:56:00,band_03,318.22857142857146,441.07142857142856,2.0,,center,automated_candidate_unverified
C-M-0013-R.23-M1619-4_M1619-8.2024-07-30-11-56.NGFZT,C-M-0013-R.23-M1619-4_M1619-8,2024-07-30 11:56:00,band_04,322.0281690140845,401.1690140845071,3.0,,center,automated_candidate_unverified
C-M-0013-R.23-M1619-4_M1619-8.2024-07-30-11-56.NGFZT,C-M-0013-R.23-M1619-4_M1619-8,2024-07-30 11:56:00,band_05,326.46153846153845,361.2307692307692,4.0,,center,automated_candidate_unverified
C-M-0013-R.23-M1619-4_M1619-8.2024-07-30-11-56.NGFZT,C-M-0013-R.23-M1619-4_M1619-8,2024-07-30 11:56:00,band_06,330.02985074626866,322.2089552238806,5.0,,center,automated_candidate_unverified
C-M-0013-R.23-M1619-4_M1619-8.2024-07-30-11-56.NGFZT,C-M-0013-R.23-M1619-4_M1619-8,2024-07-30 11:56:00,band_07,333.66037735849056,282.4339622641509,6.0,,center,automated_candidate_unverified
C-M-0013-R.23-M1619-4_M1619-8.2024-07-30-11-56.NGFZT,C-M-0013-R.23-M1619-4_M1619-8,2024-07-30 11:56:00,band_08,336.9433962264151,243.9811320754717,7.0,,center,automated_candidate_unverified
C-M-0013-R.23-M1619-4_M1619-8.2024-07-30-11-56.NGFZT,C-M-0013-R.23-M1619-4_M1619-8,2024-07-30 11:56:00,band_09,339.88235294117646,205.11764705882356,8.0,,center,automated_candidate_unverified
C-M-0013-R.23-M1619-4_M1619-8.2024-07-30-11-56.NGFZT,C-M-0013-R.23-M1619-4_M1619-8,2024-07-30 11:56:00,band_10,342.39473684210526,166.97368421052633,9.0,,center,automated_candidate_unverified
C-M-0013-R.23-M1619-4_M1619-8.2024-07-31-11-55.NGFZT,C-M-0013-R.23-M1619-4_M1619-8,2024-07-31 11:55:00,band_01,319.0769230769231,435.96153846153845,0.0,,center,automated_candidate_unverified
C-M-0013-R.23-M1619-4_M1619-8.2024-07-31-11-55.NGFZT,C-M-0013-R.23-M1619-4_M1619-8,2024-07-31 11:55:00,band_02,323.0833333333333,395.9791666666667,1.0,,center,automated_candidate_unverified
C-M-0013-R.23-M1619-4_M1619-8.2024-07-31-11-55.NGFZT,C-M-0013-R.23-M1619-4_M1619-8,2024-07-31 11:55:00,band_03,327.0,356.0,2.0,,center,automated_candidate_unverified
C-M-0013-R.23-M1619-4_M1619-8.2024-07-31-11-55.NGFZT,C-M-0013-R.23-M1619-4_M1619-8,2024-07-31 11:55:00,band_04,330.1162790697674,316.5581395348837,3.0,,center,automated_candidate_unverified
C-M-0013-R.23-M1619-4_M1619-8.2024-07-31-11-55.NGFZT,C-M-0013-R.23-M1619-4_M1619-8,2024-07-31 11:55:00,band_05,333.8372093023256,277.06976744186045,4.0,,center,automated_candidate_unverified
C-M-0013-R.23-M1619-4_M1619-8.2024-07-31-11-55.NGFZT,C-M-0013-R.23-M1619-4_M1619-8,2024-07-31 11:55:00,band_06,336.9230769230769,238.43589743589743,5.0,,center,automated_candidate_unverified
C-M-0013-R.23-M1619-4_M1619-8.2024-07-31-11-55.NGFZT,C-M-0013-R.23-M1619-4_M1619-8,2024-07-31 11:55:00,band_07,339.9230769230769,199.43589743589743,6.0,,center,automated_candidate_unverified
C-M-0013-R.23-M1619-4_M1619-8.2024-07-31-11-55.NGFZT,C-M-0013-R.23-M1619-4_M1619-8,2024-07-31 11:55:00,band_08,342.41379310344826,161.06896551724137,7.0,,center,automated_candidate_unverified
C-M-0013-R.23-M1619-4_M1619-8.2024-08-01-11-56.NGFZT,C-M-0013-R.23-M1619-4_M1619-8,2024-08-01 11:56:00,band_01,282.6857142857143,504.1285714285714,0.0,,center,automated_candidate_unverified
C-M-0013-R.23-M1619-4_M1619-8.2024-08-01-11-56.NGFZT,C-M-0013-R.23-M1619-4_M1619-8,2024-08-01 11:56:00,band_02,287.4558823529412,463.38235294117646,1.0,,center,automated_candidate_unverified
C-M-0013-R.23-M1619-4_M1619-8.2024-08-01-11-56.NGFZT,C-M-0013-R.23-M1619-4_M1619-8,2024-08-01 11:56:00,band_03,291.6470588235294,422.9411764705882,2.0,,center,automated_candidate_unverified
C-M-0013-R.23-M1619-4_M1619-8.2024-08-01-11-56.NGFZT,C-M-0013-R.23-M1619-4_M1619-8,2024-08-01 11:56:00,band_04,295.62,382.98,3.0,,center,automated_candidate_unverified
C-M-0013-R.23-M1619-4_M1619-8.2024-08-01-11-56.NGFZT,C-M-0013-R.23-M1619-4_M1619-8,2024-08-01 11:56:00,band_05,299.468085106383,343.27659574468083,4.0,,center,automated_candidate_unverified
C-M-0013-R.23-M1619-4_M1619-8.2024-08-01-11-56.NGFZT,C-M-0013-R.23-M1619-4_M1619-8,2024-08-01 11:56:00,band_06,303.0681818181818,304.0681818181818,5.0,,center,automated_candidate_unverified
C-M-0013-R.23-M1619-4_M1619-8.2024-08-01-11-56.NGFZT,C-M-0013-R.23-M1619-4_M1619-8,2024-08-01 11:56:00,band_07,306.28205128205127,264.84615384615387,6.0,,center,automated_candidate_unverified
C-M-0013-R.23-M1619-4_M1619-8.2024-08-01-11-56.NGFZT,C-M-0013-R.23-M1619-4_M1619-8,2024-08-01 11:56:00,band_08,309.13157894736844,226.5,7.0,,center,automated_candidate_unverified
C-M-0013-R.23-M1619-4_M1619-8.2024-08-01-11-56.NGFZT,C-M-0013-R.23-M1619-4_M1619-8,2024-08-01 11:56:00,band_09,312.20512820512823,187.69230769230768,8.0,,center,automated_candidate_unverified
C-M-0013-R.23-M1619-4_M1619-8.2024-08-01-11-56.NGFZT,C-M-0013-R.23-M1619-4_M1619-8,2024-08-01 11:56:00,band_10,314.84375,149.40625,9.0,,center,automated_candidate_unverified
C-M-0013-R.23-M1619-4_M1619-8.2024-08-02-11-55.NGFZT,C-M-0013-R.23-M1619-4_M1619-8,2024-08-02 11:55:00,band_01,283.6666666666667,627.0,0.0,,center,automated_candidate_unverified
C-M-0013-R.23-M1619-4_M1619-8.2024-08-02-11-55.NGFZT,C-M-0013-R.23-M1619-4_M1619-8,2024-08-02 11:55:00,band_02,276.7608695652174,587.195652173913,1.0,,center,automated_candidate_unverified
C-M-0013-R.23-M1619-4_M1619-8.2024-08-02-11-55.NGFZT,C-M-0013-R.23-M1619-4_M1619-8,2024-08-02 11:55:00,band_03,279.9512195121951,545.390243902439,2.0,,center,automated_candidate_unverified
C-M-0013-R.23-M1619-4_M1619-8.2024-08-02-11-55.NGFZT,C-M-0013-R.23-M1619-4_M1619-8,2024-08-02 11:55:00,band_04,284.89473684210526,503.9605263157895,3.0,,center,automated_candidate_unverified
C-M-0013-R.23-M1619-4_M1619-8.2024-08-02-11-55.NGFZT,C-M-0013-R.23-M1619-4_M1619-8,2024-08-02 11:55:00,band_05,289.44776119402985,463.04477611940297,4.0,,center,automated_candidate_unverified
C-M-0013-R.23-M1619-4_M1619-8.2024-08-02-11-55.NGFZT,C-M-0013-R.23-M1619-4_M1619-8,2024-08-02 11:55:00,band_06,293.8125,422.875,5.0,,center,automated_candidate_unverified
C-M-0013-R.23-M1619-4_M1619-8.2024-08-02-11-55.NGFZT,C-M-0013-R.23-M1619-4_M1619-8,2024-08-02 11:55:00,band_07,297.9111111111111,382.8222222222222,6.0,,center,automated_candidate_unverified
C-M-0013-R.23-M1619-4_M1619-8.2024-08-02-11-55.NGFZT,C-M-0013-R.23-M1619-4_M1619-8,2024-08-02 11:55:00,band_08,301.9024390243902,343.2682926829268,7.0,,center,automated_candidate_unverified
C-M-0013-R.23-M1619-4_M1619-8.2024-08-02-11-55.NGFZT,C-M-0013-R.23-M1619-4_M1619-8,2024-08-02 11:55:00,band_09,305.225,304.05,8.0,,center,automated_candidate_unverified
C-M-0013-R.23-M1619-4_M1619-8.2024-08-02-11-55.NGFZT,C-M-0013-R.23-M1619-4_M1619-8,2024-08-02 11:55:00,band_10,308.54285714285714,264.74285714285713,9.0,,center,automated_candidate_unverified
C-M-0013-R.23-M1619-4_M1619-8.2024-08-02-11-55.NGFZT,C-M-0013-R.23-M1619-4_M1619-8,2024-08-02 11:55:00,band_11,311.8421052631579,226.47368421052636,10.0,,center,automated_candidate_unverified
C-M-0013-R.23-M1619-4_M1619-8.2024-08-02-11-55.NGFZT,C-M-0013-R.23-M1619-4_M1619-8,2024-08-02 11:55:00,band_12,314.72727272727275,187.66666666666663,11.0,,center,automated_candidate_unverified
C-M-0013-R.23-M1619-4_M1619-8.2024-08-02-11-55.NGFZT,C-M-0013-R.23-M1619-4_M1619-8,2024-08-02 11:55:00,band_13,317.5357142857143,149.82142857142858,12.0,,center,automated_candidate_unverified
C-M-0013-R.23-M1619-4_M1619-8.2024-08-03-11-57.NGFZT,C-M-0013-R.23-M1619-4_M1619-8,2024-08-03 11:57:00,band_01,281.3448275862069,628.4310344827586,0.0,,center,automated_candidate_unverified
C-M-0013-R.23-M1619-4_M1619-8.2024-08-03-11-57.NGFZT,C-M-0013-R.23-M1619-4_M1619-8,2024-08-03 11:57:00,band_02,277.7083333333333,587.4583333333334,1.0,,center,automated_candidate_unverified
C-M-0013-R.23-M1619-4_M1619-8.2024-08-03-11-57.NGFZT,C-M-0013-R.23-M1619-4_M1619-8,2024-08-03 11:57:00,band_03,279.83870967741933,545.0483870967741,2.0,,center,automated_candidate_unverified
C-M-0013-R.23-M1619-4_M1619-8.2024-08-03-11-57.NGFZT,C-M-0013-R.23-M1619-4_M1619-8,2024-08-03 11:57:00,band_04,284.34722222222223,503.4583333333333,3.0,,center,automated_candidate_unverified
C-M-0013-R.23-M1619-4_M1619-8.2024-08-03-11-57.NGFZT,C-M-0013-R.23-M1619-4_M1619-8,2024-08-03 11:57:00,band_05,289.0135135135135,462.6756756756757,4.0,,center,automated_candidate_unverified
C-M-0013-R.23-M1619-4_M1619-8.2024-08-03-11-57.NGFZT,C-M-0013-R.23-M1619-4_M1619-8,2024-08-03 11:57:00,band_06,291.3333333333333,423.6666666666667,5.0,,center,automated_candidate_unverified
C-M-0013-R.23-M1619-4_M1619-8.2024-08-03-11-57.NGFZT,C-M-0013-R.23-M1619-4_M1619-8,2024-08-03 11:57:00,band_07,297.3469387755102,382.16326530612247,6.0,,center,automated_candidate_unverified
C-M-0013-R.23-M1619-4_M1619-8.2024-08-03-11-57.NGFZT,C-M-0013-R.23-M1619-4_M1619-8,2024-08-03 11:57:00,band_08,301.0,342.5,7.0,,center,automated_candidate_unverified
C-M-0013-R.23-M1619-4_M1619-8.2024-08-03-11-57.NGFZT,C-M-0013-R.23-M1619-4_M1619-8,2024-08-03 11:57:00,band_09,304.2142857142857,303.4047619047619,8.0,,center,automated_candidate_unverified
C-M-0013-R.23-M1619-4_M1619-8.2024-08-03-11-57.NGFZT,C-M-0013-R.23-M1619-4_M1619-8,2024-08-03 11:57:00,band_10,307.9512195121951,263.9756097560976,9.0,,center,automated_candidate_unverified
C-M-0013-R.23-M1619-4_M1619-8.2024-08-03-11-57.NGFZT,C-M-0013-R.23-M1619-4_M1619-8,2024-08-03 11:57:00,band_11,310.8611111111111,225.61111111111111,10.0,,center,automated_candidate_unverified
C-M-0013-R.23-M1619-4_M1619-8.2024-08-03-11-57.NGFZT,C-M-0013-R.23-M1619-4_M1619-8,2024-08-03 11:57:00,band_12,313.9189189189189,186.7027027027027,11.0,,center,automated_candidate_unverified
C-M-0013-R.23-M1619-4_M1619-8.2024-08-03-11-57.NGFZT,C-M-0013-R.23-M1619-4_M1619-8,2024-08-03 11:57:00,band_13,316.3636363636364,148.57575757575756,12.0,,center,automated_candidate_unverified
C-M-0013-R.23-M1619-4_M1619-8.2024-08-04-11-56.NGFZT,C-M-0013-R.23-M1619-4_M1619-8,2024-08-04 11:56:00,band_01,292.8076923076923,718.9615384615385,0.0,,center,automated_candidate_unverified
C-M-0013-R.23-M1619-4_M1619-8.2024-08-04-11-56.NGFZT,C-M-0013-R.23-M1619-4_M1619-8,2024-08-04 11:56:00,band_02,295.5,674.25,1.0,,center,automated_candidate_unverified
C-M-0013-R.23-M1619-4_M1619-8.2024-08-04-11-56.NGFZT,C-M-0013-R.23-M1619-4_M1619-8,2024-08-04 11:56:00,band_03,309.86206896551727,631.3103448275862,2.0,,center,automated_candidate_unverified
C-M-0013-R.23-M1619-4_M1619-8.2024-08-04-11-56.NGFZT,C-M-0013-R.23-M1619-4_M1619-8,2024-08-04 11:56:00,band_04,301.2368421052632,590.921052631579,3.0,,center,automated_candidate_unverified
C-M-0013-R.23-M1619-4_M1619-8.2024-08-04-11-56.NGFZT,C-M-0013-R.23-M1619-4_M1619-8,2024-08-04 11:56:00,band_05,304.2258064516129,549.2258064516129,4.0,,center,automated_candidate_unverified
C-M-0013-R.23-M1619-4_M1619-8.2024-08-04-11-56.NGFZT,C-M-0013-R.23-M1619-4_M1619-8,2024-08-04 11:56:00,band_06,309.1090909090909,507.5090909090909,5.0,,center,automated_candidate_unverified
C-M-0013-R.23-M1619-4_M1619-8.2024-08-04-11-56.NGFZT,C-M-0013-R.23-M1619-4_M1619-8,2024-08-04 11:56:00,band_07,314.0,467.0,6.0,,center,automated_candidate_unverified
C-M-0013-R.23-M1619-4_M1619-8.2024-08-04-11-56.NGFZT,C-M-0013-R.23-M1619-4_M1619-8,2024-08-04 11:56:00,band_08,318.4259259259259,426.8148148148149,7.0,,center,automated_candidate_unverified
C-M-0013-R.23-M1619-4_M1619-8.2024-08-04-11-56.NGFZT,C-M-0013-R.23-M1619-4_M1619-8,2024-08-04 11:56:00,band_09,322.7358490566038,387.0377358490566,8.0,,center,automated_candidate_unverified
C-M-0013-R.23-M1619-4_M1619-8.2024-08-04-11-56.NGFZT,C-M-0013-R.23-M1619-4_M1619-8,2024-08-04 11:56:00,band_10,326.5625,347.4791666666667,9.0,,center,automated_candidate_unverified
C-M-0013-R.23-M1619-4_M1619-8.2024-08-04-11-56.NGFZT,C-M-0013-R.23-M1619-4_M1619-8,2024-08-04 11:56:00,band_11,330.1363636363636,308.27272727272725,10.0,,center,automated_candidate_unverified
C-M-0013-R.23-M1619-4_M1619-8.2024-08-04-11-56.NGFZT,C-M-0013-R.23-M1619-4_M1619-8,2024-08-04 11:56:00,band_12,333.79545454545456,269.34090909090907,11.0,,center,automated_candidate_unverified
C-M-0013-R.23-M1619-4_M1619-8.2024-08-04-11-56.NGFZT,C-M-0013-R.23-M1619-4_M1619-8,2024-08-04 11:56:00,band_13,336.9512195121951,230.97560975609755,12.0,,center,automated_candidate_unverified
C-M-0013-R.23-M1619-4_M1619-8.2024-08-04-11-56.NGFZT,C-M-0013-R.23-M1619-4_M1619-8,2024-08-04 11:56:00,band_14,340.125,192.65,13.0,,center,automated_candidate_unverified
C-M-0013-R.23-M1619-4_M1619-8.2024-08-04-11-56.NGFZT,C-M-0013-R.23-M1619-4_M1619-8,2024-08-04 11:56:00,band_15,342.75,154.4375,14.0,,center,automated_candidate_unverified
C-M-0013-R.23-M1619-4_M1619-8.2024-08-05-11-57.NGFZT,C-M-0013-R.23-M1619-4_M1619-8,2024-08-05 11:57:00,band_01,304.2361111111111,550.1111111111111,0.0,,center,automated_candidate_unverified
C-M-0013-R.23-M1619-4_M1619-8.2024-08-05-11-57.NGFZT,C-M-0013-R.23-M1619-4_M1619-8,2024-08-05 11:57:00,band_02,308.0731707317073,508.3170731707317,1.0,,center,automated_candidate_unverified
C-M-0013-R.23-M1619-4_M1619-8.2024-08-05-11-57.NGFZT,C-M-0013-R.23-M1619-4_M1619-8,2024-08-05 11:57:00,band_03,314.29545454545456,468.1136363636364,2.0,,center,automated_candidate_unverified
C-M-0013-R.23-M1619-4_M1619-8.2024-08-05-11-57.NGFZT,C-M-0013-R.23-M1619-4_M1619-8,2024-08-05 11:57:00,band_04,316.63157894736844,428.10526315789474,3.0,,center,automated_candidate_unverified
C-M-0013-R.23-M1619-4_M1619-8.2024-08-05-11-57.NGFZT,C-M-0013-R.23-M1619-4_M1619-8,2024-08-05 11:57:00,band_05,322.6428571428572,388.0535714285714,4.0,,center,automated_candidate_unverified
C-M-0013-R.23-M1619-4_M1619-8.2024-08-05-11-57.NGFZT,C-M-0013-R.23-M1619-4_M1619-8,2024-08-05 11:57:00,band_06,326.54901960784315,348.6666666666667,5.0,,center,automated_candidate_unverified
C-M-0013-R.23-M1619-4_M1619-8.2024-08-05-11-57.NGFZT,C-M-0013-R.23-M1619-4_M1619-8,2024-08-05 11:57:00,band_07,330.25,309.57142857142856,6.0,,center,automated_candidate_unverified
C-M-0013-R.23-M1619-4_M1619-8.2024-08-05-11-57.NGFZT,C-M-0013-R.23-M1619-4_M1619-8,2024-08-05 11:57:00,band_08,333.7450980392157,270.4313725490196,7.0,,center,automated_candidate_unverified
C-M-0013-R.23-M1619-4_M1619-8.2024-08-05-11-57.NGFZT,C-M-0013-R.23-M1619-4_M1619-8,2024-08-05 11:57:00,band_09,337.3061224489796,232.0612244897959,8.0,,center,automated_candidate_unverified
C-M-0013-R.23-M1619-4_M1619-8.2024-08-05-11-57.NGFZT,C-M-0013-R.23-M1619-4_M1619-8,2024-08-05 11:57:00,band_10,340.2888888888889,193.77777777777777,9.0,,center,automated_candidate_unverified
C-M-0013-R.23-M1619-4_M1619-8.2024-08-05-11-57.NGFZT,C-M-0013-R.23-M1619-4_M1619-8,2024-08-05 11:57:00,band_11,343.225,155.675,10.0,,center,automated_candidate_unverified
C-M-0013-R.23-M1619-4_M1619-8.2024-08-06-11-56.NGFZT,C-M-0013-R.23-M1619-4_M1619-8,2024-08-06 11:56:00,band_01,336.53125,398.1875,0.0,,center,automated_candidate_unverified
C-M-0013-R.23-M1619-4_M1619-8.2024-08-06-11-56.NGFZT,C-M-0013-R.23-M1619-4_M1619-8,2024-08-06 11:56:00,band_02,340.57377049180326,358.8524590163934,1.0,,center,automated_candidate_unverified
C-M-0013-R.23-M1619-4_M1619-8.2024-08-06-11-56.NGFZT,C-M-0013-R.23-M1619-4_M1619-8,2024-08-06 11:56:00,band_03,344.28333333333336,320.25,2.0,,center,automated_candidate_unverified
C-M-0013-R.23-M1619-4_M1619-8.2024-08-06-11-56.NGFZT,C-M-0013-R.23-M1619-4_M1619-8,2024-08-06 11:56:00,band_04,347.8909090909091,281.2909090909091,3.0,,center,automated_candidate_unverified
C-M-0013-R.23-M1619-4_M1619-8.2024-08-06-11-56.NGFZT,C-M-0013-R.23-M1619-4_M1619-8,2024-08-06 11:56:00,band_05,351.2549019607843,243.54901960784315,4.0,,center,automated_candidate_unverified
C-M-0013-R.23-M1619-4_M1619-8.2024-08-06-11-56.NGFZT,C-M-0013-R.23-M1619-4_M1619-8,2024-08-06 11:56:00,band_06,354.72727272727275,205.52727272727276,5.0,,center,automated_candidate_unverified
C-M-0013-R.23-M1619-4_M1619-8.2024-08-06-11-56.NGFZT,C-M-0013-R.23-M1619-4_M1619-8,2024-08-06 11:56:00,band_07,357.4871794871795,168.02564102564102,6.0,,center,automated_candidate_unverified
C-M-0013-R.23-M1619-4_M1619-8.2024-08-07-11-58.NGFZT,C-M-0013-R.23-M1619-4_M1619-8,2024-08-07 11:58:00,band_01,305.0,559.3454545454546,0.0,,center,automated_candidate_unverified
C-M-0013-R.23-M1619-4_M1619-8.2024-08-07-11-58.NGFZT,C-M-0013-R.23-M1619-4_M1619-8,2024-08-07 11:58:00,band_02,308.2692307692308,517.5769230769231,1.0,,center,automated_candidate_unverified
C-M-0013-R.23-M1619-4_M1619-8.2024-08-07-11-58.NGFZT,C-M-0013-R.23-M1619-4_M1619-8,2024-08-07 11:58:00,band_03,314.56626506024094,477.3855421686747,2.0,,center,automated_candidate_unverified
C-M-0013-R.23-M1619-4_M1619-8.2024-08-07-11-58.NGFZT,C-M-0013-R.23-M1619-4_M1619-8,2024-08-07 11:58:00,band_04,317.93023255813955,437.30232558139534,3.0,,center,automated_candidate_unverified
C-M-0013-R.23-M1619-4_M1619-8.2024-08-07-11-58.NGFZT,C-M-0013-R.23-M1619-4_M1619-8,2024-08-07 11:58:00,band_05,323.7931034482759,397.94827586206895,4.0,,center,automated_candidate_unverified
C-M-0013-R.23-M1619-4_M1619-8.2024-08-07-11-58.NGFZT,C-M-0013-R.23-M1619-4_M1619-8,2024-08-07 11:58:00,band_06,327.47058823529414,358.54901960784315,5.0,,center,automated_candidate_unverified
C-M-0013-R.23-M1619-4_M1619-8.2024-08-07-11-58.NGFZT,C-M-0013-R.23-M1619-4_M1619-8,2024-08-07 11:58:00,band_07,331.48,319.98,6.0,,center,automated_candidate_unverified
C-M-0013-R.23-M1619-4_M1619-8.2024-08-07-11-58.NGFZT,C-M-0013-R.23-M1619-4_M1619-8,2024-08-07 11:58:00,band_08,334.79545454545456,281.1363636363636,7.0,,center,automated_candidate_unverified
C-M-0013-R.23-M1619-4_M1619-8.2024-08-07-11-58.NGFZT,C-M-0013-R.23-M1619-4_M1619-8,2024-08-07 11:58:00,band_09,337.9318181818182,243.3181818181818,8.0,,center,automated_candidate_unverified
C-M-0013-R.23-M1619-4_M1619-8.2024-08-07-11-58.NGFZT,C-M-0013-R.23-M1619-4_M1619-8,2024-08-07 11:58:00,band_10,341.02272727272725,205.3409090909091,9.0,,center,automated_candidate_unverified
C-M-0013-R.23-M1619-4_M1619-8.2024-08-07-11-58.NGFZT,C-M-0013-R.23-M1619-4_M1619-8,2024-08-07 11:58:00,band_11,343.94594594594594,167.97297297297297,10.0,,center,automated_candidate_unverified
C-M-0013-R.23-M1619-4_M1619-8.2024-08-08-11-32.NGFZT,C-M-0013-R.23-M1619-4_M1619-8,2024-08-08 11:32:00,band_01,323.05454545454546,478.8545454545455,0.0,,center,automated_candidate_unverified
C-M-0013-R.23-M1619-4_M1619-8.2024-08-08-11-32.NGFZT,C-M-0013-R.23-M1619-4_M1619-8,2024-08-08 11:32:00,band_02,335.5625,435.0625,1.0,,center,automated_candidate_unverified
C-M-0013-R.23-M1619-4_M1619-8.2024-08-08-11-32.NGFZT,C-M-0013-R.23-M1619-4_M1619-8,2024-08-08 11:32:00,band_03,330.5,398.0,2.0,,center,automated_candidate_unverified
C-M-0013-R.23-M1619-4_M1619-8.2024-08-08-11-32.NGFZT,C-M-0013-R.23-M1619-4_M1619-8,2024-08-08 11:32:00,band_04,334.3787878787879,358.1666666666667,3.0,,center,automated_candidate_unverified
C-M-0013-R.23-M1619-4_M1619-8.2024-08-08-11-32.NGFZT,C-M-0013-R.23-M1619-4_M1619-8,2024-08-08 11:32:00,band_05,338.11290322580646,319.16129032258067,4.0,,center,automated_candidate_unverified
C-M-0013-R.23-M1619-4_M1619-8.2024-08-08-11-32.NGFZT,C-M-0013-R.23-M1619-4_M1619-8,2024-08-08 11:32:00,band_06,342.01666666666665,280.0,5.0,,center,automated_candidate_unverified
C-M-0013-R.23-M1619-4_M1619-8.2024-08-08-11-32.NGFZT,C-M-0013-R.23-M1619-4_M1619-8,2024-08-08 11:32:00,band_07,345.25,241.75,6.0,,center,automated_candidate_unverified
C-M-0013-R.23-M1619-4_M1619-8.2024-08-08-11-32.NGFZT,C-M-0013-R.23-M1619-4_M1619-8,2024-08-08 11:32:00,band_08,348.6666666666667,203.0,7.0,,center,automated_candidate_unverified
C-M-0013-R.23-M1619-4_M1619-8.2024-08-08-11-32.NGFZT,C-M-0013-R.23-M1619-4_M1619-8,2024-08-08 11:32:00,band_09,351.7179487179488,165.33333333333334,8.0,,center,automated_candidate_unverified
C-M-0013-R.23-M1619-4_M1619-8.2024-08-09-11-03.NGFZT,C-M-0013-R.23-M1619-4_M1619-8,2024-08-09 11:03:00,band_01,306.43243243243245,517.5945945945946,0.0,,center,automated_candidate_unverified
C-M-0013-R.23-M1619-4_M1619-8.2024-08-09-11-03.NGFZT,C-M-0013-R.23-M1619-4_M1619-8,2024-08-09 11:03:00,band_02,306.0833333333333,469.5,1.0,,center,automated_candidate_unverified
C-M-0013-R.23-M1619-4_M1619-8.2024-08-09-11-03.NGFZT,C-M-0013-R.23-M1619-4_M1619-8,2024-08-09 11:03:00,band_03,318.2432432432432,438.5945945945946,2.0,,center,automated_candidate_unverified
C-M-0013-R.23-M1619-4_M1619-8.2024-08-09-11-03.NGFZT,C-M-0013-R.23-M1619-4_M1619-8,2024-08-09 11:03:00,band_04,322.78333333333336,398.1,3.0,,center,automated_candidate_unverified
C-M-0013-R.23-M1619-4_M1619-8.2024-08-09-11-03.NGFZT,C-M-0013-R.23-M1619-4_M1619-8,2024-08-09 11:03:00,band_05,326.6470588235294,358.94117647058823,4.0,,center,automated_candidate_unverified
C-M-0013-R.23-M1619-4_M1619-8.2024-08-09-11-03.NGFZT,C-M-0013-R.23-M1619-4_M1619-8,2024-08-09 11:03:00,band_06,330.38,320.1,5.0,,center,automated_candidate_unverified
C-M-0013-R.23-M1619-4_M1619-8.2024-08-09-11-03.NGFZT,C-M-0013-R.23-M1619-4_M1619-8,2024-08-09 11:03:00,band_07,334.0487804878049,281.5853658536585,6.0,,center,automated_candidate_unverified
C-M-0013-R.23-M1619-4_M1619-8.2024-08-09-11-03.NGFZT,C-M-0013-R.23-M1619-4_M1619-8,2024-08-09 11:03:00,band_08,337.0487804878049,243.70731707317077,7.0,,center,automated_candidate_unverified
C-M-0013-R.23-M1619-4_M1619-8.2024-08-09-11-03.NGFZT,C-M-0013-R.23-M1619-4_M1619-8,2024-08-09 11:03:00,band_09,340.0487804878049,205.70731707317077,8.0,,center,automated_candidate_unverified
C-M-0013-R.23-M1619-4_M1619-8.2024-08-09-11-03.NGFZT,C-M-0013-R.23-M1619-4_M1619-8,2024-08-09 11:03:00,band_10,342.6060606060606,168.4848484848485,9.0,,center,automated_candidate_unverified
C-M-0006-L.21-M1744-4.2024-06-28-11-35.NL5RH,C-M-0006-L.21-M1744-4,2024-06-28 11:35:00,band_01,530.5945945945946,796.5945945945946,0.0,,center,automated_candidate_unverified
C-M-0006-L.21-M1744-4.2024-06-28-11-35.NL5RH,C-M-0006-L.21-M1744-4,2024-06-28 11:35:00,band_02,536.2595419847328,744.7328244274809,1.0,,center,automated_candidate_unverified
C-M-0006-L.21-M1744-4.2024-06-28-11-35.NL5RH,C-M-0006-L.21-M1744-4,2024-06-28 11:35:00,band_03,532.1009174311927,703.5229357798165,2.0,,center,automated_candidate_unverified
C-M-0006-L.21-M1744-4.2024-06-28-11-35.NL5RH,C-M-0006-L.21-M1744-4,2024-06-28 11:35:00,band_04,532.2357723577236,663.609756097561,3.0,,center,automated_candidate_unverified
C-M-0006-L.21-M1744-4.2024-06-28-11-35.NL5RH,C-M-0006-L.21-M1744-4,2024-06-28 11:35:00,band_05,530.9357142857143,623.25,4.0,,center,automated_candidate_unverified
C-M-0006-L.21-M1744-4.2024-06-28-11-35.NL5RH,C-M-0006-L.21-M1744-4,2024-06-28 11:35:00,band_06,530.5344827586207,581.4396551724138,5.0,,center,automated_candidate_unverified
C-M-0006-L.21-M1744-4.2024-06-28-11-35.NL5RH,C-M-0006-L.21-M1744-4,2024-06-28 11:35:00,band_07,529.0736842105263,540.7052631578947,6.0,,center,automated_candidate_unverified
C-M-0006-L.21-M1744-4.2024-06-28-11-35.NL5RH,C-M-0006-L.21-M1744-4,2024-06-28 11:35:00,band_08,528.3658536585366,499.0,7.0,,center,automated_candidate_unverified
C-M-0006-L.21-M1744-4.2024-06-28-11-35.NL5RH,C-M-0006-L.21-M1744-4,2024-06-28 11:35:00,band_09,528.8210526315789,456.53684210526313,8.0,,center,automated_candidate_unverified
C-M-0006-L.21-M1744-4.2024-06-28-11-35.NL5RH,C-M-0006-L.21-M1744-4,2024-06-28 11:35:00,band_10,529.4705882352941,414.1294117647059,9.0,,center,automated_candidate_unverified
C-M-0006-L.21-M1744-4.2024-06-28-11-35.NL5RH,C-M-0006-L.21-M1744-4,2024-06-28 11:35:00,band_11,530.5,371.5,10.0,,center,automated_candidate_unverified
C-M-0006-L.21-M1744-4.2024-06-28-11-35.NL5RH,C-M-0006-L.21-M1744-4,2024-06-28 11:35:00,band_12,531.2987012987013,328.3636363636364,11.0,,center,automated_candidate_unverified
C-M-0006-L.21-M1744-4.2024-06-28-11-35.NL5RH,C-M-0006-L.21-M1744-4,2024-06-28 11:35:00,band_13,532.5454545454545,284.6363636363636,12.0,,center,automated_candidate_unverified
C-M-0006-L.21-M1744-4.2024-06-28-11-35.NL5RH,C-M-0006-L.21-M1744-4,2024-06-28 11:35:00,band_14,534.0705882352942,240.4823529411765,13.0,,center,automated_candidate_unverified
C-M-0006-L.21-M1744-4.2024-06-28-11-35.NL5RH,C-M-0006-L.21-M1744-4,2024-06-28 11:35:00,band_15,535.5454545454545,195.63636363636363,14.0,,center,automated_candidate_unverified
C-M-0006-L.21-M1744-4.2024-06-28-11-35.NL5RH,C-M-0006-L.21-M1744-4,2024-06-28 11:35:00,band_16,537.3253012048193,150.32530120481928,15.0,,center,automated_candidate_unverified
C-M-0006-L.21-M1744-4.2024-06-29-11-34.NL5RH,C-M-0006-L.21-M1744-4,2024-06-29 11:34:00,band_01,534.0945945945946,584.5878378378378,0.0,,center,automated_candidate_unverified
C-M-0006-L.21-M1744-4.2024-06-29-11-34.NL5RH,C-M-0006-L.21-M1744-4,2024-06-29 11:34:00,band_02,534.3033707865169,543.6629213483146,1.0,,center,automated_candidate_unverified
C-M-0006-L.21-M1744-4.2024-06-29-11-34.NL5RH,C-M-0006-L.21-M1744-4,2024-06-29 11:34:00,band_03,533.6341463414634,502.0,2.0,,center,automated_candidate_unverified
C-M-0006-L.21-M1744-4.2024-06-29-11-34.NL5RH,C-M-0006-L.21-M1744-4,2024-06-29 11:34:00,band_04,534.3977272727273,459.64772727272725,3.0,,center,automated_candidate_unverified
C-M-0006-L.21-M1744-4.2024-06-29-11-34.NL5RH,C-M-0006-L.21-M1744-4,2024-06-29 11:34:00,band_05,534.9342105263158,417.0394736842105,4.0,,center,automated_candidate_unverified
C-M-0006-L.21-M1744-4.2024-06-29-11-34.NL5RH,C-M-0006-L.21-M1744-4,2024-06-29 11:34:00,band_06,535.887323943662,374.4225352112676,5.0,,center,automated_candidate_unverified
C-M-0006-L.21-M1744-4.2024-06-29-11-34.NL5RH,C-M-0006-L.21-M1744-4,2024-06-29 11:34:00,band_07,537.0370370370371,331.5061728395062,6.0,,center,automated_candidate_unverified
C-M-0006-L.21-M1744-4.2024-06-29-11-34.NL5RH,C-M-0006-L.21-M1744-4,2024-06-29 11:34:00,band_08,538.5972222222222,287.68055555555554,7.0,,center,automated_candidate_unverified
C-M-0006-L.21-M1744-4.2024-06-29-11-34.NL5RH,C-M-0006-L.21-M1744-4,2024-06-29 11:34:00,band_09,539.7368421052631,243.68421052631575,8.0,,center,automated_candidate_unverified
C-M-0006-L.21-M1744-4.2024-06-29-11-34.NL5RH,C-M-0006-L.21-M1744-4,2024-06-29 11:34:00,band_10,541.3205128205128,198.8205128205128,9.0,,center,automated_candidate_unverified
C-M-0006-L.21-M1744-4.2024-06-29-11-34.NL5RH,C-M-0006-L.21-M1744-4,2024-06-29 11:34:00,band_11,542.6973684210526,153.67105263157896,10.0,,center,automated_candidate_unverified
C-M-0006-L.21-M1744-4.2024-06-30-11-36.NL5RH,C-M-0006-L.21-M1744-4,2024-06-30 11:36:00,band_01,595.0384615384615,764.6282051282051,0.0,,center,automated_candidate_unverified
C-M-0006-L.21-M1744-4.2024-06-30-11-36.NL5RH,C-M-0006-L.21-M1744-4,2024-06-30 11:36:00,band_02,603.9,742.5,1.0,,center,automated_candidate_unverified
C-M-0006-L.21-M1744-4.2024-06-30-11-36.NL5RH,C-M-0006-L.21-M1744-4,2024-06-30 11:36:00,band_03,610.8,726.6,2.0,,center,automated_candidate_unverified
C-M-0006-L.21-M1744-4.2024-06-30-11-36.NL5RH,C-M-0006-L.21-M1744-4,2024-06-30 11:36:00,band_04,618.7866666666666,705.96,3.0,,center,automated_candidate_unverified
C-M-0006-L.21-M1744-4.2024-06-30-11-36.NL5RH,C-M-0006-L.21-M1744-4,2024-06-30 11:36:00,band_05,625.3038674033149,680.1602209944753,4.0,,center,automated_candidate_unverified
C-M-0006-L.21-M1744-4.2024-06-30-11-36.NL5RH,C-M-0006-L.21-M1744-4,2024-06-30 11:36:00,band_06,635.697247706422,662.6238532110092,5.0,,center,automated_candidate_unverified
C-M-0006-L.21-M1744-4.2024-06-30-11-36.NL5RH,C-M-0006-L.21-M1744-4,2024-06-30 11:36:00,band_07,644.5,644.5,6.0,,center,automated_candidate_unverified
C-M-0006-L.21-M1744-4.2024-06-30-11-36.NL5RH,C-M-0006-L.21-M1744-4,2024-06-30 11:36:00,band_08,649.5833333333334,616.25,7.0,,center,automated_candidate_unverified
C-M-0006-L.21-M1744-4.2024-07-01-11-49.NL5RH,C-M-0006-L.21-M1744-4,2024-07-01 11:49:00,band_01,519.7575757575758,542.4949494949495,0.0,,center,automated_candidate_unverified
C-M-0006-L.21-M1744-4.2024-07-01-11-49.NL5RH,C-M-0006-L.21-M1744-4,2024-07-01 11:49:00,band_02,518.9230769230769,501.02564102564105,1.0,,center,automated_candidate_unverified
C-M-0006-L.21-M1744-4.2024-07-01-11-49.NL5RH,C-M-0006-L.21-M1744-4,2024-07-01 11:49:00,band_03,518.9268292682926,458.9512195121951,2.0,,center,automated_candidate_unverified
C-M-0006-L.21-M1744-4.2024-07-01-11-49.NL5RH,C-M-0006-L.21-M1744-4,2024-07-01 11:49:00,band_04,519.3076923076923,416.6373626373626,3.0,,center,automated_candidate_unverified
C-M-0006-L.21-M1744-4.2024-07-01-11-49.NL5RH,C-M-0006-L.21-M1744-4,2024-07-01 11:49:00,band_05,520.0,374.3411764705882,4.0,,center,automated_candidate_unverified
C-M-0006-L.21-M1744-4.2024-07-01-11-49.NL5RH,C-M-0006-L.21-M1744-4,2024-07-01 11:49:00,band_06,520.566265060241,331.4698795180723,5.0,,center,automated_candidate_unverified
C-M-0006-L.21-M1744-4.2024-07-01-11-49.NL5RH,C-M-0006-L.21-M1744-4,2024-07-01 11:49:00,band_07,521.4507042253521,288.056338028169,6.0,,center,automated_candidate_unverified
C-M-0006-L.21-M1744-4.2024-07-01-11-49.NL5RH,C-M-0006-L.21-M1744-4,2024-07-01 11:49:00,band_08,522.3421052631579,244.0,7.0,,center,automated_candidate_unverified
C-M-0006-L.21-M1744-4.2024-07-01-11-49.NL5RH,C-M-0006-L.21-M1744-4,2024-07-01 11:49:00,band_09,523.75,199.6125,8.0,,center,automated_candidate_unverified
C-M-0006-L.21-M1744-4.2024-07-01-11-49.NL5RH,C-M-0006-L.21-M1744-4,2024-07-01 11:49:00,band_10,525.1951219512196,154.8658536585366,9.0,,center,automated_candidate_unverified
C-M-0006-L.21-M1744-4.2024-07-02-11-50.NL5RH,C-M-0006-L.21-M1744-4,2024-07-02 11:50:00,band_01,519.4,578.5,0.0,,center,automated_candidate_unverified
C-M-0006-L.21-M1744-4.2024-07-02-11-50.NL5RH,C-M-0006-L.21-M1744-4,2024-07-02 11:50:00,band_02,528.8409090909091,542.7727272727273,1.0,,center,automated_candidate_unverified
C-M-0006-L.21-M1744-4.2024-07-02-11-50.NL5RH,C-M-0006-L.21-M1744-4,2024-07-02 11:50:00,band_03,528.3225806451613,501.4193548387097,2.0,,center,automated_candidate_unverified
C-M-0006-L.21-M1744-4.2024-07-02-11-50.NL5RH,C-M-0006-L.21-M1744-4,2024-07-02 11:50:00,band_04,528.5333333333333,459.1111111111111,3.0,,center,automated_candidate_unverified
C-M-0006-L.21-M1744-4.2024-07-02-11-50.NL5RH,C-M-0006-L.21-M1744-4,2024-07-02 11:50:00,band_05,529.3645833333334,416.6354166666667,4.0,,center,automated_candidate_unverified
C-M-0006-L.21-M1744-4.2024-07-02-11-50.NL5RH,C-M-0006-L.21-M1744-4,2024-07-02 11:50:00,band_06,530.5411764705882,374.25882352941176,5.0,,center,automated_candidate_unverified
C-M-0006-L.21-M1744-4.2024-07-02-11-50.NL5RH,C-M-0006-L.21-M1744-4,2024-07-02 11:50:00,band_07,531.329268292683,331.4146341463415,6.0,,center,automated_candidate_unverified
C-M-0006-L.21-M1744-4.2024-07-02-11-50.NL5RH,C-M-0006-L.21-M1744-4,2024-07-02 11:50:00,band_08,532.8928571428571,287.6309523809524,7.0,,center,automated_candidate_unverified
C-M-0006-L.21-M1744-4.2024-07-02-11-50.NL5RH,C-M-0006-L.21-M1744-4,2024-07-02 11:50:00,band_09,534.375,243.7875,8.0,,center,automated_candidate_unverified
C-M-0006-L.21-M1744-4.2024-07-02-11-50.NL5RH,C-M-0006-L.21-M1744-4,2024-07-02 11:50:00,band_10,535.75,199.525,9.0,,center,automated_candidate_unverified
C-M-0006-L.21-M1744-4.2024-07-02-11-50.NL5RH,C-M-0006-L.21-M1744-4,2024-07-02 11:50:00,band_11,537.4444444444445,154.55555555555554,10.0,,center,automated_candidate_unverified
C-M-0006-L.21-M1744-4.2024-07-03-11-50.NL5RH,C-M-0006-L.21-M1744-4,2024-07-03 11:50:00,band_01,536.2395833333334,543.5520833333334,0.0,,center,automated_candidate_unverified
C-M-0006-L.21-M1744-4.2024-07-03-11-50.NL5RH,C-M-0006-L.21-M1744-4,2024-07-03 11:50:00,band_02,536.289156626506,502.0120481927711,1.0,,center,automated_candidate_unverified
C-M-0006-L.21-M1744-4.2024-07-03-11-50.NL5RH,C-M-0006-L.21-M1744-4,2024-07-03 11:50:00,band_03,536.6741573033707,459.5393258426967,2.0,,center,automated_candidate_unverified
C-M-0006-L.21-M1744-4.2024-07-03-11-50.NL5RH,C-M-0006-L.21-M1744-4,2024-07-03 11:50:00,band_04,537.566265060241,417.03614457831327,3.0,,center,automated_candidate_unverified
C-M-0006-L.21-M1744-4.2024-07-03-11-50.NL5RH,C-M-0006-L.21-M1744-4,2024-07-03 11:50:00,band_05,538.5142857142857,374.1,4.0,,center,automated_candidate_unverified
C-M-0006-L.21-M1744-4.2024-07-03-11-50.NL5RH,C-M-0006-L.21-M1744-4,2024-07-03 11:50:00,band_06,539.5394736842105,330.69736842105266,5.0,,center,automated_candidate_unverified
C-M-0006-L.21-M1744-4.2024-07-03-11-50.NL5RH,C-M-0006-L.21-M1744-4,2024-07-03 11:50:00,band_07,541.375,287.5,6.0,,center,automated_candidate_unverified
C-M-0006-L.21-M1744-4.2024-07-03-11-50.NL5RH,C-M-0006-L.21-M1744-4,2024-07-03 11:50:00,band_08,542.925925925926,242.79012345679013,7.0,,center,automated_candidate_unverified
C-M-0006-L.21-M1744-4.2024-07-03-11-50.NL5RH,C-M-0006-L.21-M1744-4,2024-07-03 11:50:00,band_09,544.8,198.36470588235292,8.0,,center,automated_candidate_unverified
C-M-0006-L.21-M1744-4.2024-07-03-11-50.NL5RH,C-M-0006-L.21-M1744-4,2024-07-03 11:50:00,band_10,546.4,152.9294117647059,9.0,,center,automated_candidate_unverified
C-M-0006-L.21-M1744-4.2024-07-04-11-48.NL5RH,C-M-0006-L.21-M1744-4,2024-07-04 11:48:00,band_01,540.5121951219512,542.9634146341464,0.0,,center,automated_candidate_unverified
C-M-0006-L.21-M1744-4.2024-07-04-11-48.NL5RH,C-M-0006-L.21-M1744-4,2024-07-04 11:48:00,band_02,540.716049382716,501.283950617284,1.0,,center,automated_candidate_unverified
C-M-0006-L.21-M1744-4.2024-07-04-11-48.NL5RH,C-M-0006-L.21-M1744-4,2024-07-04 11:48:00,band_03,540.7894736842105,459.0131578947368,2.0,,center,automated_candidate_unverified
C-M-0006-L.21-M1744-4.2024-07-04-11-48.NL5RH,C-M-0006-L.21-M1744-4,2024-07-04 11:48:00,band_04,541.6904761904761,416.3333333333333,3.0,,center,automated_candidate_unverified
C-M-0006-L.21-M1744-4.2024-07-04-11-48.NL5RH,C-M-0006-L.21-M1744-4,2024-07-04 11:48:00,band_05,542.5571428571428,373.7714285714285,4.0,,center,automated_candidate_unverified
C-M-0006-L.21-M1744-4.2024-07-04-11-48.NL5RH,C-M-0006-L.21-M1744-4,2024-07-04 11:48:00,band_06,543.7678571428571,330.60714285714283,5.0,,center,automated_candidate_unverified
C-M-0006-L.21-M1744-4.2024-07-04-11-48.NL5RH,C-M-0006-L.21-M1744-4,2024-07-04 11:48:00,band_07,545.2631578947369,287.10526315789474,6.0,,center,automated_candidate_unverified
C-M-0006-L.21-M1744-4.2024-07-04-11-48.NL5RH,C-M-0006-L.21-M1744-4,2024-07-04 11:48:00,band_08,546.7857142857143,242.9821428571429,7.0,,center,automated_candidate_unverified
C-M-0006-L.21-M1744-4.2024-07-04-11-48.NL5RH,C-M-0006-L.21-M1744-4,2024-07-04 11:48:00,band_09,548.2166666666667,198.28333333333333,8.0,,center,automated_candidate_unverified
C-M-0006-L.21-M1744-4.2024-07-04-11-48.NL5RH,C-M-0006-L.21-M1744-4,2024-07-04 11:48:00,band_10,549.7017543859649,153.17543859649123,9.0,,center,automated_candidate_unverified
C-M-0006-L.21-M1744-4.2024-07-05-11-47.NL5RH,C-M-0006-L.21-M1744-4,2024-07-05 11:47:00,band_01,530.1294117647059,544.0235294117647,0.0,,center,automated_candidate_unverified
C-M-0006-L.21-M1744-4.2024-07-05-11-47.NL5RH,C-M-0006-L.21-M1744-4,2024-07-05 11:47:00,band_02,530.4886363636364,502.4318181818182,1.0,,center,automated_candidate_unverified
C-M-0006-L.21-M1744-4.2024-07-05-11-47.NL5RH,C-M-0006-L.21-M1744-4,2024-07-05 11:47:00,band_03,530.5,459.9268292682927,2.0,,center,automated_candidate_unverified
C-M-0006-L.21-M1744-4.2024-07-05-11-47.NL5RH,C-M-0006-L.21-M1744-4,2024-07-05 11:47:00,band_04,531.5227272727273,417.7386363636364,3.0,,center,automated_candidate_unverified
C-M-0006-L.21-M1744-4.2024-07-05-11-47.NL5RH,C-M-0006-L.21-M1744-4,2024-07-05 11:47:00,band_05,532.5569620253165,374.7721518987342,4.0,,center,automated_candidate_unverified
C-M-0006-L.21-M1744-4.2024-07-05-11-47.NL5RH,C-M-0006-L.21-M1744-4,2024-07-05 11:47:00,band_06,534.015625,331.71875,5.0,,center,automated_candidate_unverified
C-M-0006-L.21-M1744-4.2024-07-05-11-47.NL5RH,C-M-0006-L.21-M1744-4,2024-07-05 11:47:00,band_07,535.2368421052631,288.30263157894734,6.0,,center,automated_candidate_unverified
C-M-0006-L.21-M1744-4.2024-07-05-11-47.NL5RH,C-M-0006-L.21-M1744-4,2024-07-05 11:47:00,band_08,536.6103896103896,243.88311688311688,7.0,,center,automated_candidate_unverified
C-M-0006-L.21-M1744-4.2024-07-05-11-47.NL5RH,C-M-0006-L.21-M1744-4,2024-07-05 11:47:00,band_09,538.6111111111111,199.30555555555557,8.0,,center,automated_candidate_unverified
C-M-0006-L.21-M1744-4.2024-07-05-11-47.NL5RH,C-M-0006-L.21-M1744-4,2024-07-05 11:47:00,band_10,540.1794871794872,153.9102564102564,9.0,,center,automated_candidate_unverified
C-M-0006-L.21-M1744-4.2024-07-06-11-48.NL5RH,C-M-0006-L.21-M1744-4,2024-07-06 11:48:00,band_01,541.6666666666666,574.5555555555555,0.0,,center,automated_candidate_unverified
C-M-0006-L.21-M1744-4.2024-07-06-11-48.NL5RH,C-M-0006-L.21-M1744-4,2024-07-06 11:48:00,band_02,534.8,543.5294117647059,1.0,,center,automated_candidate_unverified
C-M-0006-L.21-M1744-4.2024-07-06-11-48.NL5RH,C-M-0006-L.21-M1744-4,2024-07-06 11:48:00,band_03,534.547619047619,501.75,2.0,,center,automated_candidate_unverified
C-M-0006-L.21-M1744-4.2024-07-06-11-48.NL5RH,C-M-0006-L.21-M1744-4,2024-07-06 11:48:00,band_04,534.7317073170732,459.2439024390244,3.0,,center,automated_candidate_unverified
C-M-0006-L.21-M1744-4.2024-07-06-11-48.NL5RH,C-M-0006-L.21-M1744-4,2024-07-06 11:48:00,band_05,535.7142857142857,416.5833333333333,4.0,,center,automated_candidate_unverified
C-M-0006-L.21-M1744-4.2024-07-06-11-48.NL5RH,C-M-0006-L.21-M1744-4,2024-07-06 11:48:00,band_06,536.4722222222222,373.77777777777777,5.0,,center,automated_candidate_unverified
C-M-0006-L.21-M1744-4.2024-07-06-11-48.NL5RH,C-M-0006-L.21-M1744-4,2024-07-06 11:48:00,band_07,537.768115942029,330.4347826086956,6.0,,center,automated_candidate_unverified
C-M-0006-L.21-M1744-4.2024-07-06-11-48.NL5RH,C-M-0006-L.21-M1744-4,2024-07-06 11:48:00,band_08,538.983606557377,286.91803278688525,7.0,,center,automated_candidate_unverified
C-M-0006-L.21-M1744-4.2024-07-06-11-48.NL5RH,C-M-0006-L.21-M1744-4,2024-07-06 11:48:00,band_09,540.3166666666667,242.38333333333333,8.0,,center,automated_candidate_unverified
C-M-0006-L.21-M1744-4.2024-07-06-11-48.NL5RH,C-M-0006-L.21-M1744-4,2024-07-06 11:48:00,band_10,542.0,197.45901639344265,9.0,,center,automated_candidate_unverified
C-M-0006-L.21-M1744-4.2024-07-06-11-48.NL5RH,C-M-0006-L.21-M1744-4,2024-07-06 11:48:00,band_11,543.4754098360655,151.8360655737705,10.0,,center,automated_candidate_unverified
C-M-0006-L.21-M1744-4.2024-07-07-11-48.NL5RH,C-M-0006-L.21-M1744-4,2024-07-07 11:48:00,band_01,536.1413043478261,543.4673913043479,0.0,,center,automated_candidate_unverified
C-M-0006-L.21-M1744-4.2024-07-07-11-48.NL5RH,C-M-0006-L.21-M1744-4,2024-07-07 11:48:00,band_02,535.5813953488372,501.7441860465116,1.0,,center,automated_candidate_unverified
C-M-0006-L.21-M1744-4.2024-07-07-11-48.NL5RH,C-M-0006-L.21-M1744-4,2024-07-07 11:48:00,band_03,536.054945054945,459.38461538461536,2.0,,center,automated_candidate_unverified
C-M-0006-L.21-M1744-4.2024-07-07-11-48.NL5RH,C-M-0006-L.21-M1744-4,2024-07-07 11:48:00,band_04,536.5111111111111,416.81111111111113,3.0,,center,automated_candidate_unverified
C-M-0006-L.21-M1744-4.2024-07-07-11-48.NL5RH,C-M-0006-L.21-M1744-4,2024-07-07 11:48:00,band_05,537.6571428571428,373.8857142857143,4.0,,center,automated_candidate_unverified
C-M-0006-L.21-M1744-4.2024-07-07-11-48.NL5RH,C-M-0006-L.21-M1744-4,2024-07-07 11:48:00,band_06,538.7887323943662,330.76056338028167,5.0,,center,automated_candidate_unverified
C-M-0006-L.21-M1744-4.2024-07-07-11-48.NL5RH,C-M-0006-L.21-M1744-4,2024-07-07 11:48:00,band_07,540.3582089552239,287.1641791044776,6.0,,center,automated_candidate_unverified
C-M-0006-L.21-M1744-4.2024-07-07-11-48.NL5RH,C-M-0006-L.21-M1744-4,2024-07-07 11:48:00,band_08,541.7285714285714,242.7142857142857,7.0,,center,automated_candidate_unverified
C-M-0006-L.21-M1744-4.2024-07-07-11-48.NL5RH,C-M-0006-L.21-M1744-4,2024-07-07 11:48:00,band_09,543.1764705882352,197.80882352941177,8.0,,center,automated_candidate_unverified
C-M-0006-L.21-M1744-4.2024-07-07-11-48.NL5RH,C-M-0006-L.21-M1744-4,2024-07-07 11:48:00,band_10,544.6081081081081,152.5810810810811,9.0,,center,automated_candidate_unverified
C-M-0006-L.21-M1744-4.2024-07-08-11-48.NL5RH,C-M-0006-L.21-M1744-4,2024-07-08 11:48:00,band_01,543.3125,667.5,0.0,,center,automated_candidate_unverified
C-M-0006-L.21-M1744-4.2024-07-08-11-48.NL5RH,C-M-0006-L.21-M1744-4,2024-07-08 11:48:00,band_02,537.2584269662922,626.8426966292135,1.0,,center,automated_candidate_unverified
C-M-0006-L.21-M1744-4.2024-07-08-11-48.NL5RH,C-M-0006-L.21-M1744-4,2024-07-08 11:48:00,band_03,533.2307692307693,585.8717948717949,2.0,,center,automated_candidate_unverified
C-M-0006-L.21-M1744-4.2024-07-08-11-48.NL5RH,C-M-0006-L.21-M1744-4,2024-07-08 11:48:00,band_04,536.6805555555555,544.0972222222222,3.0,,center,automated_candidate_unverified
C-M-0006-L.21-M1744-4.2024-07-08-11-48.NL5RH,C-M-0006-L.21-M1744-4,2024-07-08 11:48:00,band_05,536.2058823529412,502.4264705882353,4.0,,center,automated_candidate_unverified
C-M-0006-L.21-M1744-4.2024-07-08-11-48.NL5RH,C-M-0006-L.21-M1744-4,2024-07-08 11:48:00,band_06,536.5857142857143,459.9285714285714,5.0,,center,automated_candidate_unverified
C-M-0006-L.21-M1744-4.2024-07-08-11-48.NL5RH,C-M-0006-L.21-M1744-4,2024-07-08 11:48:00,band_07,537.1506849315068,417.2602739726028,6.0,,center,automated_candidate_unverified
C-M-0006-L.21-M1744-4.2024-07-08-11-48.NL5RH,C-M-0006-L.21-M1744-4,2024-07-08 11:48:00,band_08,538.574074074074,374.2407407407408,7.0,,center,automated_candidate_unverified
C-M-0006-L.21-M1744-4.2024-07-08-11-48.NL5RH,C-M-0006-L.21-M1744-4,2024-07-08 11:48:00,band_09,539.6326530612245,330.9387755102041,8.0,,center,automated_candidate_unverified
C-M-0006-L.21-M1744-4.2024-07-08-11-48.NL5RH,C-M-0006-L.21-M1744-4,2024-07-08 11:48:00,band_10,540.7083333333334,287.1041666666667,9.0,,center,automated_candidate_unverified
C-M-0006-L.21-M1744-4.2024-07-08-11-48.NL5RH,C-M-0006-L.21-M1744-4,2024-07-08 11:48:00,band_11,542.1914893617021,242.5531914893617,10.0,,center,automated_candidate_unverified
C-M-0006-L.21-M1744-4.2024-07-08-11-48.NL5RH,C-M-0006-L.21-M1744-4,2024-07-08 11:48:00,band_12,543.8,197.38,11.0,,center,automated_candidate_unverified
C-M-0006-L.21-M1744-4.2024-07-08-11-48.NL5RH,C-M-0006-L.21-M1744-4,2024-07-08 11:48:00,band_13,545.1914893617021,151.85106382978722,12.0,,center,automated_candidate_unverified
C-M-0006-L.21-M1744-4.2024-07-09-11-49.NL5RH,C-M-0006-L.21-M1744-4,2024-07-09 11:49:00,band_01,542.4404761904761,545.0119047619048,0.0,,center,automated_candidate_unverified
C-M-0006-L.21-M1744-4.2024-07-09-11-49.NL5RH,C-M-0006-L.21-M1744-4,2024-07-09 11:49:00,band_02,542.3734939759037,503.0481927710844,1.0,,center,automated_candidate_unverified
C-M-0006-L.21-M1744-4.2024-07-09-11-49.NL5RH,C-M-0006-L.21-M1744-4,2024-07-09 11:49:00,band_03,542.4888888888889,460.56666666666666,2.0,,center,automated_candidate_unverified
C-M-0006-L.21-M1744-4.2024-07-09-11-49.NL5RH,C-M-0006-L.21-M1744-4,2024-07-09 11:49:00,band_04,543.5483870967741,417.61290322580646,3.0,,center,automated_candidate_unverified
C-M-0006-L.21-M1744-4.2024-07-09-11-49.NL5RH,C-M-0006-L.21-M1744-4,2024-07-09 11:49:00,band_05,544.320987654321,374.75308641975306,4.0,,center,automated_candidate_unverified
C-M-0006-L.21-M1744-4.2024-07-09-11-49.NL5RH,C-M-0006-L.21-M1744-4,2024-07-09 11:49:00,band_06,545.7951807228916,331.4096385542169,5.0,,center,automated_candidate_unverified
C-M-0006-L.21-M1744-4.2024-07-09-11-49.NL5RH,C-M-0006-L.21-M1744-4,2024-07-09 11:49:00,band_07,547.109756097561,287.5731707317073,6.0,,center,automated_candidate_unverified
C-M-0006-L.21-M1744-4.2024-07-09-11-49.NL5RH,C-M-0006-L.21-M1744-4,2024-07-09 11:49:00,band_08,548.8313253012049,242.55421686746988,7.0,,center,automated_candidate_unverified
C-M-0006-L.21-M1744-4.2024-07-09-11-49.NL5RH,C-M-0006-L.21-M1744-4,2024-07-09 11:49:00,band_09,550.277108433735,197.65060240963857,8.0,,center,automated_candidate_unverified
C-M-0006-L.21-M1744-4.2024-07-09-11-49.NL5RH,C-M-0006-L.21-M1744-4,2024-07-09 11:49:00,band_10,552.4155844155844,151.6103896103896,9.0,,center,automated_candidate_unverified
C-M-0006-L.21-M1744-4.2024-07-10-11-49.NL5RH,C-M-0006-L.21-M1744-4,2024-07-10 11:49:00,band_01,536.4,543.3777777777777,0.0,,center,automated_candidate_unverified
C-M-0006-L.21-M1744-4.2024-07-10-11-49.NL5RH,C-M-0006-L.21-M1744-4,2024-07-10 11:49:00,band_02,536.0786516853933,501.7640449438202,1.0,,center,automated_candidate_unverified
C-M-0006-L.21-M1744-4.2024-07-10-11-49.NL5RH,C-M-0006-L.21-M1744-4,2024-07-10 11:49:00,band_03,536.3690476190476,459.25,2.0,,center,automated_candidate_unverified
C-M-0006-L.21-M1744-4.2024-07-10-11-49.NL5RH,C-M-0006-L.21-M1744-4,2024-07-10 11:49:00,band_04,537.0117647058823,416.6823529411765,3.0,,center,automated_candidate_unverified
C-M-0006-L.21-M1744-4.2024-07-10-11-49.NL5RH,C-M-0006-L.21-M1744-4,2024-07-10 11:49:00,band_05,537.9756097560976,373.6707317073171,4.0,,center,automated_candidate_unverified
C-M-0006-L.21-M1744-4.2024-07-10-11-49.NL5RH,C-M-0006-L.21-M1744-4,2024-07-10 11:49:00,band_06,539.0493827160494,330.5432098765432,5.0,,center,automated_candidate_unverified
C-M-0006-L.21-M1744-4.2024-07-10-11-49.NL5RH,C-M-0006-L.21-M1744-4,2024-07-10 11:49:00,band_07,540.367088607595,286.72151898734177,6.0,,center,automated_candidate_unverified
C-M-0006-L.21-M1744-4.2024-07-10-11-49.NL5RH,C-M-0006-L.21-M1744-4,2024-07-10 11:49:00,band_08,541.7123287671233,242.35616438356163,7.0,,center,automated_candidate_unverified
C-M-0006-L.21-M1744-4.2024-07-10-11-49.NL5RH,C-M-0006-L.21-M1744-4,2024-07-10 11:49:00,band_09,542.9880952380952,197.58333333333331,8.0,,center,automated_candidate_unverified
C-M-0006-L.21-M1744-4.2024-07-10-11-49.NL5RH,C-M-0006-L.21-M1744-4,2024-07-10 11:49:00,band_10,544.7083333333334,151.65277777777777,9.0,,center,automated_candidate_unverified
C-M-0006-L.21-M1744-4.2024-07-11-11-54.NL5RH,C-M-0006-L.21-M1744-4,2024-07-11 11:54:00,band_01,520.4,586.0,0.0,,center,automated_candidate_unverified
C-M-0006-L.21-M1744-4.2024-07-11-11-54.NL5RH,C-M-0006-L.21-M1744-4,2024-07-11 11:54:00,band_02,534.4069767441861,543.8023255813954,1.0,,center,automated_candidate_unverified
C-M-0006-L.21-M1744-4.2024-07-11-11-54.NL5RH,C-M-0006-L.21-M1744-4,2024-07-11 11:54:00,band_03,534.0657894736842,502.0394736842105,2.0,,center,automated_candidate_unverified
C-M-0006-L.21-M1744-4.2024-07-11-11-54.NL5RH,C-M-0006-L.21-M1744-4,2024-07-11 11:54:00,band_04,534.375,459.5,3.0,,center,automated_candidate_unverified
C-M-0006-L.21-M1744-4.2024-07-11-11-54.NL5RH,C-M-0006-L.21-M1744-4,2024-07-11 11:54:00,band_05,535.1232876712329,416.7260273972603,4.0,,center,automated_candidate_unverified
C-M-0006-L.21-M1744-4.2024-07-11-11-54.NL5RH,C-M-0006-L.21-M1744-4,2024-07-11 11:54:00,band_06,535.8030303030303,373.8636363636364,5.0,,center,automated_candidate_unverified
C-M-0006-L.21-M1744-4.2024-07-11-11-54.NL5RH,C-M-0006-L.21-M1744-4,2024-07-11 11:54:00,band_07,537.2033898305085,330.3050847457627,6.0,,center,automated_candidate_unverified
C-M-0006-L.21-M1744-4.2024-07-11-11-54.NL5RH,C-M-0006-L.21-M1744-4,2024-07-11 11:54:00,band_08,538.9649122807018,286.43859649122805,7.0,,center,automated_candidate_unverified
C-M-0006-L.21-M1744-4.2024-07-11-11-54.NL5RH,C-M-0006-L.21-M1744-4,2024-07-11 11:54:00,band_09,540.1428571428571,241.94642857142856,8.0,,center,automated_candidate_unverified
C-M-0006-L.21-M1744-4.2024-07-11-11-54.NL5RH,C-M-0006-L.21-M1744-4,2024-07-11 11:54:00,band_10,541.7678571428571,196.6071428571429,9.0,,center,automated_candidate_unverified
C-M-0006-L.21-M1744-4.2024-07-11-11-54.NL5RH,C-M-0006-L.21-M1744-4,2024-07-11 11:54:00,band_11,543.6071428571429,150.98214285714286,10.0,,center,automated_candidate_unverified
C-M-0006-L.21-M1744-4.2024-07-12-11-54.NL5RH,C-M-0006-L.21-M1744-4,2024-07-12 11:54:00,band_01,529.1400778210117,584.4085603112841,0.0,,center,automated_candidate_unverified
C-M-0006-L.21-M1744-4.2024-07-12-11-54.NL5RH,C-M-0006-L.21-M1744-4,2024-07-12 11:54:00,band_02,540.0697674418604,544.4302325581396,1.0,,center,automated_candidate_unverified
C-M-0006-L.21-M1744-4.2024-07-12-11-54.NL5RH,C-M-0006-L.21-M1744-4,2024-07-12 11:54:00,band_03,539.5061728395061,502.679012345679,2.0,,center,automated_candidate_unverified
C-M-0006-L.21-M1744-4.2024-07-12-11-54.NL5RH,C-M-0006-L.21-M1744-4,2024-07-12 11:54:00,band_04,539.3717948717949,460.06410256410254,3.0,,center,automated_candidate_unverified
C-M-0006-L.21-M1744-4.2024-07-12-11-54.NL5RH,C-M-0006-L.21-M1744-4,2024-07-12 11:54:00,band_05,540.1891891891892,417.3108108108109,4.0,,center,automated_candidate_unverified
C-M-0006-L.21-M1744-4.2024-07-12-11-54.NL5RH,C-M-0006-L.21-M1744-4,2024-07-12 11:54:00,band_06,541.15625,374.5,5.0,,center,automated_candidate_unverified
C-M-0006-L.21-M1744-4.2024-07-12-11-54.NL5RH,C-M-0006-L.21-M1744-4,2024-07-12 11:54:00,band_07,542.1311475409836,331.0,6.0,,center,automated_candidate_unverified
C-M-0006-L.21-M1744-4.2024-07-12-11-54.NL5RH,C-M-0006-L.21-M1744-4,2024-07-12 11:54:00,band_08,543.8666666666667,287.1666666666667,7.0,,center,automated_candidate_unverified
C-M-0006-L.21-M1744-4.2024-07-12-11-54.NL5RH,C-M-0006-L.21-M1744-4,2024-07-12 11:54:00,band_09,545.2054794520548,242.5205479452055,8.0,,center,automated_candidate_unverified
C-M-0006-L.21-M1744-4.2024-07-12-11-54.NL5RH,C-M-0006-L.21-M1744-4,2024-07-12 11:54:00,band_10,546.6949152542373,197.3728813559322,9.0,,center,automated_candidate_unverified
C-M-0006-L.21-M1744-4.2024-07-12-11-54.NL5RH,C-M-0006-L.21-M1744-4,2024-07-12 11:54:00,band_11,548.1111111111111,151.76190476190476,10.0,,center,automated_candidate_unverified
C-M-0006-L.21-M1744-4.2024-07-13-11-55.NL5RH,C-M-0006-L.21-M1744-4,2024-07-13 11:55:00,band_01,517.1229050279329,581.3296089385475,0.0,,center,automated_candidate_unverified
C-M-0006-L.21-M1744-4.2024-07-13-11-55.NL5RH,C-M-0006-L.21-M1744-4,2024-07-13 11:55:00,band_02,526.2209302325581,542.2441860465116,1.0,,center,automated_candidate_unverified
C-M-0006-L.21-M1744-4.2024-07-13-11-55.NL5RH,C-M-0006-L.21-M1744-4,2024-07-13 11:55:00,band_03,525.2820512820513,500.5,2.0,,center,automated_candidate_unverified
C-M-0006-L.21-M1744-4.2024-07-13-11-55.NL5RH,C-M-0006-L.21-M1744-4,2024-07-13 11:55:00,band_04,525.0675675675676,457.9594594594595,3.0,,center,automated_candidate_unverified
C-M-0006-L.21-M1744-4.2024-07-13-11-55.NL5RH,C-M-0006-L.21-M1744-4,2024-07-13 11:55:00,band_05,526.0128205128206,415.3205128205128,4.0,,center,automated_candidate_unverified
C-M-0006-L.21-M1744-4.2024-07-13-11-55.NL5RH,C-M-0006-L.21-M1744-4,2024-07-13 11:55:00,band_06,526.7205882352941,372.5882352941176,5.0,,center,automated_candidate_unverified
C-M-0006-L.21-M1744-4.2024-07-13-11-55.NL5RH,C-M-0006-L.21-M1744-4,2024-07-13 11:55:00,band_07,527.8524590163935,329.08196721311475,6.0,,center,automated_candidate_unverified
C-M-0006-L.21-M1744-4.2024-07-13-11-55.NL5RH,C-M-0006-L.21-M1744-4,2024-07-13 11:55:00,band_08,529.1333333333333,285.26666666666665,7.0,,center,automated_candidate_unverified
C-M-0006-L.21-M1744-4.2024-07-13-11-55.NL5RH,C-M-0006-L.21-M1744-4,2024-07-13 11:55:00,band_09,530.1129032258065,240.82258064516128,8.0,,center,automated_candidate_unverified
C-M-0006-L.21-M1744-4.2024-07-13-11-55.NL5RH,C-M-0006-L.21-M1744-4,2024-07-13 11:55:00,band_10,531.6491228070175,195.7894736842105,9.0,,center,automated_candidate_unverified
C-M-0006-L.21-M1744-4.2024-07-13-11-55.NL5RH,C-M-0006-L.21-M1744-4,2024-07-13 11:55:00,band_11,533.1228070175439,150.08771929824562,10.0,,center,automated_candidate_unverified
C-M-0006-L.21-M1744-4.2024-07-14-11-55.NL5RH,C-M-0006-L.21-M1744-4,2024-07-14 11:55:00,band_01,535.8571428571429,585.5054945054945,0.0,,center,automated_candidate_unverified
C-M-0006-L.21-M1744-4.2024-07-14-11-55.NL5RH,C-M-0006-L.21-M1744-4,2024-07-14 11:55:00,band_02,535.3253012048193,544.1325301204819,1.0,,center,automated_candidate_unverified
C-M-0006-L.21-M1744-4.2024-07-14-11-55.NL5RH,C-M-0006-L.21-M1744-4,2024-07-14 11:55:00,band_03,534.7088607594936,502.0,2.0,,center,automated_candidate_unverified
C-M-0006-L.21-M1744-4.2024-07-14-11-55.NL5RH,C-M-0006-L.21-M1744-4,2024-07-14 11:55:00,band_04,535.2179487179487,459.5897435897436,3.0,,center,automated_candidate_unverified
C-M-0006-L.21-M1744-4.2024-07-14-11-55.NL5RH,C-M-0006-L.21-M1744-4,2024-07-14 11:55:00,band_05,535.5925925925926,416.8518518518519,4.0,,center,automated_candidate_unverified
C-M-0006-L.21-M1744-4.2024-07-14-11-55.NL5RH,C-M-0006-L.21-M1744-4,2024-07-14 11:55:00,band_06,536.6285714285714,373.7857142857143,5.0,,center,automated_candidate_unverified
C-M-0006-L.21-M1744-4.2024-07-14-11-55.NL5RH,C-M-0006-L.21-M1744-4,2024-07-14 11:55:00,band_07,537.9846153846154,330.3384615384616,6.0,,center,automated_candidate_unverified
C-M-0006-L.21-M1744-4.2024-07-14-11-55.NL5RH,C-M-0006-L.21-M1744-4,2024-07-14 11:55:00,band_08,539.15625,286.5,7.0,,center,automated_candidate_unverified
C-M-0006-L.21-M1744-4.2024-07-14-11-55.NL5RH,C-M-0006-L.21-M1744-4,2024-07-14 11:55:00,band_09,540.4776119402985,241.6716417910448,8.0,,center,automated_candidate_unverified
C-M-0006-L.21-M1744-4.2024-07-14-11-55.NL5RH,C-M-0006-L.21-M1744-4,2024-07-14 11:55:00,band_10,542.0333333333333,196.4833333333333,9.0,,center,automated_candidate_unverified
C-M-0006-L.21-M1744-4.2024-07-14-11-55.NL5RH,C-M-0006-L.21-M1744-4,2024-07-14 11:55:00,band_11,543.7068965517242,150.60344827586206,10.0,,center,automated_candidate_unverified
C-M-0006-L.21-M1744-4.2024-07-15-11-34.NL5RH,C-M-0006-L.21-M1744-4,2024-07-15 11:34:00,band_01,538.2954545454545,586.8068181818181,0.0,,center,automated_candidate_unverified
C-M-0006-L.21-M1744-4.2024-07-15-11-34.NL5RH,C-M-0006-L.21-M1744-4,2024-07-15 11:34:00,band_02,537.9239130434783,545.2282608695652,1.0,,center,automated_candidate_unverified
C-M-0006-L.21-M1744-4.2024-07-15-11-34.NL5RH,C-M-0006-L.21-M1744-4,2024-07-15 11:34:00,band_03,537.5604395604396,503.3076923076923,2.0,,center,automated_candidate_unverified
C-M-0006-L.21-M1744-4.2024-07-15-11-34.NL5RH,C-M-0006-L.21-M1744-4,2024-07-15 11:34:00,band_04,537.5238095238095,460.8333333333333,3.0,,center,automated_candidate_unverified
C-M-0006-L.21-M1744-4.2024-07-15-11-34.NL5RH,C-M-0006-L.21-M1744-4,2024-07-15 11:34:00,band_05,538.5061728395061,417.9506172839506,4.0,,center,automated_candidate_unverified
C-M-0006-L.21-M1744-4.2024-07-15-11-34.NL5RH,C-M-0006-L.21-M1744-4,2024-07-15 11:34:00,band_06,539.1315789473684,374.9473684210527,5.0,,center,automated_candidate_unverified
C-M-0006-L.21-M1744-4.2024-07-15-11-34.NL5RH,C-M-0006-L.21-M1744-4,2024-07-15 11:34:00,band_07,540.7012987012987,331.3766233766234,6.0,,center,automated_candidate_unverified
C-M-0006-L.21-M1744-4.2024-07-15-11-34.NL5RH,C-M-0006-L.21-M1744-4,2024-07-15 11:34:00,band_08,542.075,287.5125,7.0,,center,automated_candidate_unverified
C-M-0006-L.21-M1744-4.2024-07-15-11-34.NL5RH,C-M-0006-L.21-M1744-4,2024-07-15 11:34:00,band_09,543.1666666666666,242.5897435897436,8.0,,center,automated_candidate_unverified
C-M-0006-L.21-M1744-4.2024-07-15-11-34.NL5RH,C-M-0006-L.21-M1744-4,2024-07-15 11:34:00,band_10,544.8450704225352,197.45070422535213,9.0,,center,automated_candidate_unverified
C-M-0006-L.21-M1744-4.2024-07-15-11-34.NL5RH,C-M-0006-L.21-M1744-4,2024-07-15 11:34:00,band_11,546.5479452054794,151.54794520547946,10.0,,center,automated_candidate_unverified
C-M-0006-L.21-M1744-4.2024-07-16-11-33.NL5RH,C-M-0006-L.21-M1744-4,2024-07-16 11:33:00,band_01,535.453125,624.796875,0.0,,center,automated_candidate_unverified
C-M-0006-L.21-M1744-4.2024-07-16-11-33.NL5RH,C-M-0006-L.21-M1744-4,2024-07-16 11:33:00,band_02,540.4366197183099,581.3333333333334,1.0,,center,automated_candidate_unverified
C-M-0006-L.21-M1744-4.2024-07-16-11-33.NL5RH,C-M-0006-L.21-M1744-4,2024-07-16 11:33:00,band_03,541.8594771241831,549.5228758169935,2.0,,center,automated_candidate_unverified
C-M-0006-L.21-M1744-4.2024-07-16-11-33.NL5RH,C-M-0006-L.21-M1744-4,2024-07-16 11:33:00,band_04,535.5142857142857,501.32380952380953,3.0,,center,automated_candidate_unverified
C-M-0006-L.21-M1744-4.2024-07-16-11-33.NL5RH,C-M-0006-L.21-M1744-4,2024-07-16 11:33:00,band_05,535.2857142857143,459.05102040816325,4.0,,center,automated_candidate_unverified
C-M-0006-L.21-M1744-4.2024-07-16-11-33.NL5RH,C-M-0006-L.21-M1744-4,2024-07-16 11:33:00,band_06,535.8969072164948,416.3917525773196,5.0,,center,automated_candidate_unverified
C-M-0006-L.21-M1744-4.2024-07-16-11-33.NL5RH,C-M-0006-L.21-M1744-4,2024-07-16 11:33:00,band_07,536.4605263157895,373.4868421052632,6.0,,center,automated_candidate_unverified
C-M-0006-L.21-M1744-4.2024-07-16-11-33.NL5RH,C-M-0006-L.21-M1744-4,2024-07-16 11:33:00,band_08,537.6117647058824,329.8705882352941,7.0,,center,automated_candidate_unverified
C-M-0006-L.21-M1744-4.2024-07-16-11-33.NL5RH,C-M-0006-L.21-M1744-4,2024-07-16 11:33:00,band_09,539.1341463414634,286.109756097561,8.0,,center,automated_candidate_unverified
C-M-0006-L.21-M1744-4.2024-07-16-11-33.NL5RH,C-M-0006-L.21-M1744-4,2024-07-16 11:33:00,band_10,540.6489361702128,241.74468085106383,9.0,,center,automated_candidate_unverified
C-M-0006-L.21-M1744-4.2024-07-16-11-33.NL5RH,C-M-0006-L.21-M1744-4,2024-07-16 11:33:00,band_11,542.2371134020618,196.2164948453608,10.0,,center,automated_candidate_unverified
C-M-0006-L.21-M1744-4.2024-07-16-11-33.NL5RH,C-M-0006-L.21-M1744-4,2024-07-16 11:33:00,band_12,543.629213483146,150.67415730337078,11.0,,center,automated_candidate_unverified
C-M-0006-L.21-M1744-4.2024-07-17-11-33.NL5RH,C-M-0006-L.21-M1744-4,2024-07-17 11:33:00,band_01,534.6818181818181,543.3181818181819,0.0,,center,automated_candidate_unverified
C-M-0006-L.21-M1744-4.2024-07-17-11-33.NL5RH,C-M-0006-L.21-M1744-4,2024-07-17 11:33:00,band_02,538.8205128205128,501.78205128205127,1.0,,center,automated_candidate_unverified
C-M-0006-L.21-M1744-4.2024-07-17-11-33.NL5RH,C-M-0006-L.21-M1744-4,2024-07-17 11:33:00,band_03,538.6621621621622,459.1756756756757,2.0,,center,automated_candidate_unverified
C-M-0006-L.21-M1744-4.2024-07-17-11-33.NL5RH,C-M-0006-L.21-M1744-4,2024-07-17 11:33:00,band_04,539.2666666666667,416.4533333333333,3.0,,center,automated_candidate_unverified
C-M-0006-L.21-M1744-4.2024-07-17-11-33.NL5RH,C-M-0006-L.21-M1744-4,2024-07-17 11:33:00,band_05,540.3770491803278,373.4262295081968,4.0,,center,automated_candidate_unverified
C-M-0006-L.21-M1744-4.2024-07-17-11-33.NL5RH,C-M-0006-L.21-M1744-4,2024-07-17 11:33:00,band_06,541.7777777777778,329.7407407407408,5.0,,center,automated_candidate_unverified
C-M-0006-L.21-M1744-4.2024-07-17-11-33.NL5RH,C-M-0006-L.21-M1744-4,2024-07-17 11:33:00,band_07,543.1228070175439,285.7719298245614,6.0,,center,automated_candidate_unverified
C-M-0006-L.21-M1744-4.2024-07-17-11-33.NL5RH,C-M-0006-L.21-M1744-4,2024-07-17 11:33:00,band_08,543.96,241.02,7.0,,center,automated_candidate_unverified
C-M-0006-L.21-M1744-4.2024-07-17-11-33.NL5RH,C-M-0006-L.21-M1744-4,2024-07-17 11:33:00,band_09,545.7924528301887,195.43396226415092,8.0,,center,automated_candidate_unverified
C-M-0006-L.21-M1744-4.2024-07-17-11-33.NL5RH,C-M-0006-L.21-M1744-4,2024-07-17 11:33:00,band_10,546.9814814814815,149.27777777777777,9.0,,center,automated_candidate_unverified
C-M-0006-L.21-M1744-4.2024-07-18-11-33.NL5RH,C-M-0006-L.21-M1744-4,2024-07-18 11:33:00,band_01,531.7333333333333,583.5333333333333,0.0,,center,automated_candidate_unverified
C-M-0006-L.21-M1744-4.2024-07-18-11-33.NL5RH,C-M-0006-L.21-M1744-4,2024-07-18 11:33:00,band_02,532.5,542.0,1.0,,center,automated_candidate_unverified
C-M-0006-L.21-M1744-4.2024-07-18-11-33.NL5RH,C-M-0006-L.21-M1744-4,2024-07-18 11:33:00,band_03,536.7333333333333,501.3333333333333,2.0,,center,automated_candidate_unverified
C-M-0006-L.21-M1744-4.2024-07-18-11-33.NL5RH,C-M-0006-L.21-M1744-4,2024-07-18 11:33:00,band_04,536.829268292683,459.0243902439024,3.0,,center,automated_candidate_unverified
C-M-0006-L.21-M1744-4.2024-07-18-11-33.NL5RH,C-M-0006-L.21-M1744-4,2024-07-18 11:33:00,band_05,537.4691358024692,416.0864197530864,4.0,,center,automated_candidate_unverified
C-M-0006-L.21-M1744-4.2024-07-18-11-33.NL5RH,C-M-0006-L.21-M1744-4,2024-07-18 11:33:00,band_06,538.2739726027397,372.958904109589,5.0,,center,automated_candidate_unverified
C-M-0006-L.21-M1744-4.2024-07-18-11-33.NL5RH,C-M-0006-L.21-M1744-4,2024-07-18 11:33:00,band_07,539.3176470588236,329.3058823529412,6.0,,center,automated_candidate_unverified
C-M-0006-L.21-M1744-4.2024-07-18-11-33.NL5RH,C-M-0006-L.21-M1744-4,2024-07-18 11:33:00,band_08,539.972972972973,285.5135135135135,7.0,,center,automated_candidate_unverified
C-M-0006-L.21-M1744-4.2024-07-18-11-33.NL5RH,C-M-0006-L.21-M1744-4,2024-07-18 11:33:00,band_09,541.728813559322,240.5593220338983,8.0,,center,automated_candidate_unverified
C-M-0006-L.21-M1744-4.2024-07-18-11-33.NL5RH,C-M-0006-L.21-M1744-4,2024-07-18 11:33:00,band_10,543.1129032258065,195.2741935483871,9.0,,center,automated_candidate_unverified
C-M-0006-L.21-M1744-4.2024-07-18-11-33.NL5RH,C-M-0006-L.21-M1744-4,2024-07-18 11:33:00,band_11,544.3376623376623,149.19480519480518,10.0,,center,automated_candidate_unverified
C-M-0006-L.21-M1744-4.2024-07-19-11-35.NL5RH,C-M-0006-L.21-M1744-4,2024-07-19 11:35:00,band_01,540.5,747.8888888888889,0.0,,center,automated_candidate_unverified
C-M-0006-L.21-M1744-4.2024-07-19-11-35.NL5RH,C-M-0006-L.21-M1744-4,2024-07-19 11:35:00,band_02,545.75,696.8333333333334,1.0,,center,automated_candidate_unverified
C-M-0006-L.21-M1744-4.2024-07-19-11-35.NL5RH,C-M-0006-L.21-M1744-4,2024-07-19 11:35:00,band_03,546.5555555555555,637.3333333333334,2.0,,center,automated_candidate_unverified
C-M-0006-L.21-M1744-4.2024-07-19-11-35.NL5RH,C-M-0006-L.21-M1744-4,2024-07-19 11:35:00,band_04,536.9310344827586,584.4137931034483,3.0,,center,automated_candidate_unverified
C-M-0006-L.21-M1744-4.2024-07-19-11-35.NL5RH,C-M-0006-L.21-M1744-4,2024-07-19 11:35:00,band_05,534.2432432432432,543.3108108108108,4.0,,center,automated_candidate_unverified
C-M-0006-L.21-M1744-4.2024-07-19-11-35.NL5RH,C-M-0006-L.21-M1744-4,2024-07-19 11:35:00,band_06,533.3116883116883,501.7272727272728,5.0,,center,automated_candidate_unverified
C-M-0006-L.21-M1744-4.2024-07-19-11-35.NL5RH,C-M-0006-L.21-M1744-4,2024-07-19 11:35:00,band_07,533.6578947368421,459.1578947368421,6.0,,center,automated_candidate_unverified
C-M-0006-L.21-M1744-4.2024-07-19-11-35.NL5RH,C-M-0006-L.21-M1744-4,2024-07-19 11:35:00,band_08,534.1617647058823,416.5882352941176,7.0,,center,automated_candidate_unverified
C-M-0006-L.21-M1744-4.2024-07-19-11-35.NL5RH,C-M-0006-L.21-M1744-4,2024-07-19 11:35:00,band_09,535.1428571428571,373.7142857142857,8.0,,center,automated_candidate_unverified
C-M-0006-L.21-M1744-4.2024-07-19-11-35.NL5RH,C-M-0006-L.21-M1744-4,2024-07-19 11:35:00,band_10,535.84,330.1,9.0,,center,automated_candidate_unverified
C-M-0006-L.21-M1744-4.2024-07-19-11-35.NL5RH,C-M-0006-L.21-M1744-4,2024-07-19 11:35:00,band_11,537.1346153846154,286.2692307692308,10.0,,center,automated_candidate_unverified
C-M-0006-L.21-M1744-4.2024-07-19-11-35.NL5RH,C-M-0006-L.21-M1744-4,2024-07-19 11:35:00,band_12,538.3404255319149,241.61702127659572,11.0,,center,automated_candidate_unverified
C-M-0006-L.21-M1744-4.2024-07-19-11-35.NL5RH,C-M-0006-L.21-M1744-4,2024-07-19 11:35:00,band_13,539.8039215686274,196.4313725490196,12.0,,center,automated_candidate_unverified
C-M-0006-L.21-M1744-4.2024-07-19-11-35.NL5RH,C-M-0006-L.21-M1744-4,2024-07-19 11:35:00,band_14,541.0208333333334,150.47916666666666,13.0,,center,automated_candidate_unverified
C-M-0006-L.21-M1744-4.2024-07-20-11-34.NL5RH,C-M-0006-L.21-M1744-4,2024-07-20 11:34:00,band_01,534.040404040404,502.4646464646465,0.0,,center,automated_candidate_unverified
C-M-0006-L.21-M1744-4.2024-07-20-11-34.NL5RH,C-M-0006-L.21-M1744-4,2024-07-20 11:34:00,band_02,533.8333333333334,460.15625,1.0,,center,automated_candidate_unverified
C-M-0006-L.21-M1744-4.2024-07-20-11-34.NL5RH,C-M-0006-L.21-M1744-4,2024-07-20 11:34:00,band_03,534.75,417.4791666666667,2.0,,center,automated_candidate_unverified
C-M-0006-L.21-M1744-4.2024-07-20-11-34.NL5RH,C-M-0006-L.21-M1744-4,2024-07-20 11:34:00,band_04,535.5,374.6,3.0,,center,automated_candidate_unverified
C-M-0006-L.21-M1744-4.2024-07-20-11-34.NL5RH,C-M-0006-L.21-M1744-4,2024-07-20 11:34:00,band_05,536.5679012345679,331.4567901234568,4.0,,center,automated_candidate_unverified
C-M-0006-L.21-M1744-4.2024-07-20-11-34.NL5RH,C-M-0006-L.21-M1744-4,2024-07-20 11:34:00,band_06,538.2564102564103,287.56410256410254,5.0,,center,automated_candidate_unverified
C-M-0006-L.21-M1744-4.2024-07-20-11-34.NL5RH,C-M-0006-L.21-M1744-4,2024-07-20 11:34:00,band_07,539.55,243.0,6.0,,center,automated_candidate_unverified
C-M-0006-L.21-M1744-4.2024-07-20-11-34.NL5RH,C-M-0006-L.21-M1744-4,2024-07-20 11:34:00,band_08,541.329268292683,197.8170731707317,7.0,,center,automated_candidate_unverified
C-M-0006-L.21-M1744-4.2024-07-20-11-34.NL5RH,C-M-0006-L.21-M1744-4,2024-07-20 11:34:00,band_09,542.6428571428571,152.27380952380952,8.0,,center,automated_candidate_unverified
C-M-0006-L.21-M1744-4.2024-07-21-11-34.NL5RH,C-M-0006-L.21-M1744-4,2024-07-21 11:34:00,band_01,538.3870967741935,501.64516129032256,0.0,,center,automated_candidate_unverified
C-M-0006-L.21-M1744-4.2024-07-21-11-34.NL5RH,C-M-0006-L.21-M1744-4,2024-07-21 11:34:00,band_02,535.8461538461538,459.45054945054943,1.0,,center,automated_candidate_unverified
C-M-0006-L.21-M1744-4.2024-07-21-11-34.NL5RH,C-M-0006-L.21-M1744-4,2024-07-21 11:34:00,band_03,536.6162790697674,416.8255813953488,2.0,,center,automated_candidate_unverified
C-M-0006-L.21-M1744-4.2024-07-21-11-34.NL5RH,C-M-0006-L.21-M1744-4,2024-07-21 11:34:00,band_04,536.9047619047619,373.8333333333333,3.0,,center,automated_candidate_unverified
C-M-0006-L.21-M1744-4.2024-07-21-11-34.NL5RH,C-M-0006-L.21-M1744-4,2024-07-21 11:34:00,band_05,538.6470588235294,330.3176470588235,4.0,,center,automated_candidate_unverified
C-M-0006-L.21-M1744-4.2024-07-21-11-34.NL5RH,C-M-0006-L.21-M1744-4,2024-07-21 11:34:00,band_06,539.2592592592592,286.61728395061726,5.0,,center,automated_candidate_unverified
C-M-0006-L.21-M1744-4.2024-07-21-11-34.NL5RH,C-M-0006-L.21-M1744-4,2024-07-21 11:34:00,band_07,541.0853658536586,241.65853658536585,6.0,,center,automated_candidate_unverified
C-M-0006-L.21-M1744-4.2024-07-21-11-34.NL5RH,C-M-0006-L.21-M1744-4,2024-07-21 11:34:00,band_08,542.76,196.52,7.0,,center,automated_candidate_unverified
C-M-0006-L.21-M1744-4.2024-07-21-11-34.NL5RH,C-M-0006-L.21-M1744-4,2024-07-21 11:34:00,band_09,544.2142857142857,150.45238095238096,8.0,,center,automated_candidate_unverified
C-M-0006-L.21-M1744-4.2024-07-22-11-35.NL5RH,C-M-0006-L.21-M1744-4,2024-07-22 11:35:00,band_01,538.302752293578,502.1559633027523,0.0,,center,automated_candidate_unverified
C-M-0006-L.21-M1744-4.2024-07-22-11-35.NL5RH,C-M-0006-L.21-M1744-4,2024-07-22 11:35:00,band_02,537.6285714285714,459.6190476190476,1.0,,center,automated_candidate_unverified
C-M-0006-L.21-M1744-4.2024-07-22-11-35.NL5RH,C-M-0006-L.21-M1744-4,2024-07-22 11:35:00,band_03,538.7906976744187,416.48837209302326,2.0,,center,automated_candidate_unverified
C-M-0006-L.21-M1744-4.2024-07-22-11-35.NL5RH,C-M-0006-L.21-M1744-4,2024-07-22 11:35:00,band_04,539.304347826087,373.6666666666667,3.0,,center,automated_candidate_unverified
C-M-0006-L.21-M1744-4.2024-07-22-11-35.NL5RH,C-M-0006-L.21-M1744-4,2024-07-22 11:35:00,band_05,539.7936507936508,330.1904761904762,4.0,,center,automated_candidate_unverified
C-M-0006-L.21-M1744-4.2024-07-22-11-35.NL5RH,C-M-0006-L.21-M1744-4,2024-07-22 11:35:00,band_06,541.5846153846154,286.2153846153846,5.0,,center,automated_candidate_unverified
C-M-0006-L.21-M1744-4.2024-07-22-11-35.NL5RH,C-M-0006-L.21-M1744-4,2024-07-22 11:35:00,band_07,542.9855072463768,241.2608695652174,6.0,,center,automated_candidate_unverified
C-M-0006-L.21-M1744-4.2024-07-22-11-35.NL5RH,C-M-0006-L.21-M1744-4,2024-07-22 11:35:00,band_08,544.3421052631579,195.97368421052636,7.0,,center,automated_candidate_unverified
C-M-0006-L.21-M1744-4.2024-07-22-11-35.NL5RH,C-M-0006-L.21-M1744-4,2024-07-22 11:35:00,band_09,546.0649350649351,150.12987012987014,8.0,,center,automated_candidate_unverified
C-M-0006-L.21-M1744-4.2024-07-23-11-56.NL5RH,C-M-0006-L.21-M1744-4,2024-07-23 11:56:00,band_01,538.6486486486486,544.5675675675676,0.0,,center,automated_candidate_unverified
C-M-0006-L.21-M1744-4.2024-07-23-11-56.NL5RH,C-M-0006-L.21-M1744-4,2024-07-23 11:56:00,band_02,534.7058823529412,502.0882352941176,1.0,,center,automated_candidate_unverified
C-M-0006-L.21-M1744-4.2024-07-23-11-56.NL5RH,C-M-0006-L.21-M1744-4,2024-07-23 11:56:00,band_03,534.92,459.50666666666666,2.0,,center,automated_candidate_unverified
C-M-0006-L.21-M1744-4.2024-07-23-11-56.NL5RH,C-M-0006-L.21-M1744-4,2024-07-23 11:56:00,band_04,536.9782608695652,416.6304347826087,3.0,,center,automated_candidate_unverified
C-M-0006-L.21-M1744-4.2024-07-23-11-56.NL5RH,C-M-0006-L.21-M1744-4,2024-07-23 11:56:00,band_05,537.9157894736842,373.6105263157895,4.0,,center,automated_candidate_unverified
C-M-0006-L.21-M1744-4.2024-07-23-11-56.NL5RH,C-M-0006-L.21-M1744-4,2024-07-23 11:56:00,band_06,538.5454545454545,330.40909090909093,5.0,,center,automated_candidate_unverified
C-M-0006-L.21-M1744-4.2024-07-23-11-56.NL5RH,C-M-0006-L.21-M1744-4,2024-07-23 11:56:00,band_07,540.0243902439024,286.3292682926829,6.0,,center,automated_candidate_unverified
C-M-0006-L.21-M1744-4.2024-07-23-11-56.NL5RH,C-M-0006-L.21-M1744-4,2024-07-23 11:56:00,band_08,541.2941176470588,241.57647058823528,7.0,,center,automated_candidate_unverified
C-M-0006-L.21-M1744-4.2024-07-23-11-56.NL5RH,C-M-0006-L.21-M1744-4,2024-07-23 11:56:00,band_09,543.0,196.1764705882353,8.0,,center,automated_candidate_unverified
C-M-0006-L.21-M1744-4.2024-07-23-11-56.NL5RH,C-M-0006-L.21-M1744-4,2024-07-23 11:56:00,band_10,544.5301204819277,150.2289156626506,9.0,,center,automated_candidate_unverified
C-M-0006-L.21-M1744-4.2024-07-24-11-56.NL5RH,C-M-0006-L.21-M1744-4,2024-07-24 11:56:00,band_01,527.32421875,369.55078125,0.0,,center,automated_candidate_unverified
C-M-0006-L.21-M1744-4.2024-07-24-11-56.NL5RH,C-M-0006-L.21-M1744-4,2024-07-24 11:56:00,band_02,540.5064935064935,330.4935064935065,1.0,,center,automated_candidate_unverified
C-M-0006-L.21-M1744-4.2024-07-24-11-56.NL5RH,C-M-0006-L.21-M1744-4,2024-07-24 11:56:00,band_03,541.8196721311475,286.4754098360656,2.0,,center,automated_candidate_unverified
C-M-0006-L.21-M1744-4.2024-07-24-11-56.NL5RH,C-M-0006-L.21-M1744-4,2024-07-24 11:56:00,band_04,543.4571428571429,241.5142857142857,3.0,,center,automated_candidate_unverified
C-M-0006-L.21-M1744-4.2024-07-24-11-56.NL5RH,C-M-0006-L.21-M1744-4,2024-07-24 11:56:00,band_05,545.0869565217391,196.33333333333331,4.0,,center,automated_candidate_unverified
C-M-0006-L.21-M1744-4.2024-07-24-11-56.NL5RH,C-M-0006-L.21-M1744-4,2024-07-24 11:56:00,band_06,546.09375,150.359375,5.0,,center,automated_candidate_unverified
C-M-0006-L.21-M1744-4.2024-07-25-11-57.NL5RH,C-M-0006-L.21-M1744-4,2024-07-25 11:57:00,band_01,544.7857142857143,461.0357142857143,0.0,,center,automated_candidate_unverified
C-M-0006-L.21-M1744-4.2024-07-25-11-57.NL5RH,C-M-0006-L.21-M1744-4,2024-07-25 11:57:00,band_02,545.1224489795918,418.48979591836735,1.0,,center,automated_candidate_unverified
C-M-0006-L.21-M1744-4.2024-07-25-11-57.NL5RH,C-M-0006-L.21-M1744-4,2024-07-25 11:57:00,band_03,547.1111111111111,374.959595959596,2.0,,center,automated_candidate_unverified
C-M-0006-L.21-M1744-4.2024-07-25-11-57.NL5RH,C-M-0006-L.21-M1744-4,2024-07-25 11:57:00,band_04,547.7604166666666,331.6041666666667,3.0,,center,automated_candidate_unverified
C-M-0006-L.21-M1744-4.2024-07-25-11-57.NL5RH,C-M-0006-L.21-M1744-4,2024-07-25 11:57:00,band_05,549.0588235294117,287.56470588235294,4.0,,center,automated_candidate_unverified
C-M-0006-L.21-M1744-4.2024-07-25-11-57.NL5RH,C-M-0006-L.21-M1744-4,2024-07-25 11:57:00,band_06,550.6046511627907,242.69767441860463,5.0,,center,automated_candidate_unverified
C-M-0006-L.21-M1744-4.2024-07-25-11-57.NL5RH,C-M-0006-L.21-M1744-4,2024-07-25 11:57:00,band_07,552.3139534883721,197.52325581395348,6.0,,center,automated_candidate_unverified
C-M-0006-L.21-M1744-4.2024-07-25-11-57.NL5RH,C-M-0006-L.21-M1744-4,2024-07-25 11:57:00,band_08,554.054945054945,151.25274725274724,7.0,,center,automated_candidate_unverified
C-M-0006-L.21-M1744-4.2024-07-26-11-56.NL5RH,C-M-0006-L.21-M1744-4,2024-07-26 11:56:00,band_01,541.9368421052632,418.4842105263158,0.0,,center,automated_candidate_unverified
C-M-0006-L.21-M1744-4.2024-07-26-11-56.NL5RH,C-M-0006-L.21-M1744-4,2024-07-26 11:56:00,band_02,542.6382978723404,375.5,1.0,,center,automated_candidate_unverified
C-M-0006-L.21-M1744-4.2024-07-26-11-56.NL5RH,C-M-0006-L.21-M1744-4,2024-07-26 11:56:00,band_03,544.0625,331.8125,2.0,,center,automated_candidate_unverified
C-M-0006-L.21-M1744-4.2024-07-26-11-56.NL5RH,C-M-0006-L.21-M1744-4,2024-07-26 11:56:00,band_04,545.0588235294117,287.8941176470588,3.0,,center,automated_candidate_unverified
C-M-0006-L.21-M1744-4.2024-07-26-11-56.NL5RH,C-M-0006-L.21-M1744-4,2024-07-26 11:56:00,band_05,546.4597701149426,243.367816091954,4.0,,center,automated_candidate_unverified
C-M-0006-L.21-M1744-4.2024-07-26-11-56.NL5RH,C-M-0006-L.21-M1744-4,2024-07-26 11:56:00,band_06,548.0919540229885,197.9655172413793,5.0,,center,automated_candidate_unverified
C-M-0006-L.21-M1744-4.2024-07-26-11-56.NL5RH,C-M-0006-L.21-M1744-4,2024-07-26 11:56:00,band_07,550.0439560439561,151.98901098901098,6.0,,center,automated_candidate_unverified
C-M-0006-L.21-M1744-4.2024-07-27-11-58.NL5RH,C-M-0006-L.21-M1744-4,2024-07-27 11:58:00,band_01,542.4807692307693,587.1153846153846,0.0,,center,automated_candidate_unverified
C-M-0006-L.21-M1744-4.2024-07-27-11-58.NL5RH,C-M-0006-L.21-M1744-4,2024-07-27 11:58:00,band_02,541.2361111111111,546.0,1.0,,center,automated_candidate_unverified
C-M-0006-L.21-M1744-4.2024-07-27-11-58.NL5RH,C-M-0006-L.21-M1744-4,2024-07-27 11:58:00,band_03,539.7142857142857,504.038961038961,2.0,,center,automated_candidate_unverified
C-M-0006-L.21-M1744-4.2024-07-27-11-58.NL5RH,C-M-0006-L.21-M1744-4,2024-07-27 11:58:00,band_04,540.7432432432432,461.52702702702703,3.0,,center,automated_candidate_unverified
C-M-0006-L.21-M1744-4.2024-07-27-11-58.NL5RH,C-M-0006-L.21-M1744-4,2024-07-27 11:58:00,band_05,540.6626506024096,418.7710843373494,4.0,,center,automated_candidate_unverified
C-M-0006-L.21-M1744-4.2024-07-27-11-58.NL5RH,C-M-0006-L.21-M1744-4,2024-07-27 11:58:00,band_06,541.7882352941176,375.7294117647059,5.0,,center,automated_candidate_unverified
C-M-0006-L.21-M1744-4.2024-07-27-11-58.NL5RH,C-M-0006-L.21-M1744-4,2024-07-27 11:58:00,band_07,542.8412698412699,332.1111111111111,6.0,,center,automated_candidate_unverified
C-M-0006-L.21-M1744-4.2024-07-27-11-58.NL5RH,C-M-0006-L.21-M1744-4,2024-07-27 11:58:00,band_08,544.051724137931,288.05172413793105,7.0,,center,automated_candidate_unverified
C-M-0006-L.21-M1744-4.2024-07-27-11-58.NL5RH,C-M-0006-L.21-M1744-4,2024-07-27 11:58:00,band_09,545.5925925925926,243.24074074074076,8.0,,center,automated_candidate_unverified
C-M-0006-L.21-M1744-4.2024-07-27-11-58.NL5RH,C-M-0006-L.21-M1744-4,2024-07-27 11:58:00,band_10,547.1228070175439,198.0877192982456,9.0,,center,automated_candidate_unverified
C-M-0006-L.21-M1744-4.2024-07-27-11-58.NL5RH,C-M-0006-L.21-M1744-4,2024-07-27 11:58:00,band_11,548.6111111111111,152.11111111111111,10.0,,center,automated_candidate_unverified
C-M-0006-L.21-M1744-4.2024-07-28-11-56.NL5RH,C-M-0006-L.21-M1744-4,2024-07-28 11:56:00,band_01,544.0612244897959,419.1428571428572,0.0,,center,automated_candidate_unverified
C-M-0006-L.21-M1744-4.2024-07-28-11-56.NL5RH,C-M-0006-L.21-M1744-4,2024-07-28 11:56:00,band_02,542.2526315789473,376.2947368421053,1.0,,center,automated_candidate_unverified
C-M-0006-L.21-M1744-4.2024-07-28-11-56.NL5RH,C-M-0006-L.21-M1744-4,2024-07-28 11:56:00,band_03,543.5,332.6756756756757,2.0,,center,automated_candidate_unverified
C-M-0006-L.21-M1744-4.2024-07-28-11-56.NL5RH,C-M-0006-L.21-M1744-4,2024-07-28 11:56:00,band_04,544.5060240963855,288.710843373494,3.0,,center,automated_candidate_unverified
C-M-0006-L.21-M1744-4.2024-07-28-11-56.NL5RH,C-M-0006-L.21-M1744-4,2024-07-28 11:56:00,band_05,546.1951219512196,243.78048780487805,4.0,,center,automated_candidate_unverified
C-M-0006-L.21-M1744-4.2024-07-28-11-56.NL5RH,C-M-0006-L.21-M1744-4,2024-07-28 11:56:00,band_06,547.735632183908,198.7586206896552,5.0,,center,automated_candidate_unverified
C-M-0006-L.21-M1744-4.2024-07-28-11-56.NL5RH,C-M-0006-L.21-M1744-4,2024-07-28 11:56:00,band_07,549.3414634146342,152.6219512195122,6.0,,center,automated_candidate_unverified
C-M-0006-L.21-M1744-4.2024-07-29-11-56.NL5RH,C-M-0006-L.21-M1744-4,2024-07-29 11:56:00,band_01,543.1081081081081,546.7162162162163,0.0,,center,automated_candidate_unverified
C-M-0006-L.21-M1744-4.2024-07-29-11-56.NL5RH,C-M-0006-L.21-M1744-4,2024-07-29 11:56:00,band_02,540.4677419354839,504.3870967741936,1.0,,center,automated_candidate_unverified
C-M-0006-L.21-M1744-4.2024-07-29-11-56.NL5RH,C-M-0006-L.21-M1744-4,2024-07-29 11:56:00,band_03,538.1111111111111,462.7037037037037,2.0,,center,automated_candidate_unverified
C-M-0006-L.21-M1744-4.2024-07-29-11-56.NL5RH,C-M-0006-L.21-M1744-4,2024-07-29 11:56:00,band_04,540.0666666666667,418.8888888888889,3.0,,center,automated_candidate_unverified
C-M-0006-L.21-M1744-4.2024-07-29-11-56.NL5RH,C-M-0006-L.21-M1744-4,2024-07-29 11:56:00,band_05,540.367088607595,375.9113924050633,4.0,,center,automated_candidate_unverified
C-M-0006-L.21-M1744-4.2024-07-29-11-56.NL5RH,C-M-0006-L.21-M1744-4,2024-07-29 11:56:00,band_06,541.7866666666666,332.2133333333333,5.0,,center,automated_candidate_unverified
C-M-0006-L.21-M1744-4.2024-07-29-11-56.NL5RH,C-M-0006-L.21-M1744-4,2024-07-29 11:56:00,band_07,543.2191780821918,288.3150684931507,6.0,,center,automated_candidate_unverified
C-M-0006-L.21-M1744-4.2024-07-29-11-56.NL5RH,C-M-0006-L.21-M1744-4,2024-07-29 11:56:00,band_08,544.6527777777778,243.40277777777777,7.0,,center,automated_candidate_unverified
C-M-0006-L.21-M1744-4.2024-07-29-11-56.NL5RH,C-M-0006-L.21-M1744-4,2024-07-29 11:56:00,band_09,545.6621621621622,198.28378378378375,8.0,,center,automated_candidate_unverified
C-M-0006-L.21-M1744-4.2024-07-29-11-56.NL5RH,C-M-0006-L.21-M1744-4,2024-07-29 11:56:00,band_10,547.2121212121212,152.24242424242425,9.0,,center,automated_candidate_unverified
C-M-0006-L.21-M1744-4.2024-07-30-11-56.NL5RH,C-M-0006-L.21-M1744-4,2024-07-30 11:56:00,band_01,539.3063063063063,404.15315315315314,0.0,,center,automated_candidate_unverified
C-M-0006-L.21-M1744-4.2024-07-30-11-56.NL5RH,C-M-0006-L.21-M1744-4,2024-07-30 11:56:00,band_02,536.8367346938776,361.09183673469386,1.0,,center,automated_candidate_unverified
C-M-0006-L.21-M1744-4.2024-07-30-11-56.NL5RH,C-M-0006-L.21-M1744-4,2024-07-30 11:56:00,band_03,535.4625,317.525,2.0,,center,automated_candidate_unverified
C-M-0006-L.21-M1744-4.2024-07-30-11-56.NL5RH,C-M-0006-L.21-M1744-4,2024-07-30 11:56:00,band_04,532.7831325301205,273.9277108433735,3.0,,center,automated_candidate_unverified
C-M-0006-L.21-M1744-4.2024-07-30-11-56.NL5RH,C-M-0006-L.21-M1744-4,2024-07-30 11:56:00,band_05,530.9885057471264,229.29885057471265,4.0,,center,automated_candidate_unverified
C-M-0006-L.21-M1744-4.2024-07-30-11-56.NL5RH,C-M-0006-L.21-M1744-4,2024-07-30 11:56:00,band_06,529.2738095238095,184.04761904761904,5.0,,center,automated_candidate_unverified
C-M-0006-L.21-M1744-4.2024-07-30-11-56.NL5RH,C-M-0006-L.21-M1744-4,2024-07-30 11:56:00,band_07,527.5731707317074,138.1951219512195,6.0,,center,automated_candidate_unverified
C-M-0006-L.21-M1744-4.2024-07-31-11-57.NL5RH,C-M-0006-L.21-M1744-4,2024-07-31 11:57:00,band_01,553.2615384615384,530.4307692307692,0.0,,center,automated_candidate_unverified
C-M-0006-L.21-M1744-4.2024-07-31-11-57.NL5RH,C-M-0006-L.21-M1744-4,2024-07-31 11:57:00,band_02,549.0135135135135,488.7702702702703,1.0,,center,automated_candidate_unverified
C-M-0006-L.21-M1744-4.2024-07-31-11-57.NL5RH,C-M-0006-L.21-M1744-4,2024-07-31 11:57:00,band_03,546.9777777777778,446.1555555555556,2.0,,center,automated_candidate_unverified
C-M-0006-L.21-M1744-4.2024-07-31-11-57.NL5RH,C-M-0006-L.21-M1744-4,2024-07-31 11:57:00,band_04,542.671052631579,403.4078947368421,3.0,,center,automated_candidate_unverified
C-M-0006-L.21-M1744-4.2024-07-31-11-57.NL5RH,C-M-0006-L.21-M1744-4,2024-07-31 11:57:00,band_05,540.0769230769231,360.1230769230769,4.0,,center,automated_candidate_unverified
C-M-0006-L.21-M1744-4.2024-07-31-11-57.NL5RH,C-M-0006-L.21-M1744-4,2024-07-31 11:57:00,band_06,538.6031746031746,316.92063492063494,5.0,,center,automated_candidate_unverified
C-M-0006-L.21-M1744-4.2024-07-31-11-57.NL5RH,C-M-0006-L.21-M1744-4,2024-07-31 11:57:00,band_07,535.9166666666666,273.0416666666667,6.0,,center,automated_candidate_unverified
C-M-0006-L.21-M1744-4.2024-07-31-11-57.NL5RH,C-M-0006-L.21-M1744-4,2024-07-31 11:57:00,band_08,534.0217391304348,228.1086956521739,7.0,,center,automated_candidate_unverified
C-M-0006-L.21-M1744-4.2024-07-31-11-57.NL5RH,C-M-0006-L.21-M1744-4,2024-07-31 11:57:00,band_09,532.1041666666666,182.54166666666663,8.0,,center,automated_candidate_unverified
C-M-0006-L.21-M1744-4.2024-07-31-11-57.NL5RH,C-M-0006-L.21-M1744-4,2024-07-31 11:57:00,band_10,530.1063829787234,136.85106382978722,9.0,,center,automated_candidate_unverified
C-M-0006-L.21-M1744-4.2024-08-01-11-57.NL5RH,C-M-0006-L.21-M1744-4,2024-08-01 11:57:00,band_01,545.377358490566,488.4905660377359,0.0,,center,automated_candidate_unverified
C-M-0006-L.21-M1744-4.2024-08-01-11-57.NL5RH,C-M-0006-L.21-M1744-4,2024-08-01 11:57:00,band_02,542.9756097560976,446.0975609756098,1.0,,center,automated_candidate_unverified
C-M-0006-L.21-M1744-4.2024-08-01-11-57.NL5RH,C-M-0006-L.21-M1744-4,2024-08-01 11:57:00,band_03,537.1818181818181,404.1515151515151,2.0,,center,automated_candidate_unverified
C-M-0006-L.21-M1744-4.2024-08-01-11-57.NL5RH,C-M-0006-L.21-M1744-4,2024-08-01 11:57:00,band_04,535.7540983606557,360.44262295081967,3.0,,center,automated_candidate_unverified
C-M-0006-L.21-M1744-4.2024-08-01-11-57.NL5RH,C-M-0006-L.21-M1744-4,2024-08-01 11:57:00,band_05,533.3478260869565,317.0,4.0,,center,automated_candidate_unverified
C-M-0006-L.21-M1744-4.2024-08-01-11-57.NL5RH,C-M-0006-L.21-M1744-4,2024-08-01 11:57:00,band_06,531.5416666666666,273.0,5.0,,center,automated_candidate_unverified
C-M-0006-L.21-M1744-4.2024-08-01-11-57.NL5RH,C-M-0006-L.21-M1744-4,2024-08-01 11:57:00,band_07,529.5102040816327,228.26530612244895,6.0,,center,automated_candidate_unverified
C-M-0006-L.21-M1744-4.2024-08-01-11-57.NL5RH,C-M-0006-L.21-M1744-4,2024-08-01 11:57:00,band_08,527.2978723404256,183.0,7.0,,center,automated_candidate_unverified
C-M-0006-L.21-M1744-4.2024-08-01-11-57.NL5RH,C-M-0006-L.21-M1744-4,2024-08-01 11:57:00,band_09,525.1111111111111,137.24444444444444,8.0,,center,automated_candidate_unverified
C-M-0006-L.21-M1744-4.2024-08-02-11-58.NL5RH,C-M-0006-L.21-M1744-4,2024-08-02 11:58:00,band_01,550.6842105263158,531.078947368421,0.0,,center,automated_candidate_unverified
C-M-0006-L.21-M1744-4.2024-08-02-11-58.NL5RH,C-M-0006-L.21-M1744-4,2024-08-02 11:58:00,band_02,548.5,488.6363636363636,1.0,,center,automated_candidate_unverified
C-M-0006-L.21-M1744-4.2024-08-02-11-58.NL5RH,C-M-0006-L.21-M1744-4,2024-08-02 11:58:00,band_03,545.5438596491229,446.10526315789474,2.0,,center,automated_candidate_unverified
C-M-0006-L.21-M1744-4.2024-08-02-11-58.NL5RH,C-M-0006-L.21-M1744-4,2024-08-02 11:58:00,band_04,538.6785714285714,400.9404761904762,3.0,,center,automated_candidate_unverified
C-M-0006-L.21-M1744-4.2024-08-02-11-58.NL5RH,C-M-0006-L.21-M1744-4,2024-08-02 11:58:00,band_05,539.7868852459017,360.344262295082,4.0,,center,automated_candidate_unverified
C-M-0006-L.21-M1744-4.2024-08-02-11-58.NL5RH,C-M-0006-L.21-M1744-4,2024-08-02 11:58:00,band_06,537.5625,316.4583333333333,5.0,,center,automated_candidate_unverified
C-M-0006-L.21-M1744-4.2024-08-02-11-58.NL5RH,C-M-0006-L.21-M1744-4,2024-08-02 11:58:00,band_07,535.6,272.46,6.0,,center,automated_candidate_unverified
C-M-0006-L.21-M1744-4.2024-08-02-11-58.NL5RH,C-M-0006-L.21-M1744-4,2024-08-02 11:58:00,band_08,533.5681818181819,227.95454545454547,7.0,,center,automated_candidate_unverified
C-M-0006-L.21-M1744-4.2024-08-02-11-58.NL5RH,C-M-0006-L.21-M1744-4,2024-08-02 11:58:00,band_09,531.2142857142857,182.28571428571428,8.0,,center,automated_candidate_unverified
C-M-0006-L.21-M1744-4.2024-08-02-11-58.NL5RH,C-M-0006-L.21-M1744-4,2024-08-02 11:58:00,band_10,529.2142857142857,136.33333333333334,9.0,,center,automated_candidate_unverified
C-M-0006-L.21-M1744-4.2024-08-03-11-57.NL5RH,C-M-0006-L.21-M1744-4,2024-08-03 11:57:00,band_01,552.15625,532.34375,0.0,,center,automated_candidate_unverified
C-M-0006-L.21-M1744-4.2024-08-03-11-57.NL5RH,C-M-0006-L.21-M1744-4,2024-08-03 11:57:00,band_02,550.0,490.0,1.0,,center,automated_candidate_unverified
C-M-0006-L.21-M1744-4.2024-08-03-11-57.NL5RH,C-M-0006-L.21-M1744-4,2024-08-03 11:57:00,band_03,544.2142857142857,447.2142857142857,2.0,,center,automated_candidate_unverified
C-M-0006-L.21-M1744-4.2024-08-03-11-57.NL5RH,C-M-0006-L.21-M1744-4,2024-08-03 11:57:00,band_04,546.9809523809524,401.9047619047619,3.0,,center,automated_candidate_unverified
C-M-0006-L.21-M1744-4.2024-08-03-11-57.NL5RH,C-M-0006-L.21-M1744-4,2024-08-03 11:57:00,band_05,542.5074626865671,361.2686567164179,4.0,,center,automated_candidate_unverified
C-M-0006-L.21-M1744-4.2024-08-03-11-57.NL5RH,C-M-0006-L.21-M1744-4,2024-08-03 11:57:00,band_06,540.1666666666666,317.625,5.0,,center,automated_candidate_unverified
C-M-0006-L.21-M1744-4.2024-08-03-11-57.NL5RH,C-M-0006-L.21-M1744-4,2024-08-03 11:57:00,band_07,538.1363636363636,273.79545454545456,6.0,,center,automated_candidate_unverified
C-M-0006-L.21-M1744-4.2024-08-03-11-57.NL5RH,C-M-0006-L.21-M1744-4,2024-08-03 11:57:00,band_08,536.0454545454545,229.0681818181818,7.0,,center,automated_candidate_unverified
C-M-0006-L.21-M1744-4.2024-08-03-11-57.NL5RH,C-M-0006-L.21-M1744-4,2024-08-03 11:57:00,band_09,534.1304347826087,183.6086956521739,8.0,,center,automated_candidate_unverified
C-M-0006-L.21-M1744-4.2024-08-03-11-57.NL5RH,C-M-0006-L.21-M1744-4,2024-08-03 11:57:00,band_10,531.9772727272727,137.9318181818182,9.0,,center,automated_candidate_unverified
C-M-0006-L.21-M1744-4.2024-08-04-11-58.NL5RH,C-M-0006-L.21-M1744-4,2024-08-04 11:58:00,band_01,537.1,361.8,0.0,,center,automated_candidate_unverified
C-M-0006-L.21-M1744-4.2024-08-04-11-58.NL5RH,C-M-0006-L.21-M1744-4,2024-08-04 11:58:00,band_02,535.0847457627119,318.20338983050846,1.0,,center,automated_candidate_unverified
C-M-0006-L.21-M1744-4.2024-08-04-11-58.NL5RH,C-M-0006-L.21-M1744-4,2024-08-04 11:58:00,band_03,533.1551724137931,274.2413793103448,2.0,,center,automated_candidate_unverified
C-M-0006-L.21-M1744-4.2024-08-04-11-58.NL5RH,C-M-0006-L.21-M1744-4,2024-08-04 11:58:00,band_04,531.0483870967741,229.80645161290323,3.0,,center,automated_candidate_unverified
C-M-0006-L.21-M1744-4.2024-08-04-11-58.NL5RH,C-M-0006-L.21-M1744-4,2024-08-04 11:58:00,band_05,529.0350877192982,184.2982456140351,4.0,,center,automated_candidate_unverified
C-M-0006-L.21-M1744-4.2024-08-04-11-58.NL5RH,C-M-0006-L.21-M1744-4,2024-08-04 11:58:00,band_06,526.8103448275862,138.75862068965515,5.0,,center,automated_candidate_unverified
C-M-0006-L.21-M1744-4.2024-08-05-11-58.NL5RH,C-M-0006-L.21-M1744-4,2024-08-05 11:58:00,band_01,543.010989010989,362.8241758241758,0.0,,center,automated_candidate_unverified
C-M-0006-L.21-M1744-4.2024-08-05-11-58.NL5RH,C-M-0006-L.21-M1744-4,2024-08-05 11:58:00,band_02,540.9512195121952,319.1341463414634,1.0,,center,automated_candidate_unverified
C-M-0006-L.21-M1744-4.2024-08-05-11-58.NL5RH,C-M-0006-L.21-M1744-4,2024-08-05 11:58:00,band_03,538.5176470588235,275.4470588235294,2.0,,center,automated_candidate_unverified
C-M-0006-L.21-M1744-4.2024-08-05-11-58.NL5RH,C-M-0006-L.21-M1744-4,2024-08-05 11:58:00,band_04,537.0120481927711,230.65060240963857,3.0,,center,automated_candidate_unverified
C-M-0006-L.21-M1744-4.2024-08-05-11-58.NL5RH,C-M-0006-L.21-M1744-4,2024-08-05 11:58:00,band_05,534.7848101265823,185.0379746835443,4.0,,center,automated_candidate_unverified
C-M-0006-L.21-M1744-4.2024-08-05-11-58.NL5RH,C-M-0006-L.21-M1744-4,2024-08-05 11:58:00,band_06,533.0746268656717,139.32835820895522,5.0,,center,automated_candidate_unverified
C-M-0006-L.21-M1744-4.2024-08-06-11-59.NL5RH,C-M-0006-L.21-M1744-4,2024-08-06 11:59:00,band_01,544.6086956521739,533.3478260869565,0.0,,center,automated_candidate_unverified
C-M-0006-L.21-M1744-4.2024-08-06-11-59.NL5RH,C-M-0006-L.21-M1744-4,2024-08-06 11:59:00,band_02,542.9213483146067,491.4494382022472,1.0,,center,automated_candidate_unverified
C-M-0006-L.21-M1744-4.2024-08-06-11-59.NL5RH,C-M-0006-L.21-M1744-4,2024-08-06 11:59:00,band_03,538.5087719298245,449.1929824561403,2.0,,center,automated_candidate_unverified
C-M-0006-L.21-M1744-4.2024-08-06-11-59.NL5RH,C-M-0006-L.21-M1744-4,2024-08-06 11:59:00,band_04,544.2083333333334,416.2916666666667,3.0,,center,automated_candidate_unverified
C-M-0006-L.21-M1744-4.2024-08-06-11-59.NL5RH,C-M-0006-L.21-M1744-4,2024-08-06 11:59:00,band_05,534.6111111111111,363.9,4.0,,center,automated_candidate_unverified
C-M-0006-L.21-M1744-4.2024-08-06-11-59.NL5RH,C-M-0006-L.21-M1744-4,2024-08-06 11:59:00,band_06,532.5604395604396,320.64835164835165,5.0,,center,automated_candidate_unverified
C-M-0006-L.21-M1744-4.2024-08-06-11-59.NL5RH,C-M-0006-L.21-M1744-4,2024-08-06 11:59:00,band_07,530.3720930232558,276.98837209302326,6.0,,center,automated_candidate_unverified
C-M-0006-L.21-M1744-4.2024-08-06-11-59.NL5RH,C-M-0006-L.21-M1744-4,2024-08-06 11:59:00,band_08,528.0722891566265,232.57831325301208,7.0,,center,automated_candidate_unverified
C-M-0006-L.21-M1744-4.2024-08-06-11-59.NL5RH,C-M-0006-L.21-M1744-4,2024-08-06 11:59:00,band_09,526.0588235294117,187.5647058823529,8.0,,center,automated_candidate_unverified
C-M-0006-L.21-M1744-4.2024-08-06-11-59.NL5RH,C-M-0006-L.21-M1744-4,2024-08-06 11:59:00,band_10,524.379746835443,141.9493670886076,9.0,,center,automated_candidate_unverified
C-M-0006-L.21-M1744-4.2024-08-07-11-58.NL5RH,C-M-0006-L.21-M1744-4,2024-08-07 11:58:00,band_01,537.635294117647,364.0352941176471,0.0,,center,automated_candidate_unverified
C-M-0006-L.21-M1744-4.2024-08-07-11-58.NL5RH,C-M-0006-L.21-M1744-4,2024-08-07 11:58:00,band_02,535.6478873239437,320.53521126760563,1.0,,center,automated_candidate_unverified
C-M-0006-L.21-M1744-4.2024-08-07-11-58.NL5RH,C-M-0006-L.21-M1744-4,2024-08-07 11:58:00,band_03,533.2941176470588,276.8529411764706,2.0,,center,automated_candidate_unverified
C-M-0006-L.21-M1744-4.2024-08-07-11-58.NL5RH,C-M-0006-L.21-M1744-4,2024-08-07 11:58:00,band_04,531.109375,232.1875,3.0,,center,automated_candidate_unverified
C-M-0006-L.21-M1744-4.2024-08-07-11-58.NL5RH,C-M-0006-L.21-M1744-4,2024-08-07 11:58:00,band_05,529.1166666666667,187.11666666666667,4.0,,center,automated_candidate_unverified
C-M-0006-L.21-M1744-4.2024-08-07-11-58.NL5RH,C-M-0006-L.21-M1744-4,2024-08-07 11:58:00,band_06,527.0952380952381,141.53968253968253,5.0,,center,automated_candidate_unverified
C-M-0006-L.21-M1744-4.2024-08-08-11-34.NL5RH,C-M-0006-L.21-M1744-4,2024-08-08 11:34:00,band_01,552.2,412.6,0.0,,center,automated_candidate_unverified
C-M-0006-L.21-M1744-4.2024-08-08-11-34.NL5RH,C-M-0006-L.21-M1744-4,2024-08-08 11:34:00,band_02,543.070707070707,364.0,1.0,,center,automated_candidate_unverified
C-M-0006-L.21-M1744-4.2024-08-08-11-34.NL5RH,C-M-0006-L.21-M1744-4,2024-08-08 11:34:00,band_03,540.5529411764705,320.6823529411765,2.0,,center,automated_candidate_unverified
C-M-0006-L.21-M1744-4.2024-08-08-11-34.NL5RH,C-M-0006-L.21-M1744-4,2024-08-08 11:34:00,band_04,538.8915662650602,276.5903614457831,3.0,,center,automated_candidate_unverified
C-M-0006-L.21-M1744-4.2024-08-08-11-34.NL5RH,C-M-0006-L.21-M1744-4,2024-08-08 11:34:00,band_05,536.5903614457832,232.0120481927711,4.0,,center,automated_candidate_unverified
C-M-0006-L.21-M1744-4.2024-08-08-11-34.NL5RH,C-M-0006-L.21-M1744-4,2024-08-08 11:34:00,band_06,534.5454545454545,186.9886363636364,5.0,,center,automated_candidate_unverified
C-M-0006-L.21-M1744-4.2024-08-08-11-34.NL5RH,C-M-0006-L.21-M1744-4,2024-08-08 11:34:00,band_07,532.7045454545455,141.23863636363637,6.0,,center,automated_candidate_unverified
C-M-0006-L.21-M1744-4.2024-08-09-11-04.NL5RH,C-M-0006-L.21-M1744-4,2024-08-09 11:04:00,band_01,546.3414634146342,534.0,0.0,,center,automated_candidate_unverified
C-M-0006-L.21-M1744-4.2024-08-09-11-04.NL5RH,C-M-0006-L.21-M1744-4,2024-08-09 11:04:00,band_02,544.3365384615383,492.6057692307692,1.0,,center,automated_candidate_unverified
C-M-0006-L.21-M1744-4.2024-08-09-11-04.NL5RH,C-M-0006-L.21-M1744-4,2024-08-09 11:04:00,band_03,541.4285714285714,449.7142857142857,2.0,,center,automated_candidate_unverified
C-M-0006-L.21-M1744-4.2024-08-09-11-04.NL5RH,C-M-0006-L.21-M1744-4,2024-08-09 11:04:00,band_04,534.5,398.3333333333333,3.0,,center,automated_candidate_unverified
C-M-0006-L.21-M1744-4.2024-08-09-11-04.NL5RH,C-M-0006-L.21-M1744-4,2024-08-09 11:04:00,band_05,536.5949367088608,364.3544303797468,4.0,,center,automated_candidate_unverified
C-M-0006-L.21-M1744-4.2024-08-09-11-04.NL5RH,C-M-0006-L.21-M1744-4,2024-08-09 11:04:00,band_06,534.6575342465753,320.90410958904107,5.0,,center,automated_candidate_unverified
C-M-0006-L.21-M1744-4.2024-08-09-11-04.NL5RH,C-M-0006-L.21-M1744-4,2024-08-09 11:04:00,band_07,532.1971830985915,277.23943661971833,6.0,,center,automated_candidate_unverified
C-M-0006-L.21-M1744-4.2024-08-09-11-04.NL5RH,C-M-0006-L.21-M1744-4,2024-08-09 11:04:00,band_08,530.5846153846154,232.52307692307693,7.0,,center,automated_candidate_unverified
C-M-0006-L.21-M1744-4.2024-08-09-11-04.NL5RH,C-M-0006-L.21-M1744-4,2024-08-09 11:04:00,band_09,528.046875,187.8125,8.0,,center,automated_candidate_unverified
C-M-0006-L.21-M1744-4.2024-08-09-11-04.NL5RH,C-M-0006-L.21-M1744-4,2024-08-09 11:04:00,band_10,525.6481481481482,142.05555555555554,9.0,,center,automated_candidate_unverified
C-M-0006-R.21-M1744-4.2024-06-28-11-33.NGGJK,C-M-0006-R.21-M1744-4,2024-06-28 11:33:00,band_01,233.32432432432432,751.8918918918919,0.0,,center,automated_candidate_unverified
C-M-0006-R.21-M1744-4.2024-06-28-11-33.NGGJK,C-M-0006-R.21-M1744-4,2024-06-28 11:33:00,band_02,228.3111111111111,715.8888888888889,1.0,,center,automated_candidate_unverified
C-M-0006-R.21-M1744-4.2024-06-28-11-33.NGGJK,C-M-0006-R.21-M1744-4,2024-06-28 11:33:00,band_03,228.46938775510205,675.5204081632653,2.0,,center,automated_candidate_unverified
C-M-0006-R.21-M1744-4.2024-06-28-11-33.NGGJK,C-M-0006-R.21-M1744-4,2024-06-28 11:33:00,band_04,226.43103448275863,636.5258620689655,3.0,,center,automated_candidate_unverified
C-M-0006-R.21-M1744-4.2024-06-28-11-33.NGGJK,C-M-0006-R.21-M1744-4,2024-06-28 11:33:00,band_05,225.72727272727272,596.979797979798,4.0,,center,automated_candidate_unverified
C-M-0006-R.21-M1744-4.2024-06-28-11-33.NGGJK,C-M-0006-R.21-M1744-4,2024-06-28 11:33:00,band_06,223.67676767676767,557.0505050505051,5.0,,center,automated_candidate_unverified
C-M-0006-R.21-M1744-4.2024-06-28-11-33.NGGJK,C-M-0006-R.21-M1744-4,2024-06-28 11:33:00,band_07,223.2439024390244,517.1463414634146,6.0,,center,automated_candidate_unverified
C-M-0006-R.21-M1744-4.2024-06-28-11-33.NGGJK,C-M-0006-R.21-M1744-4,2024-06-28 11:33:00,band_08,222.5,477.0,7.0,,center,automated_candidate_unverified
C-M-0006-R.21-M1744-4.2024-06-28-11-33.NGGJK,C-M-0006-R.21-M1744-4,2024-06-28 11:33:00,band_09,222.13333333333333,436.0,8.0,,center,automated_candidate_unverified
C-M-0006-R.21-M1744-4.2024-06-28-11-33.NGGJK,C-M-0006-R.21-M1744-4,2024-06-28 11:33:00,band_10,222.5125,395.0375,9.0,,center,automated_candidate_unverified
C-M-0006-R.21-M1744-4.2024-06-28-11-33.NGGJK,C-M-0006-R.21-M1744-4,2024-06-28 11:33:00,band_11,222.43421052631575,353.2105263157895,10.0,,center,automated_candidate_unverified
C-M-0006-R.21-M1744-4.2024-06-28-11-33.NGGJK,C-M-0006-R.21-M1744-4,2024-06-28 11:33:00,band_12,223.0617283950617,311.28395061728395,11.0,,center,automated_candidate_unverified
C-M-0006-R.21-M1744-4.2024-06-28-11-33.NGGJK,C-M-0006-R.21-M1744-4,2024-06-28 11:33:00,band_13,223.0394736842105,268.85526315789474,12.0,,center,automated_candidate_unverified
C-M-0006-R.21-M1744-4.2024-06-28-11-33.NGGJK,C-M-0006-R.21-M1744-4,2024-06-28 11:33:00,band_14,223.93589743589743,225.46153846153845,13.0,,center,automated_candidate_unverified
C-M-0006-R.21-M1744-4.2024-06-28-11-33.NGGJK,C-M-0006-R.21-M1744-4,2024-06-28 11:33:00,band_15,224.4,181.86666666666667,14.0,,center,automated_candidate_unverified
C-M-0006-R.21-M1744-4.2024-06-28-11-33.NGGJK,C-M-0006-R.21-M1744-4,2024-06-28 11:33:00,band_16,225.0759493670886,137.4430379746835,15.0,,center,automated_candidate_unverified
C-M-0006-R.21-M1744-4.2024-06-29-11-33.NGGJK,C-M-0006-R.21-M1744-4,2024-06-29 11:33:00,band_01,244.1969696969697,713.560606060606,0.0,,center,automated_candidate_unverified
C-M-0006-R.21-M1744-4.2024-06-29-11-33.NGGJK,C-M-0006-R.21-M1744-4,2024-06-29 11:33:00,band_02,243.69,673.71,1.0,,center,automated_candidate_unverified
C-M-0006-R.21-M1744-4.2024-06-29-11-33.NGGJK,C-M-0006-R.21-M1744-4,2024-06-29 11:33:00,band_03,242.08,634.83,2.0,,center,automated_candidate_unverified
C-M-0006-R.21-M1744-4.2024-06-29-11-33.NGGJK,C-M-0006-R.21-M1744-4,2024-06-29 11:33:00,band_04,240.26966292134836,595.876404494382,3.0,,center,automated_candidate_unverified
C-M-0006-R.21-M1744-4.2024-06-29-11-33.NGGJK,C-M-0006-R.21-M1744-4,2024-06-29 11:33:00,band_05,239.27551020408163,556.204081632653,4.0,,center,automated_candidate_unverified
C-M-0006-R.21-M1744-4.2024-06-29-11-33.NGGJK,C-M-0006-R.21-M1744-4,2024-06-29 11:33:00,band_06,238.59259259259255,516.6296296296297,5.0,,center,automated_candidate_unverified
C-M-0006-R.21-M1744-4.2024-06-29-11-33.NGGJK,C-M-0006-R.21-M1744-4,2024-06-29 11:33:00,band_07,238.01351351351352,476.2162162162162,6.0,,center,automated_candidate_unverified
C-M-0006-R.21-M1744-4.2024-06-29-11-33.NGGJK,C-M-0006-R.21-M1744-4,2024-06-29 11:33:00,band_08,238.1948051948052,435.3766233766234,7.0,,center,automated_candidate_unverified
C-M-0006-R.21-M1744-4.2024-06-29-11-33.NGGJK,C-M-0006-R.21-M1744-4,2024-06-29 11:33:00,band_09,238.2739726027397,394.2191780821918,8.0,,center,automated_candidate_unverified
C-M-0006-R.21-M1744-4.2024-06-29-11-33.NGGJK,C-M-0006-R.21-M1744-4,2024-06-29 11:33:00,band_10,238.56338028169012,352.3521126760563,9.0,,center,automated_candidate_unverified
C-M-0006-R.21-M1744-4.2024-06-29-11-33.NGGJK,C-M-0006-R.21-M1744-4,2024-06-29 11:33:00,band_11,238.9154929577465,310.1830985915493,10.0,,center,automated_candidate_unverified
C-M-0006-R.21-M1744-4.2024-06-29-11-33.NGGJK,C-M-0006-R.21-M1744-4,2024-06-29 11:33:00,band_12,239.7058823529412,267.5882352941176,11.0,,center,automated_candidate_unverified
C-M-0006-R.21-M1744-4.2024-06-29-11-33.NGGJK,C-M-0006-R.21-M1744-4,2024-06-29 11:33:00,band_13,240.5483870967742,223.8709677419355,12.0,,center,automated_candidate_unverified
C-M-0006-R.21-M1744-4.2024-06-29-11-33.NGGJK,C-M-0006-R.21-M1744-4,2024-06-29 11:33:00,band_14,241.59701492537317,179.6417910447761,13.0,,center,automated_candidate_unverified
C-M-0006-R.21-M1744-4.2024-06-29-11-33.NGGJK,C-M-0006-R.21-M1744-4,2024-06-29 11:33:00,band_15,242.35064935064932,134.87012987012986,14.0,,center,automated_candidate_unverified
C-M-0006-R.21-M1744-4.2024-06-30-11-33.NGGJK,C-M-0006-R.21-M1744-4,2024-06-30 11:33:00,band_01,247.95348837209303,695.1162790697674,0.0,,center,automated_candidate_unverified
C-M-0006-R.21-M1744-4.2024-06-30-11-33.NGGJK,C-M-0006-R.21-M1744-4,2024-06-30 11:33:00,band_02,247.0,655.056338028169,1.0,,center,automated_candidate_unverified
C-M-0006-R.21-M1744-4.2024-06-30-11-33.NGGJK,C-M-0006-R.21-M1744-4,2024-06-30 11:33:00,band_03,245.3294117647059,616.9294117647058,2.0,,center,automated_candidate_unverified
C-M-0006-R.21-M1744-4.2024-06-30-11-33.NGGJK,C-M-0006-R.21-M1744-4,2024-06-30 11:33:00,band_04,244.2967032967033,577.967032967033,3.0,,center,automated_candidate_unverified
C-M-0006-R.21-M1744-4.2024-06-30-11-33.NGGJK,C-M-0006-R.21-M1744-4,2024-06-30 11:33:00,band_05,243.63636363636363,538.2386363636364,4.0,,center,automated_candidate_unverified
C-M-0006-R.21-M1744-4.2024-06-30-11-33.NGGJK,C-M-0006-R.21-M1744-4,2024-06-30 11:33:00,band_06,243.1267605633803,498.3521126760563,5.0,,center,automated_candidate_unverified
C-M-0006-R.21-M1744-4.2024-06-30-11-33.NGGJK,C-M-0006-R.21-M1744-4,2024-06-30 11:33:00,band_07,242.65217391304347,458.1739130434783,6.0,,center,automated_candidate_unverified
C-M-0006-R.21-M1744-4.2024-06-30-11-33.NGGJK,C-M-0006-R.21-M1744-4,2024-06-30 11:33:00,band_08,243.05555555555557,417.31944444444446,7.0,,center,automated_candidate_unverified
C-M-0006-R.21-M1744-4.2024-06-30-11-33.NGGJK,C-M-0006-R.21-M1744-4,2024-06-30 11:33:00,band_09,243.38805970149252,376.04477611940297,8.0,,center,automated_candidate_unverified
C-M-0006-R.21-M1744-4.2024-06-30-11-33.NGGJK,C-M-0006-R.21-M1744-4,2024-06-30 11:33:00,band_10,243.6981132075472,333.9811320754717,9.0,,center,automated_candidate_unverified
C-M-0006-R.21-M1744-4.2024-06-30-11-33.NGGJK,C-M-0006-R.21-M1744-4,2024-06-30 11:33:00,band_11,244.8181818181818,291.7818181818182,10.0,,center,automated_candidate_unverified
C-M-0006-R.21-M1744-4.2024-07-01-11-47.NGGJK,C-M-0006-R.21-M1744-4,2024-07-01 11:47:00,band_01,235.84337349397592,494.31325301204816,0.0,,center,automated_candidate_unverified
C-M-0006-R.21-M1744-4.2024-07-01-11-47.NGGJK,C-M-0006-R.21-M1744-4,2024-07-01 11:47:00,band_02,235.52564102564105,454.2307692307692,1.0,,center,automated_candidate_unverified
C-M-0006-R.21-M1744-4.2024-07-01-11-47.NGGJK,C-M-0006-R.21-M1744-4,2024-07-01 11:47:00,band_03,235.46913580246917,413.2098765432099,2.0,,center,automated_candidate_unverified
C-M-0006-R.21-M1744-4.2024-07-01-11-47.NGGJK,C-M-0006-R.21-M1744-4,2024-07-01 11:47:00,band_04,235.948717948718,372.11538461538464,3.0,,center,automated_candidate_unverified
C-M-0006-R.21-M1744-4.2024-07-01-11-47.NGGJK,C-M-0006-R.21-M1744-4,2024-07-01 11:47:00,band_05,236.013698630137,330.0821917808219,4.0,,center,automated_candidate_unverified
C-M-0006-R.21-M1744-4.2024-07-01-11-47.NGGJK,C-M-0006-R.21-M1744-4,2024-07-01 11:47:00,band_06,236.50704225352112,287.84507042253523,5.0,,center,automated_candidate_unverified
C-M-0006-R.21-M1744-4.2024-07-01-11-47.NGGJK,C-M-0006-R.21-M1744-4,2024-07-01 11:47:00,band_07,237.51388888888889,244.68055555555557,6.0,,center,automated_candidate_unverified
C-M-0006-R.21-M1744-4.2024-07-01-11-47.NGGJK,C-M-0006-R.21-M1744-4,2024-07-01 11:47:00,band_08,238.3571428571429,201.04285714285717,7.0,,center,automated_candidate_unverified
C-M-0006-R.21-M1744-4.2024-07-01-11-47.NGGJK,C-M-0006-R.21-M1744-4,2024-07-01 11:47:00,band_09,239.04,156.36,8.0,,center,automated_candidate_unverified
C-M-0006-R.21-M1744-4.2024-07-01-11-47.NGGJK,C-M-0006-R.21-M1744-4,2024-07-01 11:47:00,band_10,239.97368421052636,111.10526315789474,9.0,,center,automated_candidate_unverified
C-M-0006-R.21-M1744-4.2024-07-02-11-48.NGGJK,C-M-0006-R.21-M1744-4,2024-07-02 11:48:00,band_01,245.6766917293233,690.8721804511279,0.0,,center,automated_candidate_unverified
C-M-0006-R.21-M1744-4.2024-07-02-11-48.NGGJK,C-M-0006-R.21-M1744-4,2024-07-02 11:48:00,band_02,238.0625,654.5625,1.0,,center,automated_candidate_unverified
C-M-0006-R.21-M1744-4.2024-07-02-11-48.NGGJK,C-M-0006-R.21-M1744-4,2024-07-02 11:48:00,band_03,240.87912087912088,613.9120879120879,2.0,,center,automated_candidate_unverified
C-M-0006-R.21-M1744-4.2024-07-02-11-48.NGGJK,C-M-0006-R.21-M1744-4,2024-07-02 11:48:00,band_04,239.0,575.1526717557252,3.0,,center,automated_candidate_unverified
C-M-0006-R.21-M1744-4.2024-07-02-11-48.NGGJK,C-M-0006-R.21-M1744-4,2024-07-02 11:48:00,band_05,239.3861386138614,535.950495049505,4.0,,center,automated_candidate_unverified
C-M-0006-R.21-M1744-4.2024-07-02-11-48.NGGJK,C-M-0006-R.21-M1744-4,2024-07-02 11:48:00,band_06,238.35365853658536,495.9512195121951,5.0,,center,automated_candidate_unverified
C-M-0006-R.21-M1744-4.2024-07-02-11-48.NGGJK,C-M-0006-R.21-M1744-4,2024-07-02 11:48:00,band_07,238.29113924050637,455.9620253164557,6.0,,center,automated_candidate_unverified
C-M-0006-R.21-M1744-4.2024-07-02-11-48.NGGJK,C-M-0006-R.21-M1744-4,2024-07-02 11:48:00,band_08,238.0123456790124,414.75308641975306,7.0,,center,automated_candidate_unverified
C-M-0006-R.21-M1744-4.2024-07-03-11-47.NGGJK,C-M-0006-R.21-M1744-4,2024-07-03 11:47:00,band_01,246.72222222222223,727.2777777777778,0.0,,center,automated_candidate_unverified
C-M-0006-R.21-M1744-4.2024-07-03-11-47.NGGJK,C-M-0006-R.21-M1744-4,2024-07-03 11:47:00,band_02,243.6851851851852,691.7685185185185,1.0,,center,automated_candidate_unverified
C-M-0006-R.21-M1744-4.2024-07-03-11-47.NGGJK,C-M-0006-R.21-M1744-4,2024-07-03 11:47:00,band_03,240.15942028985503,653.3188405797101,2.0,,center,automated_candidate_unverified
C-M-0006-R.21-M1744-4.2024-07-03-11-47.NGGJK,C-M-0006-R.21-M1744-4,2024-07-03 11:47:00,band_04,241.1012658227848,614.367088607595,3.0,,center,automated_candidate_unverified
C-M-0006-R.21-M1744-4.2024-07-03-11-47.NGGJK,C-M-0006-R.21-M1744-4,2024-07-03 11:47:00,band_05,239.9908256880734,575.1009174311927,4.0,,center,automated_candidate_unverified
C-M-0006-R.21-M1744-4.2024-07-03-11-47.NGGJK,C-M-0006-R.21-M1744-4,2024-07-03 11:47:00,band_06,237.25,536.1666666666666,5.0,,center,automated_candidate_unverified
C-M-0006-R.21-M1744-4.2024-07-03-11-47.NGGJK,C-M-0006-R.21-M1744-4,2024-07-03 11:47:00,band_07,238.5,496.0,6.0,,center,automated_candidate_unverified
C-M-0006-R.21-M1744-4.2024-07-03-11-47.NGGJK,C-M-0006-R.21-M1744-4,2024-07-03 11:47:00,band_08,238.1081081081081,455.7432432432432,7.0,,center,automated_candidate_unverified
C-M-0006-R.21-M1744-4.2024-07-03-11-47.NGGJK,C-M-0006-R.21-M1744-4,2024-07-03 11:47:00,band_09,238.40243902439025,414.5609756097561,8.0,,center,automated_candidate_unverified
C-M-0006-R.21-M1744-4.2024-07-04-11-44.NGGJK,C-M-0006-R.21-M1744-4,2024-07-04 11:44:00,band_01,251.39583333333331,685.7916666666666,0.0,,center,automated_candidate_unverified
C-M-0006-R.21-M1744-4.2024-07-04-11-44.NGGJK,C-M-0006-R.21-M1744-4,2024-07-04 11:44:00,band_02,249.04285714285717,646.4857142857143,1.0,,center,automated_candidate_unverified
C-M-0006-R.21-M1744-4.2024-07-04-11-44.NGGJK,C-M-0006-R.21-M1744-4,2024-07-04 11:44:00,band_03,248.47435897435895,608.0769230769231,2.0,,center,automated_candidate_unverified
C-M-0006-R.21-M1744-4.2024-07-04-11-44.NGGJK,C-M-0006-R.21-M1744-4,2024-07-04 11:44:00,band_04,248.50617283950615,569.4444444444445,3.0,,center,automated_candidate_unverified
C-M-0006-R.21-M1744-4.2024-07-04-11-44.NGGJK,C-M-0006-R.21-M1744-4,2024-07-04 11:44:00,band_05,245.96774193548387,529.8924731182796,4.0,,center,automated_candidate_unverified
C-M-0006-R.21-M1744-4.2024-07-04-11-44.NGGJK,C-M-0006-R.21-M1744-4,2024-07-04 11:44:00,band_06,246.5584415584416,489.9090909090909,5.0,,center,automated_candidate_unverified
C-M-0006-R.21-M1744-4.2024-07-04-11-44.NGGJK,C-M-0006-R.21-M1744-4,2024-07-04 11:44:00,band_07,246.17567567567568,449.8243243243243,6.0,,center,automated_candidate_unverified
C-M-0006-R.21-M1744-4.2024-07-04-11-44.NGGJK,C-M-0006-R.21-M1744-4,2024-07-04 11:44:00,band_08,246.1818181818182,408.5584415584416,7.0,,center,automated_candidate_unverified
C-M-0006-R.21-M1744-4.2024-07-04-11-44.NGGJK,C-M-0006-R.21-M1744-4,2024-07-04 11:44:00,band_09,247.84615384615384,367.5384615384616,8.0,,center,automated_candidate_unverified
C-M-0006-R.21-M1744-4.2024-07-04-11-44.NGGJK,C-M-0006-R.21-M1744-4,2024-07-04 11:44:00,band_10,247.484375,324.984375,9.0,,center,automated_candidate_unverified
C-M-0006-R.21-M1744-4.2024-07-04-11-44.NGGJK,C-M-0006-R.21-M1744-4,2024-07-04 11:44:00,band_11,248.25396825396825,282.23809523809524,10.0,,center,automated_candidate_unverified
C-M-0006-R.21-M1744-4.2024-07-04-11-44.NGGJK,C-M-0006-R.21-M1744-4,2024-07-04 11:44:00,band_12,249.06896551724137,239.05172413793105,11.0,,center,automated_candidate_unverified
C-M-0006-R.21-M1744-4.2024-07-04-11-44.NGGJK,C-M-0006-R.21-M1744-4,2024-07-04 11:44:00,band_13,250.1509433962264,194.9811320754717,12.0,,center,automated_candidate_unverified
C-M-0006-R.21-M1744-4.2024-07-04-11-44.NGGJK,C-M-0006-R.21-M1744-4,2024-07-04 11:44:00,band_14,251.54545454545453,150.07272727272726,13.0,,center,automated_candidate_unverified
C-M-0006-R.21-M1744-4.2024-07-04-11-44.NGGJK,C-M-0006-R.21-M1744-4,2024-07-04 11:44:00,band_15,252.7017543859649,104.33333333333331,14.0,,center,automated_candidate_unverified
C-M-0006-R.21-M1744-4.2024-07-05-11-46.NGGJK,C-M-0006-R.21-M1744-4,2024-07-05 11:46:00,band_01,263.3615384615385,393.1923076923077,0.0,,center,automated_candidate_unverified
C-M-0006-R.21-M1744-4.2024-07-05-11-46.NGGJK,C-M-0006-R.21-M1744-4,2024-07-05 11:46:00,band_02,254.6438356164384,350.54794520547944,1.0,,center,automated_candidate_unverified
C-M-0006-R.21-M1744-4.2024-07-05-11-46.NGGJK,C-M-0006-R.21-M1744-4,2024-07-05 11:46:00,band_03,255.49295774647888,308.7323943661972,2.0,,center,automated_candidate_unverified
C-M-0006-R.21-M1744-4.2024-07-05-11-46.NGGJK,C-M-0006-R.21-M1744-4,2024-07-05 11:46:00,band_04,256.3378378378378,266.4189189189189,3.0,,center,automated_candidate_unverified
C-M-0006-R.21-M1744-4.2024-07-05-11-46.NGGJK,C-M-0006-R.21-M1744-4,2024-07-05 11:46:00,band_05,257.4927536231884,223.3623188405797,4.0,,center,automated_candidate_unverified
C-M-0006-R.21-M1744-4.2024-07-05-11-46.NGGJK,C-M-0006-R.21-M1744-4,2024-07-05 11:46:00,band_06,258.54794520547944,179.73972602739727,5.0,,center,automated_candidate_unverified
C-M-0006-R.21-M1744-4.2024-07-05-11-46.NGGJK,C-M-0006-R.21-M1744-4,2024-07-05 11:46:00,band_07,259.6984126984127,135.36507936507937,6.0,,center,automated_candidate_unverified
C-M-0006-R.21-M1744-4.2024-07-06-11-45.NGGJK,C-M-0006-R.21-M1744-4,2024-07-06 11:45:00,band_01,243.27586206896552,622.8275862068965,0.0,,center,automated_candidate_unverified
C-M-0006-R.21-M1744-4.2024-07-06-11-45.NGGJK,C-M-0006-R.21-M1744-4,2024-07-06 11:45:00,band_02,242.1685393258427,583.5393258426966,1.0,,center,automated_candidate_unverified
C-M-0006-R.21-M1744-4.2024-07-06-11-45.NGGJK,C-M-0006-R.21-M1744-4,2024-07-06 11:45:00,band_03,242.27777777777777,543.9,2.0,,center,automated_candidate_unverified
C-M-0006-R.21-M1744-4.2024-07-06-11-45.NGGJK,C-M-0006-R.21-M1744-4,2024-07-06 11:45:00,band_04,240.96,503.96,3.0,,center,automated_candidate_unverified
C-M-0006-R.21-M1744-4.2024-07-06-11-45.NGGJK,C-M-0006-R.21-M1744-4,2024-07-06 11:45:00,band_05,240.82608695652172,463.7826086956522,4.0,,center,automated_candidate_unverified
C-M-0006-R.21-M1744-4.2024-07-06-11-45.NGGJK,C-M-0006-R.21-M1744-4,2024-07-06 11:45:00,band_06,240.33802816901408,422.7887323943662,5.0,,center,automated_candidate_unverified
C-M-0006-R.21-M1744-4.2024-07-06-11-45.NGGJK,C-M-0006-R.21-M1744-4,2024-07-06 11:45:00,band_07,241.0281690140845,381.2957746478873,6.0,,center,automated_candidate_unverified
C-M-0006-R.21-M1744-4.2024-07-06-11-45.NGGJK,C-M-0006-R.21-M1744-4,2024-07-06 11:45:00,band_08,241.11666666666667,339.18333333333334,7.0,,center,automated_candidate_unverified
C-M-0006-R.21-M1744-4.2024-07-07-11-46.NGGJK,C-M-0006-R.21-M1744-4,2024-07-07 11:46:00,band_01,242.05555555555557,501.5888888888889,0.0,,center,automated_candidate_unverified
C-M-0006-R.21-M1744-4.2024-07-07-11-46.NGGJK,C-M-0006-R.21-M1744-4,2024-07-07 11:46:00,band_02,241.58823529411765,461.2941176470589,1.0,,center,automated_candidate_unverified
C-M-0006-R.21-M1744-4.2024-07-07-11-46.NGGJK,C-M-0006-R.21-M1744-4,2024-07-07 11:46:00,band_03,241.35802469135805,420.358024691358,2.0,,center,automated_candidate_unverified
C-M-0006-R.21-M1744-4.2024-07-07-11-46.NGGJK,C-M-0006-R.21-M1744-4,2024-07-07 11:46:00,band_04,243.3846153846154,379.6263736263736,3.0,,center,automated_candidate_unverified
C-M-0006-R.21-M1744-4.2024-07-07-11-46.NGGJK,C-M-0006-R.21-M1744-4,2024-07-07 11:46:00,band_05,242.0,337.0,4.0,,center,automated_candidate_unverified
C-M-0006-R.21-M1744-4.2024-07-07-11-46.NGGJK,C-M-0006-R.21-M1744-4,2024-07-07 11:46:00,band_06,242.42857142857144,294.6857142857143,5.0,,center,automated_candidate_unverified
C-M-0006-R.21-M1744-4.2024-07-07-11-46.NGGJK,C-M-0006-R.21-M1744-4,2024-07-07 11:46:00,band_07,243.203125,251.59375,6.0,,center,automated_candidate_unverified
C-M-0006-R.21-M1744-4.2024-07-07-11-46.NGGJK,C-M-0006-R.21-M1744-4,2024-07-07 11:46:00,band_08,243.7945205479452,207.7945205479452,7.0,,center,automated_candidate_unverified
C-M-0006-R.21-M1744-4.2024-07-07-11-46.NGGJK,C-M-0006-R.21-M1744-4,2024-07-07 11:46:00,band_09,245.046875,163.296875,8.0,,center,automated_candidate_unverified
C-M-0006-R.21-M1744-4.2024-07-07-11-46.NGGJK,C-M-0006-R.21-M1744-4,2024-07-07 11:46:00,band_10,246.0,117.82352941176472,9.0,,center,automated_candidate_unverified
C-M-0006-R.21-M1744-4.2024-07-08-11-46.NGGJK,C-M-0006-R.21-M1744-4,2024-07-08 11:46:00,band_01,252.7027027027027,733.8108108108108,0.0,,center,automated_candidate_unverified
C-M-0006-R.21-M1744-4.2024-07-08-11-46.NGGJK,C-M-0006-R.21-M1744-4,2024-07-08 11:46:00,band_02,250.90625,696.90625,1.0,,center,automated_candidate_unverified
C-M-0006-R.21-M1744-4.2024-07-08-11-46.NGGJK,C-M-0006-R.21-M1744-4,2024-07-08 11:46:00,band_03,249.7391304347826,659.7826086956521,2.0,,center,automated_candidate_unverified
C-M-0006-R.21-M1744-4.2024-07-08-11-46.NGGJK,C-M-0006-R.21-M1744-4,2024-07-08 11:46:00,band_04,244.83333333333331,623.3333333333334,3.0,,center,automated_candidate_unverified
C-M-0006-R.21-M1744-4.2024-07-08-11-46.NGGJK,C-M-0006-R.21-M1744-4,2024-07-08 11:46:00,band_05,241.0,580.0,4.0,,center,automated_candidate_unverified
C-M-0006-R.21-M1744-4.2024-07-08-11-46.NGGJK,C-M-0006-R.21-M1744-4,2024-07-08 11:46:00,band_06,243.8641975308642,542.0,5.0,,center,automated_candidate_unverified
C-M-0006-R.21-M1744-4.2024-07-08-11-46.NGGJK,C-M-0006-R.21-M1744-4,2024-07-08 11:46:00,band_07,243.05555555555557,502.0416666666667,6.0,,center,automated_candidate_unverified
C-M-0006-R.21-M1744-4.2024-07-08-11-46.NGGJK,C-M-0006-R.21-M1744-4,2024-07-08 11:46:00,band_08,242.30555555555557,461.9166666666667,7.0,,center,automated_candidate_unverified
C-M-0006-R.21-M1744-4.2024-07-08-11-46.NGGJK,C-M-0006-R.21-M1744-4,2024-07-08 11:46:00,band_09,242.3235294117647,420.9264705882353,8.0,,center,automated_candidate_unverified
C-M-0006-R.21-M1744-4.2024-07-08-11-46.NGGJK,C-M-0006-R.21-M1744-4,2024-07-08 11:46:00,band_10,242.66666666666663,379.3787878787879,9.0,,center,automated_candidate_unverified
C-M-0006-R.21-M1744-4.2024-07-08-11-46.NGGJK,C-M-0006-R.21-M1744-4,2024-07-08 11:46:00,band_11,242.54716981132077,337.3018867924528,10.0,,center,automated_candidate_unverified
C-M-0006-R.21-M1744-4.2024-07-08-11-46.NGGJK,C-M-0006-R.21-M1744-4,2024-07-08 11:46:00,band_12,242.72,294.9,11.0,,center,automated_candidate_unverified
C-M-0006-R.21-M1744-4.2024-07-08-11-46.NGGJK,C-M-0006-R.21-M1744-4,2024-07-08 11:46:00,band_13,243.6530612244898,251.8367346938776,12.0,,center,automated_candidate_unverified
C-M-0006-R.21-M1744-4.2024-07-08-11-46.NGGJK,C-M-0006-R.21-M1744-4,2024-07-08 11:46:00,band_14,243.89361702127655,207.8510638297872,13.0,,center,automated_candidate_unverified
C-M-0006-R.21-M1744-4.2024-07-08-11-46.NGGJK,C-M-0006-R.21-M1744-4,2024-07-08 11:46:00,band_15,244.79591836734693,162.87755102040816,14.0,,center,automated_candidate_unverified
C-M-0006-R.21-M1744-4.2024-07-08-11-46.NGGJK,C-M-0006-R.21-M1744-4,2024-07-08 11:46:00,band_16,245.5283018867925,117.30188679245283,15.0,,center,automated_candidate_unverified
C-M-0006-R.21-M1744-4.2024-07-09-11-45.NGGJK,C-M-0006-R.21-M1744-4,2024-07-09 11:45:00,band_01,240.44444444444449,334.77777777777777,0.0,,center,automated_candidate_unverified
C-M-0006-R.21-M1744-4.2024-07-09-11-45.NGGJK,C-M-0006-R.21-M1744-4,2024-07-09 11:45:00,band_02,240.80555555555557,292.30555555555554,1.0,,center,automated_candidate_unverified
C-M-0006-R.21-M1744-4.2024-07-09-11-45.NGGJK,C-M-0006-R.21-M1744-4,2024-07-09 11:45:00,band_03,241.33823529411765,248.9264705882353,2.0,,center,automated_candidate_unverified
C-M-0006-R.21-M1744-4.2024-07-09-11-45.NGGJK,C-M-0006-R.21-M1744-4,2024-07-09 11:45:00,band_04,242.07462686567163,204.6716417910448,3.0,,center,automated_candidate_unverified
C-M-0006-R.21-M1744-4.2024-07-09-11-45.NGGJK,C-M-0006-R.21-M1744-4,2024-07-09 11:45:00,band_05,242.8732394366197,159.85915492957747,4.0,,center,automated_candidate_unverified
C-M-0006-R.21-M1744-4.2024-07-09-11-45.NGGJK,C-M-0006-R.21-M1744-4,2024-07-09 11:45:00,band_06,243.90277777777777,113.79166666666669,5.0,,center,automated_candidate_unverified
C-M-0006-R.21-M1744-4.2024-07-10-11-46.NGGJK,C-M-0006-R.21-M1744-4,2024-07-10 11:46:00,band_01,243.94736842105263,531.171052631579,0.0,,center,automated_candidate_unverified
C-M-0006-R.21-M1744-4.2024-07-10-11-46.NGGJK,C-M-0006-R.21-M1744-4,2024-07-10 11:46:00,band_02,242.72151898734177,491.44303797468353,1.0,,center,automated_candidate_unverified
C-M-0006-R.21-M1744-4.2024-07-10-11-46.NGGJK,C-M-0006-R.21-M1744-4,2024-07-10 11:46:00,band_03,242.64,451.0933333333333,2.0,,center,automated_candidate_unverified
C-M-0006-R.21-M1744-4.2024-07-10-11-46.NGGJK,C-M-0006-R.21-M1744-4,2024-07-10 11:46:00,band_04,241.9718309859155,410.07042253521126,3.0,,center,automated_candidate_unverified
C-M-0006-R.21-M1744-4.2024-07-10-11-46.NGGJK,C-M-0006-R.21-M1744-4,2024-07-10 11:46:00,band_05,249.63636363636363,369.3140495867768,4.0,,center,automated_candidate_unverified
C-M-0006-R.21-M1744-4.2024-07-10-11-46.NGGJK,C-M-0006-R.21-M1744-4,2024-07-10 11:46:00,band_06,242.5507246376812,326.1449275362319,5.0,,center,automated_candidate_unverified
C-M-0006-R.21-M1744-4.2024-07-10-11-46.NGGJK,C-M-0006-R.21-M1744-4,2024-07-10 11:46:00,band_07,242.6338028169014,283.36619718309856,6.0,,center,automated_candidate_unverified
C-M-0006-R.21-M1744-4.2024-07-10-11-46.NGGJK,C-M-0006-R.21-M1744-4,2024-07-10 11:46:00,band_08,243.26027397260276,240.13698630136983,7.0,,center,automated_candidate_unverified
C-M-0006-R.21-M1744-4.2024-07-10-11-46.NGGJK,C-M-0006-R.21-M1744-4,2024-07-10 11:46:00,band_09,243.92424242424244,195.6969696969697,8.0,,center,automated_candidate_unverified
C-M-0006-R.21-M1744-4.2024-07-10-11-46.NGGJK,C-M-0006-R.21-M1744-4,2024-07-10 11:46:00,band_10,244.87878787878788,150.4848484848485,9.0,,center,automated_candidate_unverified
C-M-0006-R.21-M1744-4.2024-07-10-11-46.NGGJK,C-M-0006-R.21-M1744-4,2024-07-10 11:46:00,band_11,245.59375,104.171875,10.0,,center,automated_candidate_unverified
C-M-0006-R.21-M1744-4.2024-07-11-11-52.NGGJK,C-M-0006-R.21-M1744-4,2024-07-11 11:52:00,band_01,639.2222222222222,807.4444444444445,0.0,,center,automated_candidate_unverified
C-M-0006-R.21-M1744-4.2024-07-11-11-52.NGGJK,C-M-0006-R.21-M1744-4,2024-07-11 11:52:00,band_02,637.5882352941177,761.2352941176471,1.0,,center,automated_candidate_unverified
C-M-0006-R.21-M1744-4.2024-07-11-11-52.NGGJK,C-M-0006-R.21-M1744-4,2024-07-11 11:52:00,band_03,613.625,715.125,2.0,,center,automated_candidate_unverified
C-M-0006-R.21-M1744-4.2024-07-11-11-52.NGGJK,C-M-0006-R.21-M1744-4,2024-07-11 11:52:00,band_04,606.5588235294117,682.3529411764706,3.0,,center,automated_candidate_unverified
C-M-0006-R.21-M1744-4.2024-07-11-11-52.NGGJK,C-M-0006-R.21-M1744-4,2024-07-11 11:52:00,band_05,593.8333333333334,641.6666666666666,4.0,,center,automated_candidate_unverified
C-M-0006-R.21-M1744-4.2024-07-12-11-22.NGGJK,C-M-0006-R.21-M1744-4,2024-07-12 11:22:00,band_01,651.7142857142857,695.0,0.0,,center,automated_candidate_unverified
C-M-0006-R.21-M1744-4.2024-07-12-11-22.NGGJK,C-M-0006-R.21-M1744-4,2024-07-12 11:22:00,band_02,651.5,674.3387096774194,1.0,,center,automated_candidate_unverified
C-M-0006-R.21-M1744-4.2024-07-12-11-22.NGGJK,C-M-0006-R.21-M1744-4,2024-07-12 11:22:00,band_03,651.8518518518518,649.5555555555555,2.0,,center,automated_candidate_unverified
C-M-0006-R.21-M1744-4.2024-07-12-11-22.NGGJK,C-M-0006-R.21-M1744-4,2024-07-12 11:22:00,band_04,647.75,620.8333333333334,3.0,,center,automated_candidate_unverified
C-M-0006-R.21-M1744-4.2024-07-12-11-22.NGGJK,C-M-0006-R.21-M1744-4,2024-07-12 11:22:00,band_05,647.6666666666666,588.2857142857143,4.0,,center,automated_candidate_unverified
C-M-0006-R.21-M1744-4.2024-07-14-11-53.NGGJK,C-M-0006-R.21-M1744-4,2024-07-14 11:53:00,band_01,250.36,724.56,0.0,,center,automated_candidate_unverified
C-M-0006-R.21-M1744-4.2024-07-14-11-53.NGGJK,C-M-0006-R.21-M1744-4,2024-07-14 11:53:00,band_02,248.7704918032787,688.016393442623,1.0,,center,automated_candidate_unverified
C-M-0006-R.21-M1744-4.2024-07-14-11-53.NGGJK,C-M-0006-R.21-M1744-4,2024-07-14 11:53:00,band_03,248.57142857142856,651.1428571428571,2.0,,center,automated_candidate_unverified
C-M-0006-R.21-M1744-4.2024-07-14-11-53.NGGJK,C-M-0006-R.21-M1744-4,2024-07-14 11:53:00,band_04,243.66176470588235,611.5735294117648,3.0,,center,automated_candidate_unverified
C-M-0006-R.21-M1744-4.2024-07-14-11-53.NGGJK,C-M-0006-R.21-M1744-4,2024-07-14 11:53:00,band_05,242.3658536585366,572.9146341463414,4.0,,center,automated_candidate_unverified
C-M-0006-R.21-M1744-4.2024-07-14-11-53.NGGJK,C-M-0006-R.21-M1744-4,2024-07-14 11:53:00,band_06,240.01298701298705,532.974025974026,5.0,,center,automated_candidate_unverified
C-M-0006-R.21-M1744-4.2024-07-14-11-53.NGGJK,C-M-0006-R.21-M1744-4,2024-07-14 11:53:00,band_07,240.4875,493.075,6.0,,center,automated_candidate_unverified
C-M-0006-R.21-M1744-4.2024-07-14-11-53.NGGJK,C-M-0006-R.21-M1744-4,2024-07-14 11:53:00,band_08,239.84,452.9866666666667,7.0,,center,automated_candidate_unverified
C-M-0006-R.21-M1744-4.2024-07-14-11-53.NGGJK,C-M-0006-R.21-M1744-4,2024-07-14 11:53:00,band_09,239.17142857142855,411.8857142857143,8.0,,center,automated_candidate_unverified
C-M-0006-R.21-M1744-4.2024-07-14-11-53.NGGJK,C-M-0006-R.21-M1744-4,2024-07-14 11:53:00,band_10,239.05555555555557,369.9583333333333,9.0,,center,automated_candidate_unverified
C-M-0006-R.21-M1744-4.2024-07-14-11-53.NGGJK,C-M-0006-R.21-M1744-4,2024-07-14 11:53:00,band_11,239.4032258064516,327.7096774193548,10.0,,center,automated_candidate_unverified
C-M-0006-R.21-M1744-4.2024-07-14-11-53.NGGJK,C-M-0006-R.21-M1744-4,2024-07-14 11:53:00,band_12,239.54716981132077,284.9433962264151,11.0,,center,automated_candidate_unverified
C-M-0006-R.21-M1744-4.2024-07-14-11-53.NGGJK,C-M-0006-R.21-M1744-4,2024-07-14 11:53:00,band_13,240.0344827586207,241.2586206896552,12.0,,center,automated_candidate_unverified
C-M-0006-R.21-M1744-4.2024-07-14-11-53.NGGJK,C-M-0006-R.21-M1744-4,2024-07-14 11:53:00,band_14,240.66037735849056,196.88679245283015,13.0,,center,automated_candidate_unverified
C-M-0006-R.21-M1744-4.2024-07-14-11-53.NGGJK,C-M-0006-R.21-M1744-4,2024-07-14 11:53:00,band_15,241.5,151.3653846153846,14.0,,center,automated_candidate_unverified
C-M-0006-R.21-M1744-4.2024-07-14-11-53.NGGJK,C-M-0006-R.21-M1744-4,2024-07-14 11:53:00,band_16,241.68627450980392,104.96078431372548,15.0,,center,automated_candidate_unverified
C-M-0006-R.21-M1744-4.2024-07-15-11-30.NGGJK,C-M-0006-R.21-M1744-4,2024-07-15 11:30:00,band_01,239.60416666666663,496.0208333333333,0.0,,center,automated_candidate_unverified
C-M-0006-R.21-M1744-4.2024-07-15-11-30.NGGJK,C-M-0006-R.21-M1744-4,2024-07-15 11:30:00,band_02,239.53012048192767,455.69879518072287,1.0,,center,automated_candidate_unverified
C-M-0006-R.21-M1744-4.2024-07-15-11-30.NGGJK,C-M-0006-R.21-M1744-4,2024-07-15 11:30:00,band_03,239.0125,414.2375,2.0,,center,automated_candidate_unverified
C-M-0006-R.21-M1744-4.2024-07-15-11-30.NGGJK,C-M-0006-R.21-M1744-4,2024-07-15 11:30:00,band_04,238.975,372.4875,3.0,,center,automated_candidate_unverified
C-M-0006-R.21-M1744-4.2024-07-15-11-30.NGGJK,C-M-0006-R.21-M1744-4,2024-07-15 11:30:00,band_05,239.1948051948052,330.3506493506493,4.0,,center,automated_candidate_unverified
C-M-0006-R.21-M1744-4.2024-07-15-11-30.NGGJK,C-M-0006-R.21-M1744-4,2024-07-15 11:30:00,band_06,239.58333333333331,287.40277777777777,5.0,,center,automated_candidate_unverified
C-M-0006-R.21-M1744-4.2024-07-15-11-30.NGGJK,C-M-0006-R.21-M1744-4,2024-07-15 11:30:00,band_07,240.1969696969697,244.03030303030303,6.0,,center,automated_candidate_unverified
C-M-0006-R.21-M1744-4.2024-07-15-11-30.NGGJK,C-M-0006-R.21-M1744-4,2024-07-15 11:30:00,band_08,240.74666666666667,199.48,7.0,,center,automated_candidate_unverified
C-M-0006-R.21-M1744-4.2024-07-15-11-30.NGGJK,C-M-0006-R.21-M1744-4,2024-07-15 11:30:00,band_09,241.14285714285717,153.94285714285715,8.0,,center,automated_candidate_unverified
C-M-0006-R.21-M1744-4.2024-07-15-11-30.NGGJK,C-M-0006-R.21-M1744-4,2024-07-15 11:30:00,band_10,242.11764705882356,107.73529411764706,9.0,,center,automated_candidate_unverified
C-M-0006-R.21-M1744-4.2024-07-16-11-31.NGGJK,C-M-0006-R.21-M1744-4,2024-07-16 11:31:00,band_01,248.14492753623188,572.3961352657005,0.0,,center,automated_candidate_unverified
C-M-0006-R.21-M1744-4.2024-07-16-11-31.NGGJK,C-M-0006-R.21-M1744-4,2024-07-16 11:31:00,band_02,239.89743589743588,529.4444444444445,1.0,,center,automated_candidate_unverified
C-M-0006-R.21-M1744-4.2024-07-16-11-31.NGGJK,C-M-0006-R.21-M1744-4,2024-07-16 11:31:00,band_03,241.3398058252427,488.66990291262135,2.0,,center,automated_candidate_unverified
C-M-0006-R.21-M1744-4.2024-07-16-11-31.NGGJK,C-M-0006-R.21-M1744-4,2024-07-16 11:31:00,band_04,239.84337349397592,448.9156626506024,3.0,,center,automated_candidate_unverified
C-M-0006-R.21-M1744-4.2024-07-16-11-31.NGGJK,C-M-0006-R.21-M1744-4,2024-07-16 11:31:00,band_05,239.03488372093025,407.6162790697674,4.0,,center,automated_candidate_unverified
C-M-0006-R.21-M1744-4.2024-07-16-11-31.NGGJK,C-M-0006-R.21-M1744-4,2024-07-16 11:31:00,band_06,239.09756097560972,366.0,5.0,,center,automated_candidate_unverified
C-M-0006-R.21-M1744-4.2024-07-16-11-31.NGGJK,C-M-0006-R.21-M1744-4,2024-07-16 11:31:00,band_07,239.1071428571429,323.5,6.0,,center,automated_candidate_unverified
C-M-0006-R.21-M1744-4.2024-07-16-11-31.NGGJK,C-M-0006-R.21-M1744-4,2024-07-16 11:31:00,band_08,239.67816091954023,280.7586206896552,7.0,,center,automated_candidate_unverified
C-M-0006-R.21-M1744-4.2024-07-16-11-31.NGGJK,C-M-0006-R.21-M1744-4,2024-07-16 11:31:00,band_09,240.1153846153846,237.15384615384616,8.0,,center,automated_candidate_unverified
C-M-0006-R.21-M1744-4.2024-07-16-11-31.NGGJK,C-M-0006-R.21-M1744-4,2024-07-16 11:31:00,band_10,240.57647058823528,192.8705882352941,9.0,,center,automated_candidate_unverified
C-M-0006-R.21-M1744-4.2024-07-16-11-31.NGGJK,C-M-0006-R.21-M1744-4,2024-07-16 11:31:00,band_11,241.1627906976744,146.8953488372093,10.0,,center,automated_candidate_unverified
C-M-0006-R.21-M1744-4.2024-07-16-11-31.NGGJK,C-M-0006-R.21-M1744-4,2024-07-16 11:31:00,band_12,242.0344827586207,100.72413793103448,11.0,,center,automated_candidate_unverified
C-M-0006-R.21-M1744-4.2024-07-18-11-32.NGGJK,C-M-0006-R.21-M1744-4,2024-07-18 11:32:00,band_01,241.30864197530863,528.0617283950618,0.0,,center,automated_candidate_unverified
C-M-0006-R.21-M1744-4.2024-07-18-11-32.NGGJK,C-M-0006-R.21-M1744-4,2024-07-18 11:32:00,band_02,243.04901960784315,487.5980392156863,1.0,,center,automated_candidate_unverified
C-M-0006-R.21-M1744-4.2024-07-18-11-32.NGGJK,C-M-0006-R.21-M1744-4,2024-07-18 11:32:00,band_03,241.125,447.4125,2.0,,center,automated_candidate_unverified
C-M-0006-R.21-M1744-4.2024-07-18-11-32.NGGJK,C-M-0006-R.21-M1744-4,2024-07-18 11:32:00,band_04,240.28205128205127,406.2435897435897,3.0,,center,automated_candidate_unverified
C-M-0006-R.21-M1744-4.2024-07-18-11-32.NGGJK,C-M-0006-R.21-M1744-4,2024-07-18 11:32:00,band_05,240.4102564102564,364.3589743589744,4.0,,center,automated_candidate_unverified
C-M-0006-R.21-M1744-4.2024-07-18-11-32.NGGJK,C-M-0006-R.21-M1744-4,2024-07-18 11:32:00,band_06,240.67605633802816,322.14084507042253,5.0,,center,automated_candidate_unverified
C-M-0006-R.21-M1744-4.2024-07-18-11-32.NGGJK,C-M-0006-R.21-M1744-4,2024-07-18 11:32:00,band_07,241.01538461538465,279.18461538461537,6.0,,center,automated_candidate_unverified
C-M-0006-R.21-M1744-4.2024-07-18-11-32.NGGJK,C-M-0006-R.21-M1744-4,2024-07-18 11:32:00,band_08,241.2153846153846,235.35384615384612,7.0,,center,automated_candidate_unverified
C-M-0006-R.21-M1744-4.2024-07-18-11-32.NGGJK,C-M-0006-R.21-M1744-4,2024-07-18 11:32:00,band_09,241.69444444444449,190.61111111111111,8.0,,center,automated_candidate_unverified
C-M-0006-R.21-M1744-4.2024-07-18-11-32.NGGJK,C-M-0006-R.21-M1744-4,2024-07-18 11:32:00,band_10,242.24615384615385,144.7846153846154,9.0,,center,automated_candidate_unverified
C-M-0006-R.21-M1744-4.2024-07-18-11-32.NGGJK,C-M-0006-R.21-M1744-4,2024-07-18 11:32:00,band_11,242.66666666666663,98.0,10.0,,center,automated_candidate_unverified
C-M-0006-R.21-M1744-4.2024-07-20-11-33.NGGJK,C-M-0006-R.21-M1744-4,2024-07-20 11:33:00,band_01,244.28846153846155,604.9230769230769,0.0,,center,automated_candidate_unverified
C-M-0006-R.21-M1744-4.2024-07-20-11-33.NGGJK,C-M-0006-R.21-M1744-4,2024-07-20 11:33:00,band_02,245.2015503875969,566.4031007751938,1.0,,center,automated_candidate_unverified
C-M-0006-R.21-M1744-4.2024-07-20-11-33.NGGJK,C-M-0006-R.21-M1744-4,2024-07-20 11:33:00,band_03,241.21917808219175,527.1369863013699,2.0,,center,automated_candidate_unverified
C-M-0006-R.21-M1744-4.2024-07-20-11-33.NGGJK,C-M-0006-R.21-M1744-4,2024-07-20 11:33:00,band_04,241.20689655172413,487.2241379310345,3.0,,center,automated_candidate_unverified
C-M-0006-R.21-M1744-4.2024-07-20-11-33.NGGJK,C-M-0006-R.21-M1744-4,2024-07-20 11:33:00,band_05,238.7391304347826,446.94565217391306,4.0,,center,automated_candidate_unverified
C-M-0006-R.21-M1744-4.2024-07-20-11-33.NGGJK,C-M-0006-R.21-M1744-4,2024-07-20 11:33:00,band_06,238.0681818181818,406.0340909090909,5.0,,center,automated_candidate_unverified
C-M-0006-R.21-M1744-4.2024-07-20-11-33.NGGJK,C-M-0006-R.21-M1744-4,2024-07-20 11:33:00,band_07,238.2470588235294,364.1294117647059,6.0,,center,automated_candidate_unverified
C-M-0006-R.21-M1744-4.2024-07-20-11-33.NGGJK,C-M-0006-R.21-M1744-4,2024-07-20 11:33:00,band_08,238.66666666666663,322.1358024691358,7.0,,center,automated_candidate_unverified
C-M-0006-R.21-M1744-4.2024-07-20-11-33.NGGJK,C-M-0006-R.21-M1744-4,2024-07-20 11:33:00,band_09,238.66666666666663,279.26666666666665,8.0,,center,automated_candidate_unverified
C-M-0006-R.21-M1744-4.2024-07-20-11-33.NGGJK,C-M-0006-R.21-M1744-4,2024-07-20 11:33:00,band_10,239.22784810126583,235.62025316455697,9.0,,center,automated_candidate_unverified
C-M-0006-R.21-M1744-4.2024-07-20-11-33.NGGJK,C-M-0006-R.21-M1744-4,2024-07-20 11:33:00,band_11,239.3421052631579,190.68421052631575,10.0,,center,automated_candidate_unverified
C-M-0006-R.21-M1744-4.2024-07-20-11-33.NGGJK,C-M-0006-R.21-M1744-4,2024-07-20 11:33:00,band_12,240.5,145.1951219512195,11.0,,center,automated_candidate_unverified
C-M-0006-R.21-M1744-4.2024-07-20-11-33.NGGJK,C-M-0006-R.21-M1744-4,2024-07-20 11:33:00,band_13,241.375,98.5875,12.0,,center,automated_candidate_unverified
C-M-0006-R.21-M1744-4.2024-07-21-11-32.NGGJK,C-M-0006-R.21-M1744-4,2024-07-21 11:32:00,band_01,250.4,604.9142857142857,0.0,,center,automated_candidate_unverified
C-M-0006-R.21-M1744-4.2024-07-21-11-32.NGGJK,C-M-0006-R.21-M1744-4,2024-07-21 11:32:00,band_02,249.44295302013424,569.8120805369127,1.0,,center,automated_candidate_unverified
C-M-0006-R.21-M1744-4.2024-07-21-11-32.NGGJK,C-M-0006-R.21-M1744-4,2024-07-21 11:32:00,band_03,243.41379310344828,527.5632183908046,2.0,,center,automated_candidate_unverified
C-M-0006-R.21-M1744-4.2024-07-21-11-32.NGGJK,C-M-0006-R.21-M1744-4,2024-07-21 11:32:00,band_04,240.3392857142857,487.4821428571428,3.0,,center,automated_candidate_unverified
C-M-0006-R.21-M1744-4.2024-07-21-11-32.NGGJK,C-M-0006-R.21-M1744-4,2024-07-21 11:32:00,band_05,240.7037037037037,447.0740740740741,4.0,,center,automated_candidate_unverified
C-M-0006-R.21-M1744-4.2024-07-21-11-32.NGGJK,C-M-0006-R.21-M1744-4,2024-07-21 11:32:00,band_06,240.5679012345679,405.9753086419753,5.0,,center,automated_candidate_unverified
C-M-0006-R.21-M1744-4.2024-07-21-11-32.NGGJK,C-M-0006-R.21-M1744-4,2024-07-21 11:32:00,band_07,240.5,364.0512820512821,6.0,,center,automated_candidate_unverified
C-M-0006-R.21-M1744-4.2024-07-21-11-32.NGGJK,C-M-0006-R.21-M1744-4,2024-07-21 11:32:00,band_08,240.8658536585366,321.6219512195122,7.0,,center,automated_candidate_unverified
C-M-0006-R.21-M1744-4.2024-07-21-11-32.NGGJK,C-M-0006-R.21-M1744-4,2024-07-21 11:32:00,band_09,241.1375,278.6625,8.0,,center,automated_candidate_unverified
C-M-0006-R.21-M1744-4.2024-07-21-11-32.NGGJK,C-M-0006-R.21-M1744-4,2024-07-21 11:32:00,band_10,242.05,235.05,9.0,,center,automated_candidate_unverified
C-M-0006-R.21-M1744-4.2024-07-21-11-32.NGGJK,C-M-0006-R.21-M1744-4,2024-07-21 11:32:00,band_11,242.52564102564105,190.2948717948718,10.0,,center,automated_candidate_unverified
C-M-0006-R.21-M1744-4.2024-07-21-11-32.NGGJK,C-M-0006-R.21-M1744-4,2024-07-21 11:32:00,band_12,243.1379310344828,144.22988505747125,11.0,,center,automated_candidate_unverified
C-M-0006-R.21-M1744-4.2024-07-22-11-32.NGGJK,C-M-0006-R.21-M1744-4,2024-07-22 11:32:00,band_01,244.8,553.2,0.0,,center,automated_candidate_unverified
C-M-0006-R.21-M1744-4.2024-07-22-11-32.NGGJK,C-M-0006-R.21-M1744-4,2024-07-22 11:32:00,band_02,235.8,516.6,1.0,,center,automated_candidate_unverified
C-M-0006-R.21-M1744-4.2024-07-22-11-32.NGGJK,C-M-0006-R.21-M1744-4,2024-07-22 11:32:00,band_03,239.92727272727276,486.7636363636364,2.0,,center,automated_candidate_unverified
C-M-0006-R.21-M1744-4.2024-07-22-11-32.NGGJK,C-M-0006-R.21-M1744-4,2024-07-22 11:32:00,band_04,241.42696629213484,447.0,3.0,,center,automated_candidate_unverified
C-M-0006-R.21-M1744-4.2024-07-22-11-32.NGGJK,C-M-0006-R.21-M1744-4,2024-07-22 11:32:00,band_05,241.3181818181818,405.9431818181818,4.0,,center,automated_candidate_unverified
C-M-0006-R.21-M1744-4.2024-07-22-11-32.NGGJK,C-M-0006-R.21-M1744-4,2024-07-22 11:32:00,band_06,241.0487804878049,363.9024390243902,5.0,,center,automated_candidate_unverified
C-M-0006-R.21-M1744-4.2024-07-22-11-32.NGGJK,C-M-0006-R.21-M1744-4,2024-07-22 11:32:00,band_07,241.265625,321.546875,6.0,,center,automated_candidate_unverified
C-M-0006-R.21-M1744-4.2024-07-22-11-32.NGGJK,C-M-0006-R.21-M1744-4,2024-07-22 11:32:00,band_08,241.11475409836063,278.5245901639344,7.0,,center,automated_candidate_unverified
C-M-0006-R.21-M1744-4.2024-07-22-11-32.NGGJK,C-M-0006-R.21-M1744-4,2024-07-22 11:32:00,band_09,242.29850746268656,234.77611940298507,8.0,,center,automated_candidate_unverified
C-M-0006-R.21-M1744-4.2024-07-22-11-32.NGGJK,C-M-0006-R.21-M1744-4,2024-07-22 11:32:00,band_10,243.3733333333333,190.0533333333333,9.0,,center,automated_candidate_unverified
C-M-0006-R.21-M1744-4.2024-07-22-11-32.NGGJK,C-M-0006-R.21-M1744-4,2024-07-22 11:32:00,band_11,244.13513513513516,144.1216216216216,10.0,,center,automated_candidate_unverified
C-M-0006-R.21-M1744-4.2024-07-22-11-32.NGGJK,C-M-0006-R.21-M1744-4,2024-07-22 11:32:00,band_12,244.873417721519,97.53164556962024,11.0,,center,automated_candidate_unverified
C-M-0006-R.21-M1744-4.2024-07-23-11-53.NGGJK,C-M-0006-R.21-M1744-4,2024-07-23 11:53:00,band_01,233.1627906976744,527.7953488372093,0.0,,center,automated_candidate_unverified
C-M-0006-R.21-M1744-4.2024-07-23-11-53.NGGJK,C-M-0006-R.21-M1744-4,2024-07-23 11:53:00,band_02,240.6034482758621,485.7758620689655,1.0,,center,automated_candidate_unverified
C-M-0006-R.21-M1744-4.2024-07-23-11-53.NGGJK,C-M-0006-R.21-M1744-4,2024-07-23 11:53:00,band_03,241.17441860465115,445.40697674418607,2.0,,center,automated_candidate_unverified
C-M-0006-R.21-M1744-4.2024-07-23-11-53.NGGJK,C-M-0006-R.21-M1744-4,2024-07-23 11:53:00,band_04,240.66666666666663,404.1785714285714,3.0,,center,automated_candidate_unverified
C-M-0006-R.21-M1744-4.2024-07-23-11-53.NGGJK,C-M-0006-R.21-M1744-4,2024-07-23 11:53:00,band_05,240.97590361445785,362.34939759036143,4.0,,center,automated_candidate_unverified
C-M-0006-R.21-M1744-4.2024-07-23-11-53.NGGJK,C-M-0006-R.21-M1744-4,2024-07-23 11:53:00,band_06,241.4090909090909,319.90909090909093,5.0,,center,automated_candidate_unverified
C-M-0006-R.21-M1744-4.2024-07-23-11-53.NGGJK,C-M-0006-R.21-M1744-4,2024-07-23 11:53:00,band_07,241.69135802469137,276.7901234567901,6.0,,center,automated_candidate_unverified
C-M-0006-R.21-M1744-4.2024-07-23-11-53.NGGJK,C-M-0006-R.21-M1744-4,2024-07-23 11:53:00,band_08,242.19230769230768,233.24358974358972,7.0,,center,automated_candidate_unverified
C-M-0006-R.21-M1744-4.2024-07-23-11-53.NGGJK,C-M-0006-R.21-M1744-4,2024-07-23 11:53:00,band_09,242.65384615384616,188.2051282051282,8.0,,center,automated_candidate_unverified
C-M-0006-R.21-M1744-4.2024-07-23-11-53.NGGJK,C-M-0006-R.21-M1744-4,2024-07-23 11:53:00,band_10,243.6,142.36,9.0,,center,automated_candidate_unverified
C-M-0006-R.21-M1744-4.2024-07-23-11-53.NGGJK,C-M-0006-R.21-M1744-4,2024-07-23 11:53:00,band_11,244.45569620253164,95.63291139240506,10.0,,center,automated_candidate_unverified
C-M-0006-R.21-M1744-4.2024-07-24-11-53.NGGJK,C-M-0006-R.21-M1744-4,2024-07-24 11:53:00,band_01,240.75,486.55,0.0,,center,automated_candidate_unverified
C-M-0006-R.21-M1744-4.2024-07-24-11-53.NGGJK,C-M-0006-R.21-M1744-4,2024-07-24 11:53:00,band_02,244.38983050847455,446.7118644067797,1.0,,center,automated_candidate_unverified
C-M-0006-R.21-M1744-4.2024-07-24-11-53.NGGJK,C-M-0006-R.21-M1744-4,2024-07-24 11:53:00,band_03,241.6703296703297,405.2857142857143,2.0,,center,automated_candidate_unverified
C-M-0006-R.21-M1744-4.2024-07-24-11-53.NGGJK,C-M-0006-R.21-M1744-4,2024-07-24 11:53:00,band_04,243.58333333333331,362.6833333333333,3.0,,center,automated_candidate_unverified
C-M-0006-R.21-M1744-4.2024-07-24-11-53.NGGJK,C-M-0006-R.21-M1744-4,2024-07-24 11:53:00,band_05,242.5257731958763,320.8659793814433,4.0,,center,automated_candidate_unverified
C-M-0006-R.21-M1744-4.2024-07-24-11-53.NGGJK,C-M-0006-R.21-M1744-4,2024-07-24 11:53:00,band_06,242.7325581395349,277.7325581395349,5.0,,center,automated_candidate_unverified
C-M-0006-R.21-M1744-4.2024-07-24-11-53.NGGJK,C-M-0006-R.21-M1744-4,2024-07-24 11:53:00,band_07,243.0581395348837,233.7674418604651,6.0,,center,automated_candidate_unverified
C-M-0006-R.21-M1744-4.2024-07-24-11-53.NGGJK,C-M-0006-R.21-M1744-4,2024-07-24 11:53:00,band_08,244.13953488372093,188.95348837209303,7.0,,center,automated_candidate_unverified
C-M-0006-R.21-M1744-4.2024-07-24-11-53.NGGJK,C-M-0006-R.21-M1744-4,2024-07-24 11:53:00,band_09,244.95402298850576,142.97701149425288,8.0,,center,automated_candidate_unverified
C-M-0006-R.21-M1744-4.2024-07-24-11-53.NGGJK,C-M-0006-R.21-M1744-4,2024-07-24 11:53:00,band_10,246.0224719101124,96.34831460674155,9.0,,center,automated_candidate_unverified
C-M-0006-R.21-M1744-4.2024-07-25-11-54.NGGJK,C-M-0006-R.21-M1744-4,2024-07-25 11:54:00,band_01,237.81944444444449,362.81944444444446,0.0,,center,automated_candidate_unverified
C-M-0006-R.21-M1744-4.2024-07-25-11-54.NGGJK,C-M-0006-R.21-M1744-4,2024-07-25 11:54:00,band_02,238.1860465116279,320.7093023255814,1.0,,center,automated_candidate_unverified
C-M-0006-R.21-M1744-4.2024-07-25-11-54.NGGJK,C-M-0006-R.21-M1744-4,2024-07-25 11:54:00,band_03,238.67857142857144,277.70238095238096,2.0,,center,automated_candidate_unverified
C-M-0006-R.21-M1744-4.2024-07-25-11-54.NGGJK,C-M-0006-R.21-M1744-4,2024-07-25 11:54:00,band_04,239.16455696202533,233.9873417721519,3.0,,center,automated_candidate_unverified
C-M-0006-R.21-M1744-4.2024-07-25-11-54.NGGJK,C-M-0006-R.21-M1744-4,2024-07-25 11:54:00,band_05,240.01282051282053,189.2948717948718,4.0,,center,automated_candidate_unverified
C-M-0006-R.21-M1744-4.2024-07-25-11-54.NGGJK,C-M-0006-R.21-M1744-4,2024-07-25 11:54:00,band_06,240.8181818181818,143.2987012987013,5.0,,center,automated_candidate_unverified
C-M-0006-R.21-M1744-4.2024-07-25-11-54.NGGJK,C-M-0006-R.21-M1744-4,2024-07-25 11:54:00,band_07,241.47297297297297,96.58108108108108,6.0,,center,automated_candidate_unverified
C-M-0006-R.21-M1744-4.2024-07-26-11-55.NGGJK,C-M-0006-R.21-M1744-4,2024-07-26 11:55:00,band_01,242.63636363636363,406.27272727272725,0.0,,center,automated_candidate_unverified
C-M-0006-R.21-M1744-4.2024-07-26-11-55.NGGJK,C-M-0006-R.21-M1744-4,2024-07-26 11:55:00,band_02,243.40425531914892,364.56382978723406,1.0,,center,automated_candidate_unverified
C-M-0006-R.21-M1744-4.2024-07-26-11-55.NGGJK,C-M-0006-R.21-M1744-4,2024-07-26 11:55:00,band_03,243.26829268292684,322.2073170731707,2.0,,center,automated_candidate_unverified
C-M-0006-R.21-M1744-4.2024-07-26-11-55.NGGJK,C-M-0006-R.21-M1744-4,2024-07-26 11:55:00,band_04,243.7674418604651,279.2906976744186,3.0,,center,automated_candidate_unverified
C-M-0006-R.21-M1744-4.2024-07-26-11-55.NGGJK,C-M-0006-R.21-M1744-4,2024-07-26 11:55:00,band_05,244.43529411764703,235.51764705882357,4.0,,center,automated_candidate_unverified
C-M-0006-R.21-M1744-4.2024-07-26-11-55.NGGJK,C-M-0006-R.21-M1744-4,2024-07-26 11:55:00,band_06,244.9638554216868,190.710843373494,5.0,,center,automated_candidate_unverified
C-M-0006-R.21-M1744-4.2024-07-26-11-55.NGGJK,C-M-0006-R.21-M1744-4,2024-07-26 11:55:00,band_07,246.01176470588237,144.90588235294118,6.0,,center,automated_candidate_unverified
C-M-0006-R.21-M1744-4.2024-07-26-11-55.NGGJK,C-M-0006-R.21-M1744-4,2024-07-26 11:55:00,band_08,246.8690476190476,98.1904761904762,7.0,,center,automated_candidate_unverified
C-M-0006-R.21-M1744-4.2024-07-27-11-54.NGGJK,C-M-0006-R.21-M1744-4,2024-07-27 11:54:00,band_01,245.07894736842104,408.0263157894737,0.0,,center,automated_candidate_unverified
C-M-0006-R.21-M1744-4.2024-07-27-11-54.NGGJK,C-M-0006-R.21-M1744-4,2024-07-27 11:54:00,band_02,246.28378378378375,365.9864864864865,1.0,,center,automated_candidate_unverified
C-M-0006-R.21-M1744-4.2024-07-27-11-54.NGGJK,C-M-0006-R.21-M1744-4,2024-07-27 11:54:00,band_03,245.5584415584416,324.012987012987,2.0,,center,automated_candidate_unverified
C-M-0006-R.21-M1744-4.2024-07-27-11-54.NGGJK,C-M-0006-R.21-M1744-4,2024-07-27 11:54:00,band_04,246.05,280.95,3.0,,center,automated_candidate_unverified
C-M-0006-R.21-M1744-4.2024-07-27-11-54.NGGJK,C-M-0006-R.21-M1744-4,2024-07-27 11:54:00,band_05,246.85,237.2333333333333,4.0,,center,automated_candidate_unverified
C-M-0006-R.21-M1744-4.2024-07-27-11-54.NGGJK,C-M-0006-R.21-M1744-4,2024-07-27 11:54:00,band_06,247.52631578947367,192.5438596491228,5.0,,center,automated_candidate_unverified
C-M-0006-R.21-M1744-4.2024-07-27-11-54.NGGJK,C-M-0006-R.21-M1744-4,2024-07-27 11:54:00,band_07,248.2982456140351,146.66666666666666,6.0,,center,automated_candidate_unverified
C-M-0006-R.21-M1744-4.2024-07-28-11-54.NGGJK,C-M-0006-R.21-M1744-4,2024-07-28 11:54:00,band_01,240.7333333333333,395.2166666666666,0.0,,center,automated_candidate_unverified
C-M-0006-R.21-M1744-4.2024-07-28-11-54.NGGJK,C-M-0006-R.21-M1744-4,2024-07-28 11:54:00,band_02,244.4406779661017,353.0,1.0,,center,automated_candidate_unverified
C-M-0006-R.21-M1744-4.2024-07-28-11-54.NGGJK,C-M-0006-R.21-M1744-4,2024-07-28 11:54:00,band_03,242.7692307692308,310.6826923076923,2.0,,center,automated_candidate_unverified
C-M-0006-R.21-M1744-4.2024-07-28-11-54.NGGJK,C-M-0006-R.21-M1744-4,2024-07-28 11:54:00,band_04,244.63888888888889,267.3333333333333,3.0,,center,automated_candidate_unverified
C-M-0006-R.21-M1744-4.2024-07-28-11-54.NGGJK,C-M-0006-R.21-M1744-4,2024-07-28 11:54:00,band_05,245.6056338028169,223.35211267605635,4.0,,center,automated_candidate_unverified
C-M-0006-R.21-M1744-4.2024-07-28-11-54.NGGJK,C-M-0006-R.21-M1744-4,2024-07-28 11:54:00,band_06,247.078125,178.390625,5.0,,center,automated_candidate_unverified
C-M-0006-R.21-M1744-4.2024-07-28-11-54.NGGJK,C-M-0006-R.21-M1744-4,2024-07-28 11:54:00,band_07,248.1692307692308,132.1076923076923,6.0,,center,automated_candidate_unverified
C-M-0006-R.21-M1744-4.2024-07-28-11-54.NGGJK,C-M-0006-R.21-M1744-4,2024-07-28 11:54:00,band_08,249.8955223880597,84.86567164179104,7.0,,center,automated_candidate_unverified
C-M-0006-R.21-M1744-4.2024-07-29-11-54.NGGJK,C-M-0006-R.21-M1744-4,2024-07-29 11:54:00,band_01,240.4642857142857,398.5,0.0,,center,automated_candidate_unverified
C-M-0006-R.21-M1744-4.2024-07-29-11-54.NGGJK,C-M-0006-R.21-M1744-4,2024-07-29 11:54:00,band_02,244.07142857142856,355.7857142857143,1.0,,center,automated_candidate_unverified
C-M-0006-R.21-M1744-4.2024-07-29-11-54.NGGJK,C-M-0006-R.21-M1744-4,2024-07-29 11:54:00,band_03,240.8617021276596,313.90425531914894,2.0,,center,automated_candidate_unverified
C-M-0006-R.21-M1744-4.2024-07-29-11-54.NGGJK,C-M-0006-R.21-M1744-4,2024-07-29 11:54:00,band_04,242.03658536585365,270.6585365853659,3.0,,center,automated_candidate_unverified
C-M-0006-R.21-M1744-4.2024-07-29-11-54.NGGJK,C-M-0006-R.21-M1744-4,2024-07-29 11:54:00,band_05,243.0493827160494,226.6172839506173,4.0,,center,automated_candidate_unverified
C-M-0006-R.21-M1744-4.2024-07-29-11-54.NGGJK,C-M-0006-R.21-M1744-4,2024-07-29 11:54:00,band_06,243.8684210526316,181.52631578947367,5.0,,center,automated_candidate_unverified
C-M-0006-R.21-M1744-4.2024-07-29-11-54.NGGJK,C-M-0006-R.21-M1744-4,2024-07-29 11:54:00,band_07,244.96875,135.484375,6.0,,center,automated_candidate_unverified
C-M-0006-R.21-M1744-4.2024-07-29-11-54.NGGJK,C-M-0006-R.21-M1744-4,2024-07-29 11:54:00,band_08,245.88059701492537,88.08955223880596,7.0,,center,automated_candidate_unverified
C-M-0006-R.21-M1744-4.2024-07-30-11-55.NGGJK,C-M-0006-R.21-M1744-4,2024-07-30 11:55:00,band_01,237.34615384615384,312.40384615384613,0.0,,center,automated_candidate_unverified
C-M-0006-R.21-M1744-4.2024-07-30-11-55.NGGJK,C-M-0006-R.21-M1744-4,2024-07-30 11:55:00,band_02,238.6266666666667,269.4,1.0,,center,automated_candidate_unverified
C-M-0006-R.21-M1744-4.2024-07-30-11-55.NGGJK,C-M-0006-R.21-M1744-4,2024-07-30 11:55:00,band_03,238.9402985074627,225.55223880597012,2.0,,center,automated_candidate_unverified
C-M-0006-R.21-M1744-4.2024-07-30-11-55.NGGJK,C-M-0006-R.21-M1744-4,2024-07-30 11:55:00,band_04,240.0704225352113,180.6197183098592,3.0,,center,automated_candidate_unverified
C-M-0006-R.21-M1744-4.2024-07-30-11-55.NGGJK,C-M-0006-R.21-M1744-4,2024-07-30 11:55:00,band_05,240.8571428571429,134.74285714285713,4.0,,center,automated_candidate_unverified
C-M-0006-R.21-M1744-4.2024-07-30-11-55.NGGJK,C-M-0006-R.21-M1744-4,2024-07-30 11:55:00,band_06,242.1891891891892,87.93243243243244,5.0,,center,automated_candidate_unverified
C-M-0006-R.21-M1744-4.2024-07-31-11-55.NGGJK,C-M-0006-R.21-M1744-4,2024-07-31 11:55:00,band_01,232.21818181818185,396.8181818181818,0.0,,center,automated_candidate_unverified
C-M-0006-R.21-M1744-4.2024-07-31-11-55.NGGJK,C-M-0006-R.21-M1744-4,2024-07-31 11:55:00,band_02,236.61111111111111,353.1666666666667,1.0,,center,automated_candidate_unverified
C-M-0006-R.21-M1744-4.2024-07-31-11-55.NGGJK,C-M-0006-R.21-M1744-4,2024-07-31 11:55:00,band_03,234.17333333333332,312.12,2.0,,center,automated_candidate_unverified
C-M-0006-R.21-M1744-4.2024-07-31-11-55.NGGJK,C-M-0006-R.21-M1744-4,2024-07-31 11:55:00,band_04,234.6153846153846,269.0,3.0,,center,automated_candidate_unverified
C-M-0006-R.21-M1744-4.2024-07-31-11-55.NGGJK,C-M-0006-R.21-M1744-4,2024-07-31 11:55:00,band_05,235.48,224.98,4.0,,center,automated_candidate_unverified
C-M-0006-R.21-M1744-4.2024-07-31-11-55.NGGJK,C-M-0006-R.21-M1744-4,2024-07-31 11:55:00,band_06,236.1818181818182,179.95454545454547,5.0,,center,automated_candidate_unverified
C-M-0006-R.21-M1744-4.2024-07-31-11-55.NGGJK,C-M-0006-R.21-M1744-4,2024-07-31 11:55:00,band_07,237.06666666666663,133.86666666666667,6.0,,center,automated_candidate_unverified
C-M-0006-R.21-M1744-4.2024-07-31-11-55.NGGJK,C-M-0006-R.21-M1744-4,2024-07-31 11:55:00,band_08,238.04545454545453,87.04545454545455,7.0,,center,automated_candidate_unverified
C-M-0006-R.21-M1744-4.2024-08-01-11-55.NGGJK,C-M-0006-R.21-M1744-4,2024-08-01 11:55:00,band_01,239.47222222222223,396.05555555555554,0.0,,center,automated_candidate_unverified
C-M-0006-R.21-M1744-4.2024-08-01-11-55.NGGJK,C-M-0006-R.21-M1744-4,2024-08-01 11:55:00,band_02,236.18867924528303,353.8679245283019,1.0,,center,automated_candidate_unverified
C-M-0006-R.21-M1744-4.2024-08-01-11-55.NGGJK,C-M-0006-R.21-M1744-4,2024-08-01 11:55:00,band_03,238.5,311.525,2.0,,center,automated_candidate_unverified
C-M-0006-R.21-M1744-4.2024-08-01-11-55.NGGJK,C-M-0006-R.21-M1744-4,2024-08-01 11:55:00,band_04,238.64,268.22,3.0,,center,automated_candidate_unverified
C-M-0006-R.21-M1744-4.2024-08-01-11-55.NGGJK,C-M-0006-R.21-M1744-4,2024-08-01 11:55:00,band_05,239.54901960784315,224.2941176470588,4.0,,center,automated_candidate_unverified
C-M-0006-R.21-M1744-4.2024-08-01-11-55.NGGJK,C-M-0006-R.21-M1744-4,2024-08-01 11:55:00,band_06,240.7173913043478,179.41304347826087,5.0,,center,automated_candidate_unverified
C-M-0006-R.21-M1744-4.2024-08-01-11-55.NGGJK,C-M-0006-R.21-M1744-4,2024-08-01 11:55:00,band_07,241.6888888888889,133.24444444444444,6.0,,center,automated_candidate_unverified
C-M-0006-R.21-M1744-4.2024-08-01-11-55.NGGJK,C-M-0006-R.21-M1744-4,2024-08-01 11:55:00,band_08,242.55555555555557,86.28888888888889,7.0,,center,automated_candidate_unverified
C-M-0006-R.21-M1744-4.2024-08-02-11-26.NGGJK,C-M-0006-R.21-M1744-4,2024-08-02 11:26:00,band_01,221.0,844.5,0.0,,center,automated_candidate_unverified
C-M-0006-R.21-M1744-4.2024-08-02-11-26.NGGJK,C-M-0006-R.21-M1744-4,2024-08-02 11:26:00,band_02,221.8,828.2,1.0,,center,automated_candidate_unverified
C-M-0006-R.21-M1744-4.2024-08-02-11-26.NGGJK,C-M-0006-R.21-M1744-4,2024-08-02 11:26:00,band_03,219.0,809.875,2.0,,center,automated_candidate_unverified
C-M-0006-R.21-M1744-4.2024-08-02-11-26.NGGJK,C-M-0006-R.21-M1744-4,2024-08-02 11:26:00,band_04,223.0487804878049,784.6585365853658,3.0,,center,automated_candidate_unverified
C-M-0006-R.21-M1744-4.2024-08-02-11-26.NGGJK,C-M-0006-R.21-M1744-4,2024-08-02 11:26:00,band_05,221.3913043478261,761.2173913043479,4.0,,center,automated_candidate_unverified
C-M-0006-R.21-M1744-4.2024-08-02-11-26.NGGJK,C-M-0006-R.21-M1744-4,2024-08-02 11:26:00,band_06,224.3846153846154,743.1538461538462,5.0,,center,automated_candidate_unverified
C-M-0006-R.21-M1744-4.2024-08-04-11-56.NGGJK,C-M-0006-R.21-M1744-4,2024-08-04 11:56:00,band_01,242.41463414634143,315.3292682926829,0.0,,center,automated_candidate_unverified
C-M-0006-R.21-M1744-4.2024-08-04-11-56.NGGJK,C-M-0006-R.21-M1744-4,2024-08-04 11:56:00,band_02,242.8771929824561,272.0877192982456,1.0,,center,automated_candidate_unverified
C-M-0006-R.21-M1744-4.2024-08-04-11-56.NGGJK,C-M-0006-R.21-M1744-4,2024-08-04 11:56:00,band_03,243.61111111111111,228.1296296296296,2.0,,center,automated_candidate_unverified
C-M-0006-R.21-M1744-4.2024-08-04-11-56.NGGJK,C-M-0006-R.21-M1744-4,2024-08-04 11:56:00,band_04,244.57692307692307,183.3653846153846,3.0,,center,automated_candidate_unverified
C-M-0006-R.21-M1744-4.2024-08-04-11-56.NGGJK,C-M-0006-R.21-M1744-4,2024-08-04 11:56:00,band_05,245.5283018867925,137.30188679245282,4.0,,center,automated_candidate_unverified
C-M-0006-R.21-M1744-4.2024-08-04-11-56.NGGJK,C-M-0006-R.21-M1744-4,2024-08-04 11:56:00,band_06,246.59574468085103,90.27659574468083,5.0,,center,automated_candidate_unverified
C-M-0006-R.21-M1744-4.2024-08-05-11-55.NGGJK,C-M-0006-R.21-M1744-4,2024-08-05 11:55:00,band_01,242.7910447761194,400.5820895522388,0.0,,center,automated_candidate_unverified
C-M-0006-R.21-M1744-4.2024-08-05-11-55.NGGJK,C-M-0006-R.21-M1744-4,2024-08-05 11:55:00,band_02,246.88888888888889,357.3333333333333,1.0,,center,automated_candidate_unverified
C-M-0006-R.21-M1744-4.2024-08-05-11-55.NGGJK,C-M-0006-R.21-M1744-4,2024-08-05 11:55:00,band_03,243.6190476190476,316.3928571428572,2.0,,center,automated_candidate_unverified
C-M-0006-R.21-M1744-4.2024-08-05-11-55.NGGJK,C-M-0006-R.21-M1744-4,2024-08-05 11:55:00,band_04,244.5151515151515,273.09090909090907,3.0,,center,automated_candidate_unverified
C-M-0006-R.21-M1744-4.2024-08-05-11-55.NGGJK,C-M-0006-R.21-M1744-4,2024-08-05 11:55:00,band_05,245.15873015873012,229.23809523809524,4.0,,center,automated_candidate_unverified
C-M-0006-R.21-M1744-4.2024-08-05-11-55.NGGJK,C-M-0006-R.21-M1744-4,2024-08-05 11:55:00,band_06,246.2982456140351,184.35087719298247,5.0,,center,automated_candidate_unverified
C-M-0006-R.21-M1744-4.2024-08-05-11-55.NGGJK,C-M-0006-R.21-M1744-4,2024-08-05 11:55:00,band_07,247.44444444444449,138.2962962962963,6.0,,center,automated_candidate_unverified
C-M-0006-R.21-M1744-4.2024-08-05-11-55.NGGJK,C-M-0006-R.21-M1744-4,2024-08-05 11:55:00,band_08,248.55555555555557,91.61111111111111,7.0,,center,automated_candidate_unverified
C-M-0006-R.21-M1744-4.2024-08-06-11-26.NGGJK,C-M-0006-R.21-M1744-4,2024-08-06 11:26:00,band_01,266.7058823529412,522.7058823529412,0.0,,center,automated_candidate_unverified
C-M-0006-R.21-M1744-4.2024-08-06-11-26.NGGJK,C-M-0006-R.21-M1744-4,2024-08-06 11:26:00,band_02,254.57142857142856,486.8571428571428,1.0,,center,automated_candidate_unverified
C-M-0006-R.21-M1744-4.2024-08-06-11-26.NGGJK,C-M-0006-R.21-M1744-4,2024-08-06 11:26:00,band_03,249.4047619047619,440.5535714285714,2.0,,center,automated_candidate_unverified
C-M-0006-R.21-M1744-4.2024-08-06-11-26.NGGJK,C-M-0006-R.21-M1744-4,2024-08-06 11:26:00,band_04,240.6875,401.9375,3.0,,center,automated_candidate_unverified
C-M-0006-R.21-M1744-4.2024-08-06-11-26.NGGJK,C-M-0006-R.21-M1744-4,2024-08-06 11:26:00,band_05,246.21951219512195,357.6829268292683,4.0,,center,automated_candidate_unverified
C-M-0006-R.21-M1744-4.2024-08-06-11-26.NGGJK,C-M-0006-R.21-M1744-4,2024-08-06 11:26:00,band_06,230.6578947368421,320.94736842105266,5.0,,center,automated_candidate_unverified
C-M-0006-R.21-M1744-4.2024-08-06-11-26.NGGJK,C-M-0006-R.21-M1744-4,2024-08-06 11:26:00,band_07,228.8,290.6,6.0,,center,automated_candidate_unverified
C-M-0006-R.21-M1744-4.2024-08-07-11-56.NGGJK,C-M-0006-R.21-M1744-4,2024-08-07 11:56:00,band_01,245.58,403.28,0.0,,center,automated_candidate_unverified
C-M-0006-R.21-M1744-4.2024-08-07-11-56.NGGJK,C-M-0006-R.21-M1744-4,2024-08-07 11:56:00,band_02,248.7246376811594,361.1594202898551,1.0,,center,automated_candidate_unverified
C-M-0006-R.21-M1744-4.2024-08-07-11-56.NGGJK,C-M-0006-R.21-M1744-4,2024-08-07 11:56:00,band_03,251.84375,318.64375,2.0,,center,automated_candidate_unverified
C-M-0006-R.21-M1744-4.2024-08-07-11-56.NGGJK,C-M-0006-R.21-M1744-4,2024-08-07 11:56:00,band_04,248.8732394366197,276.36619718309856,3.0,,center,automated_candidate_unverified
C-M-0006-R.21-M1744-4.2024-08-07-11-56.NGGJK,C-M-0006-R.21-M1744-4,2024-08-07 11:56:00,band_05,249.8923076923077,233.13846153846157,4.0,,center,automated_candidate_unverified
C-M-0006-R.21-M1744-4.2024-08-07-11-56.NGGJK,C-M-0006-R.21-M1744-4,2024-08-07 11:56:00,band_06,251.046875,188.484375,5.0,,center,automated_candidate_unverified
C-M-0006-R.21-M1744-4.2024-08-07-11-56.NGGJK,C-M-0006-R.21-M1744-4,2024-08-07 11:56:00,band_07,251.89830508474577,142.89830508474577,6.0,,center,automated_candidate_unverified
C-M-0006-R.21-M1744-4.2024-08-07-11-56.NGGJK,C-M-0006-R.21-M1744-4,2024-08-07 11:56:00,band_08,253.33333333333331,96.61666666666666,7.0,,center,automated_candidate_unverified
C-M-0006-R.21-M1744-4.2024-08-08-11-32.NGGJK,C-M-0006-R.21-M1744-4,2024-08-08 11:32:00,band_01,238.8571428571429,323.42857142857144,0.0,,center,automated_candidate_unverified
C-M-0006-R.21-M1744-4.2024-08-08-11-32.NGGJK,C-M-0006-R.21-M1744-4,2024-08-08 11:32:00,band_02,249.01298701298705,276.7142857142857,1.0,,center,automated_candidate_unverified
C-M-0006-R.21-M1744-4.2024-08-08-11-32.NGGJK,C-M-0006-R.21-M1744-4,2024-08-08 11:32:00,band_03,250.1025641025641,233.4102564102564,2.0,,center,automated_candidate_unverified
C-M-0006-R.21-M1744-4.2024-08-08-11-32.NGGJK,C-M-0006-R.21-M1744-4,2024-08-08 11:32:00,band_04,251.0909090909091,189.1038961038961,3.0,,center,automated_candidate_unverified
C-M-0006-R.21-M1744-4.2024-08-08-11-32.NGGJK,C-M-0006-R.21-M1744-4,2024-08-08 11:32:00,band_05,251.96296296296296,143.6172839506173,4.0,,center,automated_candidate_unverified
C-M-0006-R.21-M1744-4.2024-08-08-11-32.NGGJK,C-M-0006-R.21-M1744-4,2024-08-08 11:32:00,band_06,253.0632911392405,97.35443037974684,5.0,,center,automated_candidate_unverified
C-M-0006-R.21-M1744-4.2024-08-09-11-01.NGGJK,C-M-0006-R.21-M1744-4,2024-08-09 11:01:00,band_01,247.69230769230768,319.8589743589744,0.0,,center,automated_candidate_unverified
C-M-0006-R.21-M1744-4.2024-08-09-11-01.NGGJK,C-M-0006-R.21-M1744-4,2024-08-09 11:01:00,band_02,248.56603773584905,277.0566037735849,1.0,,center,automated_candidate_unverified
C-M-0006-R.21-M1744-4.2024-08-09-11-01.NGGJK,C-M-0006-R.21-M1744-4,2024-08-09 11:01:00,band_03,249.46153846153845,233.96153846153845,2.0,,center,automated_candidate_unverified
C-M-0006-R.21-M1744-4.2024-08-09-11-01.NGGJK,C-M-0006-R.21-M1744-4,2024-08-09 11:01:00,band_04,250.2,189.7555555555556,3.0,,center,automated_candidate_unverified
C-M-0006-R.21-M1744-4.2024-08-09-11-01.NGGJK,C-M-0006-R.21-M1744-4,2024-08-09 11:01:00,band_05,251.44230769230768,144.3846153846154,4.0,,center,automated_candidate_unverified
C-M-0006-R.21-M1744-4.2024-08-09-11-01.NGGJK,C-M-0006-R.21-M1744-4,2024-08-09 11:01:00,band_06,252.1304347826087,98.3695652173913,5.0,,center,automated_candidate_unverified
