image_id,camera_setup_id,session_id,landmark_id,x_px,y_px,relative_height_ft,pole_depth_ft,band_definition,annotation_status
25-W571.UFMu-03509.2025-06-10-13-37.QPSRM.000033006983,25-W571.UFMu-03509,2025-06-10 13:37:00,band_01,263.85185185185185,834.0,0.0,,center,automated_candidate_unverified
25-W571.UFMu-03509.2025-06-10-13-37.QPSRM.000033006983,25-W571.UFMu-03509,2025-06-10 13:37:00,band_02,266.5777777777778,793.6222222222223,1.0,,center,automated_candidate_unverified
25-W571.UFMu-03509.2025-06-10-13-37.QPSRM.000033006983,25-W571.UFMu-03509,2025-06-10 13:37:00,band_03,267.4578313253012,753.7469879518072,2.0,,center,automated_candidate_unverified
25-W571.UFMu-03509.2025-06-10-13-37.QPSRM.000033006983,25-W571.UFMu-03509,2025-06-10 13:37:00,band_04,269.3448275862069,714.1724137931035,3.0,,center,automated_candidate_unverified
25-W571.UFMu-03509.2025-06-10-13-37.QPSRM.000033006983,25-W571.UFMu-03509,2025-06-10 13:37:00,band_05,270.3066666666667,673.4,4.0,,center,automated_candidate_unverified
25-W571.UFMu-03509.2025-06-10-13-37.QPSRM.000033006983,25-W571.UFMu-03509,2025-06-10 13:37:00,band_06,271.94545454545454,633.2181818181818,5.0,,center,automated_candidate_unverified
25-W571.UFMu-03509.2025-06-10-13-37.QPSRM.000033006983,25-W571.UFMu-03509,2025-06-10 13:37:00,band_07,274.06410256410254,593.1410256410256,6.0,,center,automated_candidate_unverified
25-W571.UFMu-03509.2025-06-10-13-37.QPSRM.000033006983,25-W571.UFMu-03509,2025-06-10 13:37:00,band_08,276.0,552.5,7.0,,center,automated_candidate_unverified
25-W571.UFMu-03509.2025-06-10-13-37.QPSRM.000033006983,25-W571.UFMu-03509,2025-06-10 13:37:00,band_09,277.94736842105266,512.3157894736842,8.0,,center,automated_candidate_unverified
25-W571.UFMu-03509.2025-06-10-13-37.QPSRM.000033006983,25-W571.UFMu-03509,2025-06-10 13:37:00,band_10,280.35185185185185,472.1666666666667,9.0,,center,automated_candidate_unverified
25-W571.UFMu-03509.2025-06-10-13-37.QPSRM.000033006983,25-W571.UFMu-03509,2025-06-10 13:37:00,band_11,282.5,432.12,10.0,,center,automated_candidate_unverified
25-W571.UFMu-03509.2025-06-10-13-37.QPSRM.000033006983,25-W571.UFMu-03509,2025-06-10 13:37:00,band_12,285.09302325581393,392.4651162790698,11.0,,center,automated_candidate_unverified
25-W571.UFMu-03509.2025-06-10-13-37.QPSRM.000033006983,25-W571.UFMu-03509,2025-06-10 13:37:00,band_13,287.0,352.625,12.0,,center,automated_candidate_unverified
25-W571.UFMu-03509.2025-06-10-13-37.QPSRM.000033006983,25-W571.UFMu-03509,2025-06-10 13:37:00,band_14,289.4186046511628,313.5348837209302,13.0,,center,automated_candidate_unverified
25-W571.UFMu-03509.2025-06-10-13-37.QPSRM.000033006983,25-W571.UFMu-03509,2025-06-10 13:37:00,band_15,291.58620689655174,275.0689655172414,14.0,,center,automated_candidate_unverified
25-W571.UFMu-03509.2025-06-17-11-49.QPSRM.000033006983,25-W571.UFMu-03509,2025-06-17 11:49:00,band_01,260.77777777777777,814.5555555555555,0.0,,center,automated_candidate_unverified
25-W571.UFMu-03509.2025-06-17-11-49.QPSRM.000033006983,25-W571.UFMu-03509,2025-06-17 11:49:00,band_02,268.85714285714283,767.2857142857143,1.0,,center,automated_candidate_unverified
25-W571.UFMu-03509.2025-06-17-11-49.QPSRM.000033006983,25-W571.UFMu-03509,2025-06-17 11:49:00,band_03,273.74038461538464,729.6634615384615,2.0,,center,automated_candidate_unverified
25-W571.UFMu-03509.2025-06-17-11-49.QPSRM.000033006983,25-W571.UFMu-03509,2025-06-17 11:49:00,band_04,272.8981481481481,690.7314814814815,3.0,,center,automated_candidate_unverified
25-W571.UFMu-03509.2025-06-17-11-49.QPSRM.000033006983,25-W571.UFMu-03509,2025-06-17 11:49:00,band_05,275.80434782608694,652.7065217391304,4.0,,center,automated_candidate_unverified
25-W571.UFMu-03509.2025-06-17-11-49.QPSRM.000033006983,25-W571.UFMu-03509,2025-06-17 11:49:00,band_06,276.7826086956522,614.1130434782609,5.0,,center,automated_candidate_unverified
25-W571.UFMu-03509.2025-06-17-11-49.QPSRM.000033006983,25-W571.UFMu-03509,2025-06-17 11:49:00,band_07,279.1756756756757,574.8243243243244,6.0,,center,automated_candidate_unverified
25-W571.UFMu-03509.2025-06-17-11-49.QPSRM.000033006983,25-W571.UFMu-03509,2025-06-17 11:49:00,band_08,281.2988505747126,534.8965517241379,7.0,,center,automated_candidate_unverified
25-W571.UFMu-03509.2025-06-17-11-49.QPSRM.000033006983,25-W571.UFMu-03509,2025-06-17 11:49:00,band_09,283.1375,494.425,8.0,,center,automated_candidate_unverified
25-W571.UFMu-03509.2025-06-17-11-49.QPSRM.000033006983,25-W571.UFMu-03509,2025-06-17 11:49:00,band_10,286.56756756756755,453.8108108108109,9.0,,center,automated_candidate_unverified
25-W571.UFMu-03509.2025-06-17-11-49.QPSRM.000033006983,25-W571.UFMu-03509,2025-06-17 11:49:00,band_11,288.9154929577465,412.5492957746479,10.0,,center,automated_candidate_unverified
25-W571.UFMu-03509.2025-06-17-11-49.QPSRM.000033006983,25-W571.UFMu-03509,2025-06-17 11:49:00,band_12,292.5633802816901,370.2676056338028,11.0,,center,automated_candidate_unverified
25-W571.UFMu-03509.2025-06-17-11-49.QPSRM.000033006983,25-W571.UFMu-03509,2025-06-17 11:49:00,band_13,295.6901408450704,327.5211267605634,12.0,,center,automated_candidate_unverified
25-W571.UFMu-03509.2025-06-17-11-49.QPSRM.000033006983,25-W571.UFMu-03509,2025-06-17 11:49:00,band_14,299.69117647058823,283.80882352941177,13.0,,center,automated_candidate_unverified
25-W571.UFMu-03509.2025-06-17-11-49.QPSRM.000033006983,25-W571.UFMu-03509,2025-06-17 11:49:00,band_15,303.62666666666667,239.56,14.0,,center,automated_candidate_unverified
25-W571.UFMu-03509.2025-06-17-11-49.QPSRM.000033006983,25-W571.UFMu-03509,2025-06-17 11:49:00,band_16,308.0,194.80281690140845,15.0,,center,automated_candidate_unverified
25-W571.UFMu-03509.2025-06-24-11-48.QPSRM.000033006983,25-W571.UFMu-03509,2025-06-24 11:48:00,band_01,285.40697674418607,484.5,0.0,,center,automated_candidate_unverified
25-W571.UFMu-03509.2025-06-24-11-48.QPSRM.000033006983,25-W571.UFMu-03509,2025-06-24 11:48:00,band_02,287.72727272727275,444.1168831168831,1.0,,center,automated_candidate_unverified
25-W571.UFMu-03509.2025-06-24-11-48.QPSRM.000033006983,25-W571.UFMu-03509,2025-06-24 11:48:00,band_03,290.23376623376623,403.4025974025974,2.0,,center,automated_candidate_unverified
25-W571.UFMu-03509.2025-06-24-11-48.QPSRM.000033006983,25-W571.UFMu-03509,2025-06-24 11:48:00,band_04,292.84,362.14666666666665,3.0,,center,automated_candidate_unverified
25-W571.UFMu-03509.2025-06-24-11-48.QPSRM.000033006983,25-W571.UFMu-03509,2025-06-24 11:48:00,band_05,295.3896103896104,320.961038961039,4.0,,center,automated_candidate_unverified
25-W571.UFMu-03509.2025-06-24-11-48.QPSRM.000033006983,25-W571.UFMu-03509,2025-06-24 11:48:00,band_06,298.1578947368421,279.1842105263158,5.0,,center,automated_candidate_unverified
25-W571.UFMu-03509.2025-06-24-11-48.QPSRM.000033006983,25-W571.UFMu-03509,2025-06-24 11:48:00,band_07,300.43023255813955,237.72093023255812,6.0,,center,automated_candidate_unverified
25-W571.UFMu-03509.2025-06-24-11-48.QPSRM.000033006983,25-W571.UFMu-03509,2025-06-24 11:48:00,band_08,303.3918918918919,196.36486486486487,7.0,,center,automated_candidate_unverified
25-W571.UFMu-03509.2025-07-01-11-42.QPSRM.000033006983,25-W571.UFMu-03509,2025-07-01 11:42:00,band_01,278.54285714285714,674.2285714285714,0.0,,center,automated_candidate_unverified
25-W571.UFMu-03509.2025-07-01-11-42.QPSRM.000033006983,25-W571.UFMu-03509,2025-07-01 11:42:00,band_02,277.0,636.2884615384615,1.0,,center,automated_candidate_unverified
25-W571.UFMu-03509.2025-07-01-11-42.QPSRM.000033006983,25-W571.UFMu-03509,2025-07-01 11:42:00,band_03,279.3157894736842,597.1578947368421,2.0,,center,automated_candidate_unverified
25-W571.UFMu-03509.2025-07-01-11-42.QPSRM.000033006983,25-W571.UFMu-03509,2025-07-01 11:42:00,band_04,282.70212765957444,557.5957446808511,3.0,,center,automated_candidate_unverified
25-W571.UFMu-03509.2025-07-01-11-42.QPSRM.000033006983,25-W571.UFMu-03509,2025-07-01 11:42:00,band_05,284.69642857142856,517.9107142857143,4.0,,center,automated_candidate_unverified
25-W571.UFMu-03509.2025-07-01-11-42.QPSRM.000033006983,25-W571.UFMu-03509,2025-07-01 11:42:00,band_06,286.8888888888889,477.3888888888889,5.0,,center,automated_candidate_unverified
25-W571.UFMu-03509.2025-07-01-11-42.QPSRM.000033006983,25-W571.UFMu-03509,2025-07-01 11:42:00,band_07,290.0731707317073,436.5609756097561,6.0,,center,automated_candidate_unverified
25-W571.UFMu-03509.2025-07-01-11-42.QPSRM.000033006983,25-W571.UFMu-03509,2025-07-01 11:42:00,band_08,293.22857142857146,395.4857142857143,7.0,,center,automated_candidate_unverified
25-W571.UFMu-03509.2025-07-01-11-42.QPSRM.000033006983,25-W571.UFMu-03509,2025-07-01 11:42:00,band_09,296.3,353.6666666666667,8.0,,center,automated_candidate_unverified
25-W571.UFMu-03509.2025-07-01-11-42.QPSRM.000033006983,25-W571.UFMu-03509,2025-07-01 11:42:00,band_10,299.2962962962963,311.77777777777777,9.0,,center,automated_candidate_unverified
25-W571.UFMu-03509.2025-07-01-11-42.QPSRM.000033006983,25-W571.UFMu-03509,2025-07-01 11:42:00,band_11,302.12,269.4,10.0,,center,automated_candidate_unverified
25-W571.UFMu-03509.2025-07-01-11-42.QPSRM.000033006983,25-W571.UFMu-03509,2025-07-01 11:42:00,band_12,305.6428571428572,227.17857142857144,11.0,,center,automated_candidate_unverified
25-W571.UFMu-03509.2025-07-01-11-42.QPSRM.000033006983,25-W571.UFMu-03509,2025-07-01 11:42:00,band_13,309.10714285714283,185.07142857142856,12.0,,center,automated_candidate_unverified
25-W571.UFMu-03509.2025-07-08-11-43.QPSRM.000033006983,25-W571.UFMu-03509,2025-07-08 11:43:00,band_01,266.8941176470588,715.5058823529412,0.0,,center,automated_candidate_unverified
25-W571.UFMu-03509.2025-07-08-11-43.QPSRM.000033006983,25-W571.UFMu-03509,2025-07-08 11:43:00,band_02,270.3768115942029,675.8985507246376,1.0,,center,automated_candidate_unverified
25-W571.UFMu-03509.2025-07-08-11-43.QPSRM.000033006983,25-W571.UFMu-03509,2025-07-08 11:43:00,band_03,274.0886075949367,637.9493670886076,2.0,,center,automated_candidate_unverified
25-W571.UFMu-03509.2025-07-08-11-43.QPSRM.000033006983,25-W571.UFMu-03509,2025-07-08 11:43:00,band_04,278.95454545454544,598.7159090909091,3.0,,center,automated_candidate_unverified
25-W571.UFMu-03509.2025-07-08-11-43.QPSRM.000033006983,25-W571.UFMu-03509,2025-07-08 11:43:00,band_05,280.1935483870968,559.3709677419355,4.0,,center,automated_candidate_unverified
25-W571.UFMu-03509.2025-07-08-11-43.QPSRM.000033006983,25-W571.UFMu-03509,2025-07-08 11:43:00,band_06,282.3968253968254,519.7777777777778,5.0,,center,automated_candidate_unverified
25-W571.UFMu-03509.2025-07-08-11-43.QPSRM.000033006983,25-W571.UFMu-03509,2025-07-08 11:43:00,band_07,284.7014925373134,478.955223880597,6.0,,center,automated_candidate_unverified
25-W571.UFMu-03509.2025-07-08-11-43.QPSRM.000033006983,25-W571.UFMu-03509,2025-07-08 11:43:00,band_08,287.5660377358491,438.4528301886792,7.0,,center,automated_candidate_unverified
25-W571.UFMu-03509.2025-07-08-11-43.QPSRM.000033006983,25-W571.UFMu-03509,2025-07-08 11:43:00,band_09,290.64444444444445,397.4,8.0,,center,automated_candidate_unverified
25-W571.UFMu-03509.2025-07-08-11-43.QPSRM.000033006983,25-W571.UFMu-03509,2025-07-08 11:43:00,band_10,293.5833333333333,355.75,9.0,,center,automated_candidate_unverified
25-W571.UFMu-03509.2025-07-08-11-43.QPSRM.000033006983,25-W571.UFMu-03509,2025-07-08 11:43:00,band_11,296.675,313.925,10.0,,center,automated_candidate_unverified
25-W571.UFMu-03509.2025-07-08-11-43.QPSRM.000033006983,25-W571.UFMu-03509,2025-07-08 11:43:00,band_12,299.47727272727275,271.6136363636364,11.0,,center,automated_candidate_unverified
25-W571.UFMu-03509.2025-07-08-11-43.QPSRM.000033006983,25-W571.UFMu-03509,2025-07-08 11:43:00,band_13,303.0,229.79545454545453,12.0,,center,automated_candidate_unverified
25-W571.UFMu-03509.2025-07-08-11-43.QPSRM.000033006983,25-W571.UFMu-03509,2025-07-08 11:43:00,band_14,306.1304347826087,187.7608695652174,13.0,,center,automated_candidate_unverified
25-W571.UFMu-03509.2025-07-15-11-40.QPSRM.000033006983,25-W571.UFMu-03509,2025-07-15 11:40:00,band_01,280.8928571428572,555.0357142857143,0.0,,center,automated_candidate_unverified
25-W571.UFMu-03509.2025-07-15-11-40.QPSRM.000033006983,25-W571.UFMu-03509,2025-07-15 11:40:00,band_02,281.53061224489795,515.3673469387755,1.0,,center,automated_candidate_unverified
25-W571.UFMu-03509.2025-07-15-11-40.QPSRM.000033006983,25-W571.UFMu-03509,2025-07-15 11:40:00,band_03,283.89473684210526,474.7894736842105,2.0,,center,automated_candidate_unverified
25-W571.UFMu-03509.2025-07-15-11-40.QPSRM.000033006983,25-W571.UFMu-03509,2025-07-15 11:40:00,band_04,286.62068965517244,434.1034482758621,3.0,,center,automated_candidate_unverified
25-W571.UFMu-03509.2025-07-15-11-40.QPSRM.000033006983,25-W571.UFMu-03509,2025-07-15 11:40:00,band_05,289.76,393.2,4.0,,center,automated_candidate_unverified
25-W571.UFMu-03509.2025-07-15-11-40.QPSRM.000033006983,25-W571.UFMu-03509,2025-07-15 11:40:00,band_06,292.9,351.3,5.0,,center,automated_candidate_unverified
25-W571.UFMu-03509.2025-07-15-11-40.QPSRM.000033006983,25-W571.UFMu-03509,2025-07-15 11:40:00,band_07,295.94117647058823,309.3529411764706,6.0,,center,automated_candidate_unverified
25-W571.UFMu-03509.2025-07-15-11-40.QPSRM.000033006983,25-W571.UFMu-03509,2025-07-15 11:40:00,band_08,298.7,267.0,7.0,,center,automated_candidate_unverified
25-W571.UFMu-03509.2025-07-15-11-40.QPSRM.000033006983,25-W571.UFMu-03509,2025-07-15 11:40:00,band_09,302.5,224.5,8.0,,center,automated_candidate_unverified
25-W571.UFMu-03509.2025-07-15-11-40.QPSRM.000033006983,25-W571.UFMu-03509,2025-07-15 11:40:00,band_10,305.6666666666667,182.66666666666663,9.0,,center,automated_candidate_unverified
25-W571.UFMu-03509.2025-07-22-11-46.QPSRM.000033006983,25-W571.UFMu-03509,2025-07-22 11:46:00,band_01,284.2894736842105,436.4736842105263,0.0,,center,automated_candidate_unverified
25-W571.UFMu-03509.2025-07-22-11-46.QPSRM.000033006983,25-W571.UFMu-03509,2025-07-22 11:46:00,band_02,286.0731707317073,395.4390243902439,1.0,,center,automated_candidate_unverified
25-W571.UFMu-03509.2025-07-22-11-46.QPSRM.000033006983,25-W571.UFMu-03509,2025-07-22 11:46:00,band_03,289.3243243243243,353.3243243243243,2.0,,center,automated_candidate_unverified
25-W571.UFMu-03509.2025-07-22-11-46.QPSRM.000033006983,25-W571.UFMu-03509,2025-07-22 11:46:00,band_04,291.9761904761905,310.2142857142857,3.0,,center,automated_candidate_unverified
25-W571.UFMu-03509.2025-07-22-11-46.QPSRM.000033006983,25-W571.UFMu-03509,2025-07-22 11:46:00,band_05,295.72727272727275,265.8181818181818,4.0,,center,automated_candidate_unverified
25-W571.UFMu-03509.2025-07-22-11-46.QPSRM.000033006983,25-W571.UFMu-03509,2025-07-22 11:46:00,band_06,299.3076923076923,221.48717948717947,5.0,,center,automated_candidate_unverified
25-W571.UFMu-03509.2025-07-22-11-46.QPSRM.000033006983,25-W571.UFMu-03509,2025-07-22 11:46:00,band_07,302.55555555555554,176.36111111111111,6.0,,center,automated_candidate_unverified
25-W571.UFMu-03509.2025-07-29-11-50.QPSRM.000033006983,25-W571.UFMu-03509,2025-07-29 11:50:00,band_01,264.90625,752.3229166666666,0.0,,center,automated_candidate_unverified
25-W571.UFMu-03509.2025-07-29-11-50.QPSRM.000033006983,25-W571.UFMu-03509,2025-07-29 11:50:00,band_02,255.78220858895705,719.4539877300614,1.0,,center,automated_candidate_unverified
25-W571.UFMu-03509.2025-07-29-11-50.QPSRM.000033006983,25-W571.UFMu-03509,2025-07-29 11:50:00,band_03,258.4166666666667,675.3125,2.0,,center,automated_candidate_unverified
25-W571.UFMu-03509.2025-07-29-11-50.QPSRM.000033006983,25-W571.UFMu-03509,2025-07-29 11:50:00,band_04,258.0857142857143,633.2464285714286,3.0,,center,automated_candidate_unverified
25-W571.UFMu-03509.2025-07-29-11-50.QPSRM.000033006983,25-W571.UFMu-03509,2025-07-29 11:50:00,band_05,253.6,598.6,4.0,,center,automated_candidate_unverified
25-W571.UFMu-03509.2025-07-29-11-50.QPSRM.000033006983,25-W571.UFMu-03509,2025-07-29 11:50:00,band_06,254.92156862745097,549.6862745098039,5.0,,center,automated_candidate_unverified
25-W571.UFMu-03509.2025-07-29-11-50.QPSRM.000033006983,25-W571.UFMu-03509,2025-07-29 11:50:00,band_07,249.8,501.5,6.0,,center,automated_candidate_unverified
25-W571.UFMu-03509.2025-08-05-11-38.QPSRM.000033006983,25-W571.UFMu-03509,2025-08-05 11:38:00,band_01,73.6096256684492,817.3582887700535,0.0,,center,automated_candidate_unverified
25-W571.UFMu-03509.2025-08-05-11-38.QPSRM.000033006983,25-W571.UFMu-03509,2025-08-05 11:38:00,band_02,73.71861471861472,798.9047619047619,1.0,,center,automated_candidate_unverified
25-W571.UFMu-03509.2025-08-05-11-38.QPSRM.000033006983,25-W571.UFMu-03509,2025-08-05 11:38:00,band_03,68.57142857142857,779.8571428571429,2.0,,center,automated_candidate_unverified
25-W571.UFMu-03509.2025-08-05-11-38.QPSRM.000033006983,25-W571.UFMu-03509,2025-08-05 11:38:00,band_04,74.16078431372549,761.3019607843137,3.0,,center,automated_candidate_unverified
25-W571.UFMu-03509.2025-08-05-11-38.QPSRM.000033006983,25-W571.UFMu-03509,2025-08-05 11:38:00,band_05,72.9144385026738,742.6363636363636,4.0,,center,automated_candidate_unverified
25-W571.UFMu-03509.2025-08-05-11-38.QPSRM.000033006983,25-W571.UFMu-03509,2025-08-05 11:38:00,band_06,64.70588235294117,723.5882352941177,5.0,,center,automated_candidate_unverified
25-W571.UFMu-03509.2025-08-05-11-38.QPSRM.000033006983,25-W571.UFMu-03509,2025-08-05 11:38:00,band_07,74.09540636042402,705.0459363957597,6.0,,center,automated_candidate_unverified
25-W571.UFMu-03509.2025-08-05-11-38.QPSRM.000033006983,25-W571.UFMu-03509,2025-08-05 11:38:00,band_08,73.48728813559322,685.5677966101695,7.0,,center,automated_candidate_unverified
25-W571.UFMu-03509.2025-08-05-11-38.QPSRM.000033006983,25-W571.UFMu-03509,2025-08-05 11:38:00,band_09,69.0,669.9444444444445,8.0,,center,automated_candidate_unverified
25-BR546.UFMu-00589.2025-06-16-11-47.NJ3HL.000030110930,25-BR546.UFMu-00589,2025-06-16 11:47:00,band_01,339.6835443037975,831.0,0.0,,center,automated_candidate_unverified
25-BR546.UFMu-00589.2025-06-16-11-47.NJ3HL.000030110930,25-BR546.UFMu-00589,2025-06-16 11:47:00,band_02,339.77777777777777,789.6,1.0,,center,automated_candidate_unverified
25-BR546.UFMu-00589.2025-06-16-11-47.NJ3HL.000030110930,25-BR546.UFMu-00589,2025-06-16 11:47:00,band_03,340.0126582278481,749.4810126582279,2.0,,center,automated_candidate_unverified
25-BR546.UFMu-00589.2025-06-16-11-47.NJ3HL.000030110930,25-BR546.UFMu-00589,2025-06-16 11:47:00,band_04,339.9012345679012,708.604938271605,3.0,,center,automated_candidate_unverified
25-BR546.UFMu-00589.2025-06-16-11-47.NJ3HL.000030110930,25-BR546.UFMu-00589,2025-06-16 11:47:00,band_05,339.448717948718,668.8076923076923,4.0,,center,automated_candidate_unverified
25-BR546.UFMu-00589.2025-06-16-11-47.NJ3HL.000030110930,25-BR546.UFMu-00589,2025-06-16 11:47:00,band_06,338.19148936170217,628.4255319148937,5.0,,center,automated_candidate_unverified
25-BR546.UFMu-00589.2025-06-16-11-47.NJ3HL.000030110930,25-BR546.UFMu-00589,2025-06-16 11:47:00,band_07,338.17857142857144,588.9047619047619,6.0,,center,automated_candidate_unverified
25-BR546.UFMu-00589.2025-06-16-11-47.NJ3HL.000030110930,25-BR546.UFMu-00589,2025-06-16 11:47:00,band_08,337.3068181818182,548.4772727272727,7.0,,center,automated_candidate_unverified
25-BR546.UFMu-00589.2025-06-16-11-47.NJ3HL.000030110930,25-BR546.UFMu-00589,2025-06-16 11:47:00,band_09,336.2096774193548,508.8709677419355,8.0,,center,automated_candidate_unverified
25-BR546.UFMu-00589.2025-06-16-11-47.NJ3HL.000030110930,25-BR546.UFMu-00589,2025-06-16 11:47:00,band_10,334.95652173913044,469.1304347826087,9.0,,center,automated_candidate_unverified
25-BR546.UFMu-00589.2025-06-16-11-47.NJ3HL.000030110930,25-BR546.UFMu-00589,2025-06-16 11:47:00,band_11,333.6875,429.8125,10.0,,center,automated_candidate_unverified
25-BR546.UFMu-00589.2025-06-16-11-47.NJ3HL.000030110930,25-BR546.UFMu-00589,2025-06-16 11:47:00,band_12,331.8412698412698,390.1428571428572,11.0,,center,automated_candidate_unverified
25-BR546.UFMu-00589.2025-06-16-11-47.NJ3HL.000030110930,25-BR546.UFMu-00589,2025-06-16 11:47:00,band_13,330.3448275862069,350.6551724137931,12.0,,center,automated_candidate_unverified
25-BR546.UFMu-00589.2025-06-16-11-47.NJ3HL.000030110930,25-BR546.UFMu-00589,2025-06-16 11:47:00,band_14,328.2333333333333,311.2,13.0,,center,automated_candidate_unverified
25-BR546.UFMu-00589.2025-06-27-11-44.NJ3HL.000030110930,25-BR546.UFMu-00589,2025-06-27 11:44:00,band_01,345.36619718309856,534.8591549295775,0.0,,center,automated_candidate_unverified
25-BR546.UFMu-00589.2025-06-27-11-44.NJ3HL.000030110930,25-BR546.UFMu-00589,2025-06-27 11:44:00,band_02,346.05172413793105,495.0517241379311,1.0,,center,automated_candidate_unverified
25-BR546.UFMu-00589.2025-06-27-11-44.NJ3HL.000030110930,25-BR546.UFMu-00589,2025-06-27 11:44:00,band_03,347.5660377358491,456.0566037735849,2.0,,center,automated_candidate_unverified
25-BR546.UFMu-00589.2025-06-27-11-44.NJ3HL.000030110930,25-BR546.UFMu-00589,2025-06-27 11:44:00,band_04,348.8360655737705,417.0,3.0,,center,automated_candidate_unverified
25-BR546.UFMu-00589.2025-06-27-11-44.NJ3HL.000030110930,25-BR546.UFMu-00589,2025-06-27 11:44:00,band_05,350.0,378.1276595744681,4.0,,center,automated_candidate_unverified
25-BR546.UFMu-00589.2025-06-27-11-44.NJ3HL.000030110930,25-BR546.UFMu-00589,2025-06-27 11:44:00,band_06,351.32142857142856,339.05357142857144,5.0,,center,automated_candidate_unverified
25-BR546.UFMu-00589.2025-06-27-11-44.NJ3HL.000030110930,25-BR546.UFMu-00589,2025-06-27 11:44:00,band_07,352.6779661016949,300.1864406779661,6.0,,center,automated_candidate_unverified
25-BR546.UFMu-00589.2025-07-04-11-38.NJ3HL.000030110930,25-BR546.UFMu-00589,2025-07-04 11:38:00,band_01,319.34615384615387,585.5,0.0,,center,automated_candidate_unverified
25-BR546.UFMu-00589.2025-07-04-11-38.NJ3HL.000030110930,25-BR546.UFMu-00589,2025-07-04 11:38:00,band_02,330.2631578947368,536.5263157894736,1.0,,center,automated_candidate_unverified
25-BR546.UFMu-00589.2025-07-04-11-38.NJ3HL.000030110930,25-BR546.UFMu-00589,2025-07-04 11:38:00,band_03,331.2142857142857,496.8333333333333,2.0,,center,automated_candidate_unverified
25-BR546.UFMu-00589.2025-07-04-11-38.NJ3HL.000030110930,25-BR546.UFMu-00589,2025-07-04 11:38:00,band_04,332.5757575757576,457.5757575757576,3.0,,center,automated_candidate_unverified
25-BR546.UFMu-00589.2025-07-04-11-38.NJ3HL.000030110930,25-BR546.UFMu-00589,2025-07-04 11:38:00,band_05,333.97222222222223,418.6111111111111,4.0,,center,automated_candidate_unverified
25-BR546.UFMu-00589.2025-07-04-11-38.NJ3HL.000030110930,25-BR546.UFMu-00589,2025-07-04 11:38:00,band_06,335.5757575757576,379.5757575757576,5.0,,center,automated_candidate_unverified
25-BR546.UFMu-00589.2025-07-04-11-38.NJ3HL.000030110930,25-BR546.UFMu-00589,2025-07-04 11:38:00,band_07,336.8709677419355,340.4193548387097,6.0,,center,automated_candidate_unverified
25-BR546.UFMu-00589.2025-07-04-11-38.NJ3HL.000030110930,25-BR546.UFMu-00589,2025-07-04 11:38:00,band_08,338.6333333333333,301.6333333333333,7.0,,center,automated_candidate_unverified
25-BR546.UFMu-00589.2025-07-11-11-43.NJ3HL.000030110930,25-BR546.UFMu-00589,2025-07-11 11:43:00,band_01,348.0,562.6,0.0,,center,automated_candidate_unverified
25-BR546.UFMu-00589.2025-07-11-11-43.NJ3HL.000030110930,25-BR546.UFMu-00589,2025-07-11 11:43:00,band_02,343.64473684210526,535.8815789473684,1.0,,center,automated_candidate_unverified
25-BR546.UFMu-00589.2025-07-11-11-43.NJ3HL.000030110930,25-BR546.UFMu-00589,2025-07-11 11:43:00,band_03,344.0,496.0845070422535,2.0,,center,automated_candidate_unverified
25-BR546.UFMu-00589.2025-07-11-11-43.NJ3HL.000030110930,25-BR546.UFMu-00589,2025-07-11 11:43:00,band_04,345.36764705882354,457.13235294117646,3.0,,center,automated_candidate_unverified
25-BR546.UFMu-00589.2025-07-11-11-43.NJ3HL.000030110930,25-BR546.UFMu-00589,2025-07-11 11:43:00,band_05,346.5733333333333,418.14666666666665,4.0,,center,automated_candidate_unverified
25-BR546.UFMu-00589.2025-07-11-11-43.NJ3HL.000030110930,25-BR546.UFMu-00589,2025-07-11 11:43:00,band_06,348.0,379.0845070422535,5.0,,center,automated_candidate_unverified
25-BR546.UFMu-00589.2025-07-11-11-43.NJ3HL.000030110930,25-BR546.UFMu-00589,2025-07-11 11:43:00,band_07,349.5,340.0,6.0,,center,automated_candidate_unverified
25-BR546.UFMu-00589.2025-07-11-11-43.NJ3HL.000030110930,25-BR546.UFMu-00589,2025-07-11 11:43:00,band_08,350.6865671641791,301.179104477612,7.0,,center,automated_candidate_unverified
25-BR546.UFMu-00589.2025-07-11-11-43.NJ3HL.000030110930,25-BR546.UFMu-00589,2025-07-11 11:43:00,band_09,352.0,268.9230769230769,8.0,,center,automated_candidate_unverified
25-BR546.UFMu-00589.2025-07-18-11-50.NJ3HL.000030110930,25-BR546.UFMu-00589,2025-07-18 11:50:00,band_01,346.36507936507934,536.4444444444445,0.0,,center,automated_candidate_unverified
25-BR546.UFMu-00589.2025-07-18-11-50.NJ3HL.000030110930,25-BR546.UFMu-00589,2025-07-18 11:50:00,band_02,347.0,497.0,1.0,,center,automated_candidate_unverified
25-BR546.UFMu-00589.2025-07-18-11-50.NJ3HL.000030110930,25-BR546.UFMu-00589,2025-07-18 11:50:00,band_03,348.44615384615383,458.04615384615386,2.0,,center,automated_candidate_unverified
25-BR546.UFMu-00589.2025-07-18-11-50.NJ3HL.000030110930,25-BR546.UFMu-00589,2025-07-18 11:50:00,band_04,349.81481481481484,418.72222222222223,3.0,,center,automated_candidate_unverified
25-BR546.UFMu-00589.2025-07-18-11-50.NJ3HL.000030110930,25-BR546.UFMu-00589,2025-07-18 11:50:00,band_05,350.9074074074074,379.72222222222223,4.0,,center,automated_candidate_unverified
25-BR546.UFMu-00589.2025-07-18-11-50.NJ3HL.000030110930,25-BR546.UFMu-00589,2025-07-18 11:50:00,band_06,353.0,340.59615384615387,5.0,,center,automated_candidate_unverified
25-BR546.UFMu-00589.2025-07-18-11-50.NJ3HL.000030110930,25-BR546.UFMu-00589,2025-07-18 11:50:00,band_07,354.5,301.60869565217394,6.0,,center,automated_candidate_unverified
25-BR546.UFMu-00589.2025-07-25-11-50.NJ3HL.000030110930,25-BR546.UFMu-00589,2025-07-25 11:50:00,band_01,349.72131147540983,454.1475409836066,0.0,,center,automated_candidate_unverified
25-BR546.UFMu-00589.2025-07-25-11-50.NJ3HL.000030110930,25-BR546.UFMu-00589,2025-07-25 11:50:00,band_02,351.0,414.71153846153845,1.0,,center,automated_candidate_unverified
25-BR546.UFMu-00589.2025-07-25-11-50.NJ3HL.000030110930,25-BR546.UFMu-00589,2025-07-25 11:50:00,band_03,352.0,375.59615384615387,2.0,,center,automated_candidate_unverified
25-BR546.UFMu-00589.2025-07-25-11-50.NJ3HL.000030110930,25-BR546.UFMu-00589,2025-07-25 11:50:00,band_04,353.6981132075472,336.2830188679245,3.0,,center,automated_candidate_unverified
25-BR546.UFMu-00589.2025-07-25-11-50.NJ3HL.000030110930,25-BR546.UFMu-00589,2025-07-25 11:50:00,band_05,354.93023255813955,297.13953488372096,4.0,,center,automated_candidate_unverified
25-W577.W22_R1-r_x_UFMu-10960.2025-06-10-13-41.NJ2J6.000030109794,25-W577.W22_R1-r_x_UFMu-10960,2025-06-10 13:41:00,band_01,93.0,451.5104166666667,0.0,,center,automated_candidate_unverified
25-W577.W22_R1-r_x_UFMu-10960.2025-06-10-13-41.NJ2J6.000030109794,25-W577.W22_R1-r_x_UFMu-10960,2025-06-10 13:41:00,band_02,86.33333333333333,406.8666666666667,1.0,,center,automated_candidate_unverified
25-W577.W22_R1-r_x_UFMu-10960.2025-06-10-13-41.NJ2J6.000030109794,25-W577.W22_R1-r_x_UFMu-10960,2025-06-10 13:41:00,band_03,78.61194029850746,362.13432835820896,2.0,,center,automated_candidate_unverified
25-W577.W22_R1-r_x_UFMu-10960.2025-06-10-13-41.NJ2J6.000030109794,25-W577.W22_R1-r_x_UFMu-10960,2025-06-10 13:41:00,band_04,71.26153846153846,316.38461538461536,3.0,,center,automated_candidate_unverified
25-W577.W22_R1-r_x_UFMu-10960.2025-06-10-13-41.NJ2J6.000030109794,25-W577.W22_R1-r_x_UFMu-10960,2025-06-10 13:41:00,band_05,63.62337662337662,270.038961038961,4.0,,center,automated_candidate_unverified
25-W577.W22_R1-r_x_UFMu-10960.2025-06-10-13-41.NJ2J6.000030109794,25-W577.W22_R1-r_x_UFMu-10960,2025-06-10 13:41:00,band_06,55.81707317073171,222.6829268292683,5.0,,center,automated_candidate_unverified
25-W577.W22_R1-r_x_UFMu-10960.2025-06-10-13-41.NJ2J6.000030109794,25-W577.W22_R1-r_x_UFMu-10960,2025-06-10 13:41:00,band_07,47.229729729729726,174.74324324324326,6.0,,center,automated_candidate_unverified
25-W577.W22_R1-r_x_UFMu-10960.2025-06-10-13-41.NJ2J6.000030109794,25-W577.W22_R1-r_x_UFMu-10960,2025-06-10 13:41:00,band_08,38.72413793103448,126.75862068965516,7.0,,center,automated_candidate_unverified
25-W577.W22_R1-r_x_UFMu-10960.2025-06-17-11-51.NJ2J6.000030109794,25-W577.W22_R1-r_x_UFMu-10960,2025-06-17 11:51:00,band_01,73.62765957446808,400.98936170212767,0.0,,center,automated_candidate_unverified
25-W577.W22_R1-r_x_UFMu-10960.2025-06-17-11-51.NJ2J6.000030109794,25-W577.W22_R1-r_x_UFMu-10960,2025-06-17 11:51:00,band_02,65.6701030927835,355.5360824742268,1.0,,center,automated_candidate_unverified
25-W577.W22_R1-r_x_UFMu-10960.2025-06-17-11-51.NJ2J6.000030109794,25-W577.W22_R1-r_x_UFMu-10960,2025-06-17 11:51:00,band_03,57.13541666666666,308.5520833333333,2.0,,center,automated_candidate_unverified
25-W577.W22_R1-r_x_UFMu-10960.2025-06-17-11-51.NJ2J6.000030109794,25-W577.W22_R1-r_x_UFMu-10960,2025-06-17 11:51:00,band_04,48.92079207920792,260.7029702970297,3.0,,center,automated_candidate_unverified
25-W577.W22_R1-r_x_UFMu-10960.2025-06-17-11-51.NJ2J6.000030109794,25-W577.W22_R1-r_x_UFMu-10960,2025-06-17 11:51:00,band_05,40.62037037037037,211.39814814814812,4.0,,center,automated_candidate_unverified
25-W577.W22_R1-r_x_UFMu-10960.2025-06-17-11-51.NJ2J6.000030109794,25-W577.W22_R1-r_x_UFMu-10960,2025-06-17 11:51:00,band_06,32.34285714285714,161.3904761904762,5.0,,center,automated_candidate_unverified
25-W577.W22_R1-r_x_UFMu-10960.2025-06-17-11-51.NJ2J6.000030109794,25-W577.W22_R1-r_x_UFMu-10960,2025-06-17 11:51:00,band_07,23.625,110.52272727272728,6.0,,center,automated_candidate_unverified
25-W577.W22_R1-r_x_UFMu-10960.2025-06-24-11-51.NJ2J6.000030109794,25-W577.W22_R1-r_x_UFMu-10960,2025-06-24 11:51:00,band_01,73.93333333333334,459.0,0.0,,center,automated_candidate_unverified
25-W577.W22_R1-r_x_UFMu-10960.2025-06-24-11-51.NJ2J6.000030109794,25-W577.W22_R1-r_x_UFMu-10960,2025-06-24 11:51:00,band_02,72.45454545454545,402.6565656565657,1.0,,center,automated_candidate_unverified
25-W577.W22_R1-r_x_UFMu-10960.2025-06-24-11-51.NJ2J6.000030109794,25-W577.W22_R1-r_x_UFMu-10960,2025-06-24 11:51:00,band_03,63.742574257425744,357.7227722772277,2.0,,center,automated_candidate_unverified
25-W577.W22_R1-r_x_UFMu-10960.2025-06-24-11-51.NJ2J6.000030109794,25-W577.W22_R1-r_x_UFMu-10960,2025-06-24 11:51:00,band_04,55.22549019607843,312.2549019607843,3.0,,center,automated_candidate_unverified
25-W577.W22_R1-r_x_UFMu-10960.2025-06-24-11-51.NJ2J6.000030109794,25-W577.W22_R1-r_x_UFMu-10960,2025-06-24 11:51:00,band_05,48.333333333333336,274.8333333333333,4.0,,center,automated_candidate_unverified
25-W577.W22_R1-r_x_UFMu-10960.2025-07-01-11-46.NJ2J6.000030109794,25-W577.W22_R1-r_x_UFMu-10960,2025-07-01 11:46:00,band_01,286.2250922509225,610.0036900369004,0.0,,center,automated_candidate_unverified
25-W577.W22_R1-r_x_UFMu-10960.2025-07-01-11-46.NJ2J6.000030109794,25-W577.W22_R1-r_x_UFMu-10960,2025-07-01 11:46:00,band_02,271.8127659574468,570.3531914893617,1.0,,center,automated_candidate_unverified
25-W577.W22_R1-r_x_UFMu-10960.2025-07-01-11-46.NJ2J6.000030109794,25-W577.W22_R1-r_x_UFMu-10960,2025-07-01 11:46:00,band_03,276.3095238095238,533.5238095238095,2.0,,center,automated_candidate_unverified
25-W577.W22_R1-r_x_UFMu-10960.2025-07-01-11-46.NJ2J6.000030109794,25-W577.W22_R1-r_x_UFMu-10960,2025-07-01 11:46:00,band_04,276.5844155844156,491.961038961039,3.0,,center,automated_candidate_unverified
25-W577.W22_R1-r_x_UFMu-10960.2025-07-01-11-46.NJ2J6.000030109794,25-W577.W22_R1-r_x_UFMu-10960,2025-07-01 11:46:00,band_05,275.2105263157895,450.7236842105263,4.0,,center,automated_candidate_unverified
25-W577.W22_R1-r_x_UFMu-10960.2025-07-01-11-46.NJ2J6.000030109794,25-W577.W22_R1-r_x_UFMu-10960,2025-07-01 11:46:00,band_06,275.7959183673469,408.2448979591837,5.0,,center,automated_candidate_unverified
25-W577.W22_R1-r_x_UFMu-10960.2025-07-01-11-46.NJ2J6.000030109794,25-W577.W22_R1-r_x_UFMu-10960,2025-07-01 11:46:00,band_07,276.3,365.8,6.0,,center,automated_candidate_unverified
25-W577.W22_R1-r_x_UFMu-10960.2025-07-08-11-43.NJ2J6.000030109794,25-W577.W22_R1-r_x_UFMu-10960,2025-07-08 11:43:00,band_01,275.5529411764706,451.2,0.0,,center,automated_candidate_unverified
25-W577.W22_R1-r_x_UFMu-10960.2025-07-08-11-43.NJ2J6.000030109794,25-W577.W22_R1-r_x_UFMu-10960,2025-07-08 11:43:00,band_02,275.5636363636364,409.0545454545455,1.0,,center,automated_candidate_unverified
25-W577.W22_R1-r_x_UFMu-10960.2025-07-08-11-43.NJ2J6.000030109794,25-W577.W22_R1-r_x_UFMu-10960,2025-07-08 11:43:00,band_03,275.7037037037037,366.4259259259259,2.0,,center,automated_candidate_unverified
25-W577.W22_R1-r_x_UFMu-10960.2025-07-08-11-43.NJ2J6.000030109794,25-W577.W22_R1-r_x_UFMu-10960,2025-07-08 11:43:00,band_04,275.97777777777776,323.8222222222222,3.0,,center,automated_candidate_unverified
25-W577.W22_R1-r_x_UFMu-10960.2025-07-08-11-43.NJ2J6.000030109794,25-W577.W22_R1-r_x_UFMu-10960,2025-07-08 11:43:00,band_05,275.6296296296296,280.0,4.0,,center,automated_candidate_unverified
25-W577.W22_R1-r_x_UFMu-10960.2025-07-08-11-43.NJ2J6.000030109794,25-W577.W22_R1-r_x_UFMu-10960,2025-07-08 11:43:00,band_06,275.6271186440678,236.20338983050848,5.0,,center,automated_candidate_unverified
25-W577.W22_R1-r_x_UFMu-10960.2025-07-08-11-43.NJ2J6.000030109794,25-W577.W22_R1-r_x_UFMu-10960,2025-07-08 11:43:00,band_07,275.758064516129,192.1129032258065,6.0,,center,automated_candidate_unverified
25-W577.W22_R1-r_x_UFMu-10960.2025-07-08-11-43.NJ2J6.000030109794,25-W577.W22_R1-r_x_UFMu-10960,2025-07-08 11:43:00,band_08,275.85714285714283,148.03571428571428,7.0,,center,automated_candidate_unverified
25-W577.W22_R1-r_x_UFMu-10960.2025-07-15-11-47.NJ2J6.000030109794,25-W577.W22_R1-r_x_UFMu-10960,2025-07-15 11:47:00,band_01,275.25714285714287,526.6571428571428,0.0,,center,automated_candidate_unverified
25-W577.W22_R1-r_x_UFMu-10960.2025-07-15-11-47.NJ2J6.000030109794,25-W577.W22_R1-r_x_UFMu-10960,2025-07-15 11:47:00,band_02,272.05,484.65,1.0,,center,automated_candidate_unverified
25-W577.W22_R1-r_x_UFMu-10960.2025-07-15-11-47.NJ2J6.000030109794,25-W577.W22_R1-r_x_UFMu-10960,2025-07-15 11:47:00,band_03,273.66153846153844,443.3538461538462,2.0,,center,automated_candidate_unverified
25-W577.W22_R1-r_x_UFMu-10960.2025-07-15-11-47.NJ2J6.000030109794,25-W577.W22_R1-r_x_UFMu-10960,2025-07-15 11:47:00,band_04,273.36,401.04,3.0,,center,automated_candidate_unverified
25-W577.W22_R1-r_x_UFMu-10960.2025-07-15-11-47.NJ2J6.000030109794,25-W577.W22_R1-r_x_UFMu-10960,2025-07-15 11:47:00,band_05,273.5128205128205,358.1794871794872,4.0,,center,automated_candidate_unverified
25-W577.W22_R1-r_x_UFMu-10960.2025-07-15-11-47.NJ2J6.000030109794,25-W577.W22_R1-r_x_UFMu-10960,2025-07-15 11:47:00,band_06,273.5,315.225,5.0,,center,automated_candidate_unverified
25-W577.W22_R1-r_x_UFMu-10960.2025-07-15-11-47.NJ2J6.000030109794,25-W577.W22_R1-r_x_UFMu-10960,2025-07-15 11:47:00,band_07,272.92105263157896,271.7105263157895,6.0,,center,automated_candidate_unverified
25-W577.W22_R1-r_x_UFMu-10960.2025-07-15-11-47.NJ2J6.000030109794,25-W577.W22_R1-r_x_UFMu-10960,2025-07-15 11:47:00,band_08,272.3076923076923,227.69230769230768,7.0,,center,automated_candidate_unverified
25-W577.W22_R1-r_x_UFMu-10960.2025-07-15-11-47.NJ2J6.000030109794,25-W577.W22_R1-r_x_UFMu-10960,2025-07-15 11:47:00,band_09,272.5,183.22,8.0,,center,automated_candidate_unverified
25-W577.W22_R1-r_x_UFMu-10960.2025-07-15-11-47.NJ2J6.000030109794,25-W577.W22_R1-r_x_UFMu-10960,2025-07-15 11:47:00,band_10,272.5,138.5,9.0,,center,automated_candidate_unverified
25-W577.W22_R1-r_x_UFMu-10960.2025-07-22-11-52.NJ2J6.000030109794,25-W577.W22_R1-r_x_UFMu-10960,2025-07-22 11:52:00,band_01,274.56451612903226,321.61290322580646,0.0,,center,automated_candidate_unverified
25-W577.W22_R1-r_x_UFMu-10960.2025-07-22-11-52.NJ2J6.000030109794,25-W577.W22_R1-r_x_UFMu-10960,2025-07-22 11:52:00,band_02,274.4492753623188,277.1449275362319,1.0,,center,automated_candidate_unverified
25-W577.W22_R1-r_x_UFMu-10960.2025-07-22-11-52.NJ2J6.000030109794,25-W577.W22_R1-r_x_UFMu-10960,2025-07-22 11:52:00,band_03,274.3428571428572,232.3,2.0,,center,automated_candidate_unverified
25-W577.W22_R1-r_x_UFMu-10960.2025-07-22-11-52.NJ2J6.000030109794,25-W577.W22_R1-r_x_UFMu-10960,2025-07-22 11:52:00,band_04,274.7142857142857,187.2142857142857,3.0,,center,automated_candidate_unverified
25-W577.W22_R1-r_x_UFMu-10960.2025-07-22-11-52.NJ2J6.000030109794,25-W577.W22_R1-r_x_UFMu-10960,2025-07-22 11:52:00,band_05,275.3448275862069,141.60344827586206,4.0,,center,automated_candidate_unverified
25-W577.W22_R1-r_x_UFMu-10960.2025-07-29-11-40.NJ2J6.000030109794,25-W577.W22_R1-r_x_UFMu-10960,2025-07-29 11:40:00,band_01,273.546875,372.21875,0.0,,center,automated_candidate_unverified
25-W577.W22_R1-r_x_UFMu-10960.2025-07-29-11-40.NJ2J6.000030109794,25-W577.W22_R1-r_x_UFMu-10960,2025-07-29 11:40:00,band_02,271.8666666666667,328.5777777777778,1.0,,center,automated_candidate_unverified
25-W577.W22_R1-r_x_UFMu-10960.2025-07-29-11-40.NJ2J6.000030109794,25-W577.W22_R1-r_x_UFMu-10960,2025-07-29 11:40:00,band_03,270.5833333333333,284.1111111111111,2.0,,center,automated_candidate_unverified
25-W577.W22_R1-r_x_UFMu-10960.2025-07-29-11-40.NJ2J6.000030109794,25-W577.W22_R1-r_x_UFMu-10960,2025-07-29 11:40:00,band_04,269.8095238095238,239.12698412698413,3.0,,center,automated_candidate_unverified
25-W577.W22_R1-r_x_UFMu-10960.2025-07-29-11-40.NJ2J6.000030109794,25-W577.W22_R1-r_x_UFMu-10960,2025-07-29 11:40:00,band_05,268.6666666666667,193.26666666666668,4.0,,center,automated_candidate_unverified
25-W577.W22_R1-r_x_UFMu-10960.2025-07-29-11-40.NJ2J6.000030109794,25-W577.W22_R1-r_x_UFMu-10960,2025-07-29 11:40:00,band_06,267.1269841269841,146.31746031746033,5.0,,center,automated_candidate_unverified
C-W-0015-R.23-M1619-5_M1619-8.2024-07-01-12-30.NH88L,C-W-0015-R.23-M1619-5_M1619-8,2024-07-01 12:30:00,band_01,228.0,809.0212765957447,0.0,,center,automated_candidate_unverified
C-W-0015-R.23-M1619-5_M1619-8.2024-07-01-12-30.NH88L,C-W-0015-R.23-M1619-5_M1619-8,2024-07-01 12:30:00,band_02,232.62727272727275,765.1818181818181,1.0,,center,automated_candidate_unverified
C-W-0015-R.23-M1619-5_M1619-8.2024-07-01-12-30.NH88L,C-W-0015-R.23-M1619-5_M1619-8,2024-07-01 12:30:00,band_03,234.38064516129032,723.8774193548387,2.0,,center,automated_candidate_unverified
C-W-0015-R.23-M1619-5_M1619-8.2024-07-01-12-30.NH88L,C-W-0015-R.23-M1619-5_M1619-8,2024-07-01 12:30:00,band_04,232.16666666666663,671.9166666666666,3.0,,center,automated_candidate_unverified
C-W-0015-R.23-M1619-5_M1619-8.2024-07-01-12-30.NH88L,C-W-0015-R.23-M1619-5_M1619-8,2024-07-01 12:30:00,band_05,244.2051282051282,639.8974358974359,4.0,,center,automated_candidate_unverified
C-W-0015-R.23-M1619-5_M1619-8.2024-07-01-12-30.NH88L,C-W-0015-R.23-M1619-5_M1619-8,2024-07-01 12:30:00,band_06,246.44117647058823,597.6666666666666,5.0,,center,automated_candidate_unverified
C-W-0015-R.23-M1619-5_M1619-8.2024-07-01-12-30.NH88L,C-W-0015-R.23-M1619-5_M1619-8,2024-07-01 12:30:00,band_07,250.06306306306303,557.4549549549549,6.0,,center,automated_candidate_unverified
C-W-0015-R.23-M1619-5_M1619-8.2024-07-01-12-30.NH88L,C-W-0015-R.23-M1619-5_M1619-8,2024-07-01 12:30:00,band_08,253.54368932038835,513.2718446601941,7.0,,center,automated_candidate_unverified
C-W-0015-R.23-M1619-5_M1619-8.2024-07-08-11-32.NH88L,C-W-0015-R.23-M1619-5_M1619-8,2024-07-08 11:32:00,band_01,232.59782608695653,803.2065217391304,0.0,,center,automated_candidate_unverified
C-W-0015-R.23-M1619-5_M1619-8.2024-07-08-11-32.NH88L,C-W-0015-R.23-M1619-5_M1619-8,2024-07-08 11:32:00,band_02,236.31182795698925,761.5913978494624,1.0,,center,automated_candidate_unverified
C-W-0015-R.23-M1619-5_M1619-8.2024-07-08-11-32.NH88L,C-W-0015-R.23-M1619-5_M1619-8,2024-07-08 11:32:00,band_03,239.98888888888888,719.8111111111111,2.0,,center,automated_candidate_unverified
C-W-0015-R.23-M1619-5_M1619-8.2024-07-08-11-32.NH88L,C-W-0015-R.23-M1619-5_M1619-8,2024-07-08 11:32:00,band_04,243.7961165048544,678.0388349514564,3.0,,center,automated_candidate_unverified
C-W-0015-R.23-M1619-5_M1619-8.2024-07-08-11-32.NH88L,C-W-0015-R.23-M1619-5_M1619-8,2024-07-08 11:32:00,band_05,246.7472527472528,636.2857142857143,4.0,,center,automated_candidate_unverified
C-W-0015-R.23-M1619-5_M1619-8.2024-07-08-11-32.NH88L,C-W-0015-R.23-M1619-5_M1619-8,2024-07-08 11:32:00,band_06,250.06976744186048,594.4186046511628,5.0,,center,automated_candidate_unverified
C-W-0015-R.23-M1619-5_M1619-8.2024-07-08-11-32.NH88L,C-W-0015-R.23-M1619-5_M1619-8,2024-07-08 11:32:00,band_07,253.92391304347825,552.5869565217391,6.0,,center,automated_candidate_unverified
C-W-0015-R.23-M1619-5_M1619-8.2024-07-08-11-32.NH88L,C-W-0015-R.23-M1619-5_M1619-8,2024-07-08 11:32:00,band_08,257.4605263157895,509.92105263157896,7.0,,center,automated_candidate_unverified
C-W-0015-R.23-M1619-5_M1619-8.2024-07-08-11-32.NH88L,C-W-0015-R.23-M1619-5_M1619-8,2024-07-08 11:32:00,band_09,261.2530120481928,467.0963855421687,8.0,,center,automated_candidate_unverified
C-W-0015-R.23-M1619-5_M1619-8.2024-07-08-11-32.NH88L,C-W-0015-R.23-M1619-5_M1619-8,2024-07-08 11:32:00,band_10,264.4193548387097,424.3870967741936,9.0,,center,automated_candidate_unverified
C-W-0015-R.23-M1619-5_M1619-8.2024-07-08-11-32.NH88L,C-W-0015-R.23-M1619-5_M1619-8,2024-07-08 11:32:00,band_11,267.94545454545454,381.4,10.0,,center,automated_candidate_unverified
C-W-0015-R.23-M1619-5_M1619-8.2024-07-08-11-32.NH88L,C-W-0015-R.23-M1619-5_M1619-8,2024-07-08 11:32:00,band_12,271.5769230769231,337.7307692307692,11.0,,center,automated_candidate_unverified
C-W-0015-R.23-M1619-5_M1619-8.2024-07-08-11-32.NH88L,C-W-0015-R.23-M1619-5_M1619-8,2024-07-08 11:32:00,band_13,275.48148148148147,293.7407407407408,12.0,,center,automated_candidate_unverified
C-W-0015-R.23-M1619-5_M1619-8.2024-07-08-11-32.NH88L,C-W-0015-R.23-M1619-5_M1619-8,2024-07-08 11:32:00,band_14,278.76363636363635,249.5636363636364,13.0,,center,automated_candidate_unverified
C-W-0015-R.23-M1619-5_M1619-8.2024-07-08-11-32.NH88L,C-W-0015-R.23-M1619-5_M1619-8,2024-07-08 11:32:00,band_15,282.4423076923077,205.15384615384616,14.0,,center,automated_candidate_unverified
C-W-0015-R.23-M1619-5_M1619-8.2024-07-08-11-32.NH88L,C-W-0015-R.23-M1619-5_M1619-8,2024-07-08 11:32:00,band_16,286.075,160.375,15.0,,center,automated_candidate_unverified
C-W-0015-R.23-M1619-5_M1619-8.2024-07-15-11-34.NH88L,C-W-0015-R.23-M1619-5_M1619-8,2024-07-15 11:34:00,band_01,255.83653846153845,547.1826923076923,0.0,,center,automated_candidate_unverified
C-W-0015-R.23-M1619-5_M1619-8.2024-07-15-11-34.NH88L,C-W-0015-R.23-M1619-5_M1619-8,2024-07-15 11:34:00,band_02,258.7849462365592,504.44086021505376,1.0,,center,automated_candidate_unverified
C-W-0015-R.23-M1619-5_M1619-8.2024-07-15-11-34.NH88L,C-W-0015-R.23-M1619-5_M1619-8,2024-07-15 11:34:00,band_03,262.5,461.5,2.0,,center,automated_candidate_unverified
C-W-0015-R.23-M1619-5_M1619-8.2024-07-15-11-34.NH88L,C-W-0015-R.23-M1619-5_M1619-8,2024-07-15 11:34:00,band_04,266.06493506493507,418.23376623376623,3.0,,center,automated_candidate_unverified
C-W-0015-R.23-M1619-5_M1619-8.2024-07-15-11-34.NH88L,C-W-0015-R.23-M1619-5_M1619-8,2024-07-15 11:34:00,band_05,269.5466666666667,374.4533333333333,4.0,,center,automated_candidate_unverified
C-W-0015-R.23-M1619-5_M1619-8.2024-07-15-11-34.NH88L,C-W-0015-R.23-M1619-5_M1619-8,2024-07-15 11:34:00,band_06,273.16,330.44,5.0,,center,automated_candidate_unverified
C-W-0015-R.23-M1619-5_M1619-8.2024-07-15-11-34.NH88L,C-W-0015-R.23-M1619-5_M1619-8,2024-07-15 11:34:00,band_07,276.9390243902439,285.890243902439,6.0,,center,automated_candidate_unverified
C-W-0015-R.23-M1619-5_M1619-8.2024-07-15-11-34.NH88L,C-W-0015-R.23-M1619-5_M1619-8,2024-07-15 11:34:00,band_08,280.7631578947368,240.80263157894737,7.0,,center,automated_candidate_unverified
C-W-0015-R.23-M1619-5_M1619-8.2024-07-15-11-34.NH88L,C-W-0015-R.23-M1619-5_M1619-8,2024-07-15 11:34:00,band_09,284.67088607594934,195.35443037974684,8.0,,center,automated_candidate_unverified
C-W-0015-R.23-M1619-5_M1619-8.2024-07-15-11-34.NH88L,C-W-0015-R.23-M1619-5_M1619-8,2024-07-15 11:34:00,band_10,287.65,148.8375,9.0,,center,automated_candidate_unverified
C-W-0015-R.23-M1619-5_M1619-8.2024-07-22-11-36.NH88L,C-W-0015-R.23-M1619-5_M1619-8,2024-07-22 11:36:00,band_01,258.6818181818182,505.3522727272728,0.0,,center,automated_candidate_unverified
C-W-0015-R.23-M1619-5_M1619-8.2024-07-22-11-36.NH88L,C-W-0015-R.23-M1619-5_M1619-8,2024-07-22 11:36:00,band_02,262.1,462.56666666666666,1.0,,center,automated_candidate_unverified
C-W-0015-R.23-M1619-5_M1619-8.2024-07-22-11-36.NH88L,C-W-0015-R.23-M1619-5_M1619-8,2024-07-22 11:36:00,band_03,264.9743589743589,419.448717948718,2.0,,center,automated_candidate_unverified
C-W-0015-R.23-M1619-5_M1619-8.2024-07-22-11-36.NH88L,C-W-0015-R.23-M1619-5_M1619-8,2024-07-22 11:36:00,band_04,268.52702702702703,376.2027027027027,3.0,,center,automated_candidate_unverified
C-W-0015-R.23-M1619-5_M1619-8.2024-07-22-11-36.NH88L,C-W-0015-R.23-M1619-5_M1619-8,2024-07-22 11:36:00,band_05,271.59722222222223,332.4166666666667,4.0,,center,automated_candidate_unverified
C-W-0015-R.23-M1619-5_M1619-8.2024-07-22-11-36.NH88L,C-W-0015-R.23-M1619-5_M1619-8,2024-07-22 11:36:00,band_06,275.12820512820514,288.2564102564103,5.0,,center,automated_candidate_unverified
C-W-0015-R.23-M1619-5_M1619-8.2024-07-22-11-36.NH88L,C-W-0015-R.23-M1619-5_M1619-8,2024-07-22 11:36:00,band_07,278.4266666666667,243.64,6.0,,center,automated_candidate_unverified
C-W-0015-R.23-M1619-5_M1619-8.2024-07-22-11-36.NH88L,C-W-0015-R.23-M1619-5_M1619-8,2024-07-22 11:36:00,band_08,281.57894736842104,198.8815789473684,7.0,,center,automated_candidate_unverified
C-W-0015-R.23-M1619-5_M1619-8.2024-07-22-11-36.NH88L,C-W-0015-R.23-M1619-5_M1619-8,2024-07-22 11:36:00,band_09,285.1230769230769,153.87692307692308,8.0,,center,automated_candidate_unverified
C-W-0015-R.23-M1619-5_M1619-8.2024-07-29-11-33.NH88L,C-W-0015-R.23-M1619-5_M1619-8,2024-07-29 11:33:00,band_01,268.4142857142857,373.7857142857143,0.0,,center,automated_candidate_unverified
C-W-0015-R.23-M1619-5_M1619-8.2024-07-29-11-33.NH88L,C-W-0015-R.23-M1619-5_M1619-8,2024-07-29 11:33:00,band_02,271.6865671641791,330.13432835820896,1.0,,center,automated_candidate_unverified
C-W-0015-R.23-M1619-5_M1619-8.2024-07-29-11-33.NH88L,C-W-0015-R.23-M1619-5_M1619-8,2024-07-29 11:33:00,band_03,274.9508196721312,285.655737704918,2.0,,center,automated_candidate_unverified
C-W-0015-R.23-M1619-5_M1619-8.2024-07-29-11-33.NH88L,C-W-0015-R.23-M1619-5_M1619-8,2024-07-29 11:33:00,band_04,277.91379310344826,241.06896551724137,3.0,,center,automated_candidate_unverified
C-W-0015-R.23-M1619-5_M1619-8.2024-07-29-11-33.NH88L,C-W-0015-R.23-M1619-5_M1619-8,2024-07-29 11:33:00,band_05,281.49122807017545,196.1578947368421,4.0,,center,automated_candidate_unverified
C-W-0015-R.23-M1619-5_M1619-8.2024-07-29-11-33.NH88L,C-W-0015-R.23-M1619-5_M1619-8,2024-07-29 11:33:00,band_06,284.175,150.675,5.0,,center,automated_candidate_unverified
C-W-0015-R.23-M1619-5_M1619-8.2024-08-05-11-33.NH88L,C-W-0015-R.23-M1619-5_M1619-8,2024-08-05 11:33:00,band_01,267.6984126984127,371.0,0.0,,center,automated_candidate_unverified
C-W-0015-R.23-M1619-5_M1619-8.2024-08-05-11-33.NH88L,C-W-0015-R.23-M1619-5_M1619-8,2024-08-05 11:33:00,band_02,270.95238095238096,326.6507936507937,1.0,,center,automated_candidate_unverified
C-W-0015-R.23-M1619-5_M1619-8.2024-08-05-11-33.NH88L,C-W-0015-R.23-M1619-5_M1619-8,2024-08-05 11:33:00,band_03,274.11290322580646,282.0483870967742,2.0,,center,automated_candidate_unverified
C-W-0015-R.23-M1619-5_M1619-8.2024-08-05-11-33.NH88L,C-W-0015-R.23-M1619-5_M1619-8,2024-08-05 11:33:00,band_04,277.51724137931035,236.86206896551724,3.0,,center,automated_candidate_unverified
C-W-0015-R.23-M1619-5_M1619-8.2024-08-05-11-33.NH88L,C-W-0015-R.23-M1619-5_M1619-8,2024-08-05 11:33:00,band_05,280.9384615384615,191.53846153846155,4.0,,center,automated_candidate_unverified
C-W-0015-R.23-M1619-5_M1619-8.2024-08-05-11-33.NH88L,C-W-0015-R.23-M1619-5_M1619-8,2024-08-05 11:33:00,band_06,283.9512195121951,145.58536585365854,5.0,,center,automated_candidate_unverified
C-W-0010-L.21-M1745-1.2024-06-28-11-53.NH88X,C-W-0010-L.21-M1745-1,2024-06-28 11:53:00,band_01,678.2947368421053,560.3684210526316,0.0,,center,automated_candidate_unverified
C-W-0010-L.21-M1745-1.2024-06-28-11-53.NH88X,C-W-0010-L.21-M1745-1,2024-06-28 11:53:00,band_02,683.3131313131313,519.3939393939394,1.0,,center,automated_candidate_unverified
C-W-0010-L.21-M1745-1.2024-06-28-11-53.NH88X,C-W-0010-L.21-M1745-1,2024-06-28 11:53:00,band_03,687.8351648351648,479.4725274725275,2.0,,center,automated_candidate_unverified
C-W-0010-L.21-M1745-1.2024-06-28-11-53.NH88X,C-W-0010-L.21-M1745-1,2024-06-28 11:53:00,band_04,692.6976744186046,439.3372093023256,3.0,,center,automated_candidate_unverified
C-W-0010-L.21-M1745-1.2024-06-28-11-53.NH88X,C-W-0010-L.21-M1745-1,2024-06-28 11:53:00,band_05,697.5280898876405,399.4157303370786,4.0,,center,automated_candidate_unverified
C-W-0010-L.21-M1745-1.2024-06-28-11-53.NH88X,C-W-0010-L.21-M1745-1,2024-06-28 11:53:00,band_06,702.4772727272727,360.625,5.0,,center,automated_candidate_unverified
C-W-0010-L.21-M1745-1.2024-06-28-11-53.NH88X,C-W-0010-L.21-M1745-1,2024-06-28 11:53:00,band_07,706.9382716049382,321.4074074074074,6.0,,center,automated_candidate_unverified
C-W-0010-L.21-M1745-1.2024-06-28-11-53.NH88X,C-W-0010-L.21-M1745-1,2024-06-28 11:53:00,band_08,711.7012987012987,283.1168831168831,7.0,,center,automated_candidate_unverified
C-W-0010-L.21-M1745-1.2024-06-28-11-53.NH88X,C-W-0010-L.21-M1745-1,2024-06-28 11:53:00,band_09,716.4520547945206,244.8630136986301,8.0,,center,automated_candidate_unverified
C-W-0010-L.21-M1745-1.2024-07-05-11-39.NH88X,C-W-0010-L.21-M1745-1,2024-07-05 11:39:00,band_01,653.6,732.1,0.0,,center,automated_candidate_unverified
C-W-0010-L.21-M1745-1.2024-07-05-11-39.NH88X,C-W-0010-L.21-M1745-1,2024-07-05 11:39:00,band_02,667.7388059701492,684.1641791044776,1.0,,center,automated_candidate_unverified
C-W-0010-L.21-M1745-1.2024-07-05-11-39.NH88X,C-W-0010-L.21-M1745-1,2024-07-05 11:39:00,band_03,671.1018518518518,643.3981481481482,2.0,,center,automated_candidate_unverified
C-W-0010-L.21-M1745-1.2024-07-05-11-39.NH88X,C-W-0010-L.21-M1745-1,2024-07-05 11:39:00,band_04,676.4128440366973,602.183486238532,3.0,,center,automated_candidate_unverified
C-W-0010-L.21-M1745-1.2024-07-05-11-39.NH88X,C-W-0010-L.21-M1745-1,2024-07-05 11:39:00,band_05,682.0333333333333,562.3666666666667,4.0,,center,automated_candidate_unverified
C-W-0010-L.21-M1745-1.2024-07-05-11-39.NH88X,C-W-0010-L.21-M1745-1,2024-07-05 11:39:00,band_06,686.7926829268292,521.3048780487804,5.0,,center,automated_candidate_unverified
C-W-0010-L.21-M1745-1.2024-07-05-11-39.NH88X,C-W-0010-L.21-M1745-1,2024-07-05 11:39:00,band_07,692.1411764705882,481.3058823529412,6.0,,center,automated_candidate_unverified
C-W-0010-L.21-M1745-1.2024-07-05-11-39.NH88X,C-W-0010-L.21-M1745-1,2024-07-05 11:39:00,band_08,697.5,441.0,7.0,,center,automated_candidate_unverified
C-W-0010-L.21-M1745-1.2024-07-05-11-39.NH88X,C-W-0010-L.21-M1745-1,2024-07-05 11:39:00,band_09,702.9333333333333,400.95,8.0,,center,automated_candidate_unverified
C-W-0010-L.21-M1745-1.2024-07-05-11-39.NH88X,C-W-0010-L.21-M1745-1,2024-07-05 11:39:00,band_10,708.0,361.8421052631579,9.0,,center,automated_candidate_unverified
C-W-0010-L.21-M1745-1.2024-07-05-11-39.NH88X,C-W-0010-L.21-M1745-1,2024-07-05 11:39:00,band_11,713.0,322.1549295774648,10.0,,center,automated_candidate_unverified
C-W-0010-L.21-M1745-1.2024-07-05-11-39.NH88X,C-W-0010-L.21-M1745-1,2024-07-05 11:39:00,band_12,719.0,283.1549295774648,11.0,,center,automated_candidate_unverified
C-W-0010-L.21-M1745-1.2024-07-05-11-39.NH88X,C-W-0010-L.21-M1745-1,2024-07-05 11:39:00,band_13,724.2089552238806,244.29850746268656,12.0,,center,automated_candidate_unverified
C-W-0010-L.21-M1745-1.2024-07-12-11-46.NH88X,C-W-0010-L.21-M1745-1,2024-07-12 11:46:00,band_01,649.5576923076923,726.5673076923077,0.0,,center,automated_candidate_unverified
C-W-0010-L.21-M1745-1.2024-07-12-11-46.NH88X,C-W-0010-L.21-M1745-1,2024-07-12 11:46:00,band_02,647.4411764705883,683.7843137254902,1.0,,center,automated_candidate_unverified
C-W-0010-L.21-M1745-1.2024-07-12-11-46.NH88X,C-W-0010-L.21-M1745-1,2024-07-12 11:46:00,band_03,651.6279069767442,641.6511627906976,2.0,,center,automated_candidate_unverified
C-W-0010-L.21-M1745-1.2024-07-12-11-46.NH88X,C-W-0010-L.21-M1745-1,2024-07-12 11:46:00,band_04,656.3142857142857,601.7809523809524,3.0,,center,automated_candidate_unverified
C-W-0010-L.21-M1745-1.2024-07-12-11-46.NH88X,C-W-0010-L.21-M1745-1,2024-07-12 11:46:00,band_05,656.4487179487179,560.8974358974359,4.0,,center,automated_candidate_unverified
C-W-0010-L.21-M1745-1.2024-07-12-11-46.NH88X,C-W-0010-L.21-M1745-1,2024-07-12 11:46:00,band_06,659.2571428571429,520.1285714285714,5.0,,center,automated_candidate_unverified
C-W-0010-L.21-M1745-1.2024-07-12-11-46.NH88X,C-W-0010-L.21-M1745-1,2024-07-12 11:46:00,band_07,662.0704225352113,478.5633802816901,6.0,,center,automated_candidate_unverified
C-W-0010-L.21-M1745-1.2024-07-12-11-46.NH88X,C-W-0010-L.21-M1745-1,2024-07-12 11:46:00,band_08,664.6862745098039,437.3725490196079,7.0,,center,automated_candidate_unverified
C-W-0010-L.21-M1745-1.2024-07-12-11-46.NH88X,C-W-0010-L.21-M1745-1,2024-07-12 11:46:00,band_09,667.66,395.76,8.0,,center,automated_candidate_unverified
C-W-0010-L.21-M1745-1.2024-07-12-11-46.NH88X,C-W-0010-L.21-M1745-1,2024-07-12 11:46:00,band_10,670.6,354.0,9.0,,center,automated_candidate_unverified
C-W-0010-L.21-M1745-1.2024-07-12-11-46.NH88X,C-W-0010-L.21-M1745-1,2024-07-12 11:46:00,band_11,673.6458333333334,311.875,10.0,,center,automated_candidate_unverified
C-W-0010-L.21-M1745-1.2024-07-19-11-59.NH88X,C-W-0010-L.21-M1745-1,2024-07-19 11:59:00,band_01,670.0357142857143,524.9047619047619,0.0,,center,automated_candidate_unverified
C-W-0010-L.21-M1745-1.2024-07-19-11-59.NH88X,C-W-0010-L.21-M1745-1,2024-07-19 11:59:00,band_02,673.3013698630137,483.63013698630135,1.0,,center,automated_candidate_unverified
C-W-0010-L.21-M1745-1.2024-07-19-11-59.NH88X,C-W-0010-L.21-M1745-1,2024-07-19 11:59:00,band_03,677.051724137931,441.94827586206895,2.0,,center,automated_candidate_unverified
C-W-0010-L.21-M1745-1.2024-07-19-11-59.NH88X,C-W-0010-L.21-M1745-1,2024-07-19 11:59:00,band_04,680.4098360655738,400.4754098360656,3.0,,center,automated_candidate_unverified
C-W-0010-L.21-M1745-1.2024-07-19-11-59.NH88X,C-W-0010-L.21-M1745-1,2024-07-19 11:59:00,band_05,684.3090909090909,358.5272727272727,4.0,,center,automated_candidate_unverified
C-W-0010-L.21-M1745-1.2024-07-19-11-59.NH88X,C-W-0010-L.21-M1745-1,2024-07-19 11:59:00,band_06,688.1276595744681,316.0,5.0,,center,automated_candidate_unverified
C-W-0010-L.21-M1745-1.2024-07-19-11-59.NH88X,C-W-0010-L.21-M1745-1,2024-07-19 11:59:00,band_07,692.48,272.9,6.0,,center,automated_candidate_unverified
C-W-0010-L.21-M1745-1.2024-07-19-11-59.NH88X,C-W-0010-L.21-M1745-1,2024-07-19 11:59:00,band_08,696.843137254902,229.76470588235293,7.0,,center,automated_candidate_unverified
C-W-0010-L.21-M1745-1.2024-07-19-11-59.NH88X,C-W-0010-L.21-M1745-1,2024-07-19 11:59:00,band_09,701.1153846153846,186.5,8.0,,center,automated_candidate_unverified
C-W-0010-L.21-M1745-1.2024-07-26-11-31.NH88X,C-W-0010-L.21-M1745-1,2024-07-26 11:31:00,band_01,666.8192771084338,527.6024096385543,0.0,,center,automated_candidate_unverified
C-W-0010-L.21-M1745-1.2024-07-26-11-31.NH88X,C-W-0010-L.21-M1745-1,2024-07-26 11:31:00,band_02,670.6538461538462,485.97435897435895,1.0,,center,automated_candidate_unverified
C-W-0010-L.21-M1745-1.2024-07-26-11-31.NH88X,C-W-0010-L.21-M1745-1,2024-07-26 11:31:00,band_03,673.6341463414634,445.0,2.0,,center,automated_candidate_unverified
C-W-0010-L.21-M1745-1.2024-07-26-11-31.NH88X,C-W-0010-L.21-M1745-1,2024-07-26 11:31:00,band_04,676.890243902439,403.390243902439,3.0,,center,automated_candidate_unverified
C-W-0010-L.21-M1745-1.2024-07-26-11-31.NH88X,C-W-0010-L.21-M1745-1,2024-07-26 11:31:00,band_05,680.9350649350649,361.46753246753246,4.0,,center,automated_candidate_unverified
C-W-0010-L.21-M1745-1.2024-07-26-11-31.NH88X,C-W-0010-L.21-M1745-1,2024-07-26 11:31:00,band_06,684.6486486486486,319.1216216216216,5.0,,center,automated_candidate_unverified
C-W-0010-L.21-M1745-1.2024-07-26-11-31.NH88X,C-W-0010-L.21-M1745-1,2024-07-26 11:31:00,band_07,689.0,276.16438356164383,6.0,,center,automated_candidate_unverified
C-W-0010-L.21-M1745-1.2024-07-26-11-31.NH88X,C-W-0010-L.21-M1745-1,2024-07-26 11:31:00,band_08,693.1944444444445,233.11111111111111,7.0,,center,automated_candidate_unverified
C-W-0010-L.21-M1745-1.2024-07-26-11-31.NH88X,C-W-0010-L.21-M1745-1,2024-07-26 11:31:00,band_09,698.0784313725491,190.05882352941177,8.0,,center,automated_candidate_unverified
C-W-0010-L.21-M1745-1.2024-08-02-11-57.NH88X,C-W-0010-L.21-M1745-1,2024-08-02 11:57:00,band_01,73.5433962264151,836.222641509434,0.0,,center,automated_candidate_unverified
C-W-0010-L.21-M1745-1.2024-08-02-11-57.NH88X,C-W-0010-L.21-M1745-1,2024-08-02 11:57:00,band_02,74.93214285714286,817.3142857142857,1.0,,center,automated_candidate_unverified
C-W-0010-L.21-M1745-1.2024-08-02-11-57.NH88X,C-W-0010-L.21-M1745-1,2024-08-02 11:57:00,band_03,72.88732394366197,798.5985915492957,2.0,,center,automated_candidate_unverified
C-W-0010-L.21-M1745-1.2024-08-02-11-57.NH88X,C-W-0010-L.21-M1745-1,2024-08-02 11:57:00,band_04,66.2,774.4,3.0,,center,automated_candidate_unverified
C-W-0010-L.21-M1745-1.2024-08-02-11-57.NH88X,C-W-0010-L.21-M1745-1,2024-08-02 11:57:00,band_05,73.42801556420234,761.4474708171206,4.0,,center,automated_candidate_unverified
C-W-0010-L.21-M1745-1.2024-08-02-11-57.NH88X,C-W-0010-L.21-M1745-1,2024-08-02 11:57:00,band_06,74.17213114754098,742.5204918032787,5.0,,center,automated_candidate_unverified
C-W-0010-L.21-M1745-1.2024-08-02-11-57.NH88X,C-W-0010-L.21-M1745-1,2024-08-02 11:57:00,band_07,65.5,723.5,6.0,,center,automated_candidate_unverified
C-W-0010-L.21-M1745-1.2024-08-02-11-57.NH88X,C-W-0010-L.21-M1745-1,2024-08-02 11:57:00,band_08,73.7239263803681,704.9294478527607,7.0,,center,automated_candidate_unverified
C-W-0010-L.21-M1745-1.2024-08-02-11-57.NH88X,C-W-0010-L.21-M1745-1,2024-08-02 11:57:00,band_09,74.3731343283582,685.4813432835821,8.0,,center,automated_candidate_unverified
C-W-0010-L.21-M1745-1.2024-08-09-08-28.NH88X,C-W-0010-L.21-M1745-1,2024-08-09 08:28:00,band_01,706.8842105263158,700.3052631578947,0.0,,center,automated_candidate_unverified
C-W-0010-L.21-M1745-1.2024-08-09-08-28.NH88X,C-W-0010-L.21-M1745-1,2024-08-09 08:28:00,band_02,702.2608695652174,666.8260869565217,1.0,,center,automated_candidate_unverified
C-W-0010-L.21-M1745-1.2024-08-09-08-28.NH88X,C-W-0010-L.21-M1745-1,2024-08-09 08:28:00,band_03,689.6765957446809,627.8765957446808,2.0,,center,automated_candidate_unverified
C-W-0010-L.21-M1745-1.2024-08-09-08-28.NH88X,C-W-0010-L.21-M1745-1,2024-08-09 08:28:00,band_04,687.0,599.8181818181819,3.0,,center,automated_candidate_unverified
C-W-0010-L.21-M1745-1.2024-08-09-08-28.NH88X,C-W-0010-L.21-M1745-1,2024-08-09 08:28:00,band_05,673.8333333333334,562.0,4.0,,center,automated_candidate_unverified
C-W-0010-L.21-M1745-1.2024-08-09-08-28.NH88X,C-W-0010-L.21-M1745-1,2024-08-09 08:28:00,band_06,665.4,527.290909090909,5.0,,center,automated_candidate_unverified
C-M-0013-L.23-M1619-4_M1619-8.2024-06-28-11-32.NH888,C-M-0013-L.23-M1619-4_M1619-8,2024-06-28 11:32:00,band_01,643.7115384615385,788.0865384615385,0.0,,center,automated_candidate_unverified
C-M-0013-L.23-M1619-4_M1619-8.2024-06-28-11-32.NH888,C-M-0013-L.23-M1619-4_M1619-8,2024-06-28 11:32:00,band_02,644.2063492063492,743.3492063492064,1.0,,center,automated_candidate_unverified
C-M-0013-L.23-M1619-4_M1619-8.2024-06-28-11-32.NH888,C-M-0013-L.23-M1619-4_M1619-8,2024-06-28 11:32:00,band_03,644.3515625,698.4765625,2.0,,center,automated_candidate_unverified
C-M-0013-L.23-M1619-4_M1619-8.2024-06-28-11-32.NH888,C-M-0013-L.23-M1619-4_M1619-8,2024-06-28 11:32:00,band_04,645.046875,653.6875,3.0,,center,automated_candidate_unverified
C-M-0013-L.23-M1619-4_M1619-8.2024-06-28-11-32.NH888,C-M-0013-L.23-M1619-4_M1619-8,2024-06-28 11:32:00,band_05,644.9609375,608.8984375,4.0,,center,automated_candidate_unverified
C-M-0013-L.23-M1619-4_M1619-8.2024-06-28-11-32.NH888,C-M-0013-L.23-M1619-4_M1619-8,2024-06-28 11:32:00,band_06,645.1515151515151,564.3333333333334,5.0,,center,automated_candidate_unverified
C-M-0013-L.23-M1619-4_M1619-8.2024-06-28-11-32.NH888,C-M-0013-L.23-M1619-4_M1619-8,2024-06-28 11:32:00,band_07,646.2596153846154,519.5192307692307,6.0,,center,automated_candidate_unverified
C-M-0013-L.23-M1619-4_M1619-8.2024-06-28-11-32.NH888,C-M-0013-L.23-M1619-4_M1619-8,2024-06-28 11:32:00,band_08,646.939393939394,474.4949494949495,7.0,,center,automated_candidate_unverified
C-M-0013-L.23-M1619-4_M1619-8.2024-06-28-11-32.NH888,C-M-0013-L.23-M1619-4_M1619-8,2024-06-28 11:32:00,band_09,647.5,430.5,8.0,,center,automated_candidate_unverified
C-M-0013-L.23-M1619-4_M1619-8.2024-06-28-11-32.NH888,C-M-0013-L.23-M1619-4_M1619-8,2024-06-28 11:32:00,band_10,648.0,386.5,9.0,,center,automated_candidate_unverified
C-M-0013-L.23-M1619-4_M1619-8.2024-06-28-11-32.NH888,C-M-0013-L.23-M1619-4_M1619-8,2024-06-28 11:32:00,band_11,648.144578313253,342.86746987951807,10.0,,center,automated_candidate_unverified
C-M-0013-L.23-M1619-4_M1619-8.2024-06-28-11-32.NH888,C-M-0013-L.23-M1619-4_M1619-8,2024-06-28 11:32:00,band_12,648.7323943661971,299.0845070422535,11.0,,center,automated_candidate_unverified
C-M-0013-L.23-M1619-4_M1619-8.2024-06-28-11-32.NH888,C-M-0013-L.23-M1619-4_M1619-8,2024-06-28 11:32:00,band_13,648.5402298850574,256.01149425287355,12.0,,center,automated_candidate_unverified
C-M-0013-L.23-M1619-4_M1619-8.2024-06-28-11-32.NH888,C-M-0013-L.23-M1619-4_M1619-8,2024-06-28 11:32:00,band_14,648.9878048780488,212.58536585365852,13.0,,center,automated_candidate_unverified
C-M-0013-L.23-M1619-4_M1619-8.2024-06-28-11-32.NH888,C-M-0013-L.23-M1619-4_M1619-8,2024-06-28 11:32:00,band_15,648.6951219512196,169.6341463414634,14.0,,center,automated_candidate_unverified
C-M-0013-L.23-M1619-4_M1619-8.2024-06-28-11-32.NH888,C-M-0013-L.23-M1619-4_M1619-8,2024-06-28 11:32:00,band_16,648.6842105263158,126.22368421052632,15.0,,center,automated_candidate_unverified
C-M-0013-L.23-M1619-4_M1619-8.2024-06-28-11-32.NH888,C-M-0013-L.23-M1619-4_M1619-8,2024-06-28 11:32:00,band_17,648.6176470588235,83.33823529411765,16.0,,center,automated_candidate_unverified
C-M-0013-L.23-M1619-4_M1619-8.2024-07-05-11-46.NH888,C-M-0013-L.23-M1619-4_M1619-8,2024-07-05 11:46:00,band_01,490.8,611.2,0.0,,center,automated_candidate_unverified
C-M-0013-L.23-M1619-4_M1619-8.2024-07-05-11-46.NH888,C-M-0013-L.23-M1619-4_M1619-8,2024-07-05 11:46:00,band_02,498.6119402985075,594.6492537313433,1.0,,center,automated_candidate_unverified
C-M-0013-L.23-M1619-4_M1619-8.2024-07-05-11-46.NH888,C-M-0013-L.23-M1619-4_M1619-8,2024-07-05 11:46:00,band_03,490.1212121212121,579.2272727272727,2.0,,center,automated_candidate_unverified
C-M-0013-L.23-M1619-4_M1619-8.2024-07-05-11-46.NH888,C-M-0013-L.23-M1619-4_M1619-8,2024-07-05 11:46:00,band_04,487.36,558.48,3.0,,center,automated_candidate_unverified
C-M-0013-L.23-M1619-4_M1619-8.2024-07-05-11-46.NH888,C-M-0013-L.23-M1619-4_M1619-8,2024-07-05 11:46:00,band_05,487.2,538.28,4.0,,center,automated_candidate_unverified
C-M-0013-L.23-M1619-4_M1619-8.2024-07-05-11-46.NH888,C-M-0013-L.23-M1619-4_M1619-8,2024-07-05 11:46:00,band_06,487.5,517.6153846153846,5.0,,center,automated_candidate_unverified
C-M-0013-L.23-M1619-4_M1619-8.2024-07-05-11-46.NH888,C-M-0013-L.23-M1619-4_M1619-8,2024-07-05 11:46:00,band_07,488.12,497.56,6.0,,center,automated_candidate_unverified
C-M-0013-L.23-M1619-4_M1619-8.2024-07-05-11-46.NH888,C-M-0013-L.23-M1619-4_M1619-8,2024-07-05 11:46:00,band_08,490.1935483870968,479.2903225806452,7.0,,center,automated_candidate_unverified
C-M-0013-L.23-M1619-4_M1619-8.2024-07-05-11-46.NH888,C-M-0013-L.23-M1619-4_M1619-8,2024-07-05 11:46:00,band_09,489.0625,457.125,8.0,,center,automated_candidate_unverified
C-M-0013-L.23-M1619-4_M1619-8.2024-07-05-11-46.NH888,C-M-0013-L.23-M1619-4_M1619-8,2024-07-05 11:46:00,band_10,490.5,436.8,9.0,,center,automated_candidate_unverified
C-M-0013-L.23-M1619-4_M1619-8.2024-07-05-11-46.NH888,C-M-0013-L.23-M1619-4_M1619-8,2024-07-05 11:46:00,band_11,491.3076923076923,417.0,10.0,,center,automated_candidate_unverified
C-M-0013-L.23-M1619-4_M1619-8.2024-07-05-11-46.NH888,C-M-0013-L.23-M1619-4_M1619-8,2024-07-05 11:46:00,band_12,492.0,396.5,11.0,,center,automated_candidate_unverified
C-M-0013-L.23-M1619-4_M1619-8.2024-07-05-11-46.NH888,C-M-0013-L.23-M1619-4_M1619-8,2024-07-05 11:46:00,band_13,493.0,376.3333333333333,12.0,,center,automated_candidate_unverified
C-M-0013-L.23-M1619-4_M1619-8.2024-07-05-11-46.NH888,C-M-0013-L.23-M1619-4_M1619-8,2024-07-05 11:46:00,band_14,494.0,356.0,13.0,,center,automated_candidate_unverified
C-M-0013-L.23-M1619-4_M1619-8.2024-07-12-11-53.NH888,C-M-0013-L.23-M1619-4_M1619-8,2024-07-12 11:53:00,band_01,649.4418604651163,602.3779069767442,0.0,,center,automated_candidate_unverified
C-M-0013-L.23-M1619-4_M1619-8.2024-07-12-11-53.NH888,C-M-0013-L.23-M1619-4_M1619-8,2024-07-12 11:53:00,band_02,644.4891304347826,558.25,1.0,,center,automated_candidate_unverified
C-M-0013-L.23-M1619-4_M1619-8.2024-07-12-11-53.NH888,C-M-0013-L.23-M1619-4_M1619-8,2024-07-12 11:53:00,band_03,645.6428571428571,513.4081632653061,2.0,,center,automated_candidate_unverified
C-M-0013-L.23-M1619-4_M1619-8.2024-07-12-11-53.NH888,C-M-0013-L.23-M1619-4_M1619-8,2024-07-12 11:53:00,band_04,646.9036144578313,468.4578313253012,3.0,,center,automated_candidate_unverified
C-M-0013-L.23-M1619-4_M1619-8.2024-07-12-11-53.NH888,C-M-0013-L.23-M1619-4_M1619-8,2024-07-12 11:53:00,band_05,648.2,424.04285714285714,4.0,,center,automated_candidate_unverified
C-M-0013-L.23-M1619-4_M1619-8.2024-07-12-11-53.NH888,C-M-0013-L.23-M1619-4_M1619-8,2024-07-12 11:53:00,band_06,649.3770491803278,379.44262295081967,5.0,,center,automated_candidate_unverified
C-M-0013-L.23-M1619-4_M1619-8.2024-07-12-11-53.NH888,C-M-0013-L.23-M1619-4_M1619-8,2024-07-12 11:53:00,band_07,650.7910447761194,335.34328358208955,6.0,,center,automated_candidate_unverified
C-M-0013-L.23-M1619-4_M1619-8.2024-07-12-11-53.NH888,C-M-0013-L.23-M1619-4_M1619-8,2024-07-12 11:53:00,band_08,651.6862745098039,291.15686274509807,7.0,,center,automated_candidate_unverified
C-M-0013-L.23-M1619-4_M1619-8.2024-07-12-11-53.NH888,C-M-0013-L.23-M1619-4_M1619-8,2024-07-12 11:53:00,band_09,652.051724137931,247.1379310344828,8.0,,center,automated_candidate_unverified
C-M-0013-L.23-M1619-4_M1619-8.2024-07-12-11-53.NH888,C-M-0013-L.23-M1619-4_M1619-8,2024-07-12 11:53:00,band_10,652.9814814814815,202.94444444444449,9.0,,center,automated_candidate_unverified
C-M-0013-L.23-M1619-4_M1619-8.2024-07-12-11-53.NH888,C-M-0013-L.23-M1619-4_M1619-8,2024-07-12 11:53:00,band_11,653.6734693877551,159.0408163265306,10.0,,center,automated_candidate_unverified
C-M-0013-L.23-M1619-4_M1619-8.2024-07-12-11-53.NH888,C-M-0013-L.23-M1619-4_M1619-8,2024-07-12 11:53:00,band_12,653.7884615384615,114.59615384615384,11.0,,center,automated_candidate_unverified
C-M-0013-L.23-M1619-4_M1619-8.2024-07-12-11-53.NH888,C-M-0013-L.23-M1619-4_M1619-8,2024-07-12 11:53:00,band_13,654.2,70.62222222222222,12.0,,center,automated_candidate_unverified
C-M-0013-L.23-M1619-4_M1619-8.2024-07-19-11-32.NH888,C-M-0013-L.23-M1619-4_M1619-8,2024-07-19 11:32:00,band_01,68.125,781.1666666666666,0.0,,center,automated_candidate_unverified
C-M-0013-L.23-M1619-4_M1619-8.2024-07-19-11-32.NH888,C-M-0013-L.23-M1619-4_M1619-8,2024-07-19 11:32:00,band_02,73.29139072847683,761.0728476821192,1.0,,center,automated_candidate_unverified
C-M-0013-L.23-M1619-4_M1619-8.2024-07-19-11-32.NH888,C-M-0013-L.23-M1619-4_M1619-8,2024-07-19 11:32:00,band_03,75.5,742.5227272727273,2.0,,center,automated_candidate_unverified
C-M-0013-L.23-M1619-4_M1619-8.2024-07-19-11-32.NH888,C-M-0013-L.23-M1619-4_M1619-8,2024-07-19 11:32:00,band_04,65.0,723.5,3.0,,center,automated_candidate_unverified
C-M-0013-L.23-M1619-4_M1619-8.2024-07-19-11-32.NH888,C-M-0013-L.23-M1619-4_M1619-8,2024-07-19 11:32:00,band_05,79.19209039548022,705.6553672316384,4.0,,center,automated_candidate_unverified
C-M-0013-L.23-M1619-4_M1619-8.2024-07-19-11-32.NH888,C-M-0013-L.23-M1619-4_M1619-8,2024-07-19 11:32:00,band_06,71.70638297872341,685.8425531914894,5.0,,center,automated_candidate_unverified
C-M-0013-L.23-M1619-4_M1619-8.2024-07-19-11-32.NH888,C-M-0013-L.23-M1619-4_M1619-8,2024-07-19 11:32:00,band_07,72.8,668.4,6.0,,center,automated_candidate_unverified
C-M-0013-L.23-M1619-4_M1619-8.2024-07-26-11-54.NH888,C-M-0013-L.23-M1619-4_M1619-8,2024-07-26 11:54:00,band_01,640.5757575757576,550.2424242424242,0.0,,center,automated_candidate_unverified
C-M-0013-L.23-M1619-4_M1619-8.2024-07-26-11-54.NH888,C-M-0013-L.23-M1619-4_M1619-8,2024-07-26 11:54:00,band_02,649.0,508.7058823529412,1.0,,center,automated_candidate_unverified
C-M-0013-L.23-M1619-4_M1619-8.2024-07-26-11-54.NH888,C-M-0013-L.23-M1619-4_M1619-8,2024-07-26 11:54:00,band_03,646.1262135922331,461.9320388349514,2.0,,center,automated_candidate_unverified
C-M-0013-L.23-M1619-4_M1619-8.2024-07-26-11-54.NH888,C-M-0013-L.23-M1619-4_M1619-8,2024-07-26 11:54:00,band_04,647.5700934579439,417.7383177570093,3.0,,center,automated_candidate_unverified
C-M-0013-L.23-M1619-4_M1619-8.2024-07-26-11-54.NH888,C-M-0013-L.23-M1619-4_M1619-8,2024-07-26 11:54:00,band_05,648.4888888888889,373.5,4.0,,center,automated_candidate_unverified
C-M-0013-L.23-M1619-4_M1619-8.2024-07-26-11-54.NH888,C-M-0013-L.23-M1619-4_M1619-8,2024-07-26 11:54:00,band_06,649.4891304347826,329.5760869565217,5.0,,center,automated_candidate_unverified
C-M-0013-L.23-M1619-4_M1619-8.2024-07-26-11-54.NH888,C-M-0013-L.23-M1619-4_M1619-8,2024-07-26 11:54:00,band_07,650.3908045977012,285.3793103448276,6.0,,center,automated_candidate_unverified
C-M-0013-L.23-M1619-4_M1619-8.2024-07-26-11-54.NH888,C-M-0013-L.23-M1619-4_M1619-8,2024-07-26 11:54:00,band_08,650.9157894736842,241.67368421052632,7.0,,center,automated_candidate_unverified
C-M-0013-L.23-M1619-4_M1619-8.2024-07-26-11-54.NH888,C-M-0013-L.23-M1619-4_M1619-8,2024-07-26 11:54:00,band_09,651.75,197.5,8.0,,center,automated_candidate_unverified
C-M-0013-L.23-M1619-4_M1619-8.2024-07-26-11-54.NH888,C-M-0013-L.23-M1619-4_M1619-8,2024-07-26 11:54:00,band_10,652.4395604395604,153.71428571428572,9.0,,center,automated_candidate_unverified
C-M-0013-L.23-M1619-4_M1619-8.2024-07-26-11-54.NH888,C-M-0013-L.23-M1619-4_M1619-8,2024-07-26 11:54:00,band_11,652.7619047619048,109.21428571428572,10.0,,center,automated_candidate_unverified
C-M-0013-L.23-M1619-4_M1619-8.2024-07-26-11-54.NH888,C-M-0013-L.23-M1619-4_M1619-8,2024-07-26 11:54:00,band_12,653.1875,65.425,11.0,,center,automated_candidate_unverified
C-M-0013-L.23-M1619-4_M1619-8.2024-08-02-11-55.NH888,C-M-0013-L.23-M1619-4_M1619-8,2024-08-02 11:55:00,band_01,646.3962264150944,488.8490566037736,0.0,,center,automated_candidate_unverified
C-M-0013-L.23-M1619-4_M1619-8.2024-08-02-11-55.NH888,C-M-0013-L.23-M1619-4_M1619-8,2024-08-02 11:55:00,band_02,648.8815789473684,444.0657894736842,1.0,,center,automated_candidate_unverified
C-M-0013-L.23-M1619-4_M1619-8.2024-08-02-11-55.NH888,C-M-0013-L.23-M1619-4_M1619-8,2024-08-02 11:55:00,band_03,652.0545454545454,400.07272727272726,2.0,,center,automated_candidate_unverified
C-M-0013-L.23-M1619-4_M1619-8.2024-08-02-11-55.NH888,C-M-0013-L.23-M1619-4_M1619-8,2024-08-02 11:55:00,band_04,651.0,354.29411764705884,3.0,,center,automated_candidate_unverified
C-M-0013-L.23-M1619-4_M1619-8.2024-08-02-11-55.NH888,C-M-0013-L.23-M1619-4_M1619-8,2024-08-02 11:55:00,band_05,654.1162790697674,311.69767441860466,4.0,,center,automated_candidate_unverified
C-M-0013-L.23-M1619-4_M1619-8.2024-08-02-11-55.NH888,C-M-0013-L.23-M1619-4_M1619-8,2024-08-02 11:55:00,band_06,654.875,267.2083333333333,5.0,,center,automated_candidate_unverified
C-M-0013-L.23-M1619-4_M1619-8.2024-08-02-11-55.NH888,C-M-0013-L.23-M1619-4_M1619-8,2024-08-02 11:55:00,band_07,655.8541666666666,223.29166666666663,6.0,,center,automated_candidate_unverified
C-M-0013-L.23-M1619-4_M1619-8.2024-08-02-11-55.NH888,C-M-0013-L.23-M1619-4_M1619-8,2024-08-02 11:55:00,band_08,657.0930232558139,179.0,7.0,,center,automated_candidate_unverified
C-M-0013-L.23-M1619-4_M1619-8.2024-08-02-11-55.NH888,C-M-0013-L.23-M1619-4_M1619-8,2024-08-02 11:55:00,band_09,657.7173913043479,135.17391304347825,8.0,,center,automated_candidate_unverified
C-M-0013-L.23-M1619-4_M1619-8.2024-08-02-11-55.NH888,C-M-0013-L.23-M1619-4_M1619-8,2024-08-02 11:55:00,band_10,658.4166666666666,90.33333333333331,9.0,,center,automated_candidate_unverified
C-M-0013-L.23-M1619-4_M1619-8.2024-08-02-11-55.NH888,C-M-0013-L.23-M1619-4_M1619-8,2024-08-02 11:55:00,band_11,658.675,46.475,10.0,,center,automated_candidate_unverified
C-M-0013-L.23-M1619-4_M1619-8.2024-08-09-11-03.NH888,C-M-0013-L.23-M1619-4_M1619-8,2024-08-09 11:03:00,band_01,72.82456140350877,836.3728070175439,0.0,,center,automated_candidate_unverified
C-M-0013-L.23-M1619-4_M1619-8.2024-08-09-11-03.NH888,C-M-0013-L.23-M1619-4_M1619-8,2024-08-09 11:03:00,band_02,73.97169811320755,817.9009433962265,1.0,,center,automated_candidate_unverified
C-M-0013-L.23-M1619-4_M1619-8.2024-08-09-11-03.NH888,C-M-0013-L.23-M1619-4_M1619-8,2024-08-09 11:03:00,band_03,72.8902953586498,798.7763713080169,2.0,,center,automated_candidate_unverified
C-M-0013-L.23-M1619-4_M1619-8.2024-08-09-11-03.NH888,C-M-0013-L.23-M1619-4_M1619-8,2024-08-09 11:03:00,band_04,65.0,780.0,3.0,,center,automated_candidate_unverified
C-M-0013-L.23-M1619-4_M1619-8.2024-08-09-11-03.NH888,C-M-0013-L.23-M1619-4_M1619-8,2024-08-09 11:03:00,band_05,57.0,751.0,4.0,,center,automated_candidate_unverified
C-M-0013-L.23-M1619-4_M1619-8.2024-08-09-11-03.NH888,C-M-0013-L.23-M1619-4_M1619-8,2024-08-09 11:03:00,band_06,54.142857142857146,722.2857142857143,5.0,,center,automated_candidate_unverified
C-M-0013-L.23-M1619-4_M1619-8.2024-08-09-11-03.NH888,C-M-0013-L.23-M1619-4_M1619-8,2024-08-09 11:03:00,band_07,52.46153846153846,697.8461538461538,6.0,,center,automated_candidate_unverified
C-M-0013-L.23-M1619-4_M1619-8.2024-08-09-11-03.NH888,C-M-0013-L.23-M1619-4_M1619-8,2024-08-09 11:03:00,band_08,48.729729729729726,675.3243243243244,7.0,,center,automated_candidate_unverified
C-M-0013-L.23-M1619-4_M1619-8.2024-08-09-11-03.NH888,C-M-0013-L.23-M1619-4_M1619-8,2024-08-09 11:03:00,band_09,43.833333333333336,652.8333333333334,8.0,,center,automated_candidate_unverified
C-M-0013-L.23-M1619-4_M1619-8.2024-08-09-11-03.NH888,C-M-0013-L.23-M1619-4_M1619-8,2024-08-09 11:03:00,band_10,44.65714285714286,632.0857142857143,9.0,,center,automated_candidate_unverified
C-M-0013-R.23-M1619-4_M1619-8.2024-06-28-11-33.NGFZT,C-M-0013-R.23-M1619-4_M1619-8,2024-06-28 11:33:00,band_01,277.52,836.33,0.0,,center,automated_candidate_unverified
C-M-0013-R.23-M1619-4_M1619-8.2024-06-28-11-33.NGFZT,C-M-0013-R.23-M1619-4_M1619-8,2024-06-28 11:33:00,band_02,280.1523809523809,792.1619047619048,1.0,,center,automated_candidate_unverified
C-M-0013-R.23-M1619-4_M1619-8.2024-06-28-11-33.NGFZT,C-M-0013-R.23-M1619-4_M1619-8,2024-06-28 11:33:00,band_03,283.1747572815534,748.4757281553398,2.0,,center,automated_candidate_unverified
C-M-0013-R.23-M1619-4_M1619-8.2024-06-28-11-33.NGFZT,C-M-0013-R.23-M1619-4_M1619-8,2024-06-28 11:33:00,band_04,286.9009900990099,704.4554455445544,3.0,,center,automated_candidate_unverified
C-M-0013-R.23-M1619-4_M1619-8.2024-06-28-11-33.NGFZT,C-M-0013-R.23-M1619-4_M1619-8,2024-06-28 11:33:00,band_05,289.2330097087379,661.6893203883495,4.0,,center,automated_candidate_unverified
C-M-0013-R.23-M1619-4_M1619-8.2024-06-28-11-33.NGFZT,C-M-0013-R.23-M1619-4_M1619-8,2024-06-28 11:33:00,band_06,291.7619047619048,618.6309523809524,5.0,,center,automated_candidate_unverified
C-M-0013-R.23-M1619-4_M1619-8.2024-06-28-11-33.NGFZT,C-M-0013-R.23-M1619-4_M1619-8,2024-06-28 11:33:00,band_07,295.2179487179488,576.5512820512821,6.0,,center,automated_candidate_unverified
C-M-0013-R.23-M1619-4_M1619-8.2024-06-28-11-33.NGFZT,C-M-0013-R.23-M1619-4_M1619-8,2024-06-28 11:33:00,band_08,299.4647887323944,534.6197183098592,7.0,,center,automated_candidate_unverified
C-M-0013-R.23-M1619-4_M1619-8.2024-06-28-11-33.NGFZT,C-M-0013-R.23-M1619-4_M1619-8,2024-06-28 11:33:00,band_09,303.53731343283584,493.3283582089553,8.0,,center,automated_candidate_unverified
C-M-0013-R.23-M1619-4_M1619-8.2024-06-28-11-33.NGFZT,C-M-0013-R.23-M1619-4_M1619-8,2024-06-28 11:33:00,band_10,307.5223880597015,452.7313432835821,9.0,,center,automated_candidate_unverified
C-M-0013-R.23-M1619-4_M1619-8.2024-06-28-11-33.NGFZT,C-M-0013-R.23-M1619-4_M1619-8,2024-06-28 11:33:00,band_11,311.3,412.8666666666667,10.0,,center,automated_candidate_unverified
C-M-0013-R.23-M1619-4_M1619-8.2024-06-28-11-33.NGFZT,C-M-0013-R.23-M1619-4_M1619-8,2024-06-28 11:33:00,band_12,314.93333333333334,373.1166666666667,11.0,,center,automated_candidate_unverified
C-M-0013-R.23-M1619-4_M1619-8.2024-06-28-11-33.NGFZT,C-M-0013-R.23-M1619-4_M1619-8,2024-06-28 11:33:00,band_13,317.9107142857143,334.0357142857143,12.0,,center,automated_candidate_unverified
C-M-0013-R.23-M1619-4_M1619-8.2024-06-28-11-33.NGFZT,C-M-0013-R.23-M1619-4_M1619-8,2024-06-28 11:33:00,band_14,320.9423076923077,294.9230769230769,13.0,,center,automated_candidate_unverified
C-M-0013-R.23-M1619-4_M1619-8.2024-06-28-11-33.NGFZT,C-M-0013-R.23-M1619-4_M1619-8,2024-06-28 11:33:00,band_15,323.6458333333333,256.6875,14.0,,center,automated_candidate_unverified
C-M-0013-R.23-M1619-4_M1619-8.2024-06-28-11-33.NGFZT,C-M-0013-R.23-M1619-4_M1619-8,2024-06-28 11:33:00,band_16,326.0612244897959,218.55102040816325,15.0,,center,automated_candidate_unverified
C-M-0013-R.23-M1619-4_M1619-8.2024-06-28-11-33.NGFZT,C-M-0013-R.23-M1619-4_M1619-8,2024-06-28 11:33:00,band_17,328.8205128205128,181.07692307692307,16.0,,center,automated_candidate_unverified
C-M-0013-R.23-M1619-4_M1619-8.2024-07-05-11-45.NGFZT,C-M-0013-R.23-M1619-4_M1619-8,2024-07-05 11:45:00,band_01,312.7878787878788,665.2626262626262,0.0,,center,automated_candidate_unverified
C-M-0013-R.23-M1619-4_M1619-8.2024-07-05-11-45.NGFZT,C-M-0013-R.23-M1619-4_M1619-8,2024-07-05 11:45:00,band_02,315.6304347826087,622.695652173913,1.0,,center,automated_candidate_unverified
C-M-0013-R.23-M1619-4_M1619-8.2024-07-05-11-45.NGFZT,C-M-0013-R.23-M1619-4_M1619-8,2024-07-05 11:45:00,band_03,319.5529411764706,580.3882352941176,2.0,,center,automated_candidate_unverified
C-M-0013-R.23-M1619-4_M1619-8.2024-07-05-11-45.NGFZT,C-M-0013-R.23-M1619-4_M1619-8,2024-07-05 11:45:00,band_04,324.3098591549296,538.4788732394367,3.0,,center,automated_candidate_unverified
C-M-0013-R.23-M1619-4_M1619-8.2024-07-05-11-45.NGFZT,C-M-0013-R.23-M1619-4_M1619-8,2024-07-05 11:45:00,band_05,328.63235294117646,497.2058823529412,4.0,,center,automated_candidate_unverified
C-M-0013-R.23-M1619-4_M1619-8.2024-07-05-11-45.NGFZT,C-M-0013-R.23-M1619-4_M1619-8,2024-07-05 11:45:00,band_06,332.9264705882353,456.5,5.0,,center,automated_candidate_unverified
C-M-0013-R.23-M1619-4_M1619-8.2024-07-05-11-45.NGFZT,C-M-0013-R.23-M1619-4_M1619-8,2024-07-05 11:45:00,band_07,337.11290322580646,416.2903225806452,6.0,,center,automated_candidate_unverified
C-M-0013-R.23-M1619-4_M1619-8.2024-07-05-11-45.NGFZT,C-M-0013-R.23-M1619-4_M1619-8,2024-07-05 11:45:00,band_08,341.2096774193548,376.2903225806452,7.0,,center,automated_candidate_unverified
C-M-0013-R.23-M1619-4_M1619-8.2024-07-05-11-45.NGFZT,C-M-0013-R.23-M1619-4_M1619-8,2024-07-05 11:45:00,band_09,345.04545454545456,336.9318181818182,8.0,,center,automated_candidate_unverified
C-M-0013-R.23-M1619-4_M1619-8.2024-07-05-11-45.NGFZT,C-M-0013-R.23-M1619-4_M1619-8,2024-07-05 11:45:00,band_10,348.46938775510205,297.3265306122449,9.0,,center,automated_candidate_unverified
C-M-0013-R.23-M1619-4_M1619-8.2024-07-05-11-45.NGFZT,C-M-0013-R.23-M1619-4_M1619-8,2024-07-05 11:45:00,band_11,351.7291666666667,258.875,10.0,,center,automated_candidate_unverified
C-M-0013-R.23-M1619-4_M1619-8.2024-07-05-11-45.NGFZT,C-M-0013-R.23-M1619-4_M1619-8,2024-07-05 11:45:00,band_12,354.79545454545456,220.13636363636363,11.0,,center,automated_candidate_unverified
C-M-0013-R.23-M1619-4_M1619-8.2024-07-05-11-45.NGFZT,C-M-0013-R.23-M1619-4_M1619-8,2024-07-05 11:45:00,band_13,357.9736842105263,182.21052631578948,12.0,,center,automated_candidate_unverified
C-M-0013-R.23-M1619-4_M1619-8.2024-07-12-11-52.NGFZT,C-M-0013-R.23-M1619-4_M1619-8,2024-07-12 11:52:00,band_01,291.5208333333333,695.3333333333334,0.0,,center,automated_candidate_unverified
C-M-0013-R.23-M1619-4_M1619-8.2024-07-12-11-52.NGFZT,C-M-0013-R.23-M1619-4_M1619-8,2024-07-12 11:52:00,band_02,292.73873873873873,652.6396396396397,1.0,,center,automated_candidate_unverified
C-M-0013-R.23-M1619-4_M1619-8.2024-07-12-11-52.NGFZT,C-M-0013-R.23-M1619-4_M1619-8,2024-07-12 11:52:00,band_03,296.0657894736842,609.9605263157895,2.0,,center,automated_candidate_unverified
C-M-0013-R.23-M1619-4_M1619-8.2024-07-12-11-52.NGFZT,C-M-0013-R.23-M1619-4_M1619-8,2024-07-12 11:52:00,band_04,299.873417721519,567.620253164557,3.0,,center,automated_candidate_unverified
C-M-0013-R.23-M1619-4_M1619-8.2024-07-12-11-52.NGFZT,C-M-0013-R.23-M1619-4_M1619-8,2024-07-12 11:52:00,band_05,304.09090909090907,525.5,4.0,,center,automated_candidate_unverified
C-M-0013-R.23-M1619-4_M1619-8.2024-07-12-11-52.NGFZT,C-M-0013-R.23-M1619-4_M1619-8,2024-07-12 11:52:00,band_06,308.0983606557377,484.2295081967213,5.0,,center,automated_candidate_unverified
C-M-0013-R.23-M1619-4_M1619-8.2024-07-12-11-52.NGFZT,C-M-0013-R.23-M1619-4_M1619-8,2024-07-12 11:52:00,band_07,311.9830508474576,443.1186440677966,6.0,,center,automated_candidate_unverified
C-M-0013-R.23-M1619-4_M1619-8.2024-07-12-11-52.NGFZT,C-M-0013-R.23-M1619-4_M1619-8,2024-07-12 11:52:00,band_08,315.61538461538464,403.0,7.0,,center,automated_candidate_unverified
C-M-0013-R.23-M1619-4_M1619-8.2024-07-12-11-52.NGFZT,C-M-0013-R.23-M1619-4_M1619-8,2024-07-12 11:52:00,band_09,319.52,362.76,8.0,,center,automated_candidate_unverified
C-M-0013-R.23-M1619-4_M1619-8.2024-07-12-11-52.NGFZT,C-M-0013-R.23-M1619-4_M1619-8,2024-07-12 11:52:00,band_10,322.38,323.1,9.0,,center,automated_candidate_unverified
C-M-0013-R.23-M1619-4_M1619-8.2024-07-12-11-52.NGFZT,C-M-0013-R.23-M1619-4_M1619-8,2024-07-12 11:52:00,band_11,325.55102040816325,283.42857142857144,10.0,,center,automated_candidate_unverified
C-M-0013-R.23-M1619-4_M1619-8.2024-07-12-11-52.NGFZT,C-M-0013-R.23-M1619-4_M1619-8,2024-07-12 11:52:00,band_12,328.1951219512195,244.7317073170732,11.0,,center,automated_candidate_unverified
C-M-0013-R.23-M1619-4_M1619-8.2024-07-12-11-52.NGFZT,C-M-0013-R.23-M1619-4_M1619-8,2024-07-12 11:52:00,band_13,331.0,205.72093023255812,12.0,,center,automated_candidate_unverified
C-M-0013-R.23-M1619-4_M1619-8.2024-07-12-11-52.NGFZT,C-M-0013-R.23-M1619-4_M1619-8,2024-07-12 11:52:00,band_14,333.27027027027026,167.3783783783784,13.0,,center,automated_candidate_unverified
C-M-0013-R.23-M1619-4_M1619-8.2024-07-19-11-32.NGFZT,C-M-0013-R.23-M1619-4_M1619-8,2024-07-19 11:32:00,band_01,295.17283950617286,653.4567901234568,0.0,,center,automated_candidate_unverified
C-M-0013-R.23-M1619-4_M1619-8.2024-07-19-11-32.NGFZT,C-M-0013-R.23-M1619-4_M1619-8,2024-07-19 11:32:00,band_02,297.5079365079365,610.8253968253969,1.0,,center,automated_candidate_unverified
C-M-0013-R.23-M1619-4_M1619-8.2024-07-19-11-32.NGFZT,C-M-0013-R.23-M1619-4_M1619-8,2024-07-19 11:32:00,band_03,300.84507042253523,568.9577464788732,2.0,,center,automated_candidate_unverified
C-M-0013-R.23-M1619-4_M1619-8.2024-07-19-11-32.NGFZT,C-M-0013-R.23-M1619-4_M1619-8,2024-07-19 11:32:00,band_04,305.1232876712329,527.0,3.0,,center,automated_candidate_unverified
C-M-0013-R.23-M1619-4_M1619-8.2024-07-19-11-32.NGFZT,C-M-0013-R.23-M1619-4_M1619-8,2024-07-19 11:32:00,band_05,309.4807692307692,485.88461538461536,4.0,,center,automated_candidate_unverified
C-M-0013-R.23-M1619-4_M1619-8.2024-07-19-11-32.NGFZT,C-M-0013-R.23-M1619-4_M1619-8,2024-07-19 11:32:00,band_06,313.5471698113208,444.9433962264151,5.0,,center,automated_candidate_unverified
C-M-0013-R.23-M1619-4_M1619-8.2024-07-19-11-32.NGFZT,C-M-0013-R.23-M1619-4_M1619-8,2024-07-19 11:32:00,band_07,317.40816326530614,404.8775510204082,6.0,,center,automated_candidate_unverified
C-M-0013-R.23-M1619-4_M1619-8.2024-07-19-11-32.NGFZT,C-M-0013-R.23-M1619-4_M1619-8,2024-07-19 11:32:00,band_08,321.0,364.79545454545456,7.0,,center,automated_candidate_unverified
C-M-0013-R.23-M1619-4_M1619-8.2024-07-19-11-32.NGFZT,C-M-0013-R.23-M1619-4_M1619-8,2024-07-19 11:32:00,band_09,324.04651162790697,325.5813953488372,8.0,,center,automated_candidate_unverified
C-M-0013-R.23-M1619-4_M1619-8.2024-07-19-11-32.NGFZT,C-M-0013-R.23-M1619-4_M1619-8,2024-07-19 11:32:00,band_10,327.1428571428572,286.07142857142856,9.0,,center,automated_candidate_unverified
C-M-0013-R.23-M1619-4_M1619-8.2024-07-19-11-32.NGFZT,C-M-0013-R.23-M1619-4_M1619-8,2024-07-19 11:32:00,band_11,330.125,247.65,10.0,,center,automated_candidate_unverified
C-M-0013-R.23-M1619-4_M1619-8.2024-07-19-11-32.NGFZT,C-M-0013-R.23-M1619-4_M1619-8,2024-07-19 11:32:00,band_12,332.3809523809524,208.8571428571429,11.0,,center,automated_candidate_unverified
C-M-0013-R.23-M1619-4_M1619-8.2024-07-19-11-32.NGFZT,C-M-0013-R.23-M1619-4_M1619-8,2024-07-19 11:32:00,band_13,334.9714285714286,170.68571428571428,12.0,,center,automated_candidate_unverified
C-M-0013-R.23-M1619-4_M1619-8.2024-07-26-11-55.NGFZT,C-M-0013-R.23-M1619-4_M1619-8,2024-07-26 11:55:00,band_01,297.2,608.6,0.0,,center,automated_candidate_unverified
C-M-0013-R.23-M1619-4_M1619-8.2024-07-26-11-55.NGFZT,C-M-0013-R.23-M1619-4_M1619-8,2024-07-26 11:55:00,band_02,304.32894736842104,568.6052631578947,1.0,,center,automated_candidate_unverified
C-M-0013-R.23-M1619-4_M1619-8.2024-07-26-11-55.NGFZT,C-M-0013-R.23-M1619-4_M1619-8,2024-07-26 11:55:00,band_03,308.6666666666667,526.528735632184,2.0,,center,automated_candidate_unverified
C-M-0013-R.23-M1619-4_M1619-8.2024-07-26-11-55.NGFZT,C-M-0013-R.23-M1619-4_M1619-8,2024-07-26 11:55:00,band_04,309.38461538461536,484.84615384615387,3.0,,center,automated_candidate_unverified
C-M-0013-R.23-M1619-4_M1619-8.2024-07-26-11-55.NGFZT,C-M-0013-R.23-M1619-4_M1619-8,2024-07-26 11:55:00,band_05,317.5263157894737,444.60526315789474,4.0,,center,automated_candidate_unverified
C-M-0013-R.23-M1619-4_M1619-8.2024-07-26-11-55.NGFZT,C-M-0013-R.23-M1619-4_M1619-8,2024-07-26 11:55:00,band_06,321.5211267605634,404.4507042253521,5.0,,center,automated_candidate_unverified
C-M-0013-R.23-M1619-4_M1619-8.2024-07-26-11-55.NGFZT,C-M-0013-R.23-M1619-4_M1619-8,2024-07-26 11:55:00,band_07,325.32835820895525,364.3731343283582,6.0,,center,automated_candidate_unverified
C-M-0013-R.23-M1619-4_M1619-8.2024-07-26-11-55.NGFZT,C-M-0013-R.23-M1619-4_M1619-8,2024-07-26 11:55:00,band_08,328.5797101449276,325.0869565217391,7.0,,center,automated_candidate_unverified
C-M-0013-R.23-M1619-4_M1619-8.2024-07-26-11-55.NGFZT,C-M-0013-R.23-M1619-4_M1619-8,2024-07-26 11:55:00,band_09,332.0655737704918,285.44262295081967,8.0,,center,automated_candidate_unverified
C-M-0013-R.23-M1619-4_M1619-8.2024-07-26-11-55.NGFZT,C-M-0013-R.23-M1619-4_M1619-8,2024-07-26 11:55:00,band_10,334.9375,246.875,9.0,,center,automated_candidate_unverified
C-M-0013-R.23-M1619-4_M1619-8.2024-07-26-11-55.NGFZT,C-M-0013-R.23-M1619-4_M1619-8,2024-07-26 11:55:00,band_11,337.8524590163934,208.11475409836063,10.0,,center,automated_candidate_unverified
C-M-0013-R.23-M1619-4_M1619-8.2024-07-26-11-55.NGFZT,C-M-0013-R.23-M1619-4_M1619-8,2024-07-26 11:55:00,band_12,340.63157894736844,169.91228070175438,11.0,,center,automated_candidate_unverified
C-M-0013-R.23-M1619-4_M1619-8.2024-08-02-11-55.NGFZT,C-M-0013-R.23-M1619-4_M1619-8,2024-08-02 11:55:00,band_01,283.6666666666667,627.0,0.0,,center,automated_candidate_unverified
C-M-0013-R.23-M1619-4_M1619-8.2024-08-02-11-55.NGFZT,C-M-0013-R.23-M1619-4_M1619-8,2024-08-02 11:55:00,band_02,276.7608695652174,587.195652173913,1.0,,center,automated_candidate_unverified
C-M-0013-R.23-M1619-4_M1619-8.2024-08-02-11-55.NGFZT,C-M-0013-R.23-M1619-4_M1619-8,2024-08-02 11:55:00,band_03,279.9512195121951,545.390243902439,2.0,,center,automated_candidate_unverified
C-M-0013-R.23-M1619-4_M1619-8.2024-08-02-11-55.NGFZT,C-M-0013-R.23-M1619-4_M1619-8,2024-08-02 11:55:00,band_04,284.89473684210526,503.9605263157895,3.0,,center,automated_candidate_unverified
C-M-0013-R.23-M1619-4_M1619-8.2024-08-02-11-55.NGFZT,C-M-0013-R.23-M1619-4_M1619-8,2024-08-02 11:55:00,band_05,289.44776119402985,463.04477611940297,4.0,,center,automated_candidate_unverified
C-M-0013-R.23-M1619-4_M1619-8.2024-08-02-11-55.NGFZT,C-M-0013-R.23-M1619-4_M1619-8,2024-08-02 11:55:00,band_06,293.8125,422.875,5.0,,center,automated_candidate_unverified
C-M-0013-R.23-M1619-4_M1619-8.2024-08-02-11-55.NGFZT,C-M-0013-R.23-M1619-4_M1619-8,2024-08-02 11:55:00,band_07,297.9111111111111,382.8222222222222,6.0,,center,automated_candidate_unverified
C-M-0013-R.23-M1619-4_M1619-8.2024-08-02-11-55.NGFZT,C-M-0013-R.23-M1619-4_M1619-8,2024-08-02 11:55:00,band_08,301.9024390243902,343.2682926829268,7.0,,center,automated_candidate_unverified
C-M-0013-R.23-M1619-4_M1619-8.2024-08-02-11-55.NGFZT,C-M-0013-R.23-M1619-4_M1619-8,2024-08-02 11:55:00,band_09,305.225,304.05,8.0,,center,automated_candidate_unverified
C-M-0013-R.23-M1619-4_M1619-8.2024-08-02-11-55.NGFZT,C-M-0013-R.23-M1619-4_M1619-8,2024-08-02 11:55:00,band_10,308.54285714285714,264.74285714285713,9.0,,center,automated_candidate_unverified
C-M-0013-R.23-M1619-4_M1619-8.2024-08-02-11-55.NGFZT,C-M-0013-R.23-M1619-4_M1619-8,2024-08-02 11:55:00,band_11,311.8421052631579,226.47368421052636,10.0,,center,automated_candidate_unverified
C-M-0013-R.23-M1619-4_M1619-8.2024-08-02-11-55.NGFZT,C-M-0013-R.23-M1619-4_M1619-8,2024-08-02 11:55:00,band_12,314.72727272727275,187.66666666666663,11.0,,center,automated_candidate_unverified
C-M-0013-R.23-M1619-4_M1619-8.2024-08-02-11-55.NGFZT,C-M-0013-R.23-M1619-4_M1619-8,2024-08-02 11:55:00,band_13,317.5357142857143,149.82142857142858,12.0,,center,automated_candidate_unverified
C-M-0013-R.23-M1619-4_M1619-8.2024-08-09-11-03.NGFZT,C-M-0013-R.23-M1619-4_M1619-8,2024-08-09 11:03:00,band_01,306.43243243243245,517.5945945945946,0.0,,center,automated_candidate_unverified
C-M-0013-R.23-M1619-4_M1619-8.2024-08-09-11-03.NGFZT,C-M-0013-R.23-M1619-4_M1619-8,2024-08-09 11:03:00,band_02,306.0833333333333,469.5,1.0,,center,automated_candidate_unverified
C-M-0013-R.23-M1619-4_M1619-8.2024-08-09-11-03.NGFZT,C-M-0013-R.23-M1619-4_M1619-8,2024-08-09 11:03:00,band_03,318.2432432432432,438.5945945945946,2.0,,center,automated_candidate_unverified
C-M-0013-R.23-M1619-4_M1619-8.2024-08-09-11-03.NGFZT,C-M-0013-R.23-M1619-4_M1619-8,2024-08-09 11:03:00,band_04,322.78333333333336,398.1,3.0,,center,automated_candidate_unverified
C-M-0013-R.23-M1619-4_M1619-8.2024-08-09-11-03.NGFZT,C-M-0013-R.23-M1619-4_M1619-8,2024-08-09 11:03:00,band_05,326.6470588235294,358.94117647058823,4.0,,center,automated_candidate_unverified
C-M-0013-R.23-M1619-4_M1619-8.2024-08-09-11-03.NGFZT,C-M-0013-R.23-M1619-4_M1619-8,2024-08-09 11:03:00,band_06,330.38,320.1,5.0,,center,automated_candidate_unverified
C-M-0013-R.23-M1619-4_M1619-8.2024-08-09-11-03.NGFZT,C-M-0013-R.23-M1619-4_M1619-8,2024-08-09 11:03:00,band_07,334.0487804878049,281.5853658536585,6.0,,center,automated_candidate_unverified
C-M-0013-R.23-M1619-4_M1619-8.2024-08-09-11-03.NGFZT,C-M-0013-R.23-M1619-4_M1619-8,2024-08-09 11:03:00,band_08,337.0487804878049,243.70731707317077,7.0,,center,automated_candidate_unverified
C-M-0013-R.23-M1619-4_M1619-8.2024-08-09-11-03.NGFZT,C-M-0013-R.23-M1619-4_M1619-8,2024-08-09 11:03:00,band_09,340.0487804878049,205.70731707317077,8.0,,center,automated_candidate_unverified
C-M-0013-R.23-M1619-4_M1619-8.2024-08-09-11-03.NGFZT,C-M-0013-R.23-M1619-4_M1619-8,2024-08-09 11:03:00,band_10,342.6060606060606,168.4848484848485,9.0,,center,automated_candidate_unverified
C-M-0006-L.21-M1744-4.2024-06-28-11-35.NL5RH,C-M-0006-L.21-M1744-4,2024-06-28 11:35:00,band_01,530.5945945945946,796.5945945945946,0.0,,center,automated_candidate_unverified
C-M-0006-L.21-M1744-4.2024-06-28-11-35.NL5RH,C-M-0006-L.21-M1744-4,2024-06-28 11:35:00,band_02,536.2595419847328,744.7328244274809,1.0,,center,automated_candidate_unverified
C-M-0006-L.21-M1744-4.2024-06-28-11-35.NL5RH,C-M-0006-L.21-M1744-4,2024-06-28 11:35:00,band_03,532.1009174311927,703.5229357798165,2.0,,center,automated_candidate_unverified
C-M-0006-L.21-M1744-4.2024-06-28-11-35.NL5RH,C-M-0006-L.21-M1744-4,2024-06-28 11:35:00,band_04,532.2357723577236,663.609756097561,3.0,,center,automated_candidate_unverified
C-M-0006-L.21-M1744-4.2024-06-28-11-35.NL5RH,C-M-0006-L.21-M1744-4,2024-06-28 11:35:00,band_05,530.9357142857143,623.25,4.0,,center,automated_candidate_unverified
C-M-0006-L.21-M1744-4.2024-06-28-11-35.NL5RH,C-M-0006-L.21-M1744-4,2024-06-28 11:35:00,band_06,530.5344827586207,581.4396551724138,5.0,,center,automated_candidate_unverified
C-M-0006-L.21-M1744-4.2024-06-28-11-35.NL5RH,C-M-0006-L.21-M1744-4,2024-06-28 11:35:00,band_07,529.0736842105263,540.7052631578947,6.0,,center,automated_candidate_unverified
C-M-0006-L.21-M1744-4.2024-06-28-11-35.NL5RH,C-M-0006-L.21-M1744-4,2024-06-28 11:35:00,band_08,528.3658536585366,499.0,7.0,,center,automated_candidate_unverified
C-M-0006-L.21-M1744-4.2024-06-28-11-35.NL5RH,C-M-0006-L.21-M1744-4,2024-06-28 11:35:00,band_09,528.8210526315789,456.53684210526313,8.0,,center,automated_candidate_unverified
C-M-0006-L.21-M1744-4.2024-06-28-11-35.NL5RH,C-M-0006-L.21-M1744-4,2024-06-28 11:35:00,band_10,529.4705882352941,414.1294117647059,9.0,,center,automated_candidate_unverified
C-M-0006-L.21-M1744-4.2024-06-28-11-35.NL5RH,C-M-0006-L.21-M1744-4,2024-06-28 11:35:00,band_11,530.5,371.5,10.0,,center,automated_candidate_unverified
C-M-0006-L.21-M1744-4.2024-06-28-11-35.NL5RH,C-M-0006-L.21-M1744-4,2024-06-28 11:35:00,band_12,531.2987012987013,328.3636363636364,11.0,,center,automated_candidate_unverified
C-M-0006-L.21-M1744-4.2024-06-28-11-35.NL5RH,C-M-0006-L.21-M1744-4,2024-06-28 11:35:00,band_13,532.5454545454545,284.6363636363636,12.0,,center,automated_candidate_unverified
C-M-0006-L.21-M1744-4.2024-06-28-11-35.NL5RH,C-M-0006-L.21-M1744-4,2024-06-28 11:35:00,band_14,534.0705882352942,240.4823529411765,13.0,,center,automated_candidate_unverified
C-M-0006-L.21-M1744-4.2024-06-28-11-35.NL5RH,C-M-0006-L.21-M1744-4,2024-06-28 11:35:00,band_15,535.5454545454545,195.63636363636363,14.0,,center,automated_candidate_unverified
C-M-0006-L.21-M1744-4.2024-06-28-11-35.NL5RH,C-M-0006-L.21-M1744-4,2024-06-28 11:35:00,band_16,537.3253012048193,150.32530120481928,15.0,,center,automated_candidate_unverified
C-M-0006-L.21-M1744-4.2024-07-05-11-47.NL5RH,C-M-0006-L.21-M1744-4,2024-07-05 11:47:00,band_01,530.1294117647059,544.0235294117647,0.0,,center,automated_candidate_unverified
C-M-0006-L.21-M1744-4.2024-07-05-11-47.NL5RH,C-M-0006-L.21-M1744-4,2024-07-05 11:47:00,band_02,530.4886363636364,502.4318181818182,1.0,,center,automated_candidate_unverified
C-M-0006-L.21-M1744-4.2024-07-05-11-47.NL5RH,C-M-0006-L.21-M1744-4,2024-07-05 11:47:00,band_03,530.5,459.9268292682927,2.0,,center,automated_candidate_unverified
C-M-0006-L.21-M1744-4.2024-07-05-11-47.NL5RH,C-M-0006-L.21-M1744-4,2024-07-05 11:47:00,band_04,531.5227272727273,417.7386363636364,3.0,,center,automated_candidate_unverified
C-M-0006-L.21-M1744-4.2024-07-05-11-47.NL5RH,C-M-0006-L.21-M1744-4,2024-07-05 11:47:00,band_05,532.5569620253165,374.7721518987342,4.0,,center,automated_candidate_unverified
C-M-0006-L.21-M1744-4.2024-07-05-11-47.NL5RH,C-M-0006-L.21-M1744-4,2024-07-05 11:47:00,band_06,534.015625,331.71875,5.0,,center,automated_candidate_unverified
C-M-0006-L.21-M1744-4.2024-07-05-11-47.NL5RH,C-M-0006-L.21-M1744-4,2024-07-05 11:47:00,band_07,535.2368421052631,288.30263157894734,6.0,,center,automated_candidate_unverified
C-M-0006-L.21-M1744-4.2024-07-05-11-47.NL5RH,C-M-0006-L.21-M1744-4,2024-07-05 11:47:00,band_08,536.6103896103896,243.88311688311688,7.0,,center,automated_candidate_unverified
C-M-0006-L.21-M1744-4.2024-07-05-11-47.NL5RH,C-M-0006-L.21-M1744-4,2024-07-05 11:47:00,band_09,538.6111111111111,199.30555555555557,8.0,,center,automated_candidate_unverified
C-M-0006-L.21-M1744-4.2024-07-05-11-47.NL5RH,C-M-0006-L.21-M1744-4,2024-07-05 11:47:00,band_10,540.1794871794872,153.9102564102564,9.0,,center,automated_candidate_unverified
C-M-0006-L.21-M1744-4.2024-07-12-11-54.NL5RH,C-M-0006-L.21-M1744-4,2024-07-12 11:54:00,band_01,529.1400778210117,584.4085603112841,0.0,,center,automated_candidate_unverified
C-M-0006-L.21-M1744-4.2024-07-12-11-54.NL5RH,C-M-0006-L.21-M1744-4,2024-07-12 11:54:00,band_02,540.0697674418604,544.4302325581396,1.0,,center,automated_candidate_unverified
C-M-0006-L.21-M1744-4.2024-07-12-11-54.NL5RH,C-M-0006-L.21-M1744-4,2024-07-12 11:54:00,band_03,539.5061728395061,502.679012345679,2.0,,center,automated_candidate_unverified
C-M-0006-L.21-M1744-4.2024-07-12-11-54.NL5RH,C-M-0006-L.21-M1744-4,2024-07-12 11:54:00,band_04,539.3717948717949,460.06410256410254,3.0,,center,automated_candidate_unverified
C-M-0006-L.21-M1744-4.2024-07-12-11-54.NL5RH,C-M-0006-L.21-M1744-4,2024-07-12 11:54:00,band_05,540.1891891891892,417.3108108108109,4.0,,center,automated_candidate_unverified
C-M-0006-L.21-M1744-4.2024-07-12-11-54.NL5RH,C-M-0006-L.21-M1744-4,2024-07-12 11:54:00,band_06,541.15625,374.5,5.0,,center,automated_candidate_unverified
C-M-0006-L.21-M1744-4.2024-07-12-11-54.NL5RH,C-M-0006-L.21-M1744-4,2024-07-12 11:54:00,band_07,542.1311475409836,331.0,6.0,,center,automated_candidate_unverified
C-M-0006-L.21-M1744-4.2024-07-12-11-54.NL5RH,C-M-0006-L.21-M1744-4,2024-07-12 11:54:00,band_08,543.8666666666667,287.1666666666667,7.0,,center,automated_candidate_unverified
C-M-0006-L.21-M1744-4.2024-07-12-11-54.NL5RH,C-M-0006-L.21-M1744-4,2024-07-12 11:54:00,band_09,545.2054794520548,242.5205479452055,8.0,,center,automated_candidate_unverified
C-M-0006-L.21-M1744-4.2024-07-12-11-54.NL5RH,C-M-0006-L.21-M1744-4,2024-07-12 11:54:00,band_10,546.6949152542373,197.3728813559322,9.0,,center,automated_candidate_unverified
C-M-0006-L.21-M1744-4.2024-07-12-11-54.NL5RH,C-M-0006-L.21-M1744-4,2024-07-12 11:54:00,band_11,548.1111111111111,151.76190476190476,10.0,,center,automated_candidate_unverified
C-M-0006-L.21-M1744-4.2024-07-19-11-35.NL5RH,C-M-0006-L.21-M1744-4,2024-07-19 11:35:00,band_01,540.5,747.8888888888889,0.0,,center,automated_candidate_unverified
C-M-0006-L.21-M1744-4.2024-07-19-11-35.NL5RH,C-M-0006-L.21-M1744-4,2024-07-19 11:35:00,band_02,545.75,696.8333333333334,1.0,,center,automated_candidate_unverified
C-M-0006-L.21-M1744-4.2024-07-19-11-35.NL5RH,C-M-0006-L.21-M1744-4,2024-07-19 11:35:00,band_03,546.5555555555555,637.3333333333334,2.0,,center,automated_candidate_unverified
C-M-0006-L.21-M1744-4.2024-07-19-11-35.NL5RH,C-M-0006-L.21-M1744-4,2024-07-19 11:35:00,band_04,536.9310344827586,584.4137931034483,3.0,,center,automated_candidate_unverified
C-M-0006-L.21-M1744-4.2024-07-19-11-35.NL5RH,C-M-0006-L.21-M1744-4,2024-07-19 11:35:00,band_05,534.2432432432432,543.3108108108108,4.0,,center,automated_candidate_unverified
C-M-0006-L.21-M1744-4.2024-07-19-11-35.NL5RH,C-M-0006-L.21-M1744-4,2024-07-19 11:35:00,band_06,533.3116883116883,501.7272727272728,5.0,,center,automated_candidate_unverified
C-M-0006-L.21-M1744-4.2024-07-19-11-35.NL5RH,C-M-0006-L.21-M1744-4,2024-07-19 11:35:00,band_07,533.6578947368421,459.1578947368421,6.0,,center,automated_candidate_unverified
C-M-0006-L.21-M1744-4.2024-07-19-11-35.NL5RH,C-M-0006-L.21-M1744-4,2024-07-19 11:35:00,band_08,534.1617647058823,416.5882352941176,7.0,,center,automated_candidate_unverified
C-M-0006-L.21-M1744-4.2024-07-19-11-35.NL5RH,C-M-0006-L.21-M1744-4,2024-07-19 11:35:00,band_09,535.1428571428571,373.7142857142857,8.0,,center,automated_candidate_unverified
C-M-0006-L.21-M1744-4.2024-07-19-11-35.NL5RH,C-M-0006-L.21-M1744-4,2024-07-19 11:35:00,band_10,535.84,330.1,9.0,,center,automated_candidate_unverified
C-M-0006-L.21-M1744-4.2024-07-19-11-35.NL5RH,C-M-0006-L.21-M1744-4,2024-07-19 11:35:00,band_11,537.1346153846154,286.2692307692308,10.0,,center,automated_candidate_unverified
C-M-0006-L.21-M1744-4.2024-07-19-11-35.NL5RH,C-M-0006-L.21-M1744-4,2024-07-19 11:35:00,band_12,538.3404255319149,241.61702127659572,11.0,,center,automated_candidate_unverified
C-M-0006-L.21-M1744-4.2024-07-19-11-35.NL5RH,C-M-0006-L.21-M1744-4,2024-07-19 11:35:00,band_13,539.8039215686274,196.4313725490196,12.0,,center,automated_candidate_unverified
C-M-0006-L.21-M1744-4.2024-07-19-11-35.NL5RH,C-M-0006-L.21-M1744-4,2024-07-19 11:35:00,band_14,541.0208333333334,150.47916666666666,13.0,,center,automated_candidate_unverified
C-M-0006-L.21-M1744-4.2024-07-26-11-56.NL5RH,C-M-0006-L.21-M1744-4,2024-07-26 11:56:00,band_01,541.9368421052632,418.4842105263158,0.0,,center,automated_candidate_unverified
C-M-0006-L.21-M1744-4.2024-07-26-11-56.NL5RH,C-M-0006-L.21-M1744-4,2024-07-26 11:56:00,band_02,542.6382978723404,375.5,1.0,,center,automated_candidate_unverified
C-M-0006-L.21-M1744-4.2024-07-26-11-56.NL5RH,C-M-0006-L.21-M1744-4,2024-07-26 11:56:00,band_03,544.0625,331.8125,2.0,,center,automated_candidate_unverified
C-M-0006-L.21-M1744-4.2024-07-26-11-56.NL5RH,C-M-0006-L.21-M1744-4,2024-07-26 11:56:00,band_04,545.0588235294117,287.8941176470588,3.0,,center,automated_candidate_unverified
C-M-0006-L.21-M1744-4.2024-07-26-11-56.NL5RH,C-M-0006-L.21-M1744-4,2024-07-26 11:56:00,band_05,546.4597701149426,243.367816091954,4.0,,center,automated_candidate_unverified
C-M-0006-L.21-M1744-4.2024-07-26-11-56.NL5RH,C-M-0006-L.21-M1744-4,2024-07-26 11:56:00,band_06,548.0919540229885,197.9655172413793,5.0,,center,automated_candidate_unverified
C-M-0006-L.21-M1744-4.2024-07-26-11-56.NL5RH,C-M-0006-L.21-M1744-4,2024-07-26 11:56:00,band_07,550.0439560439561,151.98901098901098,6.0,,center,automated_candidate_unverified
C-M-0006-L.21-M1744-4.2024-08-02-11-58.NL5RH,C-M-0006-L.21-M1744-4,2024-08-02 11:58:00,band_01,550.6842105263158,531.078947368421,0.0,,center,automated_candidate_unverified
C-M-0006-L.21-M1744-4.2024-08-02-11-58.NL5RH,C-M-0006-L.21-M1744-4,2024-08-02 11:58:00,band_02,548.5,488.6363636363636,1.0,,center,automated_candidate_unverified
C-M-0006-L.21-M1744-4.2024-08-02-11-58.NL5RH,C-M-0006-L.21-M1744-4,2024-08-02 11:58:00,band_03,545.5438596491229,446.10526315789474,2.0,,center,automated_candidate_unverified
C-M-0006-L.21-M1744-4.2024-08-02-11-58.NL5RH,C-M-0006-L.21-M1744-4,2024-08-02 11:58:00,band_04,538.6785714285714,400.9404761904762,3.0,,center,automated_candidate_unverified
C-M-0006-L.21-M1744-4.2024-08-02-11-58.NL5RH,C-M-0006-L.21-M1744-4,2024-08-02 11:58:00,band_05,539.7868852459017,360.344262295082,4.0,,center,automated_candidate_unverified
C-M-0006-L.21-M1744-4.2024-08-02-11-58.NL5RH,C-M-0006-L.21-M1744-4,2024-08-02 11:58:00,band_06,537.5625,316.4583333333333,5.0,,center,automated_candidate_unverified
C-M-0006-L.21-M1744-4.2024-08-02-11-58.NL5RH,C-M-0006-L.21-M1744-4,2024-08-02 11:58:00,band_07,535.6,272.46,6.0,,center,automated_candidate_unverified
C-M-0006-L.21-M1744-4.2024-08-02-11-58.NL5RH,C-M-0006-L.21-M1744-4,2024-08-02 11:58:00,band_08,533.5681818181819,227.95454545454547,7.0,,center,automated_candidate_unverified
C-M-0006-L.21-M1744-4.2024-08-02-11-58.NL5RH,C-M-0006-L.21-M1744-4,2024-08-02 11:58:00,band_09,531.2142857142857,182.28571428571428,8.0,,center,automated_candidate_unverified
C-M-0006-L.21-M1744-4.2024-08-02-11-58.NL5RH,C-M-0006-L.21-M1744-4,2024-08-02 11:58:00,band_10,529.2142857142857,136.33333333333334,9.0,,center,automated_candidate_unverified
C-M-0006-L.21-M1744-4.2024-08-09-11-04.NL5RH,C-M-0006-L.21-M1744-4,2024-08-09 11:04:00,band_01,546.3414634146342,534.0,0.0,,center,automated_candidate_unverified
C-M-0006-L.21-M1744-4.2024-08-09-11-04.NL5RH,C-M-0006-L.21-M1744-4,2024-08-09 11:04:00,band_02,544.3365384615383,492.6057692307692,1.0,,center,automated_candidate_unverified
C-M-0006-L.21-M1744-4.2024-08-09-11-04.NL5RH,C-M-0006-L.21-M1744-4,2024-08-09 11:04:00,band_03,541.4285714285714,449.7142857142857,2.0,,center,automated_candidate_unverified
C-M-0006-L.21-M1744-4.2024-08-09-11-04.NL5RH,C-M-0006-L.21-M1744-4,2024-08-09 11:04:00,band_04,534.5,398.3333333333333,3.0,,center,automated_candidate_unverified
C-M-0006-L.21-M1744-4.2024-08-09-11-04.NL5RH,C-M-0006-L.21-M1744-4,2024-08-09 11:04:00,band_05,536.5949367088608,364.3544303797468,4.0,,center,automated_candidate_unverified
C-M-0006-L.21-M1744-4.2024-08-09-11-04.NL5RH,C-M-0006-L.21-M1744-4,2024-08-09 11:04:00,band_06,534.6575342465753,320.90410958904107,5.0,,center,automated_candidate_unverified
C-M-0006-L.21-M1744-4.2024-08-09-11-04.NL5RH,C-M-0006-L.21-M1744-4,2024-08-09 11:04:00,band_07,532.1971830985915,277.23943661971833,6.0,,center,automated_candidate_unverified
C-M-0006-L.21-M1744-4.2024-08-09-11-04.NL5RH,C-M-0006-L.21-M1744-4,2024-08-09 11:04:00,band_08,530.5846153846154,232.52307692307693,7.0,,center,automated_candidate_unverified
C-M-0006-L.21-M1744-4.2024-08-09-11-04.NL5RH,C-M-0006-L.21-M1744-4,2024-08-09 11:04:00,band_09,528.046875,187.8125,8.0,,center,automated_candidate_unverified
C-M-0006-L.21-M1744-4.2024-08-09-11-04.NL5RH,C-M-0006-L.21-M1744-4,2024-08-09 11:04:00,band_10,525.6481481481482,142.05555555555554,9.0,,center,automated_candidate_unverified
C-M-0006-R.21-M1744-4.2024-06-28-11-33.NGGJK,C-M-0006-R.21-M1744-4,2024-06-28 11:33:00,band_01,233.32432432432432,751.8918918918919,0.0,,center,automated_candidate_unverified
C-M-0006-R.21-M1744-4.2024-06-28-11-33.NGGJK,C-M-0006-R.21-M1744-4,2024-06-28 11:33:00,band_02,228.3111111111111,715.8888888888889,1.0,,center,automated_candidate_unverified
C-M-0006-R.21-M1744-4.2024-06-28-11-33.NGGJK,C-M-0006-R.21-M1744-4,2024-06-28 11:33:00,band_03,228.46938775510205,675.5204081632653,2.0,,center,automated_candidate_unverified
C-M-0006-R.21-M1744-4.2024-06-28-11-33.NGGJK,C-M-0006-R.21-M1744-4,2024-06-28 11:33:00,band_04,226.43103448275863,636.5258620689655,3.0,,center,automated_candidate_unverified
C-M-0006-R.21-M1744-4.2024-06-28-11-33.NGGJK,C-M-0006-R.21-M1744-4,2024-06-28 11:33:00,band_05,225.72727272727272,596.979797979798,4.0,,center,automated_candidate_unverified
C-M-0006-R.21-M1744-4.2024-06-28-11-33.NGGJK,C-M-0006-R.21-M1744-4,2024-06-28 11:33:00,band_06,223.67676767676767,557.0505050505051,5.0,,center,automated_candidate_unverified
C-M-0006-R.21-M1744-4.2024-06-28-11-33.NGGJK,C-M-0006-R.21-M1744-4,2024-06-28 11:33:00,band_07,223.2439024390244,517.1463414634146,6.0,,center,automated_candidate_unverified
C-M-0006-R.21-M1744-4.2024-06-28-11-33.NGGJK,C-M-0006-R.21-M1744-4,2024-06-28 11:33:00,band_08,222.5,477.0,7.0,,center,automated_candidate_unverified
C-M-0006-R.21-M1744-4.2024-06-28-11-33.NGGJK,C-M-0006-R.21-M1744-4,2024-06-28 11:33:00,band_09,222.13333333333333,436.0,8.0,,center,automated_candidate_unverified
C-M-0006-R.21-M1744-4.2024-06-28-11-33.NGGJK,C-M-0006-R.21-M1744-4,2024-06-28 11:33:00,band_10,222.5125,395.0375,9.0,,center,automated_candidate_unverified
C-M-0006-R.21-M1744-4.2024-06-28-11-33.NGGJK,C-M-0006-R.21-M1744-4,2024-06-28 11:33:00,band_11,222.43421052631575,353.2105263157895,10.0,,center,automated_candidate_unverified
C-M-0006-R.21-M1744-4.2024-06-28-11-33.NGGJK,C-M-0006-R.21-M1744-4,2024-06-28 11:33:00,band_12,223.0617283950617,311.28395061728395,11.0,,center,automated_candidate_unverified
C-M-0006-R.21-M1744-4.2024-06-28-11-33.NGGJK,C-M-0006-R.21-M1744-4,2024-06-28 11:33:00,band_13,223.0394736842105,268.85526315789474,12.0,,center,automated_candidate_unverified
C-M-0006-R.21-M1744-4.2024-06-28-11-33.NGGJK,C-M-0006-R.21-M1744-4,2024-06-28 11:33:00,band_14,223.93589743589743,225.46153846153845,13.0,,center,automated_candidate_unverified
C-M-0006-R.21-M1744-4.2024-06-28-11-33.NGGJK,C-M-0006-R.21-M1744-4,2024-06-28 11:33:00,band_15,224.4,181.86666666666667,14.0,,center,automated_candidate_unverified
C-M-0006-R.21-M1744-4.2024-06-28-11-33.NGGJK,C-M-0006-R.21-M1744-4,2024-06-28 11:33:00,band_16,225.0759493670886,137.4430379746835,15.0,,center,automated_candidate_unverified
C-M-0006-R.21-M1744-4.2024-07-05-11-46.NGGJK,C-M-0006-R.21-M1744-4,2024-07-05 11:46:00,band_01,263.3615384615385,393.1923076923077,0.0,,center,automated_candidate_unverified
C-M-0006-R.21-M1744-4.2024-07-05-11-46.NGGJK,C-M-0006-R.21-M1744-4,2024-07-05 11:46:00,band_02,254.6438356164384,350.54794520547944,1.0,,center,automated_candidate_unverified
C-M-0006-R.21-M1744-4.2024-07-05-11-46.NGGJK,C-M-0006-R.21-M1744-4,2024-07-05 11:46:00,band_03,255.49295774647888,308.7323943661972,2.0,,center,automated_candidate_unverified
C-M-0006-R.21-M1744-4.2024-07-05-11-46.NGGJK,C-M-0006-R.21-M1744-4,2024-07-05 11:46:00,band_04,256.3378378378378,266.4189189189189,3.0,,center,automated_candidate_unverified
C-M-0006-R.21-M1744-4.2024-07-05-11-46.NGGJK,C-M-0006-R.21-M1744-4,2024-07-05 11:46:00,band_05,257.4927536231884,223.3623188405797,4.0,,center,automated_candidate_unverified
C-M-0006-R.21-M1744-4.2024-07-05-11-46.NGGJK,C-M-0006-R.21-M1744-4,2024-07-05 11:46:00,band_06,258.54794520547944,179.73972602739727,5.0,,center,automated_candidate_unverified
C-M-0006-R.21-M1744-4.2024-07-05-11-46.NGGJK,C-M-0006-R.21-M1744-4,2024-07-05 11:46:00,band_07,259.6984126984127,135.36507936507937,6.0,,center,automated_candidate_unverified
C-M-0006-R.21-M1744-4.2024-07-12-11-22.NGGJK,C-M-0006-R.21-M1744-4,2024-07-12 11:22:00,band_01,651.7142857142857,695.0,0.0,,center,automated_candidate_unverified
C-M-0006-R.21-M1744-4.2024-07-12-11-22.NGGJK,C-M-0006-R.21-M1744-4,2024-07-12 11:22:00,band_02,651.5,674.3387096774194,1.0,,center,automated_candidate_unverified
C-M-0006-R.21-M1744-4.2024-07-12-11-22.NGGJK,C-M-0006-R.21-M1744-4,2024-07-12 11:22:00,band_03,651.8518518518518,649.5555555555555,2.0,,center,automated_candidate_unverified
C-M-0006-R.21-M1744-4.2024-07-12-11-22.NGGJK,C-M-0006-R.21-M1744-4,2024-07-12 11:22:00,band_04,647.75,620.8333333333334,3.0,,center,automated_candidate_unverified
C-M-0006-R.21-M1744-4.2024-07-12-11-22.NGGJK,C-M-0006-R.21-M1744-4,2024-07-12 11:22:00,band_05,647.6666666666666,588.2857142857143,4.0,,center,automated_candidate_unverified
C-M-0006-R.21-M1744-4.2024-07-26-11-55.NGGJK,C-M-0006-R.21-M1744-4,2024-07-26 11:55:00,band_01,242.63636363636363,406.27272727272725,0.0,,center,automated_candidate_unverified
C-M-0006-R.21-M1744-4.2024-07-26-11-55.NGGJK,C-M-0006-R.21-M1744-4,2024-07-26 11:55:00,band_02,243.40425531914892,364.56382978723406,1.0,,center,automated_candidate_unverified
C-M-0006-R.21-M1744-4.2024-07-26-11-55.NGGJK,C-M-0006-R.21-M1744-4,2024-07-26 11:55:00,band_03,243.26829268292684,322.2073170731707,2.0,,center,automated_candidate_unverified
C-M-0006-R.21-M1744-4.2024-07-26-11-55.NGGJK,C-M-0006-R.21-M1744-4,2024-07-26 11:55:00,band_04,243.7674418604651,279.2906976744186,3.0,,center,automated_candidate_unverified
C-M-0006-R.21-M1744-4.2024-07-26-11-55.NGGJK,C-M-0006-R.21-M1744-4,2024-07-26 11:55:00,band_05,244.43529411764703,235.51764705882357,4.0,,center,automated_candidate_unverified
C-M-0006-R.21-M1744-4.2024-07-26-11-55.NGGJK,C-M-0006-R.21-M1744-4,2024-07-26 11:55:00,band_06,244.9638554216868,190.710843373494,5.0,,center,automated_candidate_unverified
C-M-0006-R.21-M1744-4.2024-07-26-11-55.NGGJK,C-M-0006-R.21-M1744-4,2024-07-26 11:55:00,band_07,246.01176470588237,144.90588235294118,6.0,,center,automated_candidate_unverified
C-M-0006-R.21-M1744-4.2024-07-26-11-55.NGGJK,C-M-0006-R.21-M1744-4,2024-07-26 11:55:00,band_08,246.8690476190476,98.1904761904762,7.0,,center,automated_candidate_unverified
C-M-0006-R.21-M1744-4.2024-08-02-11-26.NGGJK,C-M-0006-R.21-M1744-4,2024-08-02 11:26:00,band_01,221.0,844.5,0.0,,center,automated_candidate_unverified
C-M-0006-R.21-M1744-4.2024-08-02-11-26.NGGJK,C-M-0006-R.21-M1744-4,2024-08-02 11:26:00,band_02,221.8,828.2,1.0,,center,automated_candidate_unverified
C-M-0006-R.21-M1744-4.2024-08-02-11-26.NGGJK,C-M-0006-R.21-M1744-4,2024-08-02 11:26:00,band_03,219.0,809.875,2.0,,center,automated_candidate_unverified
C-M-0006-R.21-M1744-4.2024-08-02-11-26.NGGJK,C-M-0006-R.21-M1744-4,2024-08-02 11:26:00,band_04,223.0487804878049,784.6585365853658,3.0,,center,automated_candidate_unverified
C-M-0006-R.21-M1744-4.2024-08-02-11-26.NGGJK,C-M-0006-R.21-M1744-4,2024-08-02 11:26:00,band_05,221.3913043478261,761.2173913043479,4.0,,center,automated_candidate_unverified
C-M-0006-R.21-M1744-4.2024-08-02-11-26.NGGJK,C-M-0006-R.21-M1744-4,2024-08-02 11:26:00,band_06,224.3846153846154,743.1538461538462,5.0,,center,automated_candidate_unverified
C-M-0006-R.21-M1744-4.2024-08-09-11-01.NGGJK,C-M-0006-R.21-M1744-4,2024-08-09 11:01:00,band_01,247.69230769230768,319.8589743589744,0.0,,center,automated_candidate_unverified
C-M-0006-R.21-M1744-4.2024-08-09-11-01.NGGJK,C-M-0006-R.21-M1744-4,2024-08-09 11:01:00,band_02,248.56603773584905,277.0566037735849,1.0,,center,automated_candidate_unverified
C-M-0006-R.21-M1744-4.2024-08-09-11-01.NGGJK,C-M-0006-R.21-M1744-4,2024-08-09 11:01:00,band_03,249.46153846153845,233.96153846153845,2.0,,center,automated_candidate_unverified
C-M-0006-R.21-M1744-4.2024-08-09-11-01.NGGJK,C-M-0006-R.21-M1744-4,2024-08-09 11:01:00,band_04,250.2,189.7555555555556,3.0,,center,automated_candidate_unverified
C-M-0006-R.21-M1744-4.2024-08-09-11-01.NGGJK,C-M-0006-R.21-M1744-4,2024-08-09 11:01:00,band_05,251.44230769230768,144.3846153846154,4.0,,center,automated_candidate_unverified
C-M-0006-R.21-M1744-4.2024-08-09-11-01.NGGJK,C-M-0006-R.21-M1744-4,2024-08-09 11:01:00,band_06,252.1304347826087,98.3695652173913,5.0,,center,automated_candidate_unverified
