image_id,dataset_key,camera_setup_id,session_id,observation_date,pole_detected,red_component_candidates,base_gap_px,gap_regularity,line_rmse_px,span_px,a,b,c,y_center,y_scale,n_landmarks,min_landmark_y_px,max_landmark_y_px,min_relative_height_ft,max_relative_height_ft,pole_fit_rmse_ft,pole_fit_rmse_in,pole_fit_max_abs_error_in,monotone,pole_fit_pass
25-W571.UFMu-03509.2025-06-10-13-37.QPSRM.000033006983,2025-IA_Woodruff_UFMu,25-W571.UFMu-03509,2025-06-10 13:37:00,2025-06-10,True,53,40.06191142191145,0.0067103825007946,0.7868449642764919,558.9310344827586,-4.293766754244828,6.98347078728249,0.0038258100391583,553.2064835389289,173.01059343137618,15.0,275.0689655172414,834.0,0.0,14.0,0.0135297581991421,0.1623570983897063,0.3335109579841813,True,True
25-W571.UFMu-03509.2025-06-11-11-41.QPSRM.000033006983,2025-IA_Woodruff_UFMu,25-W571.UFMu-03509,2025-06-11 11:41:00,2025-06-11,True,27,39.49628844114528,0.0141861385730228,0.1393036272739115,276.4839101396479,-2.2613208863473586,3.4802555513528897,0.0086174287055009,411.1265384639684,90.54040571691375,8.0,273.9259259259259,550.4098360655738,0.0,7.0,0.0012678452774933,0.0152141433299206,0.0199105649794084,True,True
25-W571.UFMu-03509.2025-06-12-11-45.QPSRM.000033006983,2025-IA_Woodruff_UFMu,25-W571.UFMu-03509,2025-06-12 11:45:00,2025-06-12,True,33,39.8586242761711,0.0103730489213826,0.6650619188859334,556.5731707317074,-4.283571656177787,6.97713479965059,0.0052923467706316,549.5966523001646,172.28445414346706,15.0,273.0,829.5731707317074,0.0,14.0,0.0127814898441266,0.1533778781295197,0.324205517262655,True,True
25-W571.UFMu-03509.2025-06-17-11-49.QPSRM.000033006983,2025-IA_Woodruff_UFMu,25-W571.UFMu-03509,2025-06-17 11:49:00,2025-06-17,True,97,40.614189189189176,0.0497538167980365,1.858132891111444,619.7527386541472,-4.7881095048258775,7.607913683765687,-0.023416528309915,509.720133346107,187.95960635293284,16.0,194.80281690140845,814.5555555555555,0.0,15.0,0.0554983892036077,0.6659806704432932,1.9646956522116512,True,True
25-W571.UFMu-03509.2025-06-18-11-52.QPSRM.000033006983,2025-IA_Woodruff_UFMu,25-W571.UFMu-03509,2025-06-18 11:52:00,2025-06-18,True,20,40.44285714285718,0.0532232331029385,1.539701282577022,607.3805202661827,-4.843149540061249,7.640279851465774,-0.0304422166401465,511.94960438210137,186.3214799799941,16.0,198.9298245614035,806.3103448275862,0.0,15.0,0.0093023338591719,0.1116280063100631,0.1598147652123671,True,True
25-W571.UFMu-03509.2025-06-19-11-41.QPSRM.000033006983,2025-IA_Woodruff_UFMu,25-W571.UFMu-03509,2025-06-19 11:41:00,2025-06-19,True,110,40.54497354497352,0.0519874722693465,1.7487374950636412,608.5,-4.829676983334276,7.632349984827162,-0.0287201821957188,515.518049030045,186.7031955416776,16.0,202.5,811.0,0.0,15.0,0.0089751396962124,0.1077016763545493,0.1891029762185407,True,True
25-W571.UFMu-03509.2025-06-20-11-45.QPSRM.000033006983,2025-IA_Woodruff_UFMu,25-W571.UFMu-03509,2025-06-20 11:45:00,2025-06-20,True,30,40.30745098039216,0.046841853533557,1.327349304880402,605.2737068965517,-4.841012107340598,7.639022296668101,-0.0301690993328964,507.2506198270913,185.67449429986883,16.0,195.41379310344828,800.6875,0.0,15.0,0.0082584034967411,0.0991008419608932,0.1755454275610368,True,True
25-W571.UFMu-03509.2025-06-21-11-50.QPSRM.000033006983,2025-IA_Woodruff_UFMu,25-W571.UFMu-03509,2025-06-21 11:50:00,2025-06-21,True,250,40.66753246753245,0.0315631481462816,1.9272745062074657,607.046421663443,-4.77140515475651,7.597821637372677,-0.0212243257404338,492.5775595909504,186.4215671314794,16.0,183.27272727272728,790.3191489361702,0.0,15.0,0.0106307113457631,0.1275685361491574,0.2830351456094993,True,True
25-W571.UFMu-03509.2025-06-22-11-39.QPSRM.000033006983,2025-IA_Woodruff_UFMu,25-W571.UFMu-03509,2025-06-22 11:39:00,2025-06-22,True,250,39.25806451612903,0.0203351210040303,0.9047271154285184,393.1,-3.2406653902047453,5.049012502329559,-0.0155005846776647,590.8561979438938,124.31678166537311,11.0,391.5,784.6,0.0,10.0,0.0049476408990779,0.0593716907889349,0.1318232209656784,True,True
25-W571.UFMu-03509.2025-06-23-11-43.QPSRM.000033006983,2025-IA_Woodruff_UFMu,25-W571.UFMu-03509,2025-06-23 11:43:00,2025-06-23,True,250,41.229854296758845,0.0124823852100641,0.7933574637296902,447.7164607237422,-3.4975634839376,5.528439292143908,-0.0082387773774632,418.8943494919161,141.23104912410926,12.0,192.6136363636364,640.3300970873786,0.0,11.0,0.0235395567668983,0.2824746812027804,0.7376365126929532,True,True
25-W571.UFMu-03509.2025-06-24-11-48.QPSRM.000033006983,2025-IA_Woodruff_UFMu,25-W571.UFMu-03509,2025-06-24 11:48:00,2025-06-24,True,85,41.25593073593075,0.0050259333416589,0.1231141448304777,288.1351351351351,-2.3091970748027704,3.51168280900742,-0.0050988567725172,341.0496489713656,94.45582822981504,8.0,196.36486486486487,484.5,0.0,7.0,0.0046629725851265,0.055955671021518,0.0888929507822027,True,True
25-W571.UFMu-03509.2025-06-25-11-52.QPSRM.000033006983,2025-IA_Woodruff_UFMu,25-W571.UFMu-03509,2025-06-25 11:52:00,2025-06-25,True,154,39.972118730853,0.034265104849547,1.3423903020325327,635.5671936758893,-5.084348487999401,8.111661250930142,-0.0227975513093188,516.9725587725112,195.28324190966657,17.0,191.9782608695652,827.5454545454545,0.0,16.0,0.0167434926860107,0.2009219122321289,0.3920000964974122,True,True
25-W571.UFMu-03509.2025-06-26-11-43.QPSRM.000033006983,2025-IA_Woodruff_UFMu,25-W571.UFMu-03509,2025-06-26 11:43:00,2025-06-26,True,45,40.694471153846166,0.0197945525107947,0.3908624881753122,524.0893300248139,-4.132642518758314,6.562258452653025,-0.0154459374419975,459.69286390975407,162.98771135261245,14.0,193.84615384615384,717.9354838709677,0.0,13.0,0.0123311609821708,0.1479739317860497,0.2875949566536704,True,True
25-W571.UFMu-03509.2025-06-27-11-47.QPSRM.000033006983,2025-IA_Woodruff_UFMu,25-W571.UFMu-03509,2025-06-27 11:47:00,2025-06-27,True,151,40.44166666666664,0.0346493188363644,1.7993101764125794,551.94584139265,-4.538274462365911,7.131662482052464,-0.0304875630003484,472.2457347737349,172.8798030150772,15.0,185.87234042553192,737.8181818181819,0.0,14.0,0.058941642077746,0.7072997049329526,2.01572197337959,True,True
25-W571.UFMu-03509.2025-06-28-11-50.QPSRM.000033006983,2025-IA_Woodruff_UFMu,25-W571.UFMu-03509,2025-06-28 11:50:00,2025-06-28,True,119,40.91833656070728,0.0292142036212735,0.5080611759559973,488.1594827586207,-3.847725284301352,6.065312583917876,-0.0174576905404295,433.18305611317606,152.75046381505,13.0,184.9655172413793,673.125,0.0,12.0,0.0120454859202937,0.1445458310435252,0.2637839570773792,True,True
25-W571.UFMu-03509.2025-06-29-11-40.QPSRM.000033006983,2025-IA_Woodruff_UFMu,25-W571.UFMu-03509,2025-06-29 11:40:00,2025-06-29,True,250,40.99268636768639,0.0169381517507472,0.5099796449366788,408.44369547977794,-3.2236342191735137,5.038461876038304,-0.0121634402180772,394.076898035009,129.43008624537202,11.0,187.57692307692307,596.020618556701,0.0,10.0,0.006734957293592,0.080819487523104,0.1463756585158009,True,True
25-W571.UFMu-03509.2025-06-30-11-45.QPSRM.000033006983,2025-IA_Woodruff_UFMu,25-W571.UFMu-03509,2025-06-30 11:45:00,2025-06-30,True,39,40.76477495107628,0.0292162388779597,2.545582965606245,523.419946332737,-4.170307108691894,6.585022415829867,-0.0210954338900686,453.6376497268831,163.29296003456528,14.0,185.90697674418604,709.3269230769231,0.0,13.0,0.0219609659741955,0.2635315916903465,0.6828418014755262,True,True
25-W571.UFMu-03509.2025-07-01-11-42.QPSRM.000033006983,2025-IA_Woodruff_UFMu,25-W571.UFMu-03509,2025-07-01 11:42:00,2025-07-01,True,250,40.95158730158733,0.0295728764329505,1.2107572436962524,489.1571428571429,-3.848941976416618,6.066048057403319,-0.0176542985612044,433.8239546076341,152.9618649093058,13.0,185.07142857142856,674.2285714285714,0.0,12.0,0.0098761068420032,0.1185132821040395,0.2236696964696136,True,True
25-W571.UFMu-03509.2025-07-02-11-47.QPSRM.000033006983,2025-IA_Woodruff_UFMu,25-W571.UFMu-03509,2025-07-02 11:47:00,2025-07-02,True,250,40.85146724847522,0.0244226318435522,0.7816781685596979,487.30324543610544,-3.843531611762302,6.062759611012466,-0.01677512381724,434.5614615032969,152.39502401295286,13.0,187.05882352941177,674.3620689655172,0.0,12.0,0.0105185666675976,0.1262228000111721,0.2563572034771582,True,True
25-W571.UFMu-03509.2025-07-03-11-52.QPSRM.000033006983,2025-IA_Woodruff_UFMu,25-W571.UFMu-03509,2025-07-03 11:52:00,2025-07-03,True,220,41.14321450906817,0.0225605624994573,0.437353470739164,451.5737704918033,-3.5368319106611974,5.552623302774887,-0.0152454962674593,412.9379549542989,142.0273967354354,12.0,184.0,635.5737704918033,0.0,11.0,0.0090272325360347,0.1083267904324164,0.1941757443388923,True,True
25-W571.UFMu-03509.2025-07-04-11-39.QPSRM.000033006983,2025-IA_Woodruff_UFMu,25-W571.UFMu-03509,2025-07-04 11:39:00,2025-07-04,True,187,40.793956043956086,0.0298893922962408,1.291213639462233,526.840848806366,-4.164003824421112,6.581209021615702,-0.0201487889310216,451.2433422450972,163.97362745191072,14.0,182.53846153846155,709.3793103448276,0.0,13.0,0.0132741130338603,0.1592893564063238,0.3223901794461718,True,True
25-W571.UFMu-03509.2025-07-05-11-40.QPSRM.000033006983,2025-IA_Woodruff_UFMu,25-W571.UFMu-03509,2025-07-05 11:40:00,2025-07-05,True,18,40.80328218243821,0.0239024738964226,0.6728969681191033,484.0192307692308,-3.8568220991853934,6.070861994742835,-0.0189416335916421,433.44378843679846,151.9184414762798,13.0,186.48076923076923,670.5,0.0,12.0,0.0222173264560732,0.2666079174728786,0.6505341556349353,True,True
25-W571.UFMu-03509.2025-07-06-11-45.QPSRM.000033006983,2025-IA_Woodruff_UFMu,25-W571.UFMu-03509,2025-07-06 11:45:00,2025-07-06,True,250,41.12537993920972,0.0153694961290444,0.5279810389342148,449.69040247678015,-3.529339758160638,5.548019690906273,-0.013911565510388,416.0418302557596,141.4346352667423,12.0,188.3684210526316,638.0588235294117,0.0,11.0,0.0082304750989319,0.0987657011871832,0.1993550619463064,True,True
25-W571.UFMu-03509.2025-07-07-11-44.QPSRM.000033006983,2025-IA_Woodruff_UFMu,25-W571.UFMu-03509,2025-07-07 11:44:00,2025-07-07,True,250,41.223931623931605,0.018435026044725,0.4493748066645603,411.4054054054054,-3.2233934349341213,5.038313319757455,-0.0121164608933304,395.07466069160415,130.3992822154302,11.0,187.0,598.4054054054054,0.0,10.0,0.007539104469131,0.090469253629573,0.1479606082502994,True,True
25-W571.UFMu-03509.2025-07-08-11-43.QPSRM.000033006983,2025-IA_Woodruff_UFMu,25-W571.UFMu-03509,2025-07-08 11:43:00,2025-07-08,True,250,40.8225538971808,0.0296902316819533,0.8283366334057517,527.7450127877238,-4.147327704800749,6.571143520387778,-0.0176507528858813,455.7765335228852,163.7829080213791,14.0,187.7608695652174,715.5058823529412,0.0,13.0,0.0103531362280778,0.1242376347369341,0.2570594657139713,True,True
25-W571.UFMu-03509.2025-07-09-11-43.QPSRM.000033006983,2025-IA_Woodruff_UFMu,25-W571.UFMu-03509,2025-07-09 11:43:00,2025-07-09,True,250,40.73434343434343,0.0314862225793931,1.136413365311074,563.5268199233717,-4.480504274103204,7.097160795733712,-0.0224929326107048,474.6911349664706,174.50235356675253,15.0,186.61111111111111,750.1379310344828,0.0,14.0,0.013859308556089,0.1663117026730688,0.3087730345769527,True,True
25-W571.UFMu-03509.2025-07-10-11-42.QPSRM.000033006983,2025-IA_Woodruff_UFMu,25-W571.UFMu-03509,2025-07-10 11:42:00,2025-07-10,True,21,41.30427201394943,0.0132600378669268,0.5903007747301716,410.08664021164026,-3.222810615716308,5.037951324955939,-0.01200196843204,392.3865890651131,129.96167130285096,11.0,185.07407407407408,595.1607142857143,0.0,10.0,0.0075350511864484,0.0904206142373808,0.1528781376344739,True,True
25-W571.UFMu-03509.2025-07-11-11-41.QPSRM.000033006983,2025-IA_Woodruff_UFMu,25-W571.UFMu-03509,2025-07-11 11:41:00,2025-07-11,True,35,41.35974025974025,0.0170066603168619,0.3395617705825299,370.59866220735785,-2.922346579772329,4.531698170871079,-0.0110364263842797,372.2684393360335,118.477586411885,10.0,185.14492753623188,555.7435897435897,0.0,9.0,0.005449229920527,0.0653907590463246,0.1135300161894861,True,True
25-W571.UFMu-03509.2025-07-12-11-42.QPSRM.000033006983,2025-IA_Woodruff_UFMu,25-W571.UFMu-03509,2025-07-12 11:42:00,2025-07-12,True,250,41.01465201465203,0.018579163387381,1.0107807944353155,410.1666666666666,-3.226317010452904,5.040126998049557,-0.0126900909464202,394.92242737908254,129.93784658311696,11.0,187.5,597.6666666666666,0.0,10.0,0.0062261836187676,0.0747142034252114,0.1436347955091861,True,True
25-W571.UFMu-03509.2025-07-13-11-39.QPSRM.000033006983,2025-IA_Woodruff_UFMu,25-W571.UFMu-03509,2025-07-13 11:39:00,2025-07-13,True,250,41.24455128205128,0.0187926169158373,0.5423233998135374,411.5131964809384,-3.2244948275373657,5.038995704863536,-0.0123322781971193,392.085156337977,130.3366331877968,11.0,184.03225806451613,595.5454545454545,0.0,10.0,0.0062467838492453,0.0749614061909439,0.1400755831788629,True,True
25-W571.UFMu-03509.2025-07-14-11-40.QPSRM.000033006983,2025-IA_Woodruff_UFMu,25-W571.UFMu-03509,2025-07-14 11:40:00,2025-07-14,True,106,41.71428571428572,0.0123585467540204,0.4529243118768785,372.17261904761904,-2.920232557072618,4.53037244726491,-0.0105748173585853,370.49917188569367,119.01726992198203,10.0,182.70833333333331,554.8809523809524,0.0,9.0,0.0069878219810676,0.0838538637728115,0.1430673089936576,True,True
25-W571.UFMu-03509.2025-07-15-11-40.QPSRM.000033006983,2025-IA_Woodruff_UFMu,25-W571.UFMu-03509,2025-07-15 11:40:00,2025-07-15,True,141,41.83333333333334,0.0159362549800794,0.7763270771534683,372.3690476190477,-2.924943606373473,4.533331485480674,-0.0116051790574633,370.73155910277,119.11911631960118,10.0,182.66666666666663,555.0357142857143,0.0,9.0,0.0076529675346278,0.0918356104155337,0.1611660663664551,True,True
25-W571.UFMu-03509.2025-07-16-11-39.QPSRM.000033006983,2025-IA_Woodruff_UFMu,25-W571.UFMu-03509,2025-07-16 11:39:00,2025-07-16,True,40,41.56558061821221,0.0152951393808349,0.3451342873618458,371.71372644971865,-2.924717960040655,4.533185503477629,-0.0115543208554926,371.9257345088607,118.77024210831864,10.0,184.1967213114754,555.9104477611941,0.0,9.0,0.0045047625030445,0.0540571500365348,0.0984249552140283,True,True
25-W571.UFMu-03509.2025-07-17-11-37.QPSRM.000033006983,2025-IA_Woodruff_UFMu,25-W571.UFMu-03509,2025-07-17 11:37:00,2025-07-17,True,250,41.74483043837881,0.0091950663727374,0.5556519183700394,331.6687396351575,-2.61756364182413,4.02281622611682,-0.0088369705796793,350.461405447037,107.20936576423048,9.0,183.36111111111111,515.0298507462686,0.0,8.0,0.0054031594566386,0.0648379134796637,0.1118872730955899,True,True
25-W571.UFMu-03509.2025-07-18-11-38.QPSRM.000033006983,2025-IA_Woodruff_UFMu,25-W571.UFMu-03509,2025-07-18 11:38:00,2025-07-18,True,250,41.73654786862335,0.0165657749533846,0.2933624913314592,332.0587183308495,-2.623553217822346,4.0266290181882285,-0.0103138258542827,350.6883436636031,107.36075972322774,9.0,183.23636363636365,515.2950819672132,0.0,8.0,0.0062549469728503,0.0750593636742043,0.1189695374650483,True,True
25-W571.UFMu-03509.2025-07-19-11-38.QPSRM.000033006983,2025-IA_Woodruff_UFMu,25-W571.UFMu-03509,2025-07-19 11:38:00,2025-07-19,True,250,41.32674418604654,0.0442572156483349,1.1788685397342626,459.46875,-3.614473747203874,5.599783864246789,-0.0289151802067451,413.1194317150445,144.00468789489818,12.0,177.15625,636.625,0.0,11.0,0.0055896813933837,0.0670761767206049,0.1273689292368993,True,True
25-W571.UFMu-03509.2025-07-20-11-51.QPSRM.000033006983,2025-IA_Woodruff_UFMu,25-W571.UFMu-03509,2025-07-20 11:51:00,2025-07-20,True,100,43.07575757575757,0.0302520811349518,0.4559907368472185,300.0213963963964,-2.3730024853071243,3.5525917154256303,-0.0229576307578489,330.81506993194495,98.46380770454768,8.0,177.70833333333334,477.72972972972974,0.0,7.0,0.0082293090435214,0.0987517085222574,0.1612668080439432,True,True
25-W571.UFMu-03509.2025-07-21-11-43.QPSRM.000033006983,2025-IA_Woodruff_UFMu,25-W571.UFMu-03509,2025-07-21 11:43:00,2025-07-21,True,41,42.673611111111086,0.0376819230570452,0.3732677915346749,299.8417252869308,-2.366531885873173,3.5484841268006764,-0.021163826824281,332.3553776587809,98.18361883496009,8.0,179.7123287671233,479.55405405405406,0.0,7.0,0.0025959801069313,0.0311517612831762,0.0519250789310454,True,True
25-W571.UFMu-03509.2025-07-22-11-46.QPSRM.000033006983,2025-IA_Woodruff_UFMu,25-W571.UFMu-03509,2025-07-22 11:46:00,2025-07-22,True,34,43.72052047052047,0.0238003952004023,0.4443773908489269,260.1125730994152,-2.0569051478261566,3.0374132328362786,-0.0187091380138659,308.44539872226466,86.85081648072571,7.0,176.36111111111111,436.4736842105263,0.0,6.0,0.005785864937863,0.069430379254356,0.1216618144770009,True,True
25-W571.UFMu-03509.2025-07-23-11-47.QPSRM.000033006983,2025-IA_Woodruff_UFMu,25-W571.UFMu-03509,2025-07-23 11:47:00,2025-07-23,True,101,18.91638556110439,0.0060978694714649,4.008342245902696,150.51016757672744,-2.5733767713359863,3.9944458169114103,0.0021511475192488,761.3656020104114,48.52749504475116,9.0,686.2553191489362,836.7654867256637,0.0,8.0,0.0105224417320242,0.1262693007842904,0.2463646814958409,True,True
25-W571.UFMu-03509.2025-07-24-11-50.QPSRM.000033006983,2025-IA_Woodruff_UFMu,25-W571.UFMu-03509,2025-07-24 11:50:00,2025-07-24,True,133,43.69322916666667,0.0251839849020675,0.956414672569353,259.1028225806451,-2.064937734418698,3.0426182067723104,-0.0213129219789873,309.63669508717385,86.63189652543585,7.0,177.70967741935485,436.8125,0.0,6.0,0.0091406630015906,0.109687956019088,0.1601854238409279,True,True
25-W571.UFMu-03509.2025-07-25-11-42.QPSRM.000033006983,2025-IA_Woodruff_UFMu,25-W571.UFMu-03509,2025-07-25 11:42:00,2025-07-25,True,66,43.4515625,0.0245008748098176,0.4240377902644909,260.34107744107746,-2.057002138970688,3.0374718077208565,-0.0187383957154132,310.44369376233595,86.77532178585957,7.0,178.24074074074073,438.58181818181816,0.0,6.0,0.0033299733262302,0.0399596799147626,0.078218088003144,True,True
25-W571.UFMu-03509.2025-07-26-11-42.QPSRM.000033006983,2025-IA_Woodruff_UFMu,25-W571.UFMu-03509,2025-07-26 11:42:00,2025-07-26,True,106,43.1219512195122,0.0248711664152843,0.1927812618420902,303.6290322580645,-2.3503494364766646,3.53819991514106,-0.0166737784771107,331.1198143412886,99.11574163504493,8.0,177.3709677419355,481.0,0.0,7.0,0.0112586975261483,0.1351043703137806,0.300379968793572,True,True
25-W571.UFMu-03509.2025-07-27-11-38.QPSRM.000033006983,2025-IA_Woodruff_UFMu,25-W571.UFMu-03509,2025-07-27 11:38:00,2025-07-27,True,250,27.311594202898505,0.032985311071083,1.6396174981564415,155.10484544695078,-2.0891599658155657,3.0585460353236646,-0.0292921069200944,707.4686068172501,51.8830225492093,7.0,627.3157894736842,782.4206349206349,0.0,6.0,0.052142562978894,0.6257107557467286,1.0507133222685958,True,True
25-W571.UFMu-03509.2025-07-28-11-43.QPSRM.000033006983,2025-IA_Woodruff_UFMu,25-W571.UFMu-03509,2025-07-28 11:43:00,2025-07-28,True,96,43.72058823529412,0.0290969697293277,0.2746412443247592,260.8199643493761,-2.0580823359814246,3.038172590926268,-0.0190889262013889,316.53331534634054,87.03346167963095,7.0,184.05882352941177,444.8787878787879,0.0,6.0,0.0036245757027516,0.0434949084330203,0.0658176512551929,True,True
25-W571.UFMu-03509.2025-07-29-11-50.QPSRM.000033006983,2025-IA_Woodruff_UFMu,25-W571.UFMu-03509,2025-07-29 11:50:00,2025-07-29,True,115,43.10377957931638,0.126351342593099,2.39040047764813,250.82291666666663,-2.150433891007141,3.0972487182238018,-0.0486927093033453,632.8745867825658,83.5971082679049,7.0,501.5,752.3229166666666,0.0,6.0,0.0641144328140228,0.7693731937682738,1.1875097520340834,True,True
25-W571.UFMu-03509.2025-07-30-11-40.QPSRM.000033006983,2025-IA_Woodruff_UFMu,25-W571.UFMu-03509,2025-07-30 11:40:00,2025-07-30,False,41,,,,,,,,,,,,,,,,,,,False
25-W571.UFMu-03509.2025-07-31-11-44.QPSRM.000033006983,2025-IA_Woodruff_UFMu,25-W571.UFMu-03509,2025-07-31 11:44:00,2025-07-31,True,250,20.22368421052636,0.2176309052041013,3.495978448447932,138.4436036036036,-2.812595226429484,4.144041296050945,-0.0559006524631406,706.2720040306881,45.3630962891274,9.0,633.16,771.6036036036036,0.0,8.0,0.1104545057645926,1.3254540691751122,2.5584603877024605,True,False
25-W571.UFMu-03509.2025-08-01-11-49.QPSRM.000033006983,2025-IA_Woodruff_UFMu,25-W571.UFMu-03509,2025-08-01 11:49:00,2025-08-01,True,250,43.54310344827587,0.0124272527174685,0.1010235765929416,173.02727272727273,-1.4408282971121786,2.0186400259955763,-0.013181337578108,322.5855393693527,61.25929735215826,5.0,235.27272727272728,408.3,0.0,4.0,0.0039316879779231,0.0471802557350782,0.0734550531293685,True,True
25-W571.UFMu-03509.2025-08-02-11-39.QPSRM.000033006983,2025-IA_Woodruff_UFMu,25-W571.UFMu-03509,2025-08-02 11:39:00,2025-08-02,True,250,23.88721804511272,0.1801181284600737,2.1732300333575325,141.27619047619044,-2.148493190521981,3.0964386432713558,-0.0483023168176957,771.9059127541176,47.4434485559717,7.0,698.5238095238095,839.8,0.0,6.0,0.082914583278811,0.9949749993457322,1.8229231290603332,True,True
25-W571.UFMu-03509.2025-08-03-11-44.QPSRM.000033006983,2025-IA_Woodruff_UFMu,25-W571.UFMu-03509,2025-08-03 11:44:00,2025-08-03,True,250,18.98684210526312,0.0302848328009124,2.9656853232978477,113.19290905086984,-2.008311682321108,3.005582286884368,-0.0027912627753972,742.3265530311177,37.67315470663411,7.0,685.5439330543933,798.7368421052631,0.0,6.0,0.0178525451548943,0.2142305418587316,0.3669431387032844,True,True
25-W571.UFMu-03509.2025-08-04-11-47.QPSRM.000033006983,2025-IA_Woodruff_UFMu,25-W571.UFMu-03509,2025-08-04 11:47:00,2025-08-04,True,250,19.257169190837654,0.0267686804762277,3.4140049308770357,110.5,-1.9623145578099397,2.9748633658619963,0.0125710963551615,724.0964275403014,37.31656364627164,7.0,669.5,780.0,0.0,6.0,0.0363247815316282,0.4358973783795388,0.7609765525858379,True,True
25-W571.UFMu-03509.2025-08-05-11-38.QPSRM.000033006983,2025-IA_Woodruff_UFMu,25-W571.UFMu-03509,2025-08-05 11:38:00,2025-08-05,True,250,18.66559714795005,0.0159140952635613,3.073839376095125,147.41384432560903,-2.546565177416801,3.9771414886593055,0.0088541629137339,742.6894367441251,48.07410042259533,9.0,669.9444444444445,817.3582887700535,0.0,8.0,0.0358353955063849,0.4300247460766199,0.9291372687568682,True,True
25-W571.UFMu-03509.2025-08-06-11-43.QPSRM.000033006983,2025-IA_Woodruff_UFMu,25-W571.UFMu-03509,2025-08-06 11:43:00,2025-08-06,True,87,44.06171319102354,0.0083996958808684,0.2162567877727689,175.580303030303,-1.4322982688052786,2.0127041440353044,-0.0089834517172895,281.5932223714982,62.12597849421835,5.0,193.23636363636365,368.81666666666666,0.0,4.0,0.0023452779939941,0.0281433359279302,0.0475129723987253,True,True
25-W571.UFMu-03509.2025-08-07-11-48.QPSRM.000033006983,2025-IA_Woodruff_UFMu,25-W571.UFMu-03509,2025-08-07 11:48:00,2025-08-07,False,94,,,,,,,,,,,,,,,,,,,False
25-W571.UFMu-03509.2025-08-08-11-38.QPSRM.000033006983,2025-IA_Woodruff_UFMu,25-W571.UFMu-03509,2025-08-08 11:38:00,2025-08-08,True,250,44.10291858678954,0.0250330583376071,0.0704210881491745,219.0152027027027,-1.7445965974412874,2.5248479713279783,-0.0145506191190731,300.4424085564589,74.85139240641861,6.0,189.6875,408.7027027027027,0.0,5.0,0.0022553550632113,0.0270642607585363,0.0412862503115789,True,True
25-W571.UFMu-03509.2025-08-09-07-43.QPSRM.000033006983,2025-IA_Woodruff_UFMu,25-W571.UFMu-03509,2025-08-09 07:43:00,2025-08-09,True,62,44.29338731443994,0.0193496656718821,3.191993495851627,229.76839826839824,-1.646986490320189,2.4580058544000347,0.0246016789756327,303.4280618149039,77.4588843351205,6.0,191.06493506493507,420.8333333333333,0.0,5.0,0.0395939269487018,0.4751271233844221,0.8857242064678479,True,True
25-BR546.UFMu-00589.2025-06-16-11-47.NJ3HL.000030110930,2025-IA_Bruner_UFMu,25-BR546.UFMu-00589,2025-06-16 11:47:00,2025-06-16,True,37,39.7405329593268,0.0071805918110299,1.285007012801997,519.8,-3.993875234215308,6.476801553112427,0.0057549080790826,569.508081561832,160.9715600102798,14.0,311.2,831.0,0.0,13.0,0.0060291842003966,0.0723502104047592,0.1318527644482572,True,True
25-BR546.UFMu-00589.2025-06-17-11-51.NJ3HL.000030110930,2025-IA_Bruner_UFMu,25-BR546.UFMu-00589,2025-06-17 11:51:00,2025-06-17,True,28,39.846681096681095,0.0067074427435198,0.7289582393245808,517.7755753018912,-4.031441337944482,6.500198023351158,-4.912363114151219e-05,554.551742120868,160.27679377219616,14.0,295.6140350877193,813.3896103896104,0.0,13.0,0.0074320080050921,0.0891840960611062,0.1510500190920183,True,True
25-BR546.UFMu-00589.2025-06-18-11-41.NJ3HL.000030110930,2025-IA_Bruner_UFMu,25-BR546.UFMu-00589,2025-06-18 11:41:00,2025-06-18,True,22,39.85139061851385,0.0015830188222443,0.7034822183136409,516.4815777042986,-4.030218136858881,6.499438195143437,0.0001393668046132,554.42941085541,159.9430172208134,14.0,296.1896551724138,812.6712328767123,0.0,13.0,0.0063148602274244,0.0757783227290936,0.1444256788298119,True,True
25-BR546.UFMu-00589.2025-06-19-11-46.NJ3HL.000030110930,2025-IA_Bruner_UFMu,25-BR546.UFMu-00589,2025-06-19 11:46:00,2025-06-19,True,33,39.8668468468469,0.005824407761485,0.7169403723240502,517.4500253678336,-4.033410413540735,6.501418614962178,-0.0003519156455409,553.3023788387129,160.1935365573889,14.0,294.48148148148147,811.931506849315,0.0,13.0,0.0072406196235203,0.0868874354822441,0.1348545617737642,True,True
25-BR546.UFMu-00589.2025-06-20-11-49.NJ3HL.000030110930,2025-IA_Bruner_UFMu,25-BR546.UFMu-00589,2025-06-20 11:49:00,2025-06-20,True,52,39.69269919269914,0.0066933156746544,0.5630456082905803,516.0036382536382,-4.038194718209514,6.504384548743747,-0.001087675801787,551.716703861871,159.80562368582426,14.0,293.4423076923077,809.4459459459459,0.0,13.0,0.0088391549864378,0.1060698598372546,0.2280201861262973,True,True
25-BR546.UFMu-00589.2025-06-21-11-38.NJ3HL.000030110930,2025-IA_Bruner_UFMu,25-BR546.UFMu-00589,2025-06-21 11:38:00,2025-06-21,True,119,39.94713486397836,0.0165014584952623,1.1299387874945297,519.3978494623656,-3.97294038207892,6.463676211207222,0.0090111187641719,544.448612327495,160.88087185690964,14.0,287.0,806.3978494623656,0.0,13.0,0.005094773570582,0.0611372828469841,0.1072560497512924,True,True
25-BR546.UFMu-00589.2025-06-22-11-42.NJ3HL.000030110930,2025-IA_Bruner_UFMu,25-BR546.UFMu-00589,2025-06-22 11:42:00,2025-06-22,True,137,39.58110761979572,0.0099077397471368,0.9116665350995748,515.4242424242425,-3.998781761630181,6.479870156258563,0.0049936575661728,554.1836335581623,159.79573242882557,14.0,297.5757575757576,813.0,0.0,13.0,0.0075954896702373,0.0911458760428484,0.257237171691294,True,True
25-BR546.UFMu-00589.2025-06-27-11-44.NJ3HL.000030110930,2025-IA_Bruner_UFMu,25-BR546.UFMu-00589,2025-06-27 11:44:00,2025-06-27,True,200,39.02586206896552,0.0025847951802865,0.1649424754654955,234.67271425161132,-1.9914578326371084,2.994295334700697,0.0028523462775797,417.1907363602999,78.13918707401213,7.0,300.1864406779661,534.8591549295775,0.0,6.0,0.0037005519093681,0.0444066229124179,0.0847851110860782,True,True
25-BR546.UFMu-00589.2025-07-02-11-44.NJ3HL.000030110930,2025-IA_Bruner_UFMu,25-BR546.UFMu-00589,2025-07-02 11:44:00,2025-07-02,True,189,39.03688524590166,0.0068738776074039,2.4998755932061,284.9962162162162,-2.182481495716968,3.427515794378734,0.0316559810197114,441.9454193387634,91.72368315158492,8.0,304.22,589.2162162162163,0.0,7.0,0.0526125871627254,0.6313510459527049,1.2382383690066794,True,True
25-BR546.UFMu-00589.2025-07-04-11-38.NJ3HL.000030110930,2025-IA_Bruner_UFMu,25-BR546.UFMu-00589,2025-07-04 11:38:00,2025-07-04,True,250,39.15640273704787,0.0048971881735183,2.335175774684477,283.8666666666667,-2.1997563646016656,3.439171270243732,0.0265600458224537,439.5843704446845,91.64833990875044,8.0,301.6333333333333,585.5,0.0,7.0,0.0429671505745092,0.5156058068941105,0.983523410364695,True,True
25-BR546.UFMu-00589.2025-07-05-11-52.NJ3HL.000030110930,2025-IA_Bruner_UFMu,25-BR546.UFMu-00589,2025-07-05 11:52:00,2025-07-05,True,66,39.07465321563683,0.0024457123923984,0.3304109603525955,273.9122807017544,-2.2768949137735857,3.490550365167317,0.0041241905508973,439.4517935244639,89.60439463931506,8.0,303.0877192982456,577.0,0.0,7.0,0.0035706089664968,0.0428473075979624,0.0914278894213262,True,True
25-BR546.UFMu-00589.2025-07-06-11-41.NJ3HL.000030110930,2025-IA_Bruner_UFMu,25-BR546.UFMu-00589,2025-07-06 11:41:00,2025-07-06,True,96,39.16422346840878,0.0035077487321668,0.2378543921464002,234.7065217391304,-1.994605909713549,2.996399704243295,0.0018001509001575,418.40171201619154,78.25752063883645,7.0,301.25,535.9565217391304,0.0,6.0,0.0019283086811036,0.0231397041732436,0.0454665058873402,True,True
25-BR546.UFMu-00589.2025-07-07-11-42.NJ3HL.000030110930,2025-IA_Bruner_UFMu,25-BR546.UFMu-00589,2025-07-07 11:42:00,2025-07-07,True,96,39.0303884711779,0.0065676158052299,2.156923518641522,324.7314285714285,-2.988982931029128,4.574187377922408,-0.0258514765682811,435.7145587181061,107.1754593521001,10.0,269.42857142857144,594.16,0.0,9.0,0.1031061583724017,1.237273900468821,2.183299151308491,True,False
25-BR546.UFMu-00589.2025-07-08-11-45.NJ3HL.000030110930,2025-IA_Bruner_UFMu,25-BR546.UFMu-00589,2025-07-08 11:45:00,2025-07-08,True,44,39.16869565217394,0.0056244256994418,0.6944199566705486,315.6914893617021,-2.5584185098258816,3.9847440530158624,0.0059087725038806,457.1455148695224,101.5047533076104,9.0,300.5,616.1914893617021,0.0,8.0,0.0141384850463435,0.1696618205561227,0.3647401365533227,True,True
25-BR546.UFMu-00589.2025-07-09-11-50.NJ3HL.000030110930,2025-IA_Bruner_UFMu,25-BR546.UFMu-00589,2025-07-09 11:50:00,2025-07-09,True,157,39.26630434782607,0.0033908666029524,2.436009347626317,265.2648648648648,-2.3709777884072607,3.5516392919132738,-0.022547031540212,436.3244638454333,88.21157676631614,8.0,300.1351351351352,565.4,0.0,7.0,0.0520523866058611,0.6246286392703333,1.2412207778276605,True,True
25-BR546.UFMu-00589.2025-07-10-11-38.NJ3HL.000030110930,2025-IA_Bruner_UFMu,25-BR546.UFMu-00589,2025-07-10 11:38:00,2025-07-10,True,113,39.359249887539335,0.0049539751145397,1.0247635998852749,315.4055944055944,-2.57265785985544,3.993999941153212,0.0023238639582907,455.2540922272067,101.40319021701684,9.0,298.2307692307692,613.6363636363636,0.0,8.0,0.0162556671253592,0.1950680055043107,0.4833069724861598,True,True
25-BR546.UFMu-00589.2025-07-11-11-43.NJ3HL.000030110930,2025-IA_Bruner_UFMu,25-BR546.UFMu-00589,2025-07-11 11:43:00,2025-07-11,True,36,38.96892018779343,0.0033823303108615,1.5919081809018516,293.6769230769231,-2.615284030111534,4.022198163685256,-0.0086020111287332,417.6701993378231,97.69696160041084,9.0,268.9230769230769,562.6,0.0,8.0,0.0835605362145088,1.0027264345741056,1.7323678824018711,True,False
25-BR546.UFMu-00589.2025-07-12-11-48.NJ3HL.000030110930,2025-IA_Bruner_UFMu,25-BR546.UFMu-00589,2025-07-12 11:48:00,2025-07-12,True,14,39.22918008348239,0.003787889320613,0.2813305370261505,314.89898989898995,-2.567822593160938,3.9908338859513104,0.0035500430930373,456.4556551411898,101.5431180189955,9.0,299.55555555555554,614.4545454545455,0.0,8.0,0.0043777721103269,0.0525332653239232,0.1254139330588035,True,True
25-BR546.UFMu-00589.2025-07-13-11-43.NJ3HL.000030110930,2025-IA_Bruner_UFMu,25-BR546.UFMu-00589,2025-07-13 11:43:00,2025-07-13,True,44,39.2042545831892,0.0046344350410158,0.4482318604686805,307.0555555555556,-2.519010570480116,3.959019716470928,0.0158745461867995,418.38664114492656,100.13818522000888,9.0,267.8333333333333,574.8888888888889,0.0,8.0,0.0353386879685766,0.4240642556229193,0.8151805783029822,True,True
25-BR546.UFMu-00589.2025-07-14-11-48.NJ3HL.000030110930,2025-IA_Bruner_UFMu,25-BR546.UFMu-00589,2025-07-14 11:48:00,2025-07-14,True,250,39.15384615384613,0.0029469548133587,0.3358050602483595,275.2304147465438,-2.281606368864868,3.4936512496179875,0.0027708343880372,437.0060854623359,89.9995150533594,8.0,299.7857142857143,575.016129032258,0.0,7.0,0.004093211765533,0.0491185411863965,0.0856656935273925,True,True
25-BR546.UFMu-00589.2025-07-15-12-06.NJ3HL.000030110930,2025-IA_Bruner_UFMu,25-BR546.UFMu-00589,2025-07-15 12:06:00,2025-07-15,True,159,39.17567567567568,0.0012023850588872,1.092963184567962,277.62857142857143,-2.2610306094416277,3.4800891155714746,0.0086902241008735,437.9378739819289,90.48381102169382,8.0,300.37142857142857,578.0,0.0,7.0,0.0133500124088925,0.160200148906711,0.2693939399142104,True,True
25-BR546.UFMu-00589.2025-07-16-11-43.NJ3HL.000030110930,2025-IA_Bruner_UFMu,25-BR546.UFMu-00589,2025-07-16 11:43:00,2025-07-16,True,9,39.02024842537779,0.0019721650919827,0.2343906400624959,233.6021978021978,-1.9933074942192408,2.995531559591246,0.002234225566533,419.9813958520603,77.91082028475812,7.0,303.42857142857144,537.0307692307692,0.0,6.0,0.0020641478447614,0.024769774137137,0.054531738668853,True,True
25-BR546.UFMu-00589.2025-07-17-11-46.NJ3HL.000030110930,2025-IA_Bruner_UFMu,25-BR546.UFMu-00589,2025-07-17 11:46:00,2025-07-17,True,82,39.0,0.0035778175313065,0.1272222445922622,195.10169491525423,-1.7079122579819652,2.5000603434031627,-3.5333503892509555e-05,400.5352326550657,66.65815125273043,6.0,303.0,498.1016949152543,0.0,5.0,0.0020293315392975,0.0243519784715705,0.0395781698631907,True,True
25-BR546.UFMu-00589.2025-07-18-11-50.NJ3HL.000030110930,2025-IA_Bruner_UFMu,25-BR546.UFMu-00589,2025-07-18 11:50:00,2025-07-18,True,9,39.06303418803418,0.0023649472203426,0.338002522014781,234.8357487922705,-1.9962183511955287,2.997477145983862,0.0012614283556788,418.8771274619101,78.26000291452627,7.0,301.60869565217394,536.4444444444445,0.0,6.0,0.0019402486932858,0.0232829843194302,0.041916404039159,True,True
25-BR546.UFMu-00589.2025-07-19-11-39.NJ3HL.000030110930,2025-IA_Bruner_UFMu,25-BR546.UFMu-00589,2025-07-19 11:39:00,2025-07-19,True,77,39.27629233511584,0.00433421076518,0.2041584927498336,196.3333333333333,-1.706978900672607,2.4994234756039058,0.000337578626893,395.300743122802,67.10429454925914,6.0,297.11764705882354,493.4509803921569,0.0,5.0,0.00291729295092,0.0350075154110408,0.0659218766568074,True,True
25-BR546.UFMu-00589.2025-07-20-11-43.NJ3HL.000030110930,2025-IA_Bruner_UFMu,25-BR546.UFMu-00589,2025-07-20 11:43:00,2025-07-20,True,58,39.10294117647061,0.0060525266026785,0.3234656674168114,195.219696969697,-1.717514012423601,2.506602822278887,-0.0038662485394822,394.6514749256346,66.77758978956403,6.0,296.75,491.969696969697,0.0,5.0,0.0040073422425991,0.0480881069111896,0.0631337255090898,True,True
25-BR546.UFMu-00589.2025-07-21-11-46.NJ3HL.000030110930,2025-IA_Bruner_UFMu,25-BR546.UFMu-00589,2025-07-21 11:46:00,2025-07-21,True,7,39.01392572944292,0.0007532724192439,0.1913204766435118,195.5076312576312,-1.7047878134910663,2.497923577219321,0.0012158297061919,396.0148855948135,66.76248791618504,6.0,298.36538461538464,493.8730158730159,0.0,5.0,0.0013181455689274,0.0158177468271298,0.0277336502403811,True,True
25-BR546.UFMu-00589.2025-07-22-11-51.NJ3HL.000030110930,2025-IA_Bruner_UFMu,25-BR546.UFMu-00589,2025-07-22 11:51:00,2025-07-22,True,58,39.22627314814815,0.0017851083605033,0.2077743865506353,195.7992831541219,-1.7103624127087311,2.5017326643227547,-0.0010145453254817,395.51447998682846,66.83975177657128,6.0,297.55555555555554,493.35483870967744,0.0,5.0,0.0018579228592238,0.0222950743106861,0.0422652150005724,True,True
25-BR546.UFMu-00589.2025-07-23-11-50.NJ3HL.000030110930,2025-IA_Bruner_UFMu,25-BR546.UFMu-00589,2025-07-23 11:50:00,2025-07-23,True,250,39.232608695652175,0.0048207458303319,0.1812631365498458,196.18719806763283,-1.7066244154397774,2.499180863951715,0.0004796375733806,395.2070692431562,67.04216756051709,6.0,297.17391304347825,493.3611111111111,0.0,5.0,0.00264576652085,0.0317491982502009,0.0594023092620483,True,True
25-BR546.UFMu-00589.2025-07-24-11-40.NJ3HL.000030110930,2025-IA_Bruner_UFMu,25-BR546.UFMu-00589,2025-07-24 11:40:00,2025-07-24,True,14,39.15263157894736,0.0008270263042414,0.1639084678418317,156.71999999999997,-1.4145085518538658,2.0002088865521475,-0.0001477051459755,375.84047646895016,55.42580503337906,5.0,297.48,454.2,0.0,4.0,0.0011320036371905,0.0135840436462861,0.0240372136789996,True,True
25-BR546.UFMu-00589.2025-07-25-11-50.NJ3HL.000030110930,2025-IA_Bruner_UFMu,25-BR546.UFMu-00589,2025-07-25 11:50:00,2025-07-25,True,7,39.228309481216456,0.0025205057961962,0.1375885986200054,157.00800609988562,-1.4122196706224086,1.9985894996456897,0.0009973751490186,375.5755574085889,55.500081539749296,5.0,297.13953488372096,454.1475409836066,0.0,4.0,0.0013220346953345,0.015864416344014,0.0246665353193247,True,True
25-BR546.UFMu-00589.2025-07-26-11-49.NJ3HL.000030110930,2025-IA_Bruner_UFMu,25-BR546.UFMu-00589,2025-07-26 11:49:00,2025-07-26,True,152,39.23492063492063,0.0029533133748675,0.2742152340160648,186.6,-1.6123799485526895,2.4333272123344094,0.0390744372521343,357.43039591315454,64.71486974713561,6.0,267.4,454.0,0.0,5.0,0.046912346703743,0.5629481604449165,1.0493719574931824,True,True
25-BR546.UFMu-00589.2025-07-27-11-39.NJ3HL.000030110930,2025-IA_Bruner_UFMu,25-BR546.UFMu-00589,2025-07-27 11:39:00,2025-07-27,True,250,22.04499999999996,0.1217963256974348,1.5078522192266686,98.05614035087716,-1.919304745385496,2.636493419813464,-0.0801723331366455,772.5368567251462,33.068800276696834,6.0,720.4,818.4561403508771,0.0,5.0,0.0630877331578964,0.7570527978947577,1.375249846501564,True,True
25-BR546.UFMu-00589.2025-07-28-11-50.NJ3HL.000030110930,2025-IA_Bruner_UFMu,25-BR546.UFMu-00589,2025-07-28 11:50:00,2025-07-28,False,114,,,,,,,,,,,,,,,,,,,False
25-BR546.UFMu-00589.2025-07-29-06-06.NJ3HL.000030110930,2025-IA_Bruner_UFMu,25-BR546.UFMu-00589,2025-07-29 06:06:00,2025-07-29,False,3,,,,,,,,,,,,,,,,,,,False
25-W577.W22_R1-r_x_UFMu-10960.2025-06-10-13-41.NJ2J6.000030109794,2025-IA_Woodruff_UFMu,25-W577.W22_R1-r_x_UFMu-10960,2025-06-10 13:41:00,2025-06-10,True,43,46.34565434565434,0.0343943625972382,0.3822660449100034,324.7517959770115,-2.350739164381125,3.5384356473789085,-0.0167765095089986,291.38997235966065,106.35399901680056,8.0,126.75862068965516,451.5104166666667,0.0,7.0,0.003673114741868,0.0440773769024164,0.073928502131249,True,True
25-W577.W22_R1-r_x_UFMu-10960.2025-06-11-11-43.NJ2J6.000030109794,2025-IA_Woodruff_UFMu,25-W577.W22_R1-r_x_UFMu-10960,2025-06-11 11:43:00,2025-06-11,True,44,46.25882352941176,0.029136995591726,0.4214885045027233,324.2740890688259,-2.353335604723137,3.5400909108446528,-0.0174991546840828,289.6869652967548,106.15451341560188,8.0,125.1153846153846,449.38947368421054,0.0,7.0,0.0020174706615296,0.0242096479383561,0.0465038197197706,True,True
25-W577.W22_R1-r_x_UFMu-10960.2025-06-12-11-48.NJ2J6.000030109794,2025-IA_Woodruff_UFMu,25-W577.W22_R1-r_x_UFMu-10960,2025-06-12 11:48:00,2025-06-12,True,29,46.9705357142857,0.0255433291641342,0.3845698836950048,282.1887031408308,-2.052154518802044,3.0343270417585777,-0.017165448388722,259.82570487505126,94.17347935245682,7.0,116.72619047619048,398.9148936170213,0.0,6.0,0.0040684190527078,0.0488210286324938,0.0826974382436951,True,True
25-W577.W22_R1-r_x_UFMu-10960.2025-06-17-11-51.NJ2J6.000030109794,2025-IA_Woodruff_UFMu,25-W577.W22_R1-r_x_UFMu-10960,2025-06-17 11:51:00,2025-06-17,True,62,48.57696759259258,0.0311224945342155,0.2367895042121731,290.4666344294004,-2.0675972490433936,3.0443227232856565,-0.0221654664509878,258.4416927740099,96.93545505896545,7.0,110.52272727272728,400.98936170212767,0.0,6.0,0.0035777789422674,0.0429333473072098,0.0559867380921232,True,True
25-W577.W22_R1-r_x_UFMu-10960.2025-06-18-11-41.NJ2J6.000030109794,2025-IA_Woodruff_UFMu,25-W577.W22_R1-r_x_UFMu-10960,2025-06-18 11:41:00,2025-06-18,True,67,48.99193630703277,0.0289070458332181,2.2541654030239195,345.5604395604396,-2.2890122221099647,3.498830634559073,0.0005104619688847,286.2849939090403,111.5381799301922,8.0,114.58241758241758,460.1428571428572,0.0,7.0,0.0473265164362363,0.5679181972348367,1.14634511901132,True,True
25-W577.W22_R1-r_x_UFMu-10960.2025-06-19-11-45.NJ2J6.000030109794,2025-IA_Woodruff_UFMu,25-W577.W22_R1-r_x_UFMu-10960,2025-06-19 11:45:00,2025-06-19,True,250,47.75643130815541,0.0240594257398052,0.1923323803523471,238.33846153846156,-1.7550590513313218,2.5318187655813458,-0.0186335271765138,288.56801524396366,81.42427366235604,6.0,167.66153846153847,406.0,0.0,5.0,0.0008240278323515,0.0098883339882185,0.01585473795277,True,True
25-W577.W22_R1-r_x_UFMu-10960.2025-06-20-11-45.NJ2J6.000030109794,2025-IA_Woodruff_UFMu,25-W577.W22_R1-r_x_UFMu-10960,2025-06-20 11:45:00,2025-06-20,True,93,46.36658506731948,0.0238355616664671,0.1363130346229374,276.77029947514666,-2.0483179281149635,3.0318310540450857,-0.015917056236117,267.13978403304526,92.33968093397068,7.0,126.95121951219512,403.72151898734177,0.0,6.0,0.00326476067197,0.0391771280636401,0.0629038312245526,True,True
25-W577.W22_R1-r_x_UFMu-10960.2025-06-21-11-48.NJ2J6.000030109794,2025-IA_Woodruff_UFMu,25-W577.W22_R1-r_x_UFMu-10960,2025-06-21 11:48:00,2025-06-21,True,64,46.29963570127504,0.0138554983113674,0.0868674359135647,185.22693452380952,-1.4358886418989971,2.0152053879739764,-0.0107522766125653,308.6366117303453,65.4883053422614,5.0,215.296875,400.5238095238095,0.0,4.0,0.0017933426434377,0.0215201117212527,0.0344985084057114,True,True
25-W577.W22_R1-r_x_UFMu-10960.2025-06-22-11-44.NJ2J6.000030109794,2025-IA_Woodruff_UFMu,25-W577.W22_R1-r_x_UFMu-10960,2025-06-22 11:44:00,2025-06-22,False,87,,,,,,,,,,,,,,,,,,,False
25-W577.W22_R1-r_x_UFMu-10960.2025-06-23-11-48.NJ2J6.000030109794,2025-IA_Woodruff_UFMu,25-W577.W22_R1-r_x_UFMu-10960,2025-06-23 11:48:00,2025-06-23,True,72,46.84052287581699,0.021260157324011,2.4710473293406947,242.3359788359789,-1.6449103230962596,2.4566459860674392,0.0254010125757324,334.471370947735,81.54823079382155,6.0,216.09259259259255,458.4285714285714,0.0,5.0,0.0455108071372122,0.5461296856465465,1.015683079000559,True,True
25-W577.W22_R1-r_x_UFMu-10960.2025-06-24-11-51.NJ2J6.000030109794,2025-IA_Woodruff_UFMu,25-W577.W22_R1-r_x_UFMu-10960,2025-06-24 11:51:00,2025-06-24,True,66,45.20083184789067,0.0890061240030906,2.389946017444096,184.16666666666669,-1.259105374175762,1.8836279234508808,0.0824955976616204,361.29351464558215,65.0390005410723,5.0,274.8333333333333,459.0,0.0,4.0,0.0237093809511123,0.2845125714133477,0.4603283881041839,True,True
25-W577.W22_R1-r_x_UFMu-10960.2025-06-25-11-40.NJ2J6.000030109794,2025-IA_Woodruff_UFMu,25-W577.W22_R1-r_x_UFMu-10960,2025-06-25 11:40:00,2025-06-25,True,173,46.72488584474888,0.0251345071793447,0.205127748902965,232.28472510732584,-1.7460533818566732,2.525821430420644,-0.0151207581841226,287.2937195716935,79.38759210864991,6.0,169.80722891566265,402.0919540229885,0.0,5.0,0.0024008464803912,0.0288101577646952,0.0483803343325721,True,True
25-W577.W22_R1-r_x_UFMu-10960.2025-06-26-11-45.NJ2J6.000030109794,2025-IA_Woodruff_UFMu,25-W577.W22_R1-r_x_UFMu-10960,2025-06-26 11:45:00,2025-06-26,True,96,42.62154631994429,0.0097396829201412,1.3768264561003307,310.78571428571433,-2.1987743529450454,3.438759595963789,0.0267440426492888,319.9684845364178,99.9770308465529,8.0,169.35714285714286,480.1428571428572,0.0,7.0,0.0580393804116098,0.6964725649393182,1.4238751778707757,True,True
25-W577.W22_R1-r_x_UFMu-10960.2025-06-27-11-49.NJ2J6.000030109794,2025-IA_Woodruff_UFMu,25-W577.W22_R1-r_x_UFMu-10960,2025-06-27 11:49:00,2025-06-27,True,93,43.6469298245614,0.0097310417061208,0.1299662803852023,260.4307692307692,-2.0269482059799198,3.0178472757598707,-0.0089239150621893,278.8130548729956,86.8878095287477,7.0,147.64615384615385,408.0769230769231,0.0,6.0,0.0031955745460253,0.0383468945523036,0.0700515909986467,True,True
25-W577.W22_R1-r_x_UFMu-10960.2025-06-28-11-38.NJ2J6.000030109794,2025-IA_Woodruff_UFMu,25-W577.W22_R1-r_x_UFMu-10960,2025-06-28 11:38:00,2025-06-28,True,183,49.92519735166795,0.14371241246666,3.0264596969374438,240.02929292929295,-1.49682867471242,2.3472339423822173,0.0898123031691282,478.8029524941289,81.28101639027626,6.0,366.2888888888889,606.3181818181819,0.0,5.0,0.0772473547450223,0.9269682569402684,1.7233355963057324,True,True
25-W577.W22_R1-r_x_UFMu-10960.2025-06-29-11-43.NJ2J6.000030109794,2025-IA_Woodruff_UFMu,25-W577.W22_R1-r_x_UFMu-10960,2025-06-29 11:43:00,2025-06-29,True,35,42.96904430980629,0.0068718729980071,0.169589284735151,256.3592677345538,-2.019922424324855,3.0132197844454733,-0.0066100194145963,283.5820659814886,85.54636132232737,7.0,154.68421052631578,411.0434782608696,0.0,6.0,0.0048332862727134,0.057999435272561,0.1059139827349975,True,True
25-W577.W22_R1-r_x_UFMu-10960.2025-06-30-11-46.NJ2J6.000030109794,2025-IA_Woodruff_UFMu,25-W577.W22_R1-r_x_UFMu-10960,2025-06-30 11:46:00,2025-06-30,True,62,43.45467349551858,0.0133135358523642,0.0925000074357701,260.4304310712762,-2.025256859160132,3.016733673601417,-0.0083670633199739,279.38961984807054,86.87779457360006,7.0,148.28787878787878,408.7183098591549,0.0,6.0,0.0026231323450308,0.0314775881403701,0.05788679621525,True,True
25-W577.W22_R1-r_x_UFMu-10960.2025-07-01-11-46.NJ2J6.000030109794,2025-IA_Woodruff_UFMu,25-W577.W22_R1-r_x_UFMu-10960,2025-07-01 11:46:00,2025-07-01,True,218,41.40006265664161,0.0256468077700168,3.7734765428553234,244.20369003690035,-2.074060714685791,3.048526623974745,-0.02426954117447,490.0871874544029,81.42288301945885,7.0,365.8,610.0036900369004,0.0,6.0,0.0173604757676108,0.2083257092113296,0.3893690627406521,True,True
25-W577.W22_R1-r_x_UFMu-10960.2025-07-02-11-51.NJ2J6.000030109794,2025-IA_Woodruff_UFMu,25-W577.W22_R1-r_x_UFMu-10960,2025-07-02 11:51:00,2025-07-02,True,167,43.64103194103194,0.0220383609013733,3.4387617157773835,446.00711912672045,-3.0695944856182904,4.9412374854134224,0.018590788264631,366.7046952312536,139.43388374501393,11.0,147.55102040816325,593.5581395348837,0.0,10.0,0.0784812802718644,0.9417753632623738,2.4080016430091487,True,True
25-W577.W22_R1-r_x_UFMu-10960.2025-07-03-11-39.NJ2J6.000030109794,2025-IA_Woodruff_UFMu,25-W577.W22_R1-r_x_UFMu-10960,2025-07-03 11:39:00,2025-07-03,True,215,42.62530637254903,0.0248239905526301,0.7762279207112179,425.76143011917657,-3.247731706222226,5.053386991599546,-0.0168844305820714,363.4799972784732,135.09029065492177,11.0,146.92307692307693,572.6845070422535,0.0,10.0,0.0118148600088911,0.141778320106694,0.2940207282718016,True,True
25-W577.W22_R1-r_x_UFMu-10960.2025-07-04-11-40.NJ2J6.000030109794,2025-IA_Woodruff_UFMu,25-W577.W22_R1-r_x_UFMu-10960,2025-07-04 11:40:00,2025-07-04,True,191,42.72169811320754,0.0243489576665171,1.4862054977224788,427.1317204301075,-3.230045651547012,5.0424388605420125,-0.0134213095982644,363.3883947197663,135.0658832224255,11.0,147.33333333333334,574.4650537634409,0.0,10.0,0.005615112647211,0.0673813517665321,0.134821683560343,True,True
25-W577.W22_R1-r_x_UFMu-10960.2025-07-05-11-42.NJ2J6.000030109794,2025-IA_Woodruff_UFMu,25-W577.W22_R1-r_x_UFMu-10960,2025-07-05 11:42:00,2025-07-05,True,45,43.58591446245262,0.0047008300164342,0.0959520872556925,259.60947295100993,-2.021994508004995,3.014586666411524,-0.007293498344171,280.90321307630427,86.63656059501514,7.0,150.32203389830508,409.93150684931504,0.0,6.0,0.0047062123900521,0.0564745486806258,0.1072485655897326,True,True
25-W577.W22_R1-r_x_UFMu-10960.2025-07-06-11-47.NJ2J6.000030109794,2025-IA_Woodruff_UFMu,25-W577.W22_R1-r_x_UFMu-10960,2025-07-06 11:47:00,2025-07-06,True,135,43.59517241379311,0.0106623637542909,0.2205054746118989,260.65671641791045,-2.022331646529285,3.014806727940338,-0.0074035239249425,280.167940547717,86.94871655888304,7.0,149.0,409.6567164179105,0.0,6.0,0.0029669925709935,0.0356039108519222,0.0527561536165954,True,True
25-W577.W22_R1-r_x_UFMu-10960.2025-07-07-11-45.NJ2J6.000030109794,2025-IA_Woodruff_UFMu,25-W577.W22_R1-r_x_UFMu-10960,2025-07-07 11:45:00,2025-07-07,True,125,43.73865414710485,0.0155730752334339,0.2225053318963973,304.1828168552222,-2.322913593036376,3.520566376709568,-0.0089761854143346,300.72956312149705,99.5569607147474,8.0,147.50877192982455,451.6915887850468,0.0,7.0,0.0029393569266637,0.0352722831199647,0.0703112590451997,True,True
25-W577.W22_R1-r_x_UFMu-10960.2025-07-08-11-43.NJ2J6.000030109794,2025-IA_Woodruff_UFMu,25-W577.W22_R1-r_x_UFMu-10960,2025-07-08 11:43:00,2025-07-08,True,80,43.79661016949152,0.0067100269649458,0.1212599964079223,303.1642857142857,-2.325878803123298,3.5224819204822646,-0.0098122903879467,300.8568376180904,99.32971589454247,8.0,148.03571428571428,451.2,0.0,7.0,0.0042372792682019,0.0508473512184237,0.1017946767760804,True,True
25-W577.W22_R1-r_x_UFMu-10960.2025-07-09-11-41.NJ2J6.000030109794,2025-IA_Woodruff_UFMu,25-W577.W22_R1-r_x_UFMu-10960,2025-07-09 11:41:00,2025-07-09,True,190,43.132738095238096,0.0229658787324326,2.1693306637792307,374.6046511627907,-3.0179076072537843,4.591147384048222,-0.0317525578094857,342.9140953126356,121.67599752117276,10.0,148.3953488372093,523.0,0.0,9.0,0.0626820852557859,0.7521850230694309,1.56779257019151,True,True
25-W577.W22_R1-r_x_UFMu-10960.2025-07-10-11-39.NJ2J6.000030109794,2025-IA_Woodruff_UFMu,25-W577.W22_R1-r_x_UFMu-10960,2025-07-10 11:39:00,2025-07-10,True,153,43.21016483516482,0.0238420701274763,0.207629103188472,345.65847457627115,-2.6343875366334064,4.033500087513886,-0.0129753896346631,315.7213395223365,111.69165151409857,9.0,140.85,486.5084745762712,0.0,8.0,0.0048463350618702,0.0581560207424431,0.0914734969220703,True,True
25-W577.W22_R1-r_x_UFMu-10960.2025-07-11-11-38.NJ2J6.000030109794,2025-IA_Woodruff_UFMu,25-W577.W22_R1-r_x_UFMu-10960,2025-07-11 11:38:00,2025-07-11,True,88,43.73920265780731,0.0130679933665009,0.2306397197263865,303.78646119977986,-2.329253037725408,3.524656974461364,-0.0107616768220282,294.3893202866342,99.51434654246984,8.0,141.126582278481,444.9130434782609,0.0,7.0,0.0041162293727149,0.0493947524725797,0.0889817401800368,True,True
25-W577.W22_R1-r_x_UFMu-10960.2025-07-12-11-50.NJ2J6.000030109794,2025-IA_Woodruff_UFMu,25-W577.W22_R1-r_x_UFMu-10960,2025-07-12 11:50:00,2025-07-12,True,111,43.75958254269449,0.017723484530661,3.062803825661373,379.54210526315785,-2.995643022644861,4.577440990562599,-0.0269732603837056,336.0450556390932,122.87366281432838,10.0,140.0222222222222,519.5643274853801,0.0,9.0,0.0530768443654557,0.6369221323854687,1.3959284008951078,True,True
25-W577.W22_R1-r_x_UFMu-10960.2025-07-13-11-50.NJ2J6.000030109794,2025-IA_Woodruff_UFMu,25-W577.W22_R1-r_x_UFMu-10960,2025-07-13 11:50:00,2025-07-13,True,90,43.81361560813616,0.016791131165516,0.1770831075305265,305.9601370851371,-2.32356800459931,3.520989019050921,-0.0091606595781335,292.5692210237,100.1297342924114,8.0,138.46031746031747,444.42045454545456,0.0,7.0,0.0029843236366123,0.0358118836393479,0.0540145060121322,True,True
25-W577.W22_R1-r_x_UFMu-10960.2025-07-14-11-47.NJ2J6.000030109794,2025-IA_Woodruff_UFMu,25-W577.W22_R1-r_x_UFMu-10960,2025-07-14 11:47:00,2025-07-14,True,212,43.01439881439882,0.0230878199040702,0.9101024670231074,431.30270270270273,-3.234571692975484,5.045245386958706,-0.0143090335349285,356.5633287596924,136.2011236879392,11.0,138.2972972972973,569.6,0.0,10.0,0.0077679288463272,0.0932151461559268,0.205454610146778,True,True
25-W577.W22_R1-r_x_UFMu-10960.2025-07-15-11-47.NJ2J6.000030109794,2025-IA_Woodruff_UFMu,25-W577.W22_R1-r_x_UFMu-10960,2025-07-15 11:47:00,2025-07-15,True,176,42.95448717948716,0.0220546067372606,0.7165411224046876,388.1571428571429,-2.936815274990038,4.540759593345672,-0.0141917891434291,335.02283101985734,123.82555117198982,10.0,138.5,526.6571428571428,0.0,9.0,0.0037048378693368,0.0444580544320424,0.1116789544929659,True,True
25-W577.W22_R1-r_x_UFMu-10960.2025-07-16-11-45.NJ2J6.000030109794,2025-IA_Woodruff_UFMu,25-W577.W22_R1-r_x_UFMu-10960,2025-07-16 11:45:00,2025-07-16,True,103,42.41286620356385,0.0120060671228878,1.5791192256636506,200.29726205997397,-1.6206825065038182,2.439555575822049,0.0354272007982405,379.7831898754248,69.75926158815413,6.0,282.9230769230769,483.2203389830509,0.0,5.0,0.0575025206574795,0.6900302478897551,1.2600450098037612,True,True
25-W577.W22_R1-r_x_UFMu-10960.2025-07-17-11-44.NJ2J6.000030109794,2025-IA_Woodruff_UFMu,25-W577.W22_R1-r_x_UFMu-10960,2025-07-17 11:44:00,2025-07-17,True,143,43.97156862745095,0.0128017750728666,0.1453457224677019,305.0121885157096,-2.33161837655831,3.526180058861561,-0.0114264994882629,294.4586841220996,99.9610277560689,8.0,140.48076923076923,445.4929577464789,0.0,7.0,0.0041083421048948,0.0493001052587386,0.0648668371126692,True,True
25-W577.W22_R1-r_x_UFMu-10960.2025-07-18-11-42.NJ2J6.000030109794,2025-IA_Woodruff_UFMu,25-W577.W22_R1-r_x_UFMu-10960,2025-07-18 11:42:00,2025-07-18,True,140,43.30456278390656,0.0272511271672506,1.592623375645306,425.7712220149253,-3.2907018494454543,5.079848579642862,-0.0252585420718913,356.7273074889971,134.1272789997462,11.0,140.11940298507463,565.890625,0.0,10.0,0.0402180303404973,0.4826163640859686,1.3110247897988412,True,True
25-W577.W22_R1-r_x_UFMu-10960.2025-07-19-11-38.NJ2J6.000030109794,2025-IA_Woodruff_UFMu,25-W577.W22_R1-r_x_UFMu-10960,2025-07-19 11:38:00,2025-07-19,True,130,44.23106546854939,0.0163687788108357,0.2364308149582473,309.025,-2.345092214094613,3.534825645306855,-0.0152005070886951,297.5188538895442,101.18819534239792,8.0,140.925,449.95,0.0,7.0,0.003080099219864,0.036961190638369,0.0662934239468633,True,True
25-W577.W22_R1-r_x_UFMu-10960.2025-07-20-11-39.NJ2J6.000030109794,2025-IA_Woodruff_UFMu,25-W577.W22_R1-r_x_UFMu-10960,2025-07-20 11:39:00,2025-07-20,True,108,44.98228725452447,0.0141558022810213,0.1557476819560276,223.44912280701757,-1.7338389014295306,2.51763472567576,-0.0103262489436333,253.4798507824918,76.3695879128805,6.0,140.86666666666667,364.3157894736842,0.0,5.0,0.0022584818299035,0.0271017819588425,0.0438176404379735,True,True
25-W577.W22_R1-r_x_UFMu-10960.2025-07-21-11-39.NJ2J6.000030109794,2025-IA_Woodruff_UFMu,25-W577.W22_R1-r_x_UFMu-10960,2025-07-21 11:39:00,2025-07-21,True,89,44.84175084175087,0.0142806632690892,0.1207876987929273,223.84508547008548,-1.735847090380822,2.518983906420908,-0.0111163425732341,253.38833783267617,76.44997185958306,6.0,140.47435897435898,364.31944444444446,0.0,5.0,0.0012008624659581,0.0144103495914978,0.0245572597029344,True,True
25-W577.W22_R1-r_x_UFMu-10960.2025-07-22-11-52.NJ2J6.000030109794,2025-IA_Woodruff_UFMu,25-W577.W22_R1-r_x_UFMu-10960,2025-07-22 11:52:00,2025-07-22,True,92,44.96532091097308,0.0068690557926047,0.2396598888513185,180.0094549499444,-1.4256059250686597,2.008021846182557,-0.0056723663671571,231.9751129504372,63.633199790171766,5.0,141.60344827586206,321.61290322580646,0.0,4.0,0.0006606385480582,0.0079276625766984,0.0137385413800732,True,True
25-W577.W22_R1-r_x_UFMu-10960.2025-07-23-11-49.NJ2J6.000030109794,2025-IA_Woodruff_UFMu,25-W577.W22_R1-r_x_UFMu-10960,2025-07-23 11:49:00,2025-07-23,True,183,44.625000000000014,0.0135590468071281,0.281923791616222,265.94002998500747,-2.034077009675828,3.022529744412083,-0.011265433318532,277.15496173649336,88.69602709770537,7.0,142.95652173913044,408.8965517241379,0.0,6.0,0.004328807202535,0.0519456864304207,0.1162898311390279,True,True
25-W577.W22_R1-r_x_UFMu-10960.2025-07-24-11-49.NJ2J6.000030109794,2025-IA_Woodruff_UFMu,25-W577.W22_R1-r_x_UFMu-10960,2025-07-24 11:49:00,2025-07-24,True,111,44.693333333333314,0.0236170595350961,0.121904322126544,267.1378542510122,-2.044514977291294,3.0293522558861548,-0.0146773219306188,274.92415743160274,89.08407999985272,7.0,139.72368421052633,406.8615384615385,0.0,6.0,0.0023803091646064,0.0285637099752779,0.0614465973575031,True,True
25-W577.W22_R1-r_x_UFMu-10960.2025-07-25-11-47.NJ2J6.000030109794,2025-IA_Woodruff_UFMu,25-W577.W22_R1-r_x_UFMu-10960,2025-07-25 11:47:00,2025-07-25,True,74,44.76192368839426,0.011425816546166,0.5424269380032678,223.36124031007756,-1.7330639504427006,2.5171128052040728,-0.010020604308345,254.8261102544764,76.33596274127387,6.0,142.26666666666668,365.6279069767442,0.0,5.0,0.0015774490117992,0.0189293881415912,0.0297340720962324,True,True
25-W577.W22_R1-r_x_UFMu-10960.2025-07-26-11-45.NJ2J6.000030109794,2025-IA_Woodruff_UFMu,25-W577.W22_R1-r_x_UFMu-10960,2025-07-26 11:45:00,2025-07-26,True,127,44.81904761904762,0.0198699134084147,0.2341701800171025,264.390625,-2.067838270722264,3.0445129911486464,-0.0222612142691938,274.9439826975941,88.57081160168282,7.0,140.109375,404.5,0.0,6.0,0.0153242371512587,0.183890845815105,0.3142106595662564,True,True
25-W577.W22_R1-r_x_UFMu-10960.2025-07-27-11-43.NJ2J6.000030109794,2025-IA_Woodruff_UFMu,25-W577.W22_R1-r_x_UFMu-10960,2025-07-27 11:43:00,2025-07-27,True,199,44.90488215488216,0.0084278403659061,0.3767052499852865,223.5411690760528,-1.7344635935213784,2.5180590798216342,-0.0105747950004948,255.6055721330916,76.44229912652668,6.0,142.8372093023256,366.3783783783784,0.0,5.0,0.0052670387682083,0.0632044652185002,0.1271889589206365,True,True
25-W577.W22_R1-r_x_UFMu-10960.2025-07-28-11-42.NJ2J6.000030109794,2025-IA_Woodruff_UFMu,25-W577.W22_R1-r_x_UFMu-10960,2025-07-28 11:42:00,2025-07-28,True,163,34.16019570707073,0.0944726755740457,2.423701197216351,178.99350649350652,-1.7456441558736726,2.526911224111687,-0.0157777178586164,730.8351295695046,62.83926642018995,6.0,641.1428571428571,820.1363636363636,0.0,5.0,0.0822840220671718,0.9874082648060624,1.913092873131088,True,True
25-W577.W22_R1-r_x_UFMu-10960.2025-07-29-11-40.NJ2J6.000030109794,2025-IA_Woodruff_UFMu,25-W577.W22_R1-r_x_UFMu-10960,2025-07-29 11:40:00,2025-07-29,True,51,44.98412698412696,0.0194777699364858,0.2207806172703024,225.90128968253967,-1.745589611598447,2.525510768558331,-0.0149388045017309,260.603125,77.1231298800869,6.0,146.31746031746033,372.21875,0.0,5.0,0.0016695282234071,0.0200343386808852,0.0306520283983022,True,True
25-W577.W22_R1-r_x_UFMu-10960.2025-07-30-11-39.NJ2J6.000030109794,2025-IA_Woodruff_UFMu,25-W577.W22_R1-r_x_UFMu-10960,2025-07-30 11:39:00,2025-07-30,True,84,44.58484848484852,0.012777815537281,1.8218114199568824,311.25,-2.340819143647703,3.532097564217172,-0.0140096754670944,305.7764834580624,101.96129230553578,8.0,148.0,459.25,0.0,7.0,0.0088997262824023,0.1067967153888279,0.2409781643098867,True,True
25-W577.W22_R1-r_x_UFMu-10960.2025-07-31-11-38.NJ2J6.000030109794,2025-IA_Woodruff_UFMu,25-W577.W22_R1-r_x_UFMu-10960,2025-07-31 11:38:00,2025-07-31,True,146,44.35049335049334,0.0187122637362135,2.329144077189655,354.43859649122805,-2.651308589616832,4.044191064299466,-0.0171172141806339,327.3921858468228,114.22683476803846,9.0,147.56140350877192,502.0,0.0,8.0,0.0112172536432005,0.1346070437184068,0.2870568523098988,True,True
25-W577.W22_R1-r_x_UFMu-10960.2025-08-01-11-51.NJ2J6.000030109794,2025-IA_Woodruff_UFMu,25-W577.W22_R1-r_x_UFMu-10960,2025-08-01 11:51:00,2025-08-01,True,250,45.12285136501518,0.0139679666434662,0.0801337548308203,224.90576230492195,-1.736787214277978,2.519615772430204,-0.0114863806597611,260.9344898974658,76.83888254902679,6.0,147.44117647058823,372.3469387755102,0.0,5.0,0.0018508053724219,0.0222096644690634,0.035734913952595,True,True
25-W577.W22_R1-r_x_UFMu-10960.2025-08-02-11-50.NJ2J6.000030109794,2025-IA_Woodruff_UFMu,25-W577.W22_R1-r_x_UFMu-10960,2025-08-02 11:50:00,2025-08-02,True,250,44.70279720279717,0.0271216269065298,1.04382559745972,313.24038461538464,-2.3389851356791995,3.5309166207259,-0.0134941132156476,303.9170358336632,102.47216554252942,8.0,145.375,458.61538461538464,0.0,7.0,0.0066169599268632,0.0794035191223593,0.178875910276794,True,True
25-W577.W22_R1-r_x_UFMu-10960.2025-08-03-11-49.NJ2J6.000030109794,2025-IA_Woodruff_UFMu,25-W577.W22_R1-r_x_UFMu-10960,2025-08-03 11:49:00,2025-08-03,True,197,44.910894660894655,0.0208109966115583,2.133357599463364,267.06960167714885,-2.0660154328756644,3.0433236329689204,-0.0216659941160557,280.7890597784048,89.34961509345804,7.0,144.64150943396226,411.7111111111111,0.0,6.0,0.0123559812731588,0.1482717752779063,0.2935409572344789,True,True
25-W577.W22_R1-r_x_UFMu-10960.2025-08-04-11-48.NJ2J6.000030109794,2025-IA_Woodruff_UFMu,25-W577.W22_R1-r_x_UFMu-10960,2025-08-04 11:48:00,2025-08-04,True,188,45.391452161243336,0.017474599548336,1.091613550700366,315.17139959432046,-2.332364534097521,3.526673359200133,-0.0116419424003222,303.3437715772635,103.10658761668938,8.0,144.0344827586207,459.2058823529412,0.0,7.0,0.0109489005068946,0.1313868060827364,0.2954649069607029,True,True
C-W-0015-L.23-M1619-5_M1619-8.2024-07-01-11-30.NGFY5,2024-IA_Woodruff_UFMu,C-W-0015-L.23-M1619-5_M1619-8,2024-07-01 11:30:00,2024-07-01,False,14,,,,,,,,,,,,,,,,,,,False
C-W-0015-L.23-M1619-5_M1619-8.2024-07-02-11-32.NGFY5,2024-IA_Woodruff_UFMu,C-W-0015-L.23-M1619-5_M1619-8,2024-07-02 11:32:00,2024-07-02,True,9,18.87194915306736,0.006844644950122,3.244809002165878,113.06680161943324,-2.001556438923634,3.001040449894301,-0.0005202262612904,780.1009879580809,37.67832512418951,7.0,723.5,836.5668016194332,0.0,6.0,0.0044040556969748,0.0528486683636982,0.0768115547493515,True,True
C-W-0015-L.23-M1619-5_M1619-8.2024-07-03-11-31.NGFY5,2024-IA_Woodruff_UFMu,C-W-0015-L.23-M1619-5_M1619-8,2024-07-03 11:31:00,2024-07-03,False,46,,,,,,,,,,,,,,,,,,,False
C-W-0015-L.23-M1619-5_M1619-8.2024-07-04-11-32.NGFY5,2024-IA_Woodruff_UFMu,C-W-0015-L.23-M1619-5_M1619-8,2024-07-04 11:32:00,2024-07-04,True,48,34.09211522287637,0.1467704170376718,2.609751607981725,138.66818181818178,-1.2371868947825622,1.8666711957943731,0.0946149577846391,723.6829658230752,49.54850502326282,5.0,658.5818181818182,797.25,0.0,4.0,0.0460726755469517,0.5528721065634211,0.868527936809552,True,True
C-W-0015-L.23-M1619-5_M1619-8.2024-07-05-11-31.NGFY5,2024-IA_Woodruff_UFMu,C-W-0015-L.23-M1619-5_M1619-8,2024-07-05 11:31:00,2024-07-05,False,47,,,,,,,,,,,,,,,,,,,False
C-W-0015-L.23-M1619-5_M1619-8.2024-07-06-11-31.NGFY5,2024-IA_Woodruff_UFMu,C-W-0015-L.23-M1619-5_M1619-8,2024-07-06 11:31:00,2024-07-06,False,53,,,,,,,,,,,,,,,,,,,False
C-W-0015-L.23-M1619-5_M1619-8.2024-07-07-11-32.NGFY5,2024-IA_Woodruff_UFMu,C-W-0015-L.23-M1619-5_M1619-8,2024-07-07 11:32:00,2024-07-07,True,126,21.92553191489361,0.109021814030341,1.0544376146911487,92.66476190476192,-1.3695660299601602,1.9702801529407532,0.0210642295240022,658.6220492670815,33.86793205098017,5.0,612.6666666666666,705.3314285714285,0.0,4.0,0.0927380755841514,1.1128569070098175,1.8611506662040145,True,False
C-W-0015-L.23-M1619-5_M1619-8.2024-07-08-11-32.NGFY5,2024-IA_Woodruff_UFMu,C-W-0015-L.23-M1619-5_M1619-8,2024-07-08 11:32:00,2024-07-08,False,6,,,,,,,,,,,,,,,,,,,False
C-W-0015-L.23-M1619-5_M1619-8.2024-07-09-11-37.NGFY5,2024-IA_Woodruff_UFMu,C-W-0015-L.23-M1619-5_M1619-8,2024-07-09 11:37:00,2024-07-09,False,3,,,,,,,,,,,,,,,,,,,False
C-W-0015-L.23-M1619-5_M1619-8.2024-07-10-11-38.NGFY5,2024-IA_Woodruff_UFMu,C-W-0015-L.23-M1619-5_M1619-8,2024-07-10 11:38:00,2024-07-10,True,59,26.055555555555543,0.1228177052439218,3.945910035832939,136.46198830409355,-1.8423415632426987,2.5892186440851237,-0.0523418707944607,302.1552770815929,46.235874672194846,6.0,231.64912280701756,368.1111111111111,0.0,5.0,0.0724730410780052,0.8696764929360631,1.639919934295108,True,True
C-W-0015-L.23-M1619-5_M1619-8.2024-07-11-11-38.NGFY5,2024-IA_Woodruff_UFMu,C-W-0015-L.23-M1619-5_M1619-8,2024-07-11 11:38:00,2024-07-11,False,69,,,,,,,,,,,,,,,,,,,False
C-W-0015-L.23-M1619-5_M1619-8.2024-07-12-11-39.NGFY5,2024-IA_Woodruff_UFMu,C-W-0015-L.23-M1619-5_M1619-8,2024-07-12 11:39:00,2024-07-12,False,14,,,,,,,,,,,,,,,,,,,False
C-W-0015-L.23-M1619-5_M1619-8.2024-07-13-11-39.NGFY5,2024-IA_Woodruff_UFMu,C-W-0015-L.23-M1619-5_M1619-8,2024-07-13 11:39:00,2024-07-13,False,28,,,,,,,,,,,,,,,,,,,False
C-W-0015-L.23-M1619-5_M1619-8.2024-07-14-11-38.NGFY5,2024-IA_Woodruff_UFMu,C-W-0015-L.23-M1619-5_M1619-8,2024-07-14 11:38:00,2024-07-14,False,22,,,,,,,,,,,,,,,,,,,False
C-W-0015-L.23-M1619-5_M1619-8.2024-07-15-11-35.NGFY5,2024-IA_Woodruff_UFMu,C-W-0015-L.23-M1619-5_M1619-8,2024-07-15 11:35:00,2024-07-15,False,19,,,,,,,,,,,,,,,,,,,False
C-W-0015-L.23-M1619-5_M1619-8.2024-07-16-11-35.NGFY5,2024-IA_Woodruff_UFMu,C-W-0015-L.23-M1619-5_M1619-8,2024-07-16 11:35:00,2024-07-16,False,4,,,,,,,,,,,,,,,,,,,False
C-W-0015-L.23-M1619-5_M1619-8.2024-07-17-11-35.NGFY5,2024-IA_Woodruff_UFMu,C-W-0015-L.23-M1619-5_M1619-8,2024-07-17 11:35:00,2024-07-17,False,39,,,,,,,,,,,,,,,,,,,False
C-W-0015-L.23-M1619-5_M1619-8.2024-07-18-11-34.NGFY5,2024-IA_Woodruff_UFMu,C-W-0015-L.23-M1619-5_M1619-8,2024-07-18 11:34:00,2024-07-18,False,0,,,,,,,,,,,,,,,,,,,False
C-W-0015-L.23-M1619-5_M1619-8.2024-07-19-11-34.NGFY5,2024-IA_Woodruff_UFMu,C-W-0015-L.23-M1619-5_M1619-8,2024-07-19 11:34:00,2024-07-19,False,19,,,,,,,,,,,,,,,,,,,False
C-W-0015-L.23-M1619-5_M1619-8.2024-07-20-11-34.NGFY5,2024-IA_Woodruff_UFMu,C-W-0015-L.23-M1619-5_M1619-8,2024-07-20 11:34:00,2024-07-20,False,11,,,,,,,,,,,,,,,,,,,False
C-W-0015-L.23-M1619-5_M1619-8.2024-07-21-11-34.NGFY5,2024-IA_Woodruff_UFMu,C-W-0015-L.23-M1619-5_M1619-8,2024-07-21 11:34:00,2024-07-21,False,7,,,,,,,,,,,,,,,,,,,False
C-W-0015-L.23-M1619-5_M1619-8.2024-07-22-11-34.NGFY5,2024-IA_Woodruff_UFMu,C-W-0015-L.23-M1619-5_M1619-8,2024-07-22 11:34:00,2024-07-22,False,3,,,,,,,,,,,,,,,,,,,False
C-W-0015-L.23-M1619-5_M1619-8.2024-07-23-11-35.NGFY5,2024-IA_Woodruff_UFMu,C-W-0015-L.23-M1619-5_M1619-8,2024-07-23 11:35:00,2024-07-23,False,3,,,,,,,,,,,,,,,,,,,False
C-W-0015-L.23-M1619-5_M1619-8.2024-07-24-11-36.NGFY5,2024-IA_Woodruff_UFMu,C-W-0015-L.23-M1619-5_M1619-8,2024-07-24 11:36:00,2024-07-24,False,5,,,,,,,,,,,,,,,,,,,False
C-W-0015-L.23-M1619-5_M1619-8.2024-07-25-11-36.NGFY5,2024-IA_Woodruff_UFMu,C-W-0015-L.23-M1619-5_M1619-8,2024-07-25 11:36:00,2024-07-25,False,14,,,,,,,,,,,,,,,,,,,False
C-W-0015-L.23-M1619-5_M1619-8.2024-07-26-11-06.NGFY5,2024-IA_Woodruff_UFMu,C-W-0015-L.23-M1619-5_M1619-8,2024-07-26 11:06:00,2024-07-26,False,19,,,,,,,,,,,,,,,,,,,False
C-W-0015-L.23-M1619-5_M1619-8.2024-07-27-11-36.NGFY5,2024-IA_Woodruff_UFMu,C-W-0015-L.23-M1619-5_M1619-8,2024-07-27 11:36:00,2024-07-27,False,20,,,,,,,,,,,,,,,,,,,False
C-W-0015-L.23-M1619-5_M1619-8.2024-07-28-11-31.NGFY5,2024-IA_Woodruff_UFMu,C-W-0015-L.23-M1619-5_M1619-8,2024-07-28 11:31:00,2024-07-28,True,133,21.01013513513516,0.1861070911722139,0.4045037081010599,118.0,-1.971278084779684,2.9839968032399,0.008021022894523,782.2625448757027,40.94451876660667,7.0,724.0,842.0,0.0,6.0,0.1384696731079906,1.661636077295888,3.0508832047313077,True,False
C-W-0015-L.23-M1619-5_M1619-8.2024-07-29-11-31.NGFY5,2024-IA_Woodruff_UFMu,C-W-0015-L.23-M1619-5_M1619-8,2024-07-29 11:31:00,2024-07-29,False,9,,,,,,,,,,,,,,,,,,,False
C-W-0015-L.23-M1619-5_M1619-8.2024-07-30-11-31.NGFY5,2024-IA_Woodruff_UFMu,C-W-0015-L.23-M1619-5_M1619-8,2024-07-30 11:31:00,2024-07-30,False,6,,,,,,,,,,,,,,,,,,,False
C-W-0015-L.23-M1619-5_M1619-8.2024-07-31-11-32.NGFY5,2024-IA_Woodruff_UFMu,C-W-0015-L.23-M1619-5_M1619-8,2024-07-31 11:32:00,2024-07-31,False,22,,,,,,,,,,,,,,,,,,,False
C-W-0015-L.23-M1619-5_M1619-8.2024-08-01-11-33.NGFY5,2024-IA_Woodruff_UFMu,C-W-0015-L.23-M1619-5_M1619-8,2024-08-01 11:33:00,2024-08-01,False,13,,,,,,,,,,,,,,,,,,,False
C-W-0015-L.23-M1619-5_M1619-8.2024-08-02-11-33.NGFY5,2024-IA_Woodruff_UFMu,C-W-0015-L.23-M1619-5_M1619-8,2024-08-02 11:33:00,2024-08-02,False,3,,,,,,,,,,,,,,,,,,,False
C-W-0015-L.23-M1619-5_M1619-8.2024-08-03-11-32.NGFY5,2024-IA_Woodruff_UFMu,C-W-0015-L.23-M1619-5_M1619-8,2024-08-03 11:32:00,2024-08-03,False,7,,,,,,,,,,,,,,,,,,,False
C-W-0015-L.23-M1619-5_M1619-8.2024-08-04-11-33.NGFY5,2024-IA_Woodruff_UFMu,C-W-0015-L.23-M1619-5_M1619-8,2024-08-04 11:33:00,2024-08-04,False,32,,,,,,,,,,,,,,,,,,,False
C-W-0015-L.23-M1619-5_M1619-8.2024-08-05-11-33.NGFY5,2024-IA_Woodruff_UFMu,C-W-0015-L.23-M1619-5_M1619-8,2024-08-05 11:33:00,2024-08-05,False,22,,,,,,,,,,,,,,,,,,,False
C-W-0015-L.23-M1619-5_M1619-8.2024-08-06-11-34.NGFY5,2024-IA_Woodruff_UFMu,C-W-0015-L.23-M1619-5_M1619-8,2024-08-06 11:34:00,2024-08-06,False,11,,,,,,,,,,,,,,,,,,,False
C-W-0015-L.23-M1619-5_M1619-8.2024-08-07-11-34.NGFY5,2024-IA_Woodruff_UFMu,C-W-0015-L.23-M1619-5_M1619-8,2024-08-07 11:34:00,2024-08-07,False,9,,,,,,,,,,,,,,,,,,,False
C-W-0015-L.23-M1619-5_M1619-8.2024-08-08-11-34.NGFY5,2024-IA_Woodruff_UFMu,C-W-0015-L.23-M1619-5_M1619-8,2024-08-08 11:34:00,2024-08-08,False,47,,,,,,,,,,,,,,,,,,,False
C-W-0015-R.23-M1619-5_M1619-8.2024-07-01-12-30.NH88L,2024-IA_Woodruff_UFMu,C-W-0015-R.23-M1619-5_M1619-8,2024-07-01 12:30:00,2024-07-01,True,245,43.03511382234791,0.0402163452503694,2.714182124329036,295.74943193555055,-2.2284378557790063,3.4590981340702998,0.0178624073579092,659.78601037229,96.0642470109883,8.0,513.2718446601941,809.0212765957447,0.0,7.0,0.0734446433461762,0.8813357201541144,2.0465678581444493,True,True
C-W-0015-R.23-M1619-5_M1619-8.2024-07-02-11-31.NH88L,2024-IA_Woodruff_UFMu,C-W-0015-R.23-M1619-5_M1619-8,2024-07-02 11:31:00,2024-07-02,True,48,42.6776582613295,0.0219723010178565,0.7345866082395365,639.7674632352941,-4.685335643736456,7.546116410377503,-0.0100044911956853,490.3909535459224,196.38185307613463,16.0,167.27941176470588,807.046875,0.0,15.0,0.0131098267662611,0.1573179211951336,0.3658051622972746,True,True
C-W-0015-R.23-M1619-5_M1619-8.2024-07-03-11-32.NH88L,2024-IA_Woodruff_UFMu,C-W-0015-R.23-M1619-5_M1619-8,2024-07-03 11:32:00,2024-07-03,True,99,42.88354506957046,0.0216603900979102,2.057088180524503,554.5141612200437,-4.103245863847523,6.544382783902896,-0.0110106259154738,530.2498093558618,171.49080124271458,14.0,250.07407407407408,804.5882352941177,0.0,13.0,0.0158789695379569,0.1905476344554828,0.5923305841720676,True,True
C-W-0015-R.23-M1619-5_M1619-8.2024-07-04-11-31.NH88L,2024-IA_Woodruff_UFMu,C-W-0015-R.23-M1619-5_M1619-8,2024-07-04 11:31:00,2024-07-04,True,250,42.96790890269153,0.0225111096309288,1.8236670832086488,642.7769230769231,-4.714873182526005,7.56396512902571,-0.0138771402805311,486.6621618135866,196.9318018304531,16.0,161.42307692307693,804.2,0.0,15.0,0.0175520202585409,0.2106242431024912,0.6240193652421544,True,True
C-W-0015-R.23-M1619-5_M1619-8.2024-07-05-11-33.NH88L,2024-IA_Woodruff_UFMu,C-W-0015-R.23-M1619-5_M1619-8,2024-07-05 11:33:00,2024-07-05,True,17,44.27665165165166,0.0090666614814554,0.2909475201756885,265.02716627634663,-2.0233090700370453,3.015450253045948,-0.0077253031783137,296.7331014347124,88.39874827435487,7.0,163.34426229508196,428.37142857142857,0.0,6.0,0.0020563565276528,0.0246762783318342,0.0408045042958491,True,True
C-W-0015-R.23-M1619-5_M1619-8.2024-07-06-11-33.NH88L,2024-IA_Woodruff_UFMu,C-W-0015-R.23-M1619-5_M1619-8,2024-07-06 11:33:00,2024-07-06,True,250,44.25806902985073,0.0093586740356291,0.2551088799126006,265.2688888888889,-2.024397612705441,3.016167300318204,-0.0080838518179886,292.83517676123074,88.44867302279907,7.0,159.27777777777777,424.5466666666667,0.0,6.0,0.0019262941978972,0.0231155303747674,0.0450571044142762,True,True
C-W-0015-R.23-M1619-5_M1619-8.2024-07-07-11-33.NH88L,2024-IA_Woodruff_UFMu,C-W-0015-R.23-M1619-5_M1619-8,2024-07-07 11:33:00,2024-07-07,True,228,43.883333333333326,0.0178684231202913,0.4136258561397268,351.0941558441558,-2.625938164032667,4.028140545839824,-0.0108992951741511,335.4231716697098,113.22280375107674,9.0,158.17857142857142,509.27272727272725,0.0,8.0,0.003457606419512,0.0414912770341451,0.0679935589366511,True,True
C-W-0015-R.23-M1619-5_M1619-8.2024-07-08-11-32.NH88L,2024-IA_Woodruff_UFMu,C-W-0015-R.23-M1619-5_M1619-8,2024-07-08 11:32:00,2024-07-08,True,77,42.70928876797512,0.0219393166065304,0.2190009111461225,642.8315217391304,-4.710289322603218,7.561188589921958,-0.0132746156679584,485.9567292841694,197.2171940393501,16.0,160.375,803.2065217391304,0.0,15.0,0.0079681781170253,0.0956181374043043,0.1953461886878265,True,True
C-W-0015-R.23-M1619-5_M1619-8.2024-07-09-11-37.NH88L,2024-IA_Woodruff_UFMu,C-W-0015-R.23-M1619-5_M1619-8,2024-07-09 11:37:00,2024-07-09,True,112,43.75,0.0218315018315018,2.4071535245634395,475.02083333333337,-3.53241615595397,5.550008816325726,-0.0144886226770157,401.0733389683124,149.49487468911693,12.0,160.0,635.0208333333334,0.0,11.0,0.0356450387065456,0.4277404644785479,1.3217527812274945,True,True
C-W-0015-R.23-M1619-5_M1619-8.2024-07-10-11-39.NH88L,2024-IA_Woodruff_UFMu,C-W-0015-R.23-M1619-5_M1619-8,2024-07-10 11:39:00,2024-07-10,True,142,43.677790563866495,0.0180365305122118,1.791110807573541,386.2224591329069,-2.961255895510714,4.556048711520233,-0.0195173552572338,357.57506252355466,124.24443641294864,10.0,160.2537313432836,546.4761904761905,0.0,9.0,0.0274157042591676,0.3289884511100119,0.6648234262038013,True,True
C-W-0015-R.23-M1619-5_M1619-8.2024-07-11-11-39.NH88L,2024-IA_Woodruff_UFMu,C-W-0015-R.23-M1619-5_M1619-8,2024-07-11 11:39:00,2024-07-11,True,250,42.83720930232556,0.0223405527716732,1.2608957298506676,643.8500611995104,-4.722697530965354,7.568658682551186,-0.0148954836063603,484.5702706118209,197.6342670239409,16.0,157.86046511627907,801.7105263157895,0.0,15.0,0.0065388055966763,0.0784656671601158,0.154770633185592,True,True
C-W-0015-R.23-M1619-5_M1619-8.2024-07-12-11-39.NH88L,2024-IA_Woodruff_UFMu,C-W-0015-R.23-M1619-5_M1619-8,2024-07-12 11:39:00,2024-07-12,True,250,43.09969262295084,0.0233525694665804,0.9013895285447712,600.969696969697,-4.437165149596569,7.071163861822452,-0.0164730984375465,462.77165518324,185.90987764716596,15.0,156.72727272727272,757.6969696969697,0.0,14.0,0.0157973338797538,0.1895680065570464,0.5393613179971304,True,True
C-W-0015-R.23-M1619-5_M1619-8.2024-07-13-11-39.NH88L,2024-IA_Woodruff_UFMu,C-W-0015-R.23-M1619-5_M1619-8,2024-07-13 11:39:00,2024-07-13,True,250,43.684715821812574,0.0241669066022424,3.4474236020030293,534.7333333333333,-3.700796977820994,5.974822546415069,0.0067302899740173,421.9544659924664,165.66462400850298,13.0,155.6,690.3333333333334,0.0,12.0,0.0705668531704775,0.8468022380457311,1.7590942407038257,True,True
C-W-0015-R.23-M1619-5_M1619-8.2024-07-14-11-40.NH88L,2024-IA_Woodruff_UFMu,C-W-0015-R.23-M1619-5_M1619-8,2024-07-14 11:40:00,2024-07-14,True,168,43.83098591549293,0.0216661681257618,2.560654306659424,479.5407407407408,-3.548310774427108,5.559696381079383,-0.0172954625016279,396.0549934758799,149.934390455679,12.0,153.2,632.7407407407408,0.0,11.0,0.0246960917417153,0.2963531009005841,0.8602471862392251,True,True
C-W-0015-R.23-M1619-5_M1619-8.2024-07-15-11-34.NH88L,2024-IA_Woodruff_UFMu,C-W-0015-R.23-M1619-5_M1619-8,2024-07-15 11:34:00,2024-07-15,True,123,44.01333333333332,0.0243670051108655,0.2335575893810042,398.3451923076923,-2.937820631392446,4.541387501176649,-0.0144104525306136,350.71354579509784,126.9694008986451,10.0,148.8375,547.1826923076923,0.0,9.0,0.0035414646110308,0.0424975753323705,0.072633525008392,True,True
C-W-0015-R.23-M1619-5_M1619-8.2024-07-16-11-35.NH88L,2024-IA_Woodruff_UFMu,C-W-0015-R.23-M1619-5_M1619-8,2024-07-16 11:35:00,2024-07-16,True,152,43.9618794326241,0.021416240835214,1.8931445374561653,532.2904761904763,-3.747223889010688,6.0037719647213175,-0.0010082320378561,420.93179535772913,163.50605634414845,13.0,156.8095238095238,689.1,0.0,12.0,0.060536597482842,0.7264391697941047,1.70795199823028,True,True
C-W-0015-R.23-M1619-5_M1619-8.2024-07-17-11-36.NH88L,2024-IA_Woodruff_UFMu,C-W-0015-R.23-M1619-5_M1619-8,2024-07-17 11:36:00,2024-07-17,True,250,43.01851851851853,0.0246112321158672,1.7005952480208653,644.0218487394958,-4.728654477882981,7.572277054557089,-0.0156808723631316,482.973311758954,197.27134228804903,16.0,156.6,800.6218487394958,0.0,15.0,0.0263940232697616,0.3167282792371402,1.06887666413221,True,True
C-W-0015-R.23-M1619-5_M1619-8.2024-07-18-11-35.NH88L,2024-IA_Woodruff_UFMu,C-W-0015-R.23-M1619-5_M1619-8,2024-07-18 11:35:00,2024-07-18,True,94,43.86209286209288,0.0199717414022309,0.5139722604027303,479.00477897252097,-3.5332941937868747,5.550458756151815,-0.0146183757092481,396.6227537669092,150.02641961003772,12.0,153.96296296296296,632.9677419354839,0.0,11.0,0.0140677081215842,0.168812497459011,0.5245538339247542,True,True
C-W-0015-R.23-M1619-5_M1619-8.2024-07-19-11-35.NH88L,2024-IA_Woodruff_UFMu,C-W-0015-R.23-M1619-5_M1619-8,2024-07-19 11:35:00,2024-07-19,True,219,44.04405737704917,0.0162441136689169,0.1294860474369574,352.2304054054054,-2.6297646056793824,4.030567847584529,-0.0118395164961562,331.7153957661395,113.68931417631288,9.0,153.675,505.9054054054054,0.0,8.0,0.0012522568002445,0.0150270816029345,0.0274508412848177,True,True
C-W-0015-R.23-M1619-5_M1619-8.2024-07-20-11-35.NH88L,2024-IA_Woodruff_UFMu,C-W-0015-R.23-M1619-5_M1619-8,2024-07-20 11:35:00,2024-07-20,True,85,43.745181532944855,0.0219292109543185,2.386303757070945,474.82608695652175,-3.546793327790249,5.5587965704435485,-0.0170349471573834,399.34012779918766,148.52858843173166,12.0,159.0,633.8260869565217,0.0,11.0,0.0310719315925734,0.3728631791108814,1.0986995825426922,True,True
C-W-0015-R.23-M1619-5_M1619-8.2024-07-21-11-35.NH88L,2024-IA_Woodruff_UFMu,C-W-0015-R.23-M1619-5_M1619-8,2024-07-21 11:35:00,2024-07-21,True,21,43.80753639211349,0.020433001396827,0.1587646075379042,351.37975042541126,-2.6277330377063177,4.029279465355726,-0.0113404542135224,331.97330907611695,113.44688153993384,9.0,154.53488372093022,505.9146341463415,0.0,8.0,0.0023720084243956,0.0284641010927477,0.0428670184357002,True,True
C-W-0015-R.23-M1619-5_M1619-8.2024-07-22-11-36.NH88L,2024-IA_Woodruff_UFMu,C-W-0015-R.23-M1619-5_M1619-8,2024-07-22 11:36:00,2024-07-22,True,77,43.973146223146216,0.0171969251295037,0.1193746536360351,351.4753496503497,-2.6230744952177134,4.026319976181632,-0.0101940929425321,331.18243766585874,113.4623363052339,9.0,153.87692307692308,505.3522727272728,0.0,8.0,0.0017632345381891,0.0211588144582703,0.0354155174653101,True,True
C-W-0015-R.23-M1619-5_M1619-8.2024-07-23-11-36.NH88L,2024-IA_Woodruff_UFMu,C-W-0015-R.23-M1619-5_M1619-8,2024-07-23 11:36:00,2024-07-23,True,90,44.0920542635659,0.0206675448677594,0.1066759936568019,351.9818885448916,-2.628348581805046,4.029669949968449,-0.0114917107805121,331.16204957910537,113.58294812246857,9.0,153.39705882352942,505.37894736842105,0.0,8.0,0.0022581319886086,0.0270975838633037,0.0458294882281489,True,True
C-W-0015-R.23-M1619-5_M1619-8.2024-07-24-11-36.NH88L,2024-IA_Woodruff_UFMu,C-W-0015-R.23-M1619-5_M1619-8,2024-07-24 11:36:00,2024-07-24,True,54,44.1309980171844,0.0204156313944709,0.1942897609921149,353.3139097744361,-2.6337183854359,4.033073459763212,-0.012810105827949,329.55348671828546,114.05099818861449,9.0,150.82894736842104,504.1428571428572,0.0,8.0,0.0010505418236893,0.0126065018842725,0.0216531361402054,True,True
C-W-0015-R.23-M1619-5_M1619-8.2024-07-25-11-36.NH88L,2024-IA_Woodruff_UFMu,C-W-0015-R.23-M1619-5_M1619-8,2024-07-25 11:36:00,2024-07-25,True,141,44.42404400209534,0.0149425797335192,0.0952484852178656,266.0021548406957,-2.027681799032058,3.018328411785612,-0.0091644968357309,288.87995529000983,88.70577464214387,7.0,154.86301369863014,420.86516853932585,0.0,6.0,0.0015290371964367,0.0183484463572413,0.033042105269418,True,True
C-W-0015-R.23-M1619-5_M1619-8.2024-07-26-11-37.NH88L,2024-IA_Woodruff_UFMu,C-W-0015-R.23-M1619-5_M1619-8,2024-07-26 11:37:00,2024-07-26,True,144,44.95499419279909,0.0099130266764388,0.0731199330983917,223.4895947426068,-1.7262461980129649,2.512515613193387,-0.0073285402271761,264.10250769814627,76.35862747490496,6.0,151.72727272727272,375.2168674698795,0.0,5.0,0.0017277848373894,0.0207334180486731,0.0384250655080036,True,True
C-W-0015-R.23-M1619-5_M1619-8.2024-07-27-11-37.NH88L,2024-IA_Woodruff_UFMu,C-W-0015-R.23-M1619-5_M1619-8,2024-07-27 11:37:00,2024-07-27,True,244,44.91370223978922,0.0099780329381827,0.0933179678689256,224.00416666666663,-1.7274855737664756,2.513352438475392,-0.0078185642568855,262.60209431269215,76.52786967003898,6.0,149.89583333333334,373.9,0.0,5.0,0.0012794986153007,0.0153539833836094,0.0253991199130911,True,True
C-W-0015-R.23-M1619-5_M1619-8.2024-07-28-11-32.NH88L,2024-IA_Woodruff_UFMu,C-W-0015-R.23-M1619-5_M1619-8,2024-07-28 11:32:00,2024-07-28,True,139,44.956790123456784,0.0183401659441755,0.1534167314197819,223.8565162907268,-1.7297895061568151,2.514907757798301,-0.0087293411691975,263.45824110370893,76.45909445526026,6.0,150.76190476190476,374.6184210526316,0.0,5.0,0.002429993607853,0.029159923294237,0.0498434933503144,True,True
C-W-0015-R.23-M1619-5_M1619-8.2024-07-29-11-33.NH88L,2024-IA_Woodruff_UFMu,C-W-0015-R.23-M1619-5_M1619-8,2024-07-29 11:33:00,2024-07-29,True,250,44.58677218767664,0.0072734261039923,0.1810036380474221,223.11071428571427,-1.7265250346051009,2.512704047460693,-0.0074388832152285,262.91294010048745,76.22277923166646,6.0,150.675,373.7857142857143,0.0,5.0,0.0018335289044779,0.0220023468537359,0.0407039188664715,True,True
C-W-0015-R.23-M1619-5_M1619-8.2024-07-30-11-31.NH88L,2024-IA_Woodruff_UFMu,C-W-0015-R.23-M1619-5_M1619-8,2024-07-30 11:31:00,2024-07-30,True,134,44.53999999999999,0.0040586438509876,0.2309014107004534,177.52396772662553,-1.423255848112273,2.0063747653045896,-0.0045076820847,245.7926707929875,62.80976451056662,5.0,156.72093023255815,334.2448979591837,0.0,4.0,0.0030353033207627,0.0364236398491535,0.0635918358474176,True,True
C-W-0015-R.23-M1619-5_M1619-8.2024-07-31-11-33.NH88L,2024-IA_Woodruff_UFMu,C-W-0015-R.23-M1619-5_M1619-8,2024-07-31 11:33:00,2024-07-31,True,103,44.61372180451124,0.008243976770804,0.1248816668393818,222.82211942809084,-1.725321006784396,2.511889954752651,-0.0069621695541473,263.2324076152675,76.10196466759702,6.0,151.1951219512195,374.0172413793104,0.0,5.0,0.0011162383756049,0.013394860507259,0.0230833978115594,True,True
C-W-0015-R.23-M1619-5_M1619-8.2024-08-01-11-32.NH88L,2024-IA_Woodruff_UFMu,C-W-0015-R.23-M1619-5_M1619-8,2024-08-01 11:32:00,2024-08-01,True,209,44.31478260869562,0.0144010372508398,0.3676756297051122,308.7859381997313,-2.326002186381782,3.522559614484712,-0.0098461917392196,307.27378321565686,101.0402598982202,8.0,151.55172413793105,460.3376623376623,0.0,7.0,0.0023393480259238,0.0280721763110857,0.0398120360624183,True,True
C-W-0015-R.23-M1619-5_M1619-8.2024-08-02-11-32.NH88L,2024-IA_Woodruff_UFMu,C-W-0015-R.23-M1619-5_M1619-8,2024-08-02 11:32:00,2024-08-02,True,250,19.19824418129849,0.0274077143659576,3.3872319393743897,113.1859582542694,-2.0190473281312973,3.012917256502727,-0.0064601067904357,780.3971094433525,37.534222948487695,7.0,723.5882352941177,836.7741935483871,0.0,6.0,0.0411994715548717,0.4943936586584614,1.0777683027878595,True,True
C-W-0015-R.23-M1619-5_M1619-8.2024-08-03-11-32.NH88L,2024-IA_Woodruff_UFMu,C-W-0015-R.23-M1619-5_M1619-8,2024-08-03 11:32:00,2024-08-03,True,250,44.565385220125805,0.007284011532062,0.1234386242216778,177.83999999999995,-1.4269482282147763,2.008963596679016,-0.0063383159402912,283.30615408805033,62.91683001022241,5.0,194.0,371.84,0.0,4.0,0.0020993211701126,0.0251918540413518,0.0441586274437675,True,True
C-W-0015-R.23-M1619-5_M1619-8.2024-08-04-11-33.NH88L,2024-IA_Woodruff_UFMu,C-W-0015-R.23-M1619-5_M1619-8,2024-08-04 11:33:00,2024-08-04,True,250,29.38875598086122,0.1100492490536838,2.1639061402905195,175.95909090909083,-2.034905641332599,3.023762815370816,-0.0118884068236493,692.1140321145019,58.814398944353584,7.0,604.45,780.4090909090909,0.0,6.0,0.0653095111128516,0.7837141333542196,1.2192917789253226,True,True
C-W-0015-R.23-M1619-5_M1619-8.2024-08-05-11-33.NH88L,2024-IA_Woodruff_UFMu,C-W-0015-R.23-M1619-5_M1619-8,2024-08-05 11:33:00,2024-08-05,True,235,45.18631813125697,0.0129223092605456,0.1014738751418112,225.41463414634143,-1.7263720801691025,2.51260026855473,-0.0073781101451029,258.9475128508675,76.98037401460809,6.0,145.58536585365854,371.0,0.0,5.0,0.0010568405009925,0.0126820860119104,0.0184539991349055,True,True
C-W-0015-R.23-M1619-5_M1619-8.2024-08-06-11-34.NH88L,2024-IA_Woodruff_UFMu,C-W-0015-R.23-M1619-5_M1619-8,2024-08-06 11:34:00,2024-08-06,True,196,44.05706075533664,0.0180548617480583,4.0322605920110535,384.9334415584416,-3.000468751492205,4.580398591122086,-0.0280040129732865,351.4671153973837,124.6068388304572,10.0,152.44155844155844,537.375,0.0,9.0,0.0531188442211114,0.6374261306533372,1.3003133464837415,True,True
C-W-0015-R.23-M1619-5_M1619-8.2024-08-07-11-34.NH88L,2024-IA_Woodruff_UFMu,C-W-0015-R.23-M1619-5_M1619-8,2024-08-07 11:34:00,2024-08-07,True,250,44.92962962962963,0.0104690462451564,0.1502074469238787,224.43927893738137,-1.727454254555043,2.513331206803658,-0.0078061307017947,261.1017171504205,76.68867746468321,6.0,148.2058823529412,372.64516129032256,0.0,5.0,0.0010600454743137,0.0127205456917646,0.0230802651931334,True,True
C-W-0015-R.23-M1619-5_M1619-8.2024-08-08-11-33.NH88L,2024-IA_Woodruff_UFMu,C-W-0015-R.23-M1619-5_M1619-8,2024-08-08 11:33:00,2024-08-08,True,202,45.200510493477054,0.0030482099484991,0.940543839731206,224.0497198879552,-1.7254697678616115,2.511997908237944,-0.0070254285958952,264.12825191293854,76.6767910895838,6.0,151.4264705882353,375.4761904761905,0.0,5.0,0.0062592343006272,0.0751108116075265,0.1477903966458358,True,True
C-W-0015-R.23-M1619-5_M1619-8.2024-08-09-08-04.NH88L,2024-IA_Woodruff_UFMu,C-W-0015-R.23-M1619-5_M1619-8,2024-08-09 08:04:00,2024-08-09,False,177,,,,,,,,,,,,,,,,,,,False
C-W-0010-L.21-M1745-1.2024-06-28-11-53.NH88X,2024-IA_Woodruff_UFMu,C-W-0010-L.21-M1745-1,2024-06-28 11:53:00,2024-06-28,True,147,39.569502257002256,0.0169902040261998,0.1248661883687457,315.5054073540014,-2.5344023956081005,3.969009528075228,0.0120032383605903,400.8889035312693,101.80908368419638,9.0,244.8630136986301,560.3684210526316,0.0,8.0,0.0040175430122681,0.0482105161472176,0.0765369389035548,True,True
C-W-0010-L.21-M1745-1.2024-06-29-11-54.NH88X,2024-IA_Woodruff_UFMu,C-W-0010-L.21-M1745-1,2024-06-29 11:54:00,2024-06-29,True,107,39.89066603007882,0.0149680231125406,1.4930360759525267,515.6714513556618,-3.965964689617402,6.459296155198714,0.0100978182185249,502.1590316407211,160.21040626592782,14.0,246.8636363636364,762.5350877192982,0.0,13.0,0.0103435072773838,0.1241220873286067,0.225360728064814,True,True
C-W-0010-L.21-M1745-1.2024-06-30-11-55.NH88X,2024-IA_Woodruff_UFMu,C-W-0010-L.21-M1745-1,2024-06-30 11:55:00,2024-06-30,True,250,18.661299597469792,0.016615433928671,3.4216626105404147,150.64864721485412,-2.561629882881478,3.986863400727831,0.0050879991070695,761.063101040618,48.58555896202633,9.0,685.948275862069,836.5969230769231,0.0,8.0,0.0207605835963257,0.2491270031559088,0.4806216233799549,True,True
C-W-0010-L.21-M1745-1.2024-07-01-11-37.NH88X,2024-IA_Woodruff_UFMu,C-W-0010-L.21-M1745-1,2024-07-01 11:37:00,2024-07-01,True,156,39.27789643026486,0.0197657427191969,0.2376413315449057,313.2576312576313,-2.530635848138552,3.966532494520592,0.0129627633551701,407.0661910385131,101.08362647121876,9.0,252.2698412698413,565.5274725274726,0.0,8.0,0.0040057866735457,0.0480694400825489,0.0906673311934866,True,True
C-W-0010-L.21-M1745-1.2024-07-02-11-37.NH88X,2024-IA_Woodruff_UFMu,C-W-0010-L.21-M1745-1,2024-07-02 11:37:00,2024-07-02,True,180,39.33724622329157,0.0148904762910241,0.2772080089204387,314.89696969696973,-2.537731800295533,3.971196082787412,0.0111562573619994,402.6205027934702,101.59617719653484,9.0,246.8,561.6969696969697,0.0,8.0,0.0040141929507327,0.0481703154087935,0.0890023023531663,True,True
C-W-0010-L.21-M1745-1.2024-07-03-11-38.NH88X,2024-IA_Woodruff_UFMu,C-W-0010-L.21-M1745-1,2024-07-03 11:38:00,2024-07-03,True,157,40.070422535211264,0.025187929822009,1.169209839217401,559.7767145135566,-4.243209700750748,6.951977900003052,0.0111157574765599,524.1222021372981,173.81266387194194,15.0,246.1929824561404,805.969696969697,0.0,14.0,0.0292389562201286,0.3508674746415435,0.9272455505173812,True,True
C-W-0010-L.21-M1745-1.2024-07-04-11-39.NH88X,2024-IA_Woodruff_UFMu,C-W-0010-L.21-M1745-1,2024-07-04 11:39:00,2024-07-04,True,250,39.258549182855376,0.0161852837334605,2.8812366458347283,394.8772338772338,-3.127262445272739,4.978002999571965,0.0069570783175034,434.2353736767786,124.08723285536684,11.0,239.43589743589743,634.3131313131313,0.0,10.0,0.0499914149236232,0.5998969790834792,1.700682116544562,True,True
C-W-0010-L.21-M1745-1.2024-07-05-11-39.NH88X,2024-IA_Woodruff_UFMu,C-W-0010-L.21-M1745-1,2024-07-05 11:39:00,2024-07-05,True,104,40.02449784791963,0.0207140165229279,1.5924297303466448,487.8014925373135,-3.644529732662083,5.938780793380275,0.0163638017217282,483.0941317261785,150.9412065695358,13.0,244.29850746268656,732.1,0.0,12.0,0.0298799383602551,0.3585592603230616,0.8594643102933716,True,True
C-W-0010-L.21-M1745-1.2024-07-06-11-38.NH88X,2024-IA_Woodruff_UFMu,C-W-0010-L.21-M1745-1,2024-07-06 11:38:00,2024-07-06,True,109,39.71058401075453,0.0143227226575474,0.1376019937472428,317.7012345679013,-2.5394220345773406,3.9723044059271455,0.0107269424455656,402.487520655274,102.49570298986296,9.0,245.2,562.9012345679013,0.0,8.0,0.0034319674212643,0.0411836090551726,0.0850005855017137,True,True
C-W-0010-L.21-M1745-1.2024-07-07-11-58.NH88X,2024-IA_Woodruff_UFMu,C-W-0010-L.21-M1745-1,2024-07-07 11:58:00,2024-07-07,True,250,40.00674603174605,0.0177003878314169,0.3094084649088452,438.8558558558558,-3.3943672934239397,5.463516184371304,0.010569213761018,461.0600297538594,137.90421766390648,12.0,243.8108108108108,682.6666666666666,0.0,11.0,0.0069523331247059,0.0834279974964715,0.1755649760176929,True,True
C-W-0010-L.21-M1745-1.2024-07-08-11-30.NH88X,2024-IA_Woodruff_UFMu,C-W-0010-L.21-M1745-1,2024-07-08 11:30:00,2024-07-08,True,250,40.16794871794872,0.0163184372087061,1.3192104031826677,560.7463617463618,-4.26085111493336,6.962967666372808,0.0085715999152391,527.5759848127258,173.5727798634626,15.0,249.30769230769232,810.0540540540541,0.0,14.0,0.0118987543048183,0.1427850516578203,0.3398744773353885,True,True
C-W-0010-L.21-M1745-1.2024-07-09-11-44.NH88X,2024-IA_Woodruff_UFMu,C-W-0010-L.21-M1745-1,2024-07-09 11:44:00,2024-07-09,True,61,41.95195195195197,0.0165194549544951,3.099187800902321,458.4834963325184,-3.542677457384237,5.5563538562431125,-0.0163277054165034,422.7288176809264,143.519076691715,12.0,191.25,649.7334963325184,0.0,11.0,0.0438293027076165,0.5259516324913981,1.5264510165171572,True,True
C-W-0010-L.21-M1745-1.2024-07-10-11-45.NH88X,2024-IA_Woodruff_UFMu,C-W-0010-L.21-M1745-1,2024-07-10 11:45:00,2024-07-10,True,115,41.96255060728743,0.0147200883244656,0.2692629957501289,463.2198581560283,-3.509011000896033,5.535482522596803,-0.010279116871346,417.0888174608858,145.2162194705303,12.0,183.33333333333331,646.5531914893617,0.0,11.0,0.0061997989065384,0.0743975868784608,0.1225750143687065,True,True
C-W-0010-L.21-M1745-1.2024-07-11-11-45.NH88X,2024-IA_Woodruff_UFMu,C-W-0010-L.21-M1745-1,2024-07-11 11:45:00,2024-07-11,True,250,21.579853321829148,0.1694982817594587,3.129281569190155,181.62,-2.6851559807635783,4.378669691502945,0.0423106551986132,674.8646414637806,57.45681843829109,10.0,589.5,771.12,0.0,9.0,0.1219563594625626,1.4634763135507516,2.4960936099721813,True,False
C-W-0010-L.21-M1745-1.2024-07-12-11-46.NH88X,2024-IA_Woodruff_UFMu,C-W-0010-L.21-M1745-1,2024-07-12 11:46:00,2024-07-12,True,250,41.58887008324456,0.012989181554354,1.2240285603807155,414.6923076923077,-3.173448290824511,5.0070811632221295,-0.0022392964390682,519.3073339287959,130.55883560124727,11.0,311.875,726.5673076923077,0.0,10.0,0.0168308459896187,0.2019701518754251,0.4510542577849286,True,True
C-W-0010-L.21-M1745-1.2024-07-13-11-45.NH88X,2024-IA_Woodruff_UFMu,C-W-0010-L.21-M1745-1,2024-07-13 11:45:00,2024-07-13,True,250,19.90190074396662,0.1190827854441118,2.742259336255333,142.4829545454545,-2.7396912391912074,4.100406934096193,-0.0389521618322614,670.7806764428154,45.212909432688704,9.0,596.0625,738.5454545454545,0.0,8.0,0.1175784448340683,1.4109413380088205,2.512314470674461,True,False
C-W-0010-L.21-M1745-1.2024-07-14-11-46.NH88X,2024-IA_Woodruff_UFMu,C-W-0010-L.21-M1745-1,2024-07-14 11:46:00,2024-07-14,True,111,41.78846153846155,0.0175964297488228,2.7561715040040773,416.0861326442722,-3.2452037303945875,5.052272581837999,-0.0165360067022408,436.7228705286664,130.25803775780383,11.0,227.3953488372093,643.4814814814815,0.0,10.0,0.0726719421345433,0.8720633056145201,2.490664061802083,True,True
C-W-0010-L.21-M1745-1.2024-07-15-11-41.NH88X,2024-IA_Woodruff_UFMu,C-W-0010-L.21-M1745-1,2024-07-15 11:41:00,2024-07-15,True,147,42.0879807692308,0.0159800309519212,0.3423079460415545,380.32207792207794,-2.916912268311344,4.5282812251611055,-0.0098466398029621,377.4045596837373,121.3814591854229,10.0,185.6,565.922077922078,0.0,9.0,0.0041930665684966,0.0503167988219594,0.0988654586199935,True,True
C-W-0010-L.21-M1745-1.2024-07-16-11-41.NH88X,2024-IA_Woodruff_UFMu,C-W-0010-L.21-M1745-1,2024-07-16 11:41:00,2024-07-16,True,95,41.72374364765665,0.0252767061135273,3.366441673435793,438.4296233957501,-3.715373463224068,5.660343968160516,-0.046502399533888,417.4002201026802,140.51763327419934,12.0,186.6734693877551,625.1030927835052,0.0,11.0,0.093547267228225,1.122567206738701,2.443454726110498,True,False
C-W-0010-L.21-M1745-1.2024-07-17-11-41.NH88X,2024-IA_Woodruff_UFMu,C-W-0010-L.21-M1745-1,2024-07-17 11:41:00,2024-07-17,True,212,41.77980665950588,0.0138237494557664,1.20645586665947,419.9973684210526,-3.2115770987433843,5.0309588021212335,-0.0097904228242482,400.3516949059416,132.71538735026962,11.0,188.7,608.6973684210526,0.0,10.0,0.0069343275169193,0.0832119302030327,0.1393926167646082,True,True
C-W-0010-L.21-M1745-1.2024-07-18-11-41.NH88X,2024-IA_Woodruff_UFMu,C-W-0010-L.21-M1745-1,2024-07-18 11:41:00,2024-07-18,True,250,41.938569880823394,0.0149903769405812,0.5425795413668679,421.3274094326727,-3.2168111444056557,5.034215874255219,-0.0108205132425274,401.52383274508696,133.11800255662183,11.0,188.7894736842105,610.1168831168832,0.0,10.0,0.0040361375181261,0.0484336502175143,0.0788336934014778,True,True
C-W-0010-L.21-M1745-1.2024-07-19-11-59.NH88X,2024-IA_Woodruff_UFMu,C-W-0010-L.21-M1745-1,2024-07-19 11:59:00,2024-07-19,True,96,42.23770491803279,0.0192616286461858,0.3994422671625599,338.4047619047619,-2.623614574774908,4.026664411760621,-0.0103275163992835,357.1833959109803,109.2135682557918,9.0,186.5,524.9047619047619,0.0,8.0,0.0035865698851539,0.0430388386218476,0.0775016656673361,True,True
C-W-0010-L.21-M1745-1.2024-07-20-11-59.NH88X,2024-IA_Woodruff_UFMu,C-W-0010-L.21-M1745-1,2024-07-20 11:59:00,2024-07-20,True,76,42.44580725907386,0.0231961965225495,0.6187471505007118,339.24559139784947,-2.630185961971871,4.030836236908459,-0.0119434907149464,356.78857795524675,109.43790917217186,9.0,185.45333333333332,524.6989247311828,0.0,8.0,0.0035694442170842,0.0428333306050111,0.0705338951710441,True,True
C-W-0010-L.21-M1745-1.2024-07-21-11-29.NH88X,2024-IA_Woodruff_UFMu,C-W-0010-L.21-M1745-1,2024-07-21 11:29:00,2024-07-21,True,72,41.920000000000016,0.0157442748091596,0.7288808549907032,380.0558166862514,-2.923150653534314,4.532200783346771,-0.0112114300005883,378.628880789504,121.26952687799492,10.0,186.67391304347825,566.7297297297297,0.0,9.0,0.003678704191235,0.0441444502948209,0.0852263116086877,True,True
C-W-0010-L.21-M1745-1.2024-07-22-11-30.NH88X,2024-IA_Woodruff_UFMu,C-W-0010-L.21-M1745-1,2024-07-22 11:30:00,2024-07-22,True,57,42.55000000000001,0.0137599029604633,1.3075247770477036,380.88866396761136,-2.922294697983527,4.531671949412828,-0.0110273434956349,378.3620935396088,121.33313271583,10.0,186.3421052631579,567.2307692307693,0.0,9.0,0.0099623318381176,0.1195479820574116,0.2826277542960316,True,True
C-W-0010-L.21-M1745-1.2024-07-23-11-59.NH88X,2024-IA_Woodruff_UFMu,C-W-0010-L.21-M1745-1,2024-07-23 11:59:00,2024-07-23,True,20,42.65603603603603,0.0145444323766579,0.4414331547583855,296.2434210526316,-2.323787243332603,3.521132385405762,-0.0092232458173864,341.840690249927,97.04743910555234,8.0,192.6315789473684,488.875,0.0,7.0,0.0045441109097686,0.0545293309172237,0.0955681974686637,True,True
C-W-0010-L.21-M1745-1.2024-07-24-11-30.NH88X,2024-IA_Woodruff_UFMu,C-W-0010-L.21-M1745-1,2024-07-24 11:30:00,2024-07-24,True,83,42.38291139240508,0.0171989073100504,0.8995151440576059,339.7141025641025,-2.624097740190712,4.026971482836283,-0.010446459862007,363.0479432270055,109.58681880034337,9.0,191.71666666666667,531.4307692307692,0.0,8.0,0.0036505176611938,0.0438062119343257,0.0863429441606014,True,True
C-W-0010-L.21-M1745-1.2024-07-25-11-30.NH88X,2024-IA_Woodruff_UFMu,C-W-0010-L.21-M1745-1,2024-07-25 11:30:00,2024-07-25,True,69,42.3668644164369,0.0111371877320307,1.0600513106959222,337.4052828700966,-2.619945911395108,4.024336181965047,-0.0094257263962358,362.0195673077103,108.7614750568242,9.0,192.12280701754383,529.5280898876405,0.0,8.0,0.0076751539730589,0.092101847676707,0.2204444471989637,True,True
C-W-0010-L.21-M1745-1.2024-07-26-11-31.NH88X,2024-IA_Woodruff_UFMu,C-W-0010-L.21-M1745-1,2024-07-26 11:31:00,2024-07-26,True,164,42.1343111404087,0.0159903167507169,0.5683141621743907,337.5435861091425,-2.622899603309581,4.026210663064045,-0.010151763732904,360.2100538674081,108.90863787575516,9.0,190.05882352941177,527.6024096385543,0.0,8.0,0.0044199817487424,0.0530397809849094,0.1103834121746452,True,True
C-W-0010-L.21-M1745-1.2024-07-27-11-31.NH88X,2024-IA_Woodruff_UFMu,C-W-0010-L.21-M1745-1,2024-07-27 11:31:00,2024-07-27,True,138,42.98181818181817,0.0137320954361725,0.969344782824888,340.19270833333337,-2.6305317815617104,4.031080780490264,-0.0120384167716531,353.7683207145358,109.50377792715489,9.0,182.29166666666663,522.484375,0.0,8.0,0.0153987218532971,0.1847846622395658,0.4602297606088505,True,True
C-W-0010-L.21-M1745-1.2024-07-28-11-55.NH88X,2024-IA_Woodruff_UFMu,C-W-0010-L.21-M1745-1,2024-07-28 11:55:00,2024-07-28,True,112,43.16636333150416,0.0080831234270812,1.4607548764142733,341.5398886827457,-2.629977941494852,4.030729722039644,-0.0119024236422422,354.0255677535523,110.08460544352636,9.0,181.8367346938776,523.3766233766233,0.0,8.0,0.015302271364967,0.1836272563796049,0.4421174548773647,True,True
C-W-0010-L.21-M1745-1.2024-07-29-11-57.NH88X,2024-IA_Woodruff_UFMu,C-W-0010-L.21-M1745-1,2024-07-29 11:57:00,2024-07-29,True,77,42.51650836725463,0.0138438166660613,0.4698125135847855,297.39305230288835,-2.3201386000988378,3.5187743481443547,-0.0081940208125881,337.3876288696664,97.4188149044786,8.0,187.73809523809524,485.1311475409836,0.0,7.0,0.0042534474758321,0.0510413697099862,0.0830616932178038,True,True
C-W-0010-L.21-M1745-1.2024-07-30-11-56.NH88X,2024-IA_Woodruff_UFMu,C-W-0010-L.21-M1745-1,2024-07-30 11:56:00,2024-07-30,True,183,38.866743471582254,0.0690101008701675,3.022207917396221,187.8266283524904,-1.869336612089528,2.605439781825025,-0.061831668578999,535.3331466422052,64.29871677491707,6.0,437.2844827586207,625.1111111111111,0.0,5.0,0.0260629164688571,0.3127549976262858,0.515211936663726,True,True
C-W-0010-L.21-M1745-1.2024-07-31-11-57.NH88X,2024-IA_Woodruff_UFMu,C-W-0010-L.21-M1745-1,2024-07-31 11:57:00,2024-07-31,True,250,37.08001761855815,0.0810810889498789,2.108647630033913,248.23148148148152,-2.283532741634942,3.4956269742660884,0.0019094486387047,685.8006323432651,83.3061935789782,8.0,561.8518518518518,810.0833333333334,0.0,7.0,0.0703906940080909,0.844688328097091,1.0692152763604668,True,True
C-W-0010-L.21-M1745-1.2024-08-01-11-58.NH88X,2024-IA_Woodruff_UFMu,C-W-0010-L.21-M1745-1,2024-08-01 11:58:00,2024-08-01,True,250,42.298245614035125,0.0227824850388091,4.055345961014471,494.54117647058825,-3.2279689785422687,5.355967592213298,0.0417718011255683,462.5680459109106,151.7504522580815,12.0,225.55882352941177,720.1,0.0,11.0,0.1006090149764784,1.207308179717741,2.396779413413583,True,False
C-W-0010-L.21-M1745-1.2024-08-02-11-57.NH88X,2024-IA_Woodruff_UFMu,C-W-0010-L.21-M1745-1,2024-08-02 11:57:00,2024-08-02,True,250,18.9269790138419,0.0149974202179709,3.360696355298008,150.7412982258519,-2.5375475542393726,3.972094807544664,0.0108145305550153,760.4904747255285,48.3224572789496,9.0,685.4813432835821,836.222641509434,0.0,8.0,0.0886392208762897,1.0636706505154772,2.7792825559222027,True,False
C-W-0010-L.21-M1745-1.2024-08-03-11-58.NH88X,2024-IA_Woodruff_UFMu,C-W-0010-L.21-M1745-1,2024-08-03 11:58:00,2024-08-03,True,250,19.0512820512821,0.00976638197799,3.328548546287004,113.00200187409484,-2.012085095622888,3.008058223245934,-0.0040292151363723,742.4271848929121,37.62803765086625,7.0,685.7635658914729,798.7655677655678,0.0,6.0,0.012544655409696,0.1505358649163531,0.2701419953557744,True,True
C-W-0010-L.21-M1745-1.2024-08-04-11-57.NH88X,2024-IA_Woodruff_UFMu,C-W-0010-L.21-M1745-1,2024-08-04 11:57:00,2024-08-04,True,250,27.614189189189176,0.1214476606827746,2.1477905614612576,188.11458333333337,-2.469510583974281,3.6137644561878703,-0.0497486865119767,731.1826295384541,61.71565083729602,8.0,635.21875,823.3333333333334,0.0,7.0,0.1038977139171914,1.2467725670062977,2.2479787401418223,True,False
C-W-0010-L.21-M1745-1.2024-08-05-11-57.NH88X,2024-IA_Woodruff_UFMu,C-W-0010-L.21-M1745-1,2024-08-05 11:57:00,2024-08-05,True,184,42.95083406496926,0.0116442404555081,0.4026554890972393,214.4847887323944,-1.7266886030598882,2.512815977918205,-0.0075044360656826,293.876348621433,73.2918168409407,6.0,185.98,400.4647887323944,0.0,5.0,0.0032390012696667,0.0388680152360004,0.074395800001632,True,True
C-W-0010-L.21-M1745-1.2024-08-06-11-59.NH88X,2024-IA_Woodruff_UFMu,C-W-0010-L.21-M1745-1,2024-08-06 11:59:00,2024-08-06,True,212,43.032544774124574,0.0084672616505601,0.2693844797502095,171.91596638655463,-1.4269791326063508,2.008985934393114,-0.0063541165649945,275.3171964086356,60.7975903511327,5.0,188.94285714285715,360.8588235294118,0.0,4.0,0.0027203795661359,0.032644554793631,0.0501575923394632,True,True
C-W-0010-L.21-M1745-1.2024-08-07-11-58.NH88X,2024-IA_Woodruff_UFMu,C-W-0010-L.21-M1745-1,2024-08-07 11:58:00,2024-08-07,True,196,42.91244897959183,0.0055745522048537,0.8118996018667773,256.3833333333333,-2.015039027648975,3.009992437794067,-0.0049962809821493,318.54694620705425,85.36160694449373,7.0,189.91666666666663,446.3,0.0,6.0,0.0049522143140271,0.0594265717683254,0.1154144841560125,True,True
C-W-0010-L.21-M1745-1.2024-08-08-11-59.NH88X,2024-IA_Woodruff_UFMu,C-W-0010-L.21-M1745-1,2024-08-08 11:59:00,2024-08-08,True,250,22.49384098544226,0.1386899650484988,3.963368782523258,194.75718390804596,-2.9061142107504288,4.522486140542801,-0.0078332791643775,720.8454499958264,60.88390105958079,10.0,622.9094827586207,817.6666666666666,0.0,9.0,0.0963949163687271,1.1567389964247257,2.087081871077228,True,False
C-W-0010-L.21-M1745-1.2024-08-09-08-28.NH88X,2024-IA_Woodruff_UFMu,C-W-0010-L.21-M1745-1,2024-08-09 08:28:00,2024-08-09,True,106,34.709090909090946,0.0895756940806709,1.748320470687272,173.01435406698567,-1.7102407156966175,2.502267612599367,-0.001328486049628,614.0195061280314,58.95668176952989,6.0,527.290909090909,700.3052631578947,0.0,5.0,0.0557222047974002,0.6686664575688035,1.2114146991263333,True,True
C-M-0013-L.23-M1619-4_M1619-8.2024-06-28-11-32.NH888,2024-IA_Marsden_UFMu,C-M-0013-L.23-M1619-4_M1619-8,2024-06-28 11:32:00,2024-06-28,True,52,43.99747474747474,0.0174037842645785,0.5311592598864986,704.7483031674208,-4.827545620014302,7.955973330438248,0.0089872038334792,432.79945066368646,215.9587639790209,17.0,83.33823529411765,788.0865384615385,0.0,16.0,0.0075114211592243,0.0901370539106924,0.1641351132184919,True,True
C-M-0013-L.23-M1619-4_M1619-8.2024-06-29-11-33.NH888,2024-IA_Marsden_UFMu,C-M-0013-L.23-M1619-4_M1619-8,2024-06-29 11:33:00,2024-06-29,True,65,44.11457814705568,0.0093556266504802,0.711291447055512,706.6980994152048,-4.858042895812615,7.974840904705574,0.005135637453745,430.7245970193202,216.45902178018653,17.0,79.11111111111111,785.8092105263158,0.0,16.0,0.006877966592214,0.0825355991065686,0.1434066975357595,True,True
C-M-0013-L.23-M1619-4_M1619-8.2024-06-30-11-33.NH888,2024-IA_Marsden_UFMu,C-M-0013-L.23-M1619-4_M1619-8,2024-06-30 11:33:00,2024-06-30,True,250,21.54166666666663,0.2259485195655358,2.2847106322827564,140.06944444444446,-2.367175615797973,3.551170367255337,-0.0223725139416046,746.38634004884,44.68085229029624,8.0,673.9305555555555,814.0,0.0,7.0,0.126968329013595,1.5236199481631405,3.1440760306258437,True,False
C-M-0013-L.23-M1619-4_M1619-8.2024-07-01-11-47.NH888,2024-IA_Marsden_UFMu,C-M-0013-L.23-M1619-4_M1619-8,2024-07-01 11:47:00,2024-07-01,True,110,43.3802597402597,0.0158349998602904,0.8975964741802712,566.5709412642575,-3.97582710754482,6.465491222756811,0.0085608338737905,366.86475659440384,175.50041554689568,14.0,85.9322033898305,652.503144654088,0.0,13.0,0.0068080521815718,0.0816966261788626,0.1540631623900665,True,True
C-M-0013-L.23-M1619-4_M1619-8.2024-07-02-11-47.NH888,2024-IA_Marsden_UFMu,C-M-0013-L.23-M1619-4_M1619-8,2024-07-02 11:47:00,2024-07-02,True,54,43.67899159663864,0.0171007474431948,1.648043773250192,736.2533333333333,-5.176303133478657,8.49296081470495,0.0013568670181918,456.0393800608925,227.48559371859545,18.0,85.08,821.3333333333334,0.0,17.0,0.0558040162364609,0.6696481948375319,2.16617806443524,True,True
C-M-0013-L.23-M1619-4_M1619-8.2024-07-03-11-48.NH888,2024-IA_Marsden_UFMu,C-M-0013-L.23-M1619-4_M1619-8,2024-07-03 11:48:00,2024-07-03,True,172,44.00060812817958,0.0109085219371175,1.222423187074032,707.0734649122808,-4.844228624207523,7.966308666082373,0.0068773533254908,430.2866310230825,216.5192138011932,17.0,79.19736842105263,786.2708333333334,0.0,16.0,0.0082865814174971,0.0994389770099659,0.2494417678298752,True,True
C-M-0013-L.23-M1619-4_M1619-8.2024-07-04-11-45.NH888,2024-IA_Marsden_UFMu,C-M-0013-L.23-M1619-4_M1619-8,2024-07-04 11:45:00,2024-07-04,True,250,43.80192955187343,0.0084905236702867,0.7021219469757569,614.5704641350211,-4.266946902334257,6.966768648942596,0.0076917552145889,387.0376199316561,189.8404927551584,15.0,81.73333333333333,696.3037974683544,0.0,14.0,0.0077738728032306,0.093286473638768,0.1858175469787948,True,True
C-M-0013-L.23-M1619-4_M1619-8.2024-07-05-11-46.NH888,2024-IA_Marsden_UFMu,C-M-0013-L.23-M1619-4_M1619-8,2024-07-05 11:46:00,2024-07-05,True,104,20.32499999999999,0.0167092440155149,2.945990086560462,255.20000000000005,-4.159016201137721,6.578542996083647,-0.0194899182970411,486.8614690705699,80.30202053557277,14.0,356.0,611.2,0.0,13.0,0.0713432326563895,0.8561187918766741,1.9695160870851984,True,True
C-M-0013-L.23-M1619-4_M1619-8.2024-07-06-11-46.NH888,2024-IA_Marsden_UFMu,C-M-0013-L.23-M1619-4_M1619-8,2024-07-06 11:46:00,2024-07-06,True,125,20.26249999999999,0.0067859346082659,3.0727227923061182,261.9604743083003,-4.069127312848834,6.523704902726666,-0.0058811249867574,482.0255671519647,80.95860027377591,14.0,350.90909090909093,612.8695652173913,0.0,13.0,0.0571569535497429,0.685883442596915,2.1411890111946503,True,True
C-M-0013-L.23-M1619-4_M1619-8.2024-07-07-11-46.NH888,2024-IA_Marsden_UFMu,C-M-0013-L.23-M1619-4_M1619-8,2024-07-07 11:46:00,2024-07-07,True,99,43.92222222222222,0.0070326334429543,0.5772136350075229,484.2969696969697,-3.425129946020589,5.483045073302877,0.0049116055318334,320.5847762475176,151.75154145263832,12.0,79.66666666666667,563.9636363636364,0.0,11.0,0.0067918796662836,0.0815025559954043,0.1211149797402975,True,True
C-M-0013-L.23-M1619-4_M1619-8.2024-07-08-11-46.NH888,2024-IA_Marsden_UFMu,C-M-0013-L.23-M1619-4_M1619-8,2024-07-08 11:46:00,2024-07-08,True,154,44.396407514054616,0.0098113471512046,0.9277206931812688,709.888085598612,-4.861815261491521,7.977168977057408,0.004660409877748,429.7927651344716,217.6252380788676,17.0,76.07894736842105,785.967032967033,0.0,16.0,0.0083565853323786,0.1002790239885438,0.239677330031394,True,True
C-M-0013-L.23-M1619-4_M1619-8.2024-07-09-11-47.NH888,2024-IA_Marsden_UFMu,C-M-0013-L.23-M1619-4_M1619-8,2024-07-09 11:47:00,2024-07-09,True,95,20.185,0.0091652216992818,1.481319509632831,262.6839916839917,-4.050330568295629,6.511903433836264,-0.0029529134550383,478.1176420659124,81.65133132936339,14.0,346.15384615384613,608.8378378378378,0.0,13.0,0.0165606362125731,0.1987276345508776,0.3476792381097766,True,True
C-M-0013-L.23-M1619-4_M1619-8.2024-07-10-11-47.NH888,2024-IA_Marsden_UFMu,C-M-0013-L.23-M1619-4_M1619-8,2024-07-10 11:47:00,2024-07-10,True,127,44.1097857070744,0.0134426901716486,2.65020337126242,707.6691489361702,-4.871381012129151,7.98338873556291,0.0033911439329701,427.6213309689345,218.84977357725688,17.0,72.65,780.3191489361702,0.0,16.0,0.071991100848536,0.8638932101824328,2.115123837756114,True,True
C-M-0013-L.23-M1619-4_M1619-8.2024-07-11-11-52.NH888,2024-IA_Marsden_UFMu,C-M-0013-L.23-M1619-4_M1619-8,2024-07-11 11:52:00,2024-07-11,True,39,44.59419680403701,0.0090999104153894,1.2321310645591397,756.8805120910384,-5.170857803885363,8.489457542020569,0.0020320474402364,448.5081324330183,231.01109268670015,18.0,71.07894736842105,827.9594594594595,0.0,17.0,0.0152872631471415,0.1834471577656986,0.5820908578210213,True,True
C-M-0013-L.23-M1619-4_M1619-8.2024-07-12-11-53.NH888,2024-IA_Marsden_UFMu,C-M-0013-L.23-M1619-4_M1619-8,2024-07-12 11:53:00,2024-07-12,True,250,44.189953713514896,0.0049903034677487,1.341301938948975,531.7556847545219,-3.723776517089064,5.988826807395933,0.0029861743217258,335.90931506631165,165.803602932106,13.0,70.62222222222222,602.3779069767442,0.0,12.0,0.004856463119581,0.058277557434973,0.1042012318624232,True,True
C-M-0013-L.23-M1619-4_M1619-8.2024-07-13-11-53.NH888,2024-IA_Marsden_UFMu,C-M-0013-L.23-M1619-4_M1619-8,2024-07-13 11:53:00,2024-07-13,True,33,43.98989690721646,0.010628507997179,0.6256277393277913,662.1625,-4.567485830059902,7.473904082811757,0.0056610752871755,401.21322774940217,203.4818654980915,16.0,71.9,734.0625,0.0,15.0,0.0056803073266385,0.0681636879196627,0.148508133719746,True,True
C-M-0013-L.23-M1619-4_M1619-8.2024-07-14-11-52.NH888,2024-IA_Marsden_UFMu,C-M-0013-L.23-M1619-4_M1619-8,2024-07-14 11:52:00,2024-07-14,True,218,44.37094837935173,0.0053103258277373,1.528400183456579,578.0444444444444,-4.0067149618407125,6.484820681073567,0.0037655517475183,355.7441045283196,178.99675696724563,14.0,67.75555555555556,645.8,0.0,13.0,0.0066176196888662,0.0794114362663955,0.1486458448703835,True,True
C-M-0013-L.23-M1619-4_M1619-8.2024-07-15-11-31.NH888,2024-IA_Marsden_UFMu,C-M-0013-L.23-M1619-4_M1619-8,2024-07-15 11:31:00,2024-07-15,True,117,20.273684210526312,0.0165462386062078,2.0660683321277737,274.1762013729977,-4.502893917938642,7.110710423507315,-0.0256332332325337,482.8499982630303,85.59134497024515,15.0,341.7368421052632,615.9130434782609,0.0,14.0,0.0580225773924881,0.6962709287098579,1.3793769787887955,True,True
C-M-0013-L.23-M1619-4_M1619-8.2024-07-16-11-32.NH888,2024-IA_Marsden_UFMu,C-M-0013-L.23-M1619-4_M1619-8,2024-07-16 11:32:00,2024-07-16,True,78,44.2883267710192,0.0064261440068172,1.344633595367143,537.312292358804,-3.70147571587179,5.9748555618496,0.0067203593211937,332.17482260787995,166.59387183777602,13.0,66.0,603.312292358804,0.0,12.0,0.0208228832140366,0.2498745985684398,0.5867212797425412,True,True
C-M-0013-L.23-M1619-4_M1619-8.2024-07-17-11-32.NH888,2024-IA_Marsden_UFMu,C-M-0013-L.23-M1619-4_M1619-8,2024-07-17 11:32:00,2024-07-17,True,250,44.62976190476189,0.0086775314597774,0.7805468394509137,534.0584445467097,-3.728436602921534,5.991743882572872,0.0022065461878417,330.05902102978376,166.39480828778073,13.0,63.65853658536585,597.7169811320755,0.0,12.0,0.0047295415259105,0.0567544983109266,0.1081342954178836,True,True
C-M-0013-L.23-M1619-4_M1619-8.2024-07-18-11-32.NH888,2024-IA_Marsden_UFMu,C-M-0013-L.23-M1619-4_M1619-8,2024-07-18 11:32:00,2024-07-18,True,132,44.46036036036037,0.0042059885301757,2.942225578156837,592.4051724137931,-3.937038737836989,6.441296992399375,0.0145651772864185,354.68374039935867,180.9490423061794,14.0,65.25,657.6551724137931,0.0,13.0,0.0571170167137615,0.6854042005651384,1.7650064658845357,True,True
C-M-0013-L.23-M1619-4_M1619-8.2024-07-19-11-32.NH888,2024-IA_Marsden_UFMu,C-M-0013-L.23-M1619-4_M1619-8,2024-07-19 11:32:00,2024-07-19,True,250,19.41777065643811,0.0397496345607417,4.184937260336894,112.76666666666664,-1.9649507755284368,2.976516631553316,0.0117430678848977,724.0228802920914,37.54927785582039,7.0,668.4,781.1666666666666,0.0,6.0,0.0230357456285983,0.2764289475431804,0.4747591629387617,True,True
C-M-0013-L.23-M1619-4_M1619-8.2024-07-20-11-32.NH888,2024-IA_Marsden_UFMu,C-M-0013-L.23-M1619-4_M1619-8,2024-07-20 11:32:00,2024-07-20,True,175,44.06966873706003,0.0031206470086646,1.0722563215187149,485.8931689779147,-3.4447750581784,5.495429737628867,0.0013239281328738,309.9855762385148,152.41059795180325,12.0,67.24242424242425,553.1355932203389,0.0,11.0,0.0045378485438705,0.054454182526446,0.093313934118921,True,True
C-M-0013-L.23-M1619-4_M1619-8.2024-07-21-11-33.NH888,2024-IA_Marsden_UFMu,C-M-0013-L.23-M1619-4_M1619-8,2024-07-21 11:33:00,2024-07-21,True,107,44.17534722222223,0.0082895113240144,0.6214929485135631,443.4525681341719,-3.1580090204692124,4.99730138910964,0.0008533771370906,285.64209168972815,140.13248056386374,11.0,64.23611111111111,507.688679245283,0.0,10.0,0.0053060844156713,0.0636730129880564,0.1094103722645059,True,True
C-M-0013-L.23-M1619-4_M1619-8.2024-07-22-11-32.NH888,2024-IA_Marsden_UFMu,C-M-0013-L.23-M1619-4_M1619-8,2024-07-22 11:32:00,2024-07-22,True,70,44.29842508095378,0.0096496434823175,0.5777075483843015,444.15437370600415,-3.1544510358804576,4.995046776614337,0.001566350222669,284.93135023589736,140.41748329461586,11.0,63.31884057971015,507.4732142857143,0.0,10.0,0.004997947116575,0.059975365398901,0.0857061862754111,True,True
C-M-0013-L.23-M1619-4_M1619-8.2024-07-23-11-55.NH888,2024-IA_Marsden_UFMu,C-M-0013-L.23-M1619-4_M1619-8,2024-07-23 11:55:00,2024-07-23,True,102,44.29570970328788,0.0080063118170646,0.5402658760999279,444.5462401795735,-3.1572295076059698,4.996811486916976,0.0010083000860845,284.81868954761165,140.51566470356184,11.0,62.79012345679013,507.3363636363636,0.0,10.0,0.0081060586305163,0.0972727035661967,0.2200846530084428,True,True
C-M-0013-L.23-M1619-4_M1619-8.2024-07-24-11-55.NH888,2024-IA_Marsden_UFMu,C-M-0013-L.23-M1619-4_M1619-8,2024-07-24 11:55:00,2024-07-24,True,91,20.5220154753132,0.0072352112180776,0.7669443478397892,163.34476190476192,-2.592470513129951,4.006766765029029,-0.0026207861283955,418.4930747203745,52.61784935604359,9.0,336.56,499.9047619047619,0.0,8.0,0.0106522721130817,0.1278272653569815,0.2118570264104597,True,True
C-M-0013-L.23-M1619-4_M1619-8.2024-07-25-11-55.NH888,2024-IA_Marsden_UFMu,C-M-0013-L.23-M1619-4_M1619-8,2024-07-25 11:55:00,2024-07-25,True,102,44.12087912087912,0.0049951570499522,0.3670116901518233,398.989417989418,-2.8720940997269726,4.499883391225675,4.059802836486881e-05,263.38031795463183,127.28980140352866,10.0,63.96296296296296,462.95238095238096,0.0,9.0,0.005105704794872,0.0612684575384646,0.105750834102567,True,True
C-M-0013-L.23-M1619-4_M1619-8.2024-07-26-11-54.NH888,2024-IA_Marsden_UFMu,C-M-0013-L.23-M1619-4_M1619-8,2024-07-26 11:54:00,2024-07-26,True,60,44.17368421052632,0.0073871083045398,1.614170954503522,484.8174242424242,-3.4408302643275595,5.49296691940986,0.0020373849643817,307.8834430106478,152.40872323250073,12.0,65.425,550.2424242424242,0.0,11.0,0.0151310841025721,0.1815730092308656,0.5212265578274011,True,True
C-M-0013-L.23-M1619-4_M1619-8.2024-07-27-11-55.NH888,2024-IA_Marsden_UFMu,C-M-0013-L.23-M1619-4_M1619-8,2024-07-27 11:55:00,2024-07-27,True,162,44.51030991480434,0.0055988361380774,0.5098750163264354,400.77679343128784,-2.8719332991169355,4.499779008780254,7.693931589347613e-05,262.27042157637834,127.91817039591294,10.0,61.94230769230769,462.7191011235955,0.0,9.0,0.0032310895365131,0.0387730744381583,0.0710071701224706,True,True
C-M-0013-L.23-M1619-4_M1619-8.2024-07-28-11-55.NH888,2024-IA_Marsden_UFMu,C-M-0013-L.23-M1619-4_M1619-8,2024-07-28 11:55:00,2024-07-28,True,81,44.33673469387753,0.0043231186691097,1.3893678495015969,488.0909090909091,-3.4406698206089392,5.49286864599959,0.0020658560650002,308.35596661859125,153.4374823703825,12.0,64.25,552.3409090909091,0.0,11.0,0.016076907156407,0.192922885876885,0.5559357610262396,True,True
C-M-0013-L.23-M1619-4_M1619-8.2024-07-29-11-55.NH888,2024-IA_Marsden_UFMu,C-M-0013-L.23-M1619-4_M1619-8,2024-07-29 11:55:00,2024-07-29,True,104,44.20481927710841,0.0063472005418039,0.3688495210576288,310.4979919678715,-2.2912898021987718,3.5000029620269086,-1.292735975599868e-06,216.58490860893687,101.64886927570032,8.0,61.333333333333336,371.8313253012048,0.0,7.0,0.0034316981278235,0.0411803775338827,0.0793167718561704,True,True
C-M-0013-L.23-M1619-4_M1619-8.2024-07-30-11-55.NH888,2024-IA_Marsden_UFMu,C-M-0013-L.23-M1619-4_M1619-8,2024-07-30 11:55:00,2024-07-30,True,103,44.61510208968773,0.0048062814604323,0.3290866675458576,268.4498388829216,-2.0080949709577016,3.005388127237248,-0.0026940757558051,181.7913109421628,89.52605721925046,7.0,47.305263157894736,315.7551020408163,0.0,6.0,0.0037721501661441,0.0452658019937303,0.0764336800796954,True,True
C-M-0013-L.23-M1619-4_M1619-8.2024-07-31-11-56.NH888,2024-IA_Marsden_UFMu,C-M-0013-L.23-M1619-4_M1619-8,2024-07-31 11:56:00,2024-07-31,True,125,44.72172978780554,0.0054610512643797,0.5178523210744017,403.4181818181818,-2.8811085768678484,4.505626785517973,-0.0019589989124755,244.21763035775956,128.7348724334188,10.0,42.18181818181818,445.6,0.0,9.0,0.0024773786335815,0.0297285436029784,0.0459331559128095,True,True
C-M-0013-L.23-M1619-4_M1619-8.2024-08-01-11-55.NH888,2024-IA_Marsden_UFMu,C-M-0013-L.23-M1619-4_M1619-8,2024-08-01 11:55:00,2024-08-01,True,250,44.27055793553652,0.0045754257055559,0.3786517166684948,354.80388753904896,-2.587074823048733,4.003280768629686,-0.0012706377241924,219.85804483659803,114.5302135062918,9.0,42.25581395348837,397.0597014925373,0.0,8.0,0.0027239707386537,0.0326876488638445,0.058562294154381,True,True
C-M-0013-L.23-M1619-4_M1619-8.2024-08-02-11-55.NH888,2024-IA_Marsden_UFMu,C-M-0013-L.23-M1619-4_M1619-8,2024-08-02 11:55:00,2024-08-02,True,250,44.14236443381181,0.0075126710729791,0.999821012880628,442.3740566037736,-3.156291332448791,4.996221886705587,0.0011947517342214,267.3146919811509,139.73015225406866,11.0,46.475,488.8490566037736,0.0,10.0,0.0106172428086104,0.1274069137033253,0.3508350439549232,True,True
C-M-0013-L.23-M1619-4_M1619-8.2024-08-03-11-56.NH888,2024-IA_Marsden_UFMu,C-M-0013-L.23-M1619-4_M1619-8,2024-08-03 11:56:00,2024-08-03,True,250,44.23952762923351,0.0056345061155009,0.2579005435915095,265.8780487804878,-2.002179430492939,3.0014550896425187,-0.0007275465655927,223.21716900658456,88.53061678110652,7.0,90.1219512195122,356.0,0.0,6.0,0.004191818054322,0.0503018166518647,0.0964075707867095,True,True
C-M-0013-L.23-M1619-4_M1619-8.2024-08-04-11-56.NH888,2024-IA_Marsden_UFMu,C-M-0013-L.23-M1619-4_M1619-8,2024-08-04 11:56:00,2024-08-04,True,220,44.34277763723756,0.0053889309380413,0.687587404230863,442.9430641821946,-3.1608541420827616,4.999101339086695,0.0002841818033312,268.2645039120951,139.9434189179861,11.0,46.90476190476191,489.8478260869565,0.0,10.0,0.0042887198494728,0.0514646381936742,0.0926694186049168,True,True
C-M-0013-L.23-M1619-4_M1619-8.2024-08-05-11-57.NH888,2024-IA_Marsden_UFMu,C-M-0013-L.23-M1619-4_M1619-8,2024-08-05 11:57:00,2024-08-05,True,169,44.37353291381224,0.0072198479514353,2.2023804757874625,444.08289981540526,-3.16539547196046,5.001973683760804,-0.0006241345511401,267.6328857152094,140.32212059775543,11.0,45.61016949152543,489.6930693069307,0.0,10.0,0.0052191939792534,0.0626303277510419,0.1239351147940848,True,True
C-M-0013-L.23-M1619-4_M1619-8.2024-08-06-11-56.NH888,2024-IA_Marsden_UFMu,C-M-0013-L.23-M1619-4_M1619-8,2024-08-06 11:56:00,2024-08-06,True,247,43.93454357819682,0.0063653331296406,3.516859699802348,346.08765801729874,-2.6294007073054537,4.03044485867616,-0.0117926638011125,226.5470941723246,112.74139715665932,9.0,50.97222222222222,397.05988023952096,0.0,8.0,0.0304166304185127,0.3649995650221525,0.6983483083071103,True,True
C-M-0013-L.23-M1619-4_M1619-8.2024-08-07-11-57.NH888,2024-IA_Marsden_UFMu,C-M-0013-L.23-M1619-4_M1619-8,2024-08-07 11:57:00,2024-08-07,True,248,43.922811059907815,0.0063721031604435,2.512563864202305,616.1358428805237,-4.297986543065817,6.986294488155232,0.0031724781506383,357.4221748190712,190.8205227421832,15.0,48.7872340425532,664.9230769230769,0.0,14.0,0.0546459456736618,0.6557513480839419,2.043966311422643,True,True
C-M-0013-L.23-M1619-4_M1619-8.2024-08-08-11-32.NH888,2024-IA_Marsden_UFMu,C-M-0013-L.23-M1619-4_M1619-8,2024-08-08 11:32:00,2024-08-08,True,200,43.78965003723008,0.0048192549972376,1.2781440214588942,483.7591911764706,-3.4494626507915283,5.498379773938439,0.0004693528167356,293.1081737754215,151.92234534527165,12.0,51.14705882352941,534.90625,0.0,11.0,0.0080212784779516,0.0962553417354197,0.2013996053927362,True,True
C-M-0013-L.23-M1619-4_M1619-8.2024-08-09-11-03.NH888,2024-IA_Marsden_UFMu,C-M-0013-L.23-M1619-4_M1619-8,2024-08-09 11:03:00,2024-08-09,True,250,22.50641025641022,0.1502611091538888,2.391498414662067,204.2870927318296,-2.967459481615537,4.562347244857681,-0.0217421521516021,736.4425361797026,67.76620675330027,10.0,632.0857142857143,836.3728070175439,0.0,9.0,0.1565673384357961,1.878808061229554,3.688683189102649,True,False
C-M-0013-R.23-M1619-4_M1619-8.2024-06-28-11-33.NGFZT,2024-IA_Marsden_UFMu,C-M-0013-R.23-M1619-4_M1619-8,2024-06-28 11:33:00,2024-06-28,True,37,40.94418751313856,0.0451197777645694,0.9992552087691348,655.253076923077,-4.675742287809438,7.860452660394045,0.0284941465828154,499.425389477176,200.73189129202527,17.0,181.07692307692307,836.33,0.0,16.0,0.0060960077991989,0.0731520935903876,0.1463057377398982,True,True
C-M-0013-R.23-M1619-4_M1619-8.2024-06-29-11-33.NGFZT,2024-IA_Marsden_UFMu,C-M-0013-R.23-M1619-4_M1619-8,2024-06-29 11:33:00,2024-06-29,True,40,41.19276298089858,0.043545664457644,1.0229367568864058,659.1551459293396,-4.690772760596347,7.870031033146898,0.026537205708851,500.1853880411641,201.9450433105,17.0,179.28571428571428,838.4408602150538,0.0,16.0,0.0053590858960022,0.0643090307520267,0.1498683131291007,True,True
C-M-0013-R.23-M1619-4_M1619-8.2024-06-30-11-33.NGFZT,2024-IA_Marsden_UFMu,C-M-0013-R.23-M1619-4_M1619-8,2024-06-30 11:33:00,2024-06-30,True,187,40.09003601440577,0.0307268116484495,0.8859791158908926,440.7875939849624,-3.347242274521948,5.433275656642293,0.0193317311305767,395.907640782625,138.25666384644452,12.0,179.60526315789474,620.3928571428571,0.0,11.0,0.0034513407369958,0.0414160888439503,0.0825700558843358,True,True
C-M-0013-R.23-M1619-4_M1619-8.2024-07-01-11-48.NGFZT,2024-IA_Marsden_UFMu,C-M-0013-R.23-M1619-4_M1619-8,2024-07-01 11:48:00,2024-07-01,True,47,39.609375,0.0443713930893419,0.6833513042585386,519.1369047619048,-3.868991545760154,6.397566170264782,0.0254171899505148,438.8583176988544,160.95814857178286,14.0,185.66666666666663,704.8035714285714,0.0,13.0,0.0044140310795686,0.0529683729548232,0.1112796475369721,True,True
C-M-0013-R.23-M1619-4_M1619-8.2024-07-02-11-47.NGFZT,2024-IA_Marsden_UFMu,C-M-0013-R.23-M1619-4_M1619-8,2024-07-02 11:47:00,2024-07-02,True,36,40.78951000690131,0.0395459511940147,0.978761080287956,612.8351293103449,-4.421647319886075,7.382208695843267,0.0255591321068298,477.0470814454314,188.260280918066,16.0,178.40625,791.2413793103449,0.0,15.0,0.0043810413071411,0.0525724956856935,0.0943091806291818,True,True
C-M-0013-R.23-M1619-4_M1619-8.2024-07-03-11-47.NGFZT,2024-IA_Marsden_UFMu,C-M-0013-R.23-M1619-4_M1619-8,2024-07-03 11:47:00,2024-07-03,True,38,41.21537530266346,0.0411696760362302,1.0667350065308066,658.5377358490566,-4.691633935858572,7.870579139407448,0.0264252349257629,498.1165436898826,201.6581814057236,17.0,177.5,836.0377358490566,0.0,16.0,0.0058267299390597,0.0699207592687175,0.1394980503912322,True,True
C-M-0013-R.23-M1619-4_M1619-8.2024-07-04-11-46.NGFZT,2024-IA_Marsden_UFMu,C-M-0013-R.23-M1619-4_M1619-8,2024-07-04 11:46:00,2024-07-04,True,118,39.44862745098038,0.0287737223084117,3.3528697274538506,503.3666666666667,-4.053609795705708,6.514525214387913,-0.0036041862412306,431.3911543145852,159.16391185923166,14.0,176.83333333333334,680.2,0.0,13.0,0.0906682248328025,1.0880186979936308,2.29830621651402,True,False
C-M-0013-R.23-M1619-4_M1619-8.2024-07-05-11-45.NGFZT,2024-IA_Marsden_UFMu,C-M-0013-R.23-M1619-4_M1619-8,2024-07-05 11:45:00,2024-07-05,True,58,40.10483870967741,0.0315966178196794,0.6888825179719564,483.05209994683673,-3.626415258333225,5.927101741585197,0.0194858001418962,419.1224733254263,150.53951010787048,13.0,182.21052631578948,665.2626262626262,0.0,12.0,0.0040705388754905,0.0488464665058867,0.0953339487637663,True,True
C-M-0013-R.23-M1619-4_M1619-8.2024-07-06-11-46.NGFZT,2024-IA_Marsden_UFMu,C-M-0013-R.23-M1619-4_M1619-8,2024-07-06 11:46:00,2024-07-06,True,142,40.23937204779105,0.0301650020789646,1.306529176398142,484.7937635072553,-3.628292541462016,5.928307303878153,0.0191634669181519,411.8887156072488,151.1204392867235,13.0,173.90243902439025,658.6962025316456,0.0,12.0,0.005431975335745,0.0651837040289407,0.1165907129353165,True,True
C-M-0013-R.23-M1619-4_M1619-8.2024-07-07-11-45.NGFZT,2024-IA_Marsden_UFMu,C-M-0013-R.23-M1619-4_M1619-8,2024-07-07 11:45:00,2024-07-07,True,73,40.00594923320992,0.0353344399264443,1.2949177856232073,481.4772236873652,-3.626551202911125,5.927190628182541,0.0194620353962884,412.2066069434053,150.212461026022,13.0,175.8372093023256,657.3144329896908,0.0,12.0,0.0051049580864031,0.0612594970368376,0.1116364056400901,True,True
C-M-0013-R.23-M1619-4_M1619-8.2024-07-08-11-46.NGFZT,2024-IA_Marsden_UFMu,C-M-0013-R.23-M1619-4_M1619-8,2024-07-08 11:46:00,2024-07-08,True,44,41.12340425531914,0.0382652581276339,1.010268399419288,614.728021978022,-4.437678209234644,7.392419736147287,0.0233424704104443,470.4737009342564,188.96980502149611,16.0,170.25,784.978021978022,0.0,15.0,0.0048093471738279,0.0577121660859357,0.1121760858849114,True,True
C-M-0013-R.23-M1619-4_M1619-8.2024-07-09-11-46.NGFZT,2024-IA_Marsden_UFMu,C-M-0013-R.23-M1619-4_M1619-8,2024-07-09 11:46:00,2024-07-09,True,71,40.37797619047621,0.0354687940005252,1.7686559980262548,558.4642857142857,-4.245231123812146,6.9534624217883385,0.0107729148929189,449.0200449633285,174.98098798085394,15.0,169.95238095238096,728.4166666666666,0.0,14.0,0.0601733341355718,0.722080009626862,2.0644081974844077,True,True
C-M-0013-R.23-M1619-4_M1619-8.2024-07-10-11-47.NGFZT,2024-IA_Marsden_UFMu,C-M-0013-R.23-M1619-4_M1619-8,2024-07-10 11:47:00,2024-07-10,True,56,41.22432088285231,0.0284413934463664,1.4281240834425486,656.3466223698782,-4.723733703585416,7.890953306729421,0.0222634905563934,488.8738287328711,201.4854880336516,17.0,167.5581395348837,823.9047619047619,0.0,16.0,0.0125306635540772,0.1503679626489266,0.4201499926522075,True,True
C-M-0013-R.23-M1619-4_M1619-8.2024-07-11-11-53.NGFZT,2024-IA_Marsden_UFMu,C-M-0013-R.23-M1619-4_M1619-8,2024-07-11 11:53:00,2024-07-11,True,250,41.10331384015592,0.0339282144544067,0.9684876066816004,615.3246031746032,-4.447477197601741,7.398645203464042,0.0219911609012317,468.35811017381286,189.13172586757256,16.0,167.36111111111111,782.6857142857143,0.0,15.0,0.0059198306191897,0.0710379674302773,0.1616979622908054,True,True
C-M-0013-R.23-M1619-4_M1619-8.2024-07-12-11-52.NGFZT,2024-IA_Marsden_UFMu,C-M-0013-R.23-M1619-4_M1619-8,2024-07-12 11:52:00,2024-07-12,True,105,40.24000000000001,0.0305472891522116,0.9190243050988376,527.9549549549549,-3.904338872804509,6.420224882679966,0.0197928388860573,426.3229637196014,163.68431744754184,14.0,167.3783783783784,695.3333333333334,0.0,13.0,0.0045686565772442,0.0548238789269313,0.0887902169345977,True,True
C-M-0013-R.23-M1619-4_M1619-8.2024-07-13-11-53.NGFZT,2024-IA_Marsden_UFMu,C-M-0013-R.23-M1619-4_M1619-8,2024-07-13 11:53:00,2024-07-13,True,27,39.67198838896957,0.0393445688316554,0.7625040960666467,521.4041666666667,-3.8848227033352174,6.407737370528216,0.0228922804921989,423.9439396472674,161.66373170345926,14.0,169.0625,690.4666666666667,0.0,13.0,0.0042881478208467,0.0514577738501607,0.0944084054128846,True,True
C-M-0013-R.23-M1619-4_M1619-8.2024-07-14-11-53.NGFZT,2024-IA_Marsden_UFMu,C-M-0013-R.23-M1619-4_M1619-8,2024-07-14 11:53:00,2024-07-14,True,54,40.112753147235935,0.0281921899160649,0.9271766472996932,442.5371621621622,-3.3631604755909827,5.443534074098909,0.0163589401825641,381.63678540007527,138.74272417770607,12.0,163.83783783783784,606.375,0.0,11.0,0.0052077676364621,0.0624932116375458,0.1218775805347363,True,True
C-M-0013-R.23-M1619-4_M1619-8.2024-07-15-11-31.NGFZT,2024-IA_Marsden_UFMu,C-M-0013-R.23-M1619-4_M1619-8,2024-07-15 11:31:00,2024-07-15,True,37,40.17212325469427,0.0236749360027355,0.9625772326306932,483.1989177489178,-3.644358969495205,5.938596939317618,0.0164124393967579,403.0743432722414,150.8939188195331,13.0,164.97727272727272,648.1761904761905,0.0,12.0,0.0087604624626862,0.1051255495522353,0.2214648499015114,True,True
C-M-0013-R.23-M1619-4_M1619-8.2024-07-16-11-31.NGFZT,2024-IA_Marsden_UFMu,C-M-0013-R.23-M1619-4_M1619-8,2024-07-16 11:31:00,2024-07-16,True,31,40.18827301878147,0.0293374546278085,0.7543303941426717,484.0976390556223,-3.634163488223885,5.932069402367157,0.0181575840234859,407.317673222412,150.83744854243966,13.0,169.51020408163265,653.6078431372549,0.0,12.0,0.0046109524940416,0.0553314299284996,0.1096912475663387,True,True
C-M-0013-R.23-M1619-4_M1619-8.2024-07-17-11-31.NGFZT,2024-IA_Marsden_UFMu,C-M-0013-R.23-M1619-4_M1619-8,2024-07-17 11:31:00,2024-07-17,True,62,39.96078431372547,0.0285040747535939,2.1757191011861363,512.0941176470587,-3.989974754432141,6.474783165400912,0.0062566461778352,426.3964334950051,161.76200018666532,14.0,168.7058823529412,680.8,0.0,13.0,0.0723907675701385,0.8686892108416625,2.373504746280955,True,True
C-M-0013-R.23-M1619-4_M1619-8.2024-07-18-11-32.NGFZT,2024-IA_Marsden_UFMu,C-M-0013-R.23-M1619-4_M1619-8,2024-07-18 11:32:00,2024-07-18,True,40,40.08333333333334,0.0294074727572262,2.0077493645124465,482.7917795844626,-3.631998799501899,5.930682640754885,0.0185283534899811,406.7850418902197,150.5338972183307,13.0,169.6341463414634,652.425925925926,0.0,12.0,0.0040932462543213,0.0491189550518561,0.0904137973427197,True,True
C-M-0013-R.23-M1619-4_M1619-8.2024-07-19-11-32.NGFZT,2024-IA_Marsden_UFMu,C-M-0013-R.23-M1619-4_M1619-8,2024-07-19 11:32:00,2024-07-19,True,81,40.07397084048026,0.0289780052215517,0.9112028934115932,482.7710758377425,-3.6299556684732113,5.929372823008636,0.0188785656527823,407.6605101282879,150.41193659799566,13.0,170.68571428571428,653.4567901234568,0.0,12.0,0.0043463709852235,0.052156451822683,0.1003183095212634,True,True
C-M-0013-R.23-M1619-4_M1619-8.2024-07-20-11-32.NGFZT,2024-IA_Marsden_UFMu,C-M-0013-R.23-M1619-4_M1619-8,2024-07-20 11:32:00,2024-07-20,True,23,40.134320175438575,0.0243289392801024,0.7977799361082017,440.8147368421052,-3.362698178160356,5.443237686543079,0.0164448317554715,386.0396297523545,138.19151597498495,12.0,169.10526315789474,609.92,0.0,11.0,0.0060007478108879,0.0720089737306557,0.1316219874963771,True,True
C-M-0013-R.23-M1619-4_M1619-8.2024-07-21-11-33.NGFZT,2024-IA_Marsden_UFMu,C-M-0013-R.23-M1619-4_M1619-8,2024-07-21 11:33:00,2024-07-21,True,54,40.07830080367398,0.029570801366894,2.3259503207189334,514.1757289204098,-3.987286235096279,6.473027977336214,0.0066919597049928,424.470722884414,162.06666085994033,14.0,166.03703703703704,680.2127659574469,0.0,13.0,0.0658522988254505,0.7902275859054071,2.150126746219591,True,True
C-M-0013-R.23-M1619-4_M1619-8.2024-07-22-11-34.NGFZT,2024-IA_Marsden_UFMu,C-M-0013-R.23-M1619-4_M1619-8,2024-07-22 11:34:00,2024-07-22,True,21,40.145833333333314,0.0234763679496434,1.2947105104127423,439.8253968253968,-3.3771533895167622,5.452518478923347,0.0137556320197793,384.5766076585435,138.27699532335805,12.0,167.28571428571428,607.1111111111111,0.0,11.0,0.0080278492421357,0.0963341909056286,0.2067435618751223,True,True
C-M-0013-R.23-M1619-4_M1619-8.2024-07-23-11-54.NGFZT,2024-IA_Marsden_UFMu,C-M-0013-R.23-M1619-4_M1619-8,2024-07-23 11:54:00,2024-07-23,True,59,40.143546971027206,0.0258484784844312,1.4521790714472376,444.2474747474747,-3.349947547308441,5.435033192355614,0.0188224963356233,383.6388886257357,138.94402856193395,12.0,165.86363636363637,610.1111111111111,0.0,11.0,0.0115695670434523,0.1388348045214281,0.2936725719809665,True,True
C-M-0013-R.23-M1619-4_M1619-8.2024-07-24-11-54.NGFZT,2024-IA_Marsden_UFMu,C-M-0013-R.23-M1619-4_M1619-8,2024-07-24 11:54:00,2024-07-24,True,57,40.086956521739125,0.0233649762043501,1.344422849863344,439.8333333333333,-3.376296479091156,5.451970605750602,0.0139143832972337,383.9662911379151,138.30744802144713,12.0,166.7,606.5333333333333,0.0,11.0,0.0086301218558882,0.1035614622706589,0.2202891712269284,True,True
C-M-0013-R.23-M1619-4_M1619-8.2024-07-25-11-54.NGFZT,2024-IA_Marsden_UFMu,C-M-0013-R.23-M1619-4_M1619-8,2024-07-25 11:54:00,2024-07-25,True,47,39.43822553897178,0.0144587784951166,0.6052668531708822,356.04329004329,-2.815215002176181,4.463229475950558,0.0128026773173033,346.1843855329825,113.62022036878672,10.0,170.33333333333334,526.3766233766233,0.0,9.0,0.0035463141828669,0.0425557701944038,0.0813307249476498,True,True
C-M-0013-R.23-M1619-4_M1619-8.2024-07-26-11-55.NGFZT,2024-IA_Marsden_UFMu,C-M-0013-R.23-M1619-4_M1619-8,2024-07-26 11:55:00,2024-07-26,True,71,39.99473684210534,0.0177163069801797,1.579534598960457,438.6877192982456,-3.3715565329120203,5.448933646715083,0.0147943659506015,386.453405718376,137.89174596592449,12.0,169.91228070175438,608.6,0.0,11.0,0.0095736782398222,0.1148841388778666,0.2867026064752354,True,True
C-M-0013-R.23-M1619-4_M1619-8.2024-07-27-11-55.NGFZT,2024-IA_Marsden_UFMu,C-M-0013-R.23-M1619-4_M1619-8,2024-07-27 11:55:00,2024-07-27,True,106,40.15370018975332,0.0308801467174983,1.035452866556807,483.3079710144928,-3.631886875779864,5.930610883343277,0.0185475466811526,407.95510624693,150.50123424316732,13.0,170.75,654.0579710144928,0.0,12.0,0.0046878055149066,0.0562536661788797,0.0970044899536865,True,True
C-M-0013-R.23-M1619-4_M1619-8.2024-07-28-11-55.NGFZT,2024-IA_Marsden_UFMu,C-M-0013-R.23-M1619-4_M1619-8,2024-07-28 11:55:00,2024-07-28,True,30,39.43287037037038,0.0184142517792461,0.5966970245812176,355.91065627030537,-2.813870988193089,4.46235452845614,0.0131073515545772,346.232975171714,113.58342333145302,10.0,170.44736842105263,526.358024691358,0.0,9.0,0.0029403696183995,0.0352844354207949,0.0622489596922495,True,True
C-M-0013-R.23-M1619-4_M1619-8.2024-07-29-11-55.NGFZT,2024-IA_Marsden_UFMu,C-M-0013-R.23-M1619-4_M1619-8,2024-07-29 11:55:00,2024-07-29,True,43,39.94159636599613,0.0246298061060323,0.928537223740048,439.5931063472047,-3.357056179307188,5.439606750396524,0.0174970066885604,387.25755665560695,137.88093890123,12.0,171.12820512820514,610.7213114754098,0.0,11.0,0.0057655617492267,0.0691867409907208,0.120914328281378,True,True
C-M-0013-R.23-M1619-4_M1619-8.2024-07-30-11-56.NGFZT,2024-IA_Marsden_UFMu,C-M-0013-R.23-M1619-4_M1619-8,2024-07-30 11:56:00,2024-07-30,True,24,39.77499295972967,0.0229166085335169,0.6466272918433505,356.1085075702956,-2.817122324754822,4.464471423075624,0.0123702184245075,342.926878450038,113.5722670176539,10.0,166.97368421052633,523.082191780822,0.0,9.0,0.0051947726301979,0.0623372715623748,0.1244143282757122,True,True
C-M-0013-R.23-M1619-4_M1619-8.2024-07-31-11-55.NGFZT,2024-IA_Marsden_UFMu,C-M-0013-R.23-M1619-4_M1619-8,2024-07-31 11:55:00,2024-07-31,True,34,39.44186046511629,0.0136227397798742,0.4583351328225947,274.89257294429706,-2.2632824349920013,3.4815565713081,0.0080495763894679,297.5636715617481,89.99384155756651,8.0,161.06896551724137,435.96153846153845,0.0,7.0,0.0026884547579896,0.0322614570958762,0.0600465994470091,True,True
C-M-0013-R.23-M1619-4_M1619-8.2024-08-01-11-56.NGFZT,2024-IA_Marsden_UFMu,C-M-0013-R.23-M1619-4_M1619-8,2024-08-01 11:56:00,2024-08-01,True,79,39.222027972027945,0.0188452391877189,0.7877467177572369,354.72232142857143,-2.8216674682885903,4.467422299286099,0.0113426745415035,324.92215899416607,113.12395508522336,10.0,149.40625,504.1285714285714,0.0,9.0,0.0034594499334532,0.0415133992014387,0.1034938756931289,True,True
C-M-0013-R.23-M1619-4_M1619-8.2024-08-02-11-55.NGFZT,2024-IA_Marsden_UFMu,C-M-0013-R.23-M1619-4_M1619-8,2024-08-02 11:55:00,2024-08-02,True,250,39.67913868269119,0.0171722298011695,2.5368897364806906,477.1785714285714,-3.651551564506769,5.943189726155535,0.0151846127133516,385.2547192313978,149.0971126170583,13.0,149.82142857142858,627.0,0.0,12.0,0.0099492509164983,0.1193910109979802,0.2719818372518006,True,True
C-M-0013-R.23-M1619-4_M1619-8.2024-08-03-11-57.NGFZT,2024-IA_Marsden_UFMu,C-M-0013-R.23-M1619-4_M1619-8,2024-08-03 11:57:00,2024-08-03,True,228,39.546208727393406,0.0305738412162392,2.057080977093104,479.855276907001,-3.646611860128116,5.940038307506562,0.0160271203371582,384.897818380392,149.6576697776325,13.0,148.57575757575756,628.4310344827586,0.0,12.0,0.0106540841605826,0.1278490099269922,0.303257043470218,True,True
C-M-0013-R.23-M1619-4_M1619-8.2024-08-04-11-56.NGFZT,2024-IA_Marsden_UFMu,C-M-0013-R.23-M1619-4_M1619-8,2024-08-04 11:56:00,2024-08-04,True,132,39.98113207547169,0.0333300546528139,2.8356699098901967,564.5240384615385,-4.176241232040562,6.909610315908467,0.0209248670061441,430.412419782112,173.6552250459488,15.0,154.4375,718.9615384615385,0.0,14.0,0.0126701568731644,0.1520418824779738,0.3490694491819148,True,True
C-M-0013-R.23-M1619-4_M1619-8.2024-08-05-11-57.NGFZT,2024-IA_Marsden_UFMu,C-M-0013-R.23-M1619-4_M1619-8,2024-08-05 11:57:00,2024-08-05,True,52,39.26348039215685,0.021413583988284,0.9863991779281128,394.4361111111111,-3.096151983375076,4.9577667099810006,0.013356288481126,350.2621932078758,124.5544388193903,11.0,155.675,550.1111111111111,0.0,10.0,0.0052400729075166,0.0628808748902001,0.1406339020740299,True,True
C-M-0013-R.23-M1619-4_M1619-8.2024-08-06-11-56.NGFZT,2024-IA_Marsden_UFMu,C-M-0013-R.23-M1619-4_M1619-8,2024-08-06 11:56:00,2024-08-06,True,55,38.31210294848192,0.0158853382136409,0.2908324018364299,230.16185897435895,-1.9731620838919888,2.9819892092537303,0.0090056844708037,282.24040020972274,76.70510021268929,7.0,168.02564102564102,398.1875,0.0,6.0,0.0036626299171404,0.0439515590056849,0.0809892213226071,True,True
C-M-0013-R.23-M1619-4_M1619-8.2024-08-07-11-58.NGFZT,2024-IA_Marsden_UFMu,C-M-0013-R.23-M1619-4_M1619-8,2024-08-07 11:58:00,2024-08-07,True,198,39.09884304148139,0.0265597553661819,1.1180787816363236,391.3724815724816,-3.0834374870469614,4.9495496362802855,0.0159554202910472,360.5323607600716,123.58019303875687,11.0,167.97297297297297,559.3454545454546,0.0,10.0,0.0057679110453167,0.0692149325438004,0.1288919913407916,True,True
C-M-0013-R.23-M1619-4_M1619-8.2024-08-08-11-32.NGFZT,2024-IA_Marsden_UFMu,C-M-0013-R.23-M1619-4_M1619-8,2024-08-08 11:32:00,2024-08-08,True,101,38.87768817204301,0.0203630077787378,2.3991299164523925,313.5212121212121,-2.537750947214074,3.9712768077433815,0.011125423495963,319.92537064190293,100.7468408923496,9.0,165.33333333333334,478.8545454545455,0.0,8.0,0.0228188530172887,0.2738262362074645,0.6911579724079759,True,True
C-M-0013-R.23-M1619-4_M1619-8.2024-08-09-11-03.NGFZT,2024-IA_Marsden_UFMu,C-M-0013-R.23-M1619-4_M1619-8,2024-08-09 11:03:00,2024-08-09,True,230,38.51463414634151,0.0167258341497571,2.6521510364587795,349.1097461097461,-2.831844976407966,4.474394578186248,0.0089166943158085,340.2315214144625,110.58813607778022,10.0,168.4848484848485,517.5945945945946,0.0,9.0,0.0563817857905224,0.6765814294862695,1.826285514316572,True,True
C-M-0006-L.21-M1744-4.2024-06-28-11-35.NL5RH,2024-IA_Marsden_UFMu,C-M-0006-L.21-M1744-4,2024-06-28 11:35:00,2024-06-28,True,250,42.46315789473687,0.0297696849506465,2.4755128207428103,646.2692933897753,-4.697997502733375,7.553981862910267,-0.0117119179809268,474.6540813051306,195.7564037755809,16.0,150.32530120481928,796.5945945945946,0.0,15.0,0.0599215133067537,0.719058159681045,2.108617996282079,True,True
C-M-0006-L.21-M1744-4.2024-06-29-11-34.NL5RH,2024-IA_Marsden_UFMu,C-M-0006-L.21-M1744-4,2024-06-29 11:34:00,2024-06-29,True,210,42.76665042235217,0.0252848412755943,0.9049391315014944,430.9167852062589,-3.241042760018356,5.04924492552318,-0.0155741026478484,372.4293636116207,136.23155123051274,11.0,153.67105263157896,584.5878378378378,0.0,10.0,0.0044259149485578,0.0531109793826937,0.1005813368372336,True,True
C-M-0006-L.21-M1744-4.2024-06-30-11-36.NL5RH,2024-IA_Marsden_UFMu,C-M-0006-L.21-M1744-4,2024-06-30 11:36:00,2024-06-30,True,250,21.38410256410253,0.1799343586714581,1.7838395147413206,148.37820512820508,-2.398299801998125,3.570061422433638,-0.0306230419493522,692.9027849167112,47.7075445846434,8.0,616.25,764.6282051282051,0.0,7.0,0.1077998914544128,1.2935986974529547,2.131041623159099,True,False
C-M-0006-L.21-M1744-4.2024-07-01-11-49.NL5RH,2024-IA_Marsden_UFMu,C-M-0006-L.21-M1744-4,2024-07-01 11:49:00,2024-07-01,True,102,42.871296952515934,0.0185876214557401,0.8030596951950432,387.62909583641294,-2.9352984132836397,4.539811149590071,-0.0138615085174773,351.14549203455147,123.63795750533242,10.0,154.8658536585366,542.4949494949495,0.0,9.0,0.0035821210373202,0.0429854524478426,0.0845142006027064,True,True
C-M-0006-L.21-M1744-4.2024-07-02-11-50.NL5RH,2024-IA_Marsden_UFMu,C-M-0006-L.21-M1744-4,2024-07-02 11:50:00,2024-07-02,True,156,42.659941913757336,0.0270423518565874,1.8931457656357624,423.94444444444446,-3.271839398490722,5.068256579896072,-0.021589249414827,371.7828250455887,134.96587402843187,11.0,154.55555555555554,578.5,0.0,10.0,0.0268540550190635,0.3222486602287624,0.7076877706904254,True,True
C-M-0006-L.21-M1744-4.2024-07-03-11-50.NL5RH,2024-IA_Marsden_UFMu,C-M-0006-L.21-M1744-4,2024-07-03 11:50:00,2024-07-03,True,116,43.19736842105266,0.0167752364892918,0.7878071993825729,390.6226715686275,-2.935563365925486,4.5399775457683385,-0.0139194584344535,350.8521211472016,124.59502703710528,10.0,152.9294117647059,543.5520833333334,0.0,9.0,0.0043517813304534,0.0522213759654418,0.1174719729086533,True,True
C-M-0006-L.21-M1744-4.2024-07-04-11-48.NL5RH,2024-IA_Marsden_UFMu,C-M-0006-L.21-M1744-4,2024-07-04 11:48:00,2024-07-04,True,113,43.16428571428571,0.020699821089426,0.6942823753538767,389.7879760376552,-2.9338316455933344,4.53889392276456,-0.0135421024760846,350.5518605852934,124.3021462471122,10.0,153.17543859649123,542.9634146341464,0.0,9.0,0.003750960383531,0.0450115246023722,0.0941737875489039,True,True
C-M-0006-L.21-M1744-4.2024-07-05-11-47.NL5RH,2024-IA_Marsden_UFMu,C-M-0006-L.21-M1744-4,2024-07-05 11:47:00,2024-07-05,True,110,43.053401898734194,0.0200961818560337,0.712362664347971,390.1132730015083,-2.937211767746544,4.541007851249333,-0.0142782504265186,351.6013275552122,124.37950080334792,10.0,153.9102564102564,544.0235294117647,0.0,9.0,0.0045163599105178,0.0541963189262141,0.0945428545578099,True,True
C-M-0006-L.21-M1744-4.2024-07-06-11-48.NL5RH,2024-IA_Marsden_UFMu,C-M-0006-L.21-M1744-4,2024-07-06 11:48:00,2024-07-06,True,96,43.07427536231884,0.0216259168991848,2.4005623167037458,422.71948998178505,-3.3097621043558694,5.091511909496288,-0.0289513725424503,370.7701101424113,135.3700819922971,11.0,151.8360655737705,574.5555555555555,0.0,10.0,0.0507783874624771,0.6093406495497258,1.3677623221854311,True,True
C-M-0006-L.21-M1744-4.2024-07-07-11-48.NL5RH,2024-IA_Marsden_UFMu,C-M-0006-L.21-M1744-4,2024-07-07 11:48:00,2024-07-07,True,76,43.12515090543263,0.0177525232367342,0.7863374260895721,390.8863102232668,-2.9375158217026955,4.541197173829679,-0.0143441734301763,350.6321950941838,124.66606728769771,10.0,152.5810810810811,543.4673913043479,0.0,9.0,0.0036724225221267,0.0440690702655209,0.084788581417186,True,True
C-M-0006-L.21-M1744-4.2024-07-08-11-48.NL5RH,2024-IA_Marsden_UFMu,C-M-0006-L.21-M1744-4,2024-07-08 11:48:00,2024-07-08,True,250,42.84391534391534,0.0261706520782483,2.686106094047216,515.6489361702128,-3.854586178498296,6.0694669305786695,-0.018568346612203,414.4611513807232,160.66899066455872,13.0,151.85106382978722,667.5,0.0,12.0,0.0039739886915522,0.0476878642986266,0.0898411312369731,True,True
C-M-0006-L.21-M1744-4.2024-07-09-11-49.NL5RH,2024-IA_Marsden_UFMu,C-M-0006-L.21-M1744-4,2024-07-09 11:49:00,2024-07-09,True,51,43.34344786553618,0.0198858605755686,0.8226404243231187,393.4015151515152,-2.9428570508340397,4.54453327567355,-0.0155059764051941,351.1790772018637,125.3813308062301,10.0,151.6103896103896,545.0119047619048,0.0,9.0,0.0056124649304232,0.0673495791650794,0.1197332881759685,True,True
C-M-0006-L.21-M1744-4.2024-07-10-11-49.NL5RH,2024-IA_Marsden_UFMu,C-M-0006-L.21-M1744-4,2024-07-10 11:49:00,2024-07-10,True,52,43.1275218307739,0.0160957325846669,0.7189891554222291,391.725,-2.9403893318521783,4.542992737664488,-0.014969475836617,350.360191172865,124.86423994120518,10.0,151.65277777777777,543.3777777777777,0.0,9.0,0.0048418283938784,0.0581019407265417,0.0924998027760892,True,True
C-M-0006-L.21-M1744-4.2024-07-11-11-54.NL5RH,2024-IA_Marsden_UFMu,C-M-0006-L.21-M1744-4,2024-07-11 11:54:00,2024-07-11,True,109,43.210471325748784,0.0194836401573694,2.932652301682572,435.0178571428571,-3.241414512030678,5.049475577614172,-0.0156470760002518,371.65553259538245,137.33364743813706,11.0,150.98214285714286,586.0,0.0,10.0,0.005795206454381,0.0695424774525727,0.1179015337842301,True,True
C-M-0006-L.21-M1744-4.2024-07-12-11-54.NL5RH,2024-IA_Marsden_UFMu,C-M-0006-L.21-M1744-4,2024-07-12 11:54:00,2024-07-12,True,108,43.15540540540542,0.0241234336847633,2.213930585842432,432.6466555493793,-3.254969816096528,5.057838252632143,-0.0182924914816435,372.1104290290659,136.97482501492922,11.0,151.76190476190476,584.4085603112841,0.0,10.0,0.0072632830960218,0.0871593971522619,0.1723399590281786,True,True
C-M-0006-L.21-M1744-4.2024-07-13-11-55.NL5RH,2024-IA_Marsden_UFMu,C-M-0006-L.21-M1744-4,2024-07-13 11:55:00,2024-07-13,True,101,43.11927280369903,0.0234331521516527,1.8088062920305925,431.2418896403019,-3.2602722997615703,5.061105445981394,-0.0193261520473004,370.0900372787771,136.6506780605682,11.0,150.08771929824562,581.3296089385475,0.0,10.0,0.0107491110966232,0.1289893331594786,0.2690757562733314,True,True
C-M-0006-L.21-M1744-4.2024-07-14-11-55.NL5RH,2024-IA_Marsden_UFMu,C-M-0006-L.21-M1744-4,2024-07-14 11:55:00,2024-07-14,True,90,43.256695156695145,0.0227780205528138,1.1068422575765755,434.9020462296325,-3.2470836886241843,5.052974967110143,-0.0167540103921535,371.5874744810898,137.3956201713873,11.0,150.60344827586206,585.5054945054945,0.0,10.0,0.0044853423759325,0.0538241085111906,0.1042022354856371,True,True
C-M-0006-L.21-M1744-4.2024-07-15-11-34.NL5RH,2024-IA_Marsden_UFMu,C-M-0006-L.21-M1744-4,2024-07-15 11:34:00,2024-07-15,True,68,43.28699695366362,0.025169987807515,1.09821697088432,435.2588729763387,-3.247249449596946,5.053076849709466,-0.0167862346057212,372.686509708601,137.51033303218074,11.0,151.54794520547946,586.8068181818181,0.0,10.0,0.0039240825922261,0.047088991106714,0.0992414258561851,True,True
C-M-0006-L.21-M1744-4.2024-07-16-11-33.NL5RH,2024-IA_Marsden_UFMu,C-M-0006-L.21-M1744-4,2024-07-16 11:33:00,2024-07-16,True,50,43.61625386996906,0.021941041566257,2.4682197712898515,474.12271769662925,-3.565157128438213,5.570124084927471,-0.0203189720503305,392.54351550812777,149.01214956875566,12.0,150.67415730337078,624.796875,0.0,11.0,0.0491543342446573,0.589852010935888,1.7515736659794587,True,True
C-M-0006-L.21-M1744-4.2024-07-17-11-33.NL5RH,2024-IA_Marsden_UFMu,C-M-0006-L.21-M1744-4,2024-07-17 11:33:00,2024-07-17,True,103,43.68548876745598,0.0244117918144912,0.7082646064170528,394.0404040404041,-2.9511166576855965,4.549676898446728,-0.0172973062832184,349.539988222467,125.65195971540768,10.0,149.27777777777777,543.3181818181819,0.0,9.0,0.004241387626465,0.0508966515175806,0.0726873398641316,True,True
C-M-0006-L.21-M1744-4.2024-07-18-11-33.NL5RH,2024-IA_Marsden_UFMu,C-M-0006-L.21-M1744-4,2024-07-18 11:33:00,2024-07-18,True,114,43.39026870007263,0.0304820466596911,0.8129538452291892,434.3385281385281,-3.262502132971019,5.062467534093785,-0.0197570039653314,370.4349179469809,137.2846451295803,11.0,149.19480519480518,583.5333333333333,0.0,10.0,0.0054689908036317,0.0656278896435811,0.1295577816199991,True,True
C-M-0006-L.21-M1744-4.2024-07-19-11-35.NL5RH,2024-IA_Marsden_UFMu,C-M-0006-L.21-M1744-4,2024-07-19 11:35:00,2024-07-19,True,160,43.83076923076925,0.0309116066312558,3.957633791026225,597.4097222222223,-3.8505313899202114,6.38685666547698,0.0280891157161251,440.4189028002747,180.98135789038383,14.0,150.47916666666666,747.8888888888889,0.0,13.0,0.1191091414217572,1.4293096970610872,3.0071661715080555,True,False
C-M-0006-L.21-M1744-4.2024-07-20-11-34.NL5RH,2024-IA_Marsden_UFMu,C-M-0006-L.21-M1744-4,2024-07-20 11:34:00,2024-07-20,True,68,43.51794871794874,0.0216809303558802,0.6047811812520218,350.19083694083696,-2.641752154858687,4.038154874086297,-0.0147785809542728,329.6457598348237,112.91894412220628,9.0,152.27380952380952,502.4646464646465,0.0,8.0,0.0038747375242005,0.0464968502904067,0.076148196961137,True,True
C-M-0006-L.21-M1744-4.2024-07-21-11-34.NL5RH,2024-IA_Marsden_UFMu,C-M-0006-L.21-M1744-4,2024-07-21 11:34:00,2024-07-21,True,30,43.608024691358025,0.0267585992093021,1.2364518304111438,351.1927803379416,-2.6468302458123505,4.041358067171529,-0.0160195115782375,328.5911637796379,113.2363891664506,9.0,150.45238095238096,501.64516129032256,0.0,8.0,0.0035580585652988,0.0426967027835861,0.0861132749569009,True,True
C-M-0006-L.21-M1744-4.2024-07-22-11-35.NL5RH,2024-IA_Marsden_UFMu,C-M-0006-L.21-M1744-4,2024-07-22 11:35:00,2024-07-22,True,65,43.72564102564104,0.0239294483984082,0.7274274496179011,352.02609317288216,-2.641281555988853,4.037858841558413,-0.014663911140361,328.41114826588495,113.48575460403528,9.0,150.12987012987014,502.1559633027523,0.0,8.0,0.0050496435963414,0.0605957231560976,0.1298799548191471,True,True
C-M-0006-L.21-M1744-4.2024-07-23-11-56.NL5RH,2024-IA_Marsden_UFMu,C-M-0006-L.21-M1744-4,2024-07-23 11:56:00,2024-07-23,True,53,43.20143540669852,0.0167147949240726,1.4912504111065246,394.338651904917,-2.941043335331647,4.543403583028597,-0.0151125804557095,350.1123646667645,125.59443343787082,10.0,150.2289156626506,544.5675675675676,0.0,9.0,0.0072488632692673,0.0869863592312085,0.1247374053875647,True,True
C-M-0006-L.21-M1744-4.2024-07-24-11-56.NL5RH,2024-IA_Marsden_UFMu,C-M-0006-L.21-M1744-4,2024-07-24 11:56:00,2024-07-24,True,102,44.96112412177988,0.0209742857359325,3.4405446223994374,219.19140625,-1.7767013712504234,2.546174785043041,-0.0270459380569816,262.4544486045318,75.33452315726771,6.0,150.359375,369.55078125,0.0,5.0,0.0191734942628836,0.2300819311546035,0.4187370702055917,True,True
C-M-0006-L.21-M1744-4.2024-07-25-11-57.NL5RH,2024-IA_Marsden_UFMu,C-M-0006-L.21-M1744-4,2024-07-25 11:57:00,2024-07-25,True,53,44.03946078431375,0.0187915715745843,0.3767423844625483,309.782967032967,-2.3423427556415666,3.5330651769850308,-0.0144319911446491,308.1409570247503,101.31961637241844,8.0,151.25274725274724,461.0357142857143,0.0,7.0,0.0035795980608322,0.0429551767299875,0.089211771088955,True,True
C-M-0006-L.21-M1744-4.2024-07-26-11-56.NL5RH,2024-IA_Marsden_UFMu,C-M-0006-L.21-M1744-4,2024-07-26 11:56:00,2024-07-26,True,78,44.222341954022994,0.0193883767209518,0.3217909294894227,266.4951995373048,-2.0402240799581635,3.0265504942965253,-0.0132761327376367,286.7161674993884,88.79158344969782,7.0,151.98901098901098,418.4842105263158,0.0,6.0,0.0020503105072323,0.0246037260867879,0.0462391329824587,True,True
C-M-0006-L.21-M1744-4.2024-07-27-11-58.NL5RH,2024-IA_Marsden_UFMu,C-M-0006-L.21-M1744-4,2024-07-27 11:58:00,2024-07-27,True,128,43.32998661311916,0.0252365673776043,1.4163122504630203,435.0042735042736,-3.2511900608100595,5.055506127916209,-0.0175546985410184,373.344025016597,137.50886419789583,11.0,152.11111111111111,587.1153846153846,0.0,10.0,0.0030839793488959,0.0370077521867515,0.0569691784211472,True,True
C-M-0006-L.21-M1744-4.2024-07-28-11-56.NL5RH,2024-IA_Marsden_UFMu,C-M-0006-L.21-M1744-4,2024-07-28 11:56:00,2024-07-28,True,69,44.447593935398814,0.0157804486653674,0.9528772617441272,266.52090592334497,-2.0412534058828027,3.0272231411716706,-0.0136125235215516,287.4264532497396,88.82979975328794,7.0,152.6219512195122,419.1428571428572,0.0,6.0,0.0020336152100897,0.0244033825210775,0.0408447868043566,True,True
C-M-0006-L.21-M1744-4.2024-07-29-11-56.NL5RH,2024-IA_Marsden_UFMu,C-M-0006-L.21-M1744-4,2024-07-29 11:56:00,2024-07-29,True,103,43.81481481481478,0.0250480552113863,1.728941370103394,394.473791973792,-2.941385902874506,4.543616226572658,-0.0151866152536888,352.3064685618536,125.78111328886258,10.0,152.24242424242425,546.7162162162163,0.0,9.0,0.0061123137726005,0.0733477652712061,0.1381612229644409,True,True
C-M-0006-L.21-M1744-4.2024-07-30-11-56.NL5RH,2024-IA_Marsden_UFMu,C-M-0006-L.21-M1744-4,2024-07-30 11:56:00,2024-07-30,True,134,44.11307471264367,0.0181125015944099,0.3037524869696892,265.95803120193364,-2.0398015255520394,3.026274947152057,-0.013138339551391,272.60561318639594,88.59074480113556,7.0,138.1951219512195,404.15315315315314,0.0,6.0,0.0029303309385085,0.0351639712621021,0.0643850997020454,True,True
C-M-0006-L.21-M1744-4.2024-07-31-11-57.NL5RH,2024-IA_Marsden_UFMu,C-M-0006-L.21-M1744-4,2024-07-31 11:57:00,2024-07-31,True,213,43.28481781376513,0.015481250306599,1.0501383046287254,393.579705400982,-2.94652986700195,4.5468225768663055,-0.0163032414728192,336.6351294452444,125.52932145512092,10.0,136.85106382978722,530.4307692307692,0.0,9.0,0.0053428428111109,0.0641141137333318,0.11918034213625,True,True
C-M-0006-L.21-M1744-4.2024-08-01-11-57.NL5RH,2024-IA_Marsden_UFMu,C-M-0006-L.21-M1744-4,2024-08-01 11:57:00,2024-08-01,True,249,43.85444610034773,0.0261217277042107,1.118329582051567,351.2461215932914,-2.644734196051444,4.040037262465096,-0.0155078199331484,315.2991128536193,113.33809356116414,9.0,137.24444444444444,488.4905660377359,0.0,8.0,0.0041092312487298,0.0493107749847585,0.1094573231411217,True,True
C-M-0006-L.21-M1744-4.2024-08-02-11-58.NL5RH,2024-IA_Marsden_UFMu,C-M-0006-L.21-M1744-4,2024-08-02 11:58:00,2024-08-02,True,250,43.998333333333335,0.0333474644084499,1.4035739786860306,394.74561403508767,-2.9345179738292577,4.539356430290997,-0.0137034341927373,336.25972390551635,125.64789937341376,10.0,136.33333333333334,531.078947368421,0.0,9.0,0.0183944509372317,0.220733411246781,0.6029854834744892,True,True
C-M-0006-L.21-M1744-4.2024-08-03-11-57.NL5RH,2024-IA_Marsden_UFMu,C-M-0006-L.21-M1744-4,2024-08-03 11:57:00,2024-08-03,True,250,43.82954545454544,0.0337666827166438,1.2126573803672178,394.4119318181818,-2.9287545175830187,4.535751641926477,-0.0124481512569945,337.4760604533094,125.57516265162737,10.0,137.9318181818182,532.34375,0.0,9.0,0.0191179618939357,0.2294155427272294,0.6311422044185218,True,True
C-M-0006-L.21-M1744-4.2024-08-04-11-58.NL5RH,2024-IA_Marsden_UFMu,C-M-0006-L.21-M1744-4,2024-08-04 11:58:00,2024-08-04,True,221,44.4349276974416,0.0188661841346555,0.0476848520482507,223.04137931034484,-1.735223436270802,2.518565615623976,-0.0108713912935938,251.18468117624116,76.18979638051714,6.0,138.75862068965515,361.8,0.0,5.0,0.0023167923151185,0.0278015077814223,0.0443281266387032,True,True
C-M-0006-L.21-M1744-4.2024-08-05-11-58.NL5RH,2024-IA_Marsden_UFMu,C-M-0006-L.21-M1744-4,2024-08-05 11:58:00,2024-08-05,True,165,44.79645641389084,0.0203846494522068,0.2138644737724173,223.4958176152206,-1.7384597169844604,2.5207396097745094,-0.0121445485415891,252.07038604855111,76.34716199729411,6.0,139.32835820895522,362.8241758241758,0.0,5.0,0.0032415912064008,0.0388990944768105,0.0527986453264368,True,True
C-M-0006-L.21-M1744-4.2024-08-06-11-59.NL5RH,2024-IA_Marsden_UFMu,C-M-0006-L.21-M1744-4,2024-08-06 11:59:00,2024-08-06,True,124,44.0350191976698,0.0358877916910087,1.9527301660495773,391.3984589983489,-2.9730652122891006,4.563668098784559,-0.0221756302541145,341.39110233773584,125.28393383269471,10.0,141.9493670886076,533.3478260869565,0.0,9.0,0.0621494195376119,0.7457930344513439,2.116001953257733,True,True
C-M-0006-L.21-M1744-4.2024-08-07-11-58.NL5RH,2024-IA_Marsden_UFMu,C-M-0006-L.21-M1744-4,2024-08-07 11:58:00,2024-08-07,True,250,44.66544117647061,0.0204082379240828,0.1219383487424557,222.49561157796452,-1.7353579301433135,2.518655521611505,-0.0109240370676961,253.7112159613454,75.99665044194877,6.0,141.53968253968253,364.0352941176471,0.0,5.0,0.0017274244785238,0.0207290937422861,0.0376255287892304,True,True
C-M-0006-L.21-M1744-4.2024-08-08-11-34.NL5RH,2024-IA_Marsden_UFMu,C-M-0006-L.21-M1744-4,2024-08-08 11:34:00,2024-08-08,True,93,44.80086254107337,0.0185042029390236,1.9623456820546832,271.36136363636365,-1.9919132800327823,2.994690610285066,0.0026548844999227,276.30171932957194,89.77620734665882,7.0,141.23863636363637,412.6,0.0,6.0,0.0234046201022196,0.2808554412266353,0.5540189238129543,True,True
C-M-0006-L.21-M1744-4.2024-08-09-11-04.NL5RH,2024-IA_Marsden_UFMu,C-M-0006-L.21-M1744-4,2024-08-09 11:04:00,2024-08-09,True,250,43.66467296932274,0.0240855285474723,1.3565431134754076,391.94444444444446,-2.9078619836444397,4.522971849340926,-0.0079997487336189,339.9542497345527,124.5614342408969,10.0,142.05555555555554,534.0,0.0,9.0,0.060690661285533,0.7282879354263967,2.0641986647682966,True,True
C-M-0006-R.21-M1744-4.2024-06-28-11-33.NGGJK,2024-IA_Marsden_UFMu,C-M-0006-R.21-M1744-4,2024-06-28 11:33:00,2024-06-28,True,93,40.96249999999998,0.0258367143828992,2.233974381432587,614.4488539172083,-4.782479655989936,7.604416196087985,-0.0226557524084629,452.3226361687866,188.8032461767243,16.0,137.4430379746835,751.8918918918919,0.0,15.0,0.013501195010076,0.1620143401209129,0.4984073801817135,True,True
C-M-0006-R.21-M1744-4.2024-06-29-11-33.NGGJK,2024-IA_Marsden_UFMu,C-M-0006-R.21-M1744-4,2024-06-29 11:33:00,2024-06-29,True,94,40.99851906701221,0.0335410074785483,1.910832294859062,578.6904761904761,-4.494757033887493,7.105650531886506,-0.0244592358098056,431.0086049807245,177.98247592818345,15.0,134.87012987012986,713.560606060606,0.0,14.0,0.0119639495842455,0.1435673950109471,0.3732699239790782,True,True
C-M-0006-R.21-M1744-4.2024-06-30-11-33.NGGJK,2024-IA_Marsden_UFMu,C-M-0006-R.21-M1744-4,2024-06-30 11:33:00,2024-06-30,True,250,40.11907033708826,0.0235672989679253,1.212236427070286,403.3344608879492,-3.2448399469608837,5.051596816918829,-0.0163181249108275,496.2691722485439,127.22329831934776,11.0,291.7818181818182,695.1162790697674,0.0,10.0,0.0099754957491536,0.1197059489898438,0.2705253663801592,True,True
C-M-0006-R.21-M1744-4.2024-07-01-11-47.NGGJK,2024-IA_Marsden_UFMu,C-M-0006-R.21-M1744-4,2024-07-01 11:47:00,2024-07-01,True,140,42.237121358286686,0.0287952547809869,0.5409930954027823,383.2079898541534,-2.968920260266952,4.560719670311321,-0.0211435594836908,306.49852214610763,122.21238736563026,10.0,111.10526315789474,494.31325301204816,0.0,9.0,0.0031732258785238,0.0380787105422863,0.0646914455211202,True,True
C-M-0006-R.21-M1744-4.2024-07-02-11-48.NGGJK,2024-IA_Marsden_UFMu,C-M-0006-R.21-M1744-4,2024-07-02 11:48:00,2024-07-02,True,250,39.9891941957394,0.0196807538973364,1.8128084769300024,276.1190940313748,-2.333960920298791,3.527715058826446,-0.0120967793270971,554.6395333021062,90.53799266888365,8.0,414.75308641975306,690.8721804511279,0.0,7.0,0.0152887734201296,0.1834652810415563,0.4235977654300868,True,True
C-M-0006-R.21-M1744-4.2024-07-03-11-47.NGGJK,2024-IA_Marsden_UFMu,C-M-0006-R.21-M1744-4,2024-07-03 11:47:00,2024-07-03,True,169,39.10896157425873,0.0219513464273159,1.517071535762436,312.71680216802173,-2.6545267999950792,4.046220967564541,-0.0179037267860513,573.81155871494,101.21824494322657,9.0,414.5609756097561,727.2777777777778,0.0,8.0,0.0131913347008801,0.1582960164105622,0.3238825107249528,True,True
C-M-0006-R.21-M1744-4.2024-07-04-11-44.NGGJK,2024-IA_Marsden_UFMu,C-M-0006-R.21-M1744-4,2024-07-04 11:44:00,2024-07-04,True,87,41.14293139293139,0.0418094586904357,1.8728896932390124,581.4583333333333,-4.531243121055494,7.127294900236986,-0.0294732491793574,403.4121951319937,178.91240647524728,15.0,104.33333333333331,685.7916666666666,0.0,14.0,0.0098392501267771,0.1180710015213263,0.3073025372430632,True,True
C-M-0006-R.21-M1744-4.2024-07-05-11-46.NGGJK,2024-IA_Marsden_UFMu,C-M-0006-R.21-M1744-4,2024-07-05 11:46:00,2024-07-05,True,76,42.85048128258372,0.0152754102955227,2.737025264676517,257.82722832722834,-2.032156546009815,3.02127405698931,-0.0106375423071471,265.3369557737085,85.75187046035207,7.0,135.36507936507937,393.1923076923077,0.0,6.0,0.0067712209394489,0.0812546512733872,0.1516729765957896,True,True
C-M-0006-R.21-M1744-4.2024-07-06-11-45.NGGJK,2024-IA_Marsden_UFMu,C-M-0006-R.21-M1744-4,2024-07-06 11:45:00,2024-07-06,True,250,40.17739130434779,0.0203220012656677,0.555872193296708,283.6442528735632,-2.3387755854962387,3.53077772841856,-0.0134334403634519,482.659670140104,92.75559474423147,8.0,339.18333333333334,622.8275862068965,0.0,7.0,0.0031792513198772,0.0381510158385265,0.0530143377927192,True,True
C-M-0006-R.21-M1744-4.2024-07-07-11-46.NGGJK,2024-IA_Marsden_UFMu,C-M-0006-R.21-M1744-4,2024-07-07 11:46:00,2024-07-07,True,93,42.626373626373606,0.0396534006267657,0.7076216084521358,383.7653594771242,-2.9690657260079414,4.560810828726424,-0.0211753235177507,313.5061794099104,122.38234558400006,10.0,117.82352941176472,501.5888888888889,0.0,9.0,0.0044724979005592,0.0536699748067112,0.109023883282072,True,True
C-M-0006-R.21-M1744-4.2024-07-08-11-46.NGGJK,2024-IA_Marsden_UFMu,C-M-0006-R.21-M1744-4,2024-07-08 11:46:00,2024-07-08,True,70,41.54768270944743,0.0429783445775642,2.80947240217341,616.508924018358,-4.846548726016864,7.642302474754008,-0.0308817238671172,435.7603573605707,189.4327297999177,16.0,117.30188679245283,733.8108108108108,0.0,15.0,0.0223137546814444,0.2677650561773331,0.8037331689390861,True,True
C-M-0006-R.21-M1744-4.2024-07-09-11-45.NGGJK,2024-IA_Marsden_UFMu,C-M-0006-R.21-M1744-4,2024-07-09 11:45:00,2024-07-09,True,80,44.25482879719053,0.0197886615691954,0.1803914866782928,220.9861111111111,-1.7492440906514426,2.527949367488689,-0.0163670835024714,225.72204455147627,75.47009502004872,6.0,113.79166666666669,334.77777777777777,0.0,5.0,0.0014690706448776,0.0176288477385323,0.0309553378130917,True,True
C-M-0006-R.21-M1744-4.2024-07-10-11-46.NGGJK,2024-IA_Marsden_UFMu,C-M-0006-R.21-M1744-4,2024-07-10 11:46:00,2024-07-10,True,250,42.973926201839134,0.0485011380801341,2.017563021794953,426.99917763157896,-3.295293375393136,5.08251388505256,-0.0261001692199576,323.00851820582744,134.88806482802875,11.0,104.171875,531.171052631579,0.0,10.0,0.0060992561140481,0.0731910733685783,0.1559951172107325,True,True
C-M-0006-R.21-M1744-4.2024-07-11-11-52.NGGJK,2024-IA_Marsden_UFMu,C-M-0006-R.21-M1744-4,2024-07-11 11:52:00,2024-07-11,True,250,43.398284313725526,0.0636301170003476,4.133595902180007,165.77777777777783,-1.3002360486600415,1.9165253407978495,0.0591408127022474,721.5648692810457,58.15808463146975,5.0,641.6666666666666,807.4444444444445,0.0,4.0,0.0543459716593613,0.6521516599123359,1.089768912307829,True,True
C-M-0006-R.21-M1744-4.2024-07-12-11-22.NGGJK,2024-IA_Marsden_UFMu,C-M-0006-R.21-M1744-4,2024-07-12 11:22:00,2024-07-12,True,250,28.72222222222217,0.1351647665992202,0.9387543129484752,106.71428571428568,-1.6414558174205949,2.148589172105142,-0.1054721218684395,645.6026625704046,37.89521062864336,5.0,588.2857142857143,695.0,0.0,4.0,0.0112970467792366,0.1355645613508402,0.2106694343281319,True,True
C-M-0006-R.21-M1744-4.2024-07-13-11-52.NGGJK,2024-IA_Marsden_UFMu,C-M-0006-R.21-M1744-4,2024-07-13 11:52:00,2024-07-13,False,250,,,,,,,,,,,,,,,,,,,False
C-M-0006-R.21-M1744-4.2024-07-14-11-53.NGGJK,2024-IA_Marsden_UFMu,C-M-0006-R.21-M1744-4,2024-07-14 11:53:00,2024-07-14,True,100,41.10095238095238,0.040518010301852,2.641211691354504,619.5992156862744,-4.873235922504053,7.657920644061066,-0.0342738106460815,426.0132381325432,190.26012020632805,16.0,104.96078431372548,724.56,0.0,15.0,0.0106628330162315,0.1279539961947783,0.3419000036820323,True,True
C-M-0006-R.21-M1744-4.2024-07-15-11-30.NGGJK,2024-IA_Marsden_UFMu,C-M-0006-R.21-M1744-4,2024-07-15 11:30:00,2024-07-15,True,68,42.94787157287158,0.0346135055756227,0.5337608575038174,388.28553921568624,-2.9792005160815065,4.567069101808007,-0.0233554570063239,306.138650993329,123.77771650582564,10.0,107.73529411764706,496.0208333333333,0.0,9.0,0.0052592188842113,0.0631106266105359,0.0991889605441116,True,True
C-M-0006-R.21-M1744-4.2024-07-16-11-31.NGGJK,2024-IA_Marsden_UFMu,C-M-0006-R.21-M1744-4,2024-07-16 11:31:00,2024-07-16,True,64,42.741379310344826,0.033737697584336,2.289508787630341,471.67199733466606,-3.5816260813399285,5.579978621963618,-0.0231738139205566,341.24541384918126,147.09418808104294,12.0,100.72413793103448,572.3961352657005,0.0,11.0,0.0223948525771671,0.2687382309260059,0.6022139871264574,True,True
C-M-0006-R.21-M1744-4.2024-07-17-11-32.NGGJK,2024-IA_Marsden_UFMu,C-M-0006-R.21-M1744-4,2024-07-17 11:32:00,2024-07-17,False,250,,,,,,,,,,,,,,,,,,,False
C-M-0006-R.21-M1744-4.2024-07-18-11-32.NGGJK,2024-IA_Marsden_UFMu,C-M-0006-R.21-M1744-4,2024-07-18 11:32:00,2024-07-18,True,94,42.5871794871795,0.0415824619195482,0.8265409990805008,430.0617283950618,-3.3006472424691222,5.085768057501932,-0.0271301112555359,318.52271498344754,135.69878601936884,11.0,98.0,528.0617283950618,0.0,10.0,0.0065729628642467,0.0788755543709606,0.1367682659886607,True,True
C-M-0006-R.21-M1744-4.2024-07-19-11-31.NGGJK,2024-IA_Marsden_UFMu,C-M-0006-R.21-M1744-4,2024-07-19 11:31:00,2024-07-19,False,250,,,,,,,,,,,,,,,,,,,False
C-M-0006-R.21-M1744-4.2024-07-20-11-33.NGGJK,2024-IA_Marsden_UFMu,C-M-0006-R.21-M1744-4,2024-07-20 11:33:00,2024-07-20,True,176,41.94914421997757,0.0445010881771003,1.903651869557461,506.3355769230769,-3.932387711571714,6.116242422372169,-0.0310789511168065,359.5604624274061,157.6195245889685,13.0,98.5875,604.9230769230769,0.0,12.0,0.005957859149662,0.0714943097959449,0.1354736938626359,True,True
C-M-0006-R.21-M1744-4.2024-07-21-11-32.NGGJK,2024-IA_Marsden_UFMu,C-M-0006-R.21-M1744-4,2024-07-21 11:32:00,2024-07-21,True,91,42.24886214610808,0.0322763214113577,2.804961425952739,460.6844006568144,-3.6015526298630176,5.592032937117358,-0.0266682669222584,381.3943000281944,144.80171150273722,12.0,144.22988505747125,604.9142857142857,0.0,11.0,0.0215639629122685,0.258767554947222,0.7415428261230121,True,True
C-M-0006-R.21-M1744-4.2024-07-22-11-32.NGGJK,2024-IA_Marsden_UFMu,C-M-0006-R.21-M1744-4,2024-07-22 11:32:00,2024-07-22,True,73,42.6889244302279,0.0476437780190044,1.999346712568014,455.6683544303798,-3.7390665585156655,5.673775149635661,-0.050394483183493,336.6636201914752,144.12138152757845,12.0,97.53164556962024,553.2,0.0,11.0,0.0547579635274681,0.6570955623296177,1.4618910670999463,True,True
C-M-0006-R.21-M1744-4.2024-07-23-11-53.NGGJK,2024-IA_Marsden_UFMu,C-M-0006-R.21-M1744-4,2024-07-23 11:53:00,2024-07-23,True,36,42.77963706678565,0.0292393198175237,1.7072470014751548,432.16243744480425,-3.288360381089061,5.078299968463192,-0.0247667894458567,316.5133636705726,136.1127401554882,11.0,95.63291139240506,527.7953488372093,0.0,10.0,0.0130612654007235,0.1567351848086831,0.325487732727661,True,True
C-M-0006-R.21-M1744-4.2024-07-24-11-53.NGGJK,2024-IA_Marsden_UFMu,C-M-0006-R.21-M1744-4,2024-07-24 11:53:00,2024-07-24,True,76,43.13342124190842,0.0389612555201359,1.0115118237699636,390.20168539325846,-2.9888173995186667,4.572991173523481,-0.0254187185393766,296.1875705880358,124.48845120560884,10.0,96.34831460674155,486.55,0.0,9.0,0.0070869994138753,0.0850439929665044,0.2097346621894296,True,True
C-M-0006-R.21-M1744-4.2024-07-25-11-54.NGGJK,2024-IA_Marsden_UFMu,C-M-0006-R.21-M1744-4,2024-07-25 11:54:00,2024-07-25,True,72,44.20375457875458,0.0338121631460549,0.1494617807627959,266.23836336336336,-2.0653646548323303,3.042879743914501,-0.0214435785031388,232.0561605241733,88.72560783942758,7.0,96.58108108108108,362.81944444444446,0.0,6.0,0.0016847792815611,0.0202173513787342,0.0363098543819724,True,True
C-M-0006-R.21-M1744-4.2024-07-26-11-55.NGGJK,2024-IA_Marsden_UFMu,C-M-0006-R.21-M1744-4,2024-07-26 11:55:00,2024-07-26,True,66,43.773050615595054,0.0323609591200627,0.3010618375788836,308.08225108225105,-2.370876633937465,3.551236386370181,-0.0223656759380292,255.20742759791068,100.75762210616976,8.0,98.1904761904762,406.27272727272725,0.0,7.0,0.0026901942157668,0.0322823305892023,0.0540902793871307,True,True
C-M-0006-R.21-M1744-4.2024-07-27-11-54.NGGJK,2024-IA_Marsden_UFMu,C-M-0006-R.21-M1744-4,2024-07-27 11:54:00,2024-07-27,True,250,43.38982683982685,0.0305330140058461,0.3894933923053414,261.359649122807,-2.056743370048075,3.037304196853451,-0.0186545787472502,279.34566413401,86.99327057009424,7.0,146.66666666666666,408.0263157894737,0.0,6.0,0.0041146680233135,0.0493760162797624,0.0913687976769406,True,True
C-M-0006-R.21-M1744-4.2024-07-28-11-54.NGGJK,2024-IA_Marsden_UFMu,C-M-0006-R.21-M1744-4,2024-07-28 11:54:00,2024-07-28,True,104,43.98122065727696,0.0378323507193059,0.8016375945484606,310.3509950248756,-2.3735461950809027,3.5529267582994706,-0.0231038861592263,243.118599241654,101.43152835707156,8.0,84.86567164179104,395.2166666666666,0.0,7.0,0.0044940648311096,0.0539287779733152,0.0821943710285353,True,True
C-M-0006-R.21-M1744-4.2024-07-29-11-54.NGGJK,2024-IA_Marsden_UFMu,C-M-0006-R.21-M1744-4,2024-07-29 11:54:00,2024-07-29,True,97,44.04125263474859,0.0301300903375278,1.07466228140187,310.41044776119406,-2.3739064282292985,3.5531579433792024,-0.0232049161778111,246.3207541461408,101.37142091760715,8.0,88.08955223880596,398.5,0.0,7.0,0.0071763023801971,0.0861156285623659,0.1818615717018596,True,True
C-M-0006-R.21-M1744-4.2024-07-30-11-55.NGGJK,2024-IA_Marsden_UFMu,C-M-0006-R.21-M1744-4,2024-07-30 11:55:00,2024-07-30,True,199,44.93252049611098,0.0241419642188788,0.203952984584593,224.47141372141368,-1.754578048357398,2.53149908391612,-0.0184462700662937,201.7751821408275,76.6792275447467,6.0,87.93243243243244,312.40384615384613,0.0,5.0,0.000635975410837,0.0076317049300447,0.0136252494850319,True,True
C-M-0006-R.21-M1744-4.2024-07-31-11-55.NGGJK,2024-IA_Marsden_UFMu,C-M-0006-R.21-M1744-4,2024-07-31 11:55:00,2024-07-31,True,158,44.02000000000001,0.0228408574614837,1.0549720195923744,309.77272727272725,-2.3703777135980344,3.550938927357572,-0.0222361182266492,244.6189393939394,101.09444137502504,8.0,87.04545454545455,396.8181818181818,0.0,7.0,0.0129722627344906,0.1556671528138881,0.3648507342713811,True,True
C-M-0006-R.21-M1744-4.2024-08-01-11-55.NGGJK,2024-IA_Marsden_UFMu,C-M-0006-R.21-M1744-4,2024-08-01 11:55:00,2024-08-01,True,227,43.925882352941215,0.0360370182645471,1.0449931665979009,309.76666666666665,-2.3702167509132743,3.5508194413205043,-0.022183624566098,244.1136218178138,101.26534943373731,8.0,86.28888888888889,396.05555555555554,0.0,7.0,0.0040043872159394,0.0480526465912734,0.0732020492135054,True,True
C-M-0006-R.21-M1744-4.2024-08-02-11-26.NGGJK,2024-IA_Marsden_UFMu,C-M-0006-R.21-M1744-4,2024-08-02 11:26:00,2024-08-02,True,250,20.883072640509,0.1350149730618661,1.349324509092522,101.3461538461538,-1.818074149809139,2.5748002380214827,-0.0439017285475218,795.2674623405933,35.8458751528843,6.0,743.1538461538462,844.5,0.0,5.0,0.0990898630912984,1.1890783570955807,1.5921031414171676,True,False
C-M-0006-R.21-M1744-4.2024-08-03-11-56.NGGJK,2024-IA_Marsden_UFMu,C-M-0006-R.21-M1744-4,2024-08-03 11:56:00,2024-08-03,False,250,,,,,,,,,,,,,,,,,,,False
C-M-0006-R.21-M1744-4.2024-08-04-11-56.NGGJK,2024-IA_Marsden_UFMu,C-M-0006-R.21-M1744-4,2024-08-04 11:56:00,2024-08-04,True,250,44.764245014245006,0.0290243431621226,0.159116776833585,225.05267254800208,-1.7548152707676,2.531656943296248,-0.0185387509113637,204.41508072884608,76.83183704770627,6.0,90.27659574468083,315.3292682926829,0.0,5.0,0.0017883514134503,0.0214602169614037,0.0335708861350667,True,True
C-M-0006-R.21-M1744-4.2024-08-05-11-55.NGGJK,2024-IA_Marsden_UFMu,C-M-0006-R.21-M1744-4,2024-08-05 11:55:00,2024-08-05,True,172,43.852813852813824,0.0235880916506474,1.1811608996379883,308.9709784411277,-2.371538725336626,3.5516694605193515,-0.0225550515329575,248.86194611972792,100.89095098594017,8.0,91.61111111111111,400.5820895522388,0.0,7.0,0.0113485546268784,0.1361826555225414,0.3221523887896476,True,True
C-M-0006-R.21-M1744-4.2024-08-06-11-26.NGGJK,2024-IA_Marsden_UFMu,C-M-0006-R.21-M1744-4,2024-08-06 11:26:00,2024-08-06,True,250,37.67581491839354,0.1115547691953113,3.961115233968167,232.1058823529412,-1.8859600158166447,2.9228347615308854,0.0386304740362817,403.0406274127109,79.45613185636782,7.0,290.6,522.7058823529412,0.0,6.0,0.0754813028713367,0.9057756344560408,1.2380277839855491,True,True
C-M-0006-R.21-M1744-4.2024-08-07-11-56.NGGJK,2024-IA_Marsden_UFMu,C-M-0006-R.21-M1744-4,2024-08-07 11:56:00,2024-08-07,True,197,43.22773564463702,0.0256121658463382,1.2916615710118269,306.6633333333333,-2.3639693258892,3.546863902301131,-0.02045648655475,252.57339697035343,100.16925707770584,8.0,96.61666666666666,403.28,0.0,7.0,0.0081084496224974,0.0973013954699699,0.1776671234909805,True,True
C-M-0006-R.21-M1744-4.2024-08-08-11-32.NGGJK,2024-IA_Marsden_UFMu,C-M-0006-R.21-M1744-4,2024-08-08 11:32:00,2024-08-08,True,213,45.4866121532788,0.0259472357040203,2.580955588955716,226.07414104882463,-1.718546842733043,2.507356641295735,-0.0043078478576981,210.60478733122892,76.80605307829238,6.0,97.35443037974684,323.42857142857144,0.0,5.0,0.0169116097475475,0.2029393169705704,0.3836791025338169,True,True
C-M-0006-R.21-M1744-4.2024-08-09-11-01.NGGJK,2024-IA_Marsden_UFMu,C-M-0006-R.21-M1744-4,2024-08-09 11:01:00,2024-08-09,True,250,44.20598290598289,0.0263529320778797,0.0973663799214116,221.48940914158305,-1.751725441330246,2.5296028834621507,-0.0173355998049387,210.56447545861,75.62450670459522,6.0,98.3695652173913,319.8589743589744,0.0,5.0,0.0025841863721487,0.0310102364657845,0.0567503140173215,True,True
