k_dropped,true_ft,pred_ft,below_ft,error_ft,error_cm,image_id,camera
1,0.0,-0.02170258279379593,1.0,-0.02170258279379593,-0.6614947235548999,25-BR546.UFMu-00589.2025-06-16-11-47.NJ3HL.000030110930,25-BR546.UFMu-00589
2,0.0,-0.021024967614993884,2.0,-0.021024967614993884,-0.6408410129050136,25-BR546.UFMu-00589.2025-06-16-11-47.NJ3HL.000030110930,25-BR546.UFMu-00589
2,1.0,1.000972919967716,1.0,0.0009729199677159794,0.029654600615983052,25-BR546.UFMu-00589.2025-06-16-11-47.NJ3HL.000030110930,25-BR546.UFMu-00589
3,0.0,-0.03458660314756965,3.0,-0.03458660314756965,-1.054199663937923,25-BR546.UFMu-00589.2025-06-16-11-47.NJ3HL.000030110930,25-BR546.UFMu-00589
3,1.0,0.9906662420397787,2.0,-0.00933375796022129,-0.28449294262754493,25-BR546.UFMu-00589.2025-06-16-11-47.NJ3HL.000030110930,25-BR546.UFMu-00589
3,2.0,1.9863217625018112,1.0,-0.01367823749818875,-0.4169126789447931,25-BR546.UFMu-00589.2025-06-16-11-47.NJ3HL.000030110930,25-BR546.UFMu-00589
1,0.0,-0.020340190082810832,1.0,-0.020340190082810832,-0.6199689937240742,25-BR546.UFMu-00589.2025-06-17-11-51.NJ3HL.000030110930,25-BR546.UFMu-00589
2,0.0,-0.030131055096212472,2.0,-0.030131055096212472,-0.9183945593325562,25-BR546.UFMu-00589.2025-06-17-11-51.NJ3HL.000030110930,25-BR546.UFMu-00589
2,1.0,0.9859355821182562,1.0,-0.01406441788174384,-0.4286834570355523,25-BR546.UFMu-00589.2025-06-17-11-51.NJ3HL.000030110930,25-BR546.UFMu-00589
3,0.0,-0.045828307827443814,3.0,-0.045828307827443814,-1.3968468225804875,25-BR546.UFMu-00589.2025-06-17-11-51.NJ3HL.000030110930,25-BR546.UFMu-00589
3,1.0,0.9739739922870705,2.0,-0.02602600771292951,-0.7932727150900915,25-BR546.UFMu-00589.2025-06-17-11-51.NJ3HL.000030110930,25-BR546.UFMu-00589
3,2.0,1.9841156049043522,1.0,-0.015884395095647763,-0.48415636251534383,25-BR546.UFMu-00589.2025-06-17-11-51.NJ3HL.000030110930,25-BR546.UFMu-00589
1,0.0,-0.015108699638862693,1.0,-0.015108699638862693,-0.4605131649925349,25-BR546.UFMu-00589.2025-06-18-11-41.NJ3HL.000030110930,25-BR546.UFMu-00589
2,0.0,-0.025891675072072615,2.0,-0.025891675072072615,-0.7891782561967733,25-BR546.UFMu-00589.2025-06-18-11-41.NJ3HL.000030110930,25-BR546.UFMu-00589
2,1.0,0.9844925633180838,1.0,-0.015507436681916231,-0.4726666700648067,25-BR546.UFMu-00589.2025-06-18-11-41.NJ3HL.000030110930,25-BR546.UFMu-00589
3,0.0,-0.040296495318456665,3.0,-0.040296495318456665,-1.2282371773065592,25-BR546.UFMu-00589.2025-06-18-11-41.NJ3HL.000030110930,25-BR546.UFMu-00589
3,1.0,0.9734995628225118,2.0,-0.02650043717748818,-0.8077333251698396,25-BR546.UFMu-00589.2025-06-18-11-41.NJ3HL.000030110930,25-BR546.UFMu-00589
3,2.0,1.9854075041498047,1.0,-0.014592495850195286,-0.44477927351395236,25-BR546.UFMu-00589.2025-06-18-11-41.NJ3HL.000030110930,25-BR546.UFMu-00589
1,0.0,-0.020518081607099045,1.0,-0.020518081607099045,-0.6253911273843789,25-BR546.UFMu-00589.2025-06-19-11-46.NJ3HL.000030110930,25-BR546.UFMu-00589
2,0.0,-0.035863919612689726,2.0,-0.035863919612689726,-1.093132269794783,25-BR546.UFMu-00589.2025-06-19-11-46.NJ3HL.000030110930,25-BR546.UFMu-00589
2,1.0,0.9779599383850216,1.0,-0.0220400616149784,-0.6717810780245417,25-BR546.UFMu-00589.2025-06-19-11-46.NJ3HL.000030110930,25-BR546.UFMu-00589
3,0.0,-0.049469708396410475,3.0,-0.049469708396410475,-1.5078367119225913,25-BR546.UFMu-00589.2025-06-19-11-46.NJ3HL.000030110930,25-BR546.UFMu-00589
3,1.0,0.9675819004937295,2.0,-0.032418099506270504,-0.988103672951125,25-BR546.UFMu-00589.2025-06-19-11-46.NJ3HL.000030110930,25-BR546.UFMu-00589
3,2.0,1.9862395651246296,1.0,-0.013760434875370375,-0.41941805500128904,25-BR546.UFMu-00589.2025-06-19-11-46.NJ3HL.000030110930,25-BR546.UFMu-00589
1,0.0,-0.016285665164428278,1.0,-0.016285665164428278,-0.4963870742117739,25-BR546.UFMu-00589.2025-06-20-11-49.NJ3HL.000030110930,25-BR546.UFMu-00589
2,0.0,-0.03008320770667258,2.0,-0.03008320770667258,-0.9169361708993802,25-BR546.UFMu-00589.2025-06-20-11-49.NJ3HL.000030110930,25-BR546.UFMu-00589
2,1.0,0.9801612670629656,1.0,-0.01983873293703442,-0.6046845799208092,25-BR546.UFMu-00589.2025-06-20-11-49.NJ3HL.000030110930,25-BR546.UFMu-00589
3,0.0,-0.03909536975145949,3.0,-0.03909536975145949,-1.1916268700244852,25-BR546.UFMu-00589.2025-06-20-11-49.NJ3HL.000030110930,25-BR546.UFMu-00589
3,1.0,0.9732818817942546,2.0,-0.026718118205745434,-0.8143682429111209,25-BR546.UFMu-00589.2025-06-20-11-49.NJ3HL.000030110930,25-BR546.UFMu-00589
3,2.0,1.9908781394892132,1.0,-0.009121860510786783,-0.2780343083687812,25-BR546.UFMu-00589.2025-06-20-11-49.NJ3HL.000030110930,25-BR546.UFMu-00589
1,0.0,-0.010003988098739166,1.0,-0.010003988098739166,-0.3049215572495698,25-BR546.UFMu-00589.2025-06-21-11-38.NJ3HL.000030110930,25-BR546.UFMu-00589
2,0.0,-0.013414836227132942,2.0,-0.013414836227132942,-0.4088842082030121,25-BR546.UFMu-00589.2025-06-21-11-38.NJ3HL.000030110930,25-BR546.UFMu-00589
2,1.0,0.9951239941018971,1.0,-0.004876005898102886,-0.148620659774176,25-BR546.UFMu-00589.2025-06-21-11-38.NJ3HL.000030110930,25-BR546.UFMu-00589
3,0.0,-0.019989821346501995,3.0,-0.019989821346501995,-0.6092897546413808,25-BR546.UFMu-00589.2025-06-21-11-38.NJ3HL.000030110930,25-BR546.UFMu-00589
3,1.0,0.9901099472886106,2.0,-0.00989005271138943,-0.3014488066431498,25-BR546.UFMu-00589.2025-06-21-11-38.NJ3HL.000030110930,25-BR546.UFMu-00589
3,2.0,1.9933687892546306,1.0,-0.006631210745369431,-0.20211930351886026,25-BR546.UFMu-00589.2025-06-21-11-38.NJ3HL.000030110930,25-BR546.UFMu-00589
1,0.0,0.0061494462560319554,1.0,0.0061494462560319554,0.187435121883854,25-BR546.UFMu-00589.2025-06-22-11-42.NJ3HL.000030110930,25-BR546.UFMu-00589
2,0.0,0.004195843979657323,2.0,0.004195843979657323,0.1278893244999552,25-BR546.UFMu-00589.2025-06-22-11-42.NJ3HL.000030110930,25-BR546.UFMu-00589
2,1.0,0.9971943655935772,1.0,-0.0028056344064227856,-0.08551573670776651,25-BR546.UFMu-00589.2025-06-22-11-42.NJ3HL.000030110930,25-BR546.UFMu-00589
3,0.0,-0.005625114221572894,3.0,-0.005625114221572894,-0.1714534814735418,25-BR546.UFMu-00589.2025-06-22-11-42.NJ3HL.000030110930,25-BR546.UFMu-00589
3,1.0,0.9896752350487256,2.0,-0.010324764951274434,-0.31469883571484475,25-BR546.UFMu-00589.2025-06-22-11-42.NJ3HL.000030110930,25-BR546.UFMu-00589
3,2.0,1.9900344528566465,1.0,-0.009965547143353515,-0.30374987692941513,25-BR546.UFMu-00589.2025-06-22-11-42.NJ3HL.000030110930,25-BR546.UFMu-00589
1,0.0,-0.019564087346739978,1.0,-0.019564087346739978,-0.5963133823286345,25-BR546.UFMu-00589.2025-06-27-11-44.NJ3HL.000030110930,25-BR546.UFMu-00589
2,0.0,-0.018482697560025838,2.0,-0.018482697560025838,-0.5633526216295875,25-BR546.UFMu-00589.2025-06-27-11-44.NJ3HL.000030110930,25-BR546.UFMu-00589
2,1.0,1.00071411059731,1.0,0.0007141105973100803,0.02176609100601125,25-BR546.UFMu-00589.2025-06-27-11-44.NJ3HL.000030110930,25-BR546.UFMu-00589
3,0.0,-0.024655261849257874,3.0,-0.024655261849257874,-0.75149238116538,25-BR546.UFMu-00589.2025-06-27-11-44.NJ3HL.000030110930,25-BR546.UFMu-00589
3,1.0,0.9970442008935608,2.0,-0.002955799106439172,-0.09009275676426597,25-BR546.UFMu-00589.2025-06-27-11-44.NJ3HL.000030110930,25-BR546.UFMu-00589
3,2.0,1.997962562374181,1.0,-0.002037437625818983,-0.062101098834962606,25-BR546.UFMu-00589.2025-06-27-11-44.NJ3HL.000030110930,25-BR546.UFMu-00589
1,0.0,-0.3012158180637629,1.0,-0.3012158180637629,-9.181058134583493,25-BR546.UFMu-00589.2025-07-02-11-44.NJ3HL.000030110930,25-BR546.UFMu-00589
2,0.0,-0.30761393067753795,2.0,-0.30761393067753795,-9.376072607051357,25-BR546.UFMu-00589.2025-07-02-11-44.NJ3HL.000030110930,25-BR546.UFMu-00589
2,1.0,0.9956484831247111,1.0,-0.004351516875288897,-0.13263423435880556,25-BR546.UFMu-00589.2025-07-02-11-44.NJ3HL.000030110930,25-BR546.UFMu-00589
3,0.0,-0.30947094796354063,3.0,-0.30947094796354063,-9.432674493928719,25-BR546.UFMu-00589.2025-07-02-11-44.NJ3HL.000030110930,25-BR546.UFMu-00589
3,1.0,0.9945985555929979,2.0,-0.005401444407002076,-0.16463602552542328,25-BR546.UFMu-00589.2025-07-02-11-44.NJ3HL.000030110930,25-BR546.UFMu-00589
3,2.0,1.999304092523031,1.0,-0.0006959074769690154,-0.021211259898015592,25-BR546.UFMu-00589.2025-07-02-11-44.NJ3HL.000030110930,25-BR546.UFMu-00589
1,0.0,-0.24125475871497937,1.0,-0.24125475871497937,-7.353445045632571,25-BR546.UFMu-00589.2025-07-04-11-38.NJ3HL.000030110930,25-BR546.UFMu-00589
2,0.0,-0.2596114766958357,2.0,-0.2596114766958357,-7.912957809689072,25-BR546.UFMu-00589.2025-07-04-11-38.NJ3HL.000030110930,25-BR546.UFMu-00589
2,1.0,0.9872069506738951,1.0,-0.012793049326104922,-0.389932143459678,25-BR546.UFMu-00589.2025-07-04-11-38.NJ3HL.000030110930,25-BR546.UFMu-00589
3,0.0,-0.26824246882178676,3.0,-0.26824246882178676,-8.17603044968806,25-BR546.UFMu-00589.2025-07-04-11-38.NJ3HL.000030110930,25-BR546.UFMu-00589
3,1.0,0.9822152264207165,2.0,-0.01778477357928354,-0.5420798986965624,25-BR546.UFMu-00589.2025-07-04-11-38.NJ3HL.000030110930,25-BR546.UFMu-00589
3,2.0,1.9966999983172546,1.0,-0.003300001682745357,-0.10058405129007848,25-BR546.UFMu-00589.2025-07-04-11-38.NJ3HL.000030110930,25-BR546.UFMu-00589
1,0.0,-0.01597129367407383,1.0,-0.01597129367407383,-0.4868050311857703,25-BR546.UFMu-00589.2025-07-05-11-52.NJ3HL.000030110930,25-BR546.UFMu-00589
2,0.0,-0.0069285268168581765,2.0,-0.0069285268168581765,-0.21118149737783723,25-BR546.UFMu-00589.2025-07-05-11-52.NJ3HL.000030110930,25-BR546.UFMu-00589
2,1.0,1.006974330429648,1.0,0.006974330429647901,0.21257759149566804,25-BR546.UFMu-00589.2025-07-05-11-52.NJ3HL.000030110930,25-BR546.UFMu-00589
3,0.0,0.01242702230975028,3.0,0.01242702230975028,0.3787756400011886,25-BR546.UFMu-00589.2025-07-05-11-52.NJ3HL.000030110930,25-BR546.UFMu-00589
3,1.0,1.0192180323802411,2.0,0.019218032380241112,0.5857656269497491,25-BR546.UFMu-00589.2025-07-05-11-52.NJ3HL.000030110930,25-BR546.UFMu-00589
3,2.0,2.0081844226994607,1.0,0.008184422699460736,0.24946120387956325,25-BR546.UFMu-00589.2025-07-05-11-52.NJ3HL.000030110930,25-BR546.UFMu-00589
1,0.0,0.0008177062835858145,1.0,0.0008177062835858145,0.02492368752369563,25-BR546.UFMu-00589.2025-07-06-11-41.NJ3HL.000030110930,25-BR546.UFMu-00589
2,0.0,0.0028971518785328282,2.0,0.0028971518785328282,0.0883051892576806,25-BR546.UFMu-00589.2025-07-06-11-41.NJ3HL.000030110930,25-BR546.UFMu-00589
2,1.0,1.001387143267831,1.0,0.0013871432678309592,0.04228012680348764,25-BR546.UFMu-00589.2025-07-06-11-41.NJ3HL.000030110930,25-BR546.UFMu-00589
3,0.0,0.04714286639894381,3.0,0.04714286639894381,1.4369145678398072,25-BR546.UFMu-00589.2025-07-06-11-41.NJ3HL.000030110930,25-BR546.UFMu-00589
3,1.0,1.0279957209802477,2.0,0.027995720980247718,0.8533095754779505,25-BR546.UFMu-00589.2025-07-06-11-41.NJ3HL.000030110930,25-BR546.UFMu-00589
3,2.0,2.014812755518234,1.0,0.0148127555182338,0.4514927881957662,25-BR546.UFMu-00589.2025-07-06-11-41.NJ3HL.000030110930,25-BR546.UFMu-00589
1,0.0,0.36872548141248074,1.0,0.36872548141248074,11.238752673452414,25-BR546.UFMu-00589.2025-07-07-11-42.NJ3HL.000030110930,25-BR546.UFMu-00589
2,0.0,0.6248905707335295,2.0,0.6248905707335295,19.046664595957978,25-BR546.UFMu-00589.2025-07-07-11-42.NJ3HL.000030110930,25-BR546.UFMu-00589
2,1.0,1.3007070129113298,1.0,0.30070701291132984,9.165549753537334,25-BR546.UFMu-00589.2025-07-07-11-42.NJ3HL.000030110930,25-BR546.UFMu-00589
3,0.0,0.7208108761854852,3.0,0.7208108761854852,21.97031550613359,25-BR546.UFMu-00589.2025-07-07-11-42.NJ3HL.000030110930,25-BR546.UFMu-00589
3,1.0,1.373643030769477,2.0,0.3736430307694769,11.388639577853656,25-BR546.UFMu-00589.2025-07-07-11-42.NJ3HL.000030110930,25-BR546.UFMu-00589
3,2.0,2.072769382992642,1.0,0.07276938299264213,2.2180107936157323,25-BR546.UFMu-00589.2025-07-07-11-42.NJ3HL.000030110930,25-BR546.UFMu-00589
1,0.0,-0.07271333465856424,1.0,-0.07271333465856424,-2.216302440393038,25-BR546.UFMu-00589.2025-07-08-11-45.NJ3HL.000030110930,25-BR546.UFMu-00589
2,0.0,-0.06047354154369951,2.0,-0.06047354154369951,-1.8432335462519611,25-BR546.UFMu-00589.2025-07-08-11-45.NJ3HL.000030110930,25-BR546.UFMu-00589
2,1.0,1.010572499669366,1.0,0.010572499669365909,0.32224978992227293,25-BR546.UFMu-00589.2025-07-08-11-45.NJ3HL.000030110930,25-BR546.UFMu-00589
3,0.0,-0.059888943522988874,3.0,-0.059888943522988874,-1.8254149985807009,25-BR546.UFMu-00589.2025-07-08-11-45.NJ3HL.000030110930,25-BR546.UFMu-00589
3,1.0,1.0109524394609333,2.0,0.010952439460933272,0.33383035476924616,25-BR546.UFMu-00589.2025-07-08-11-45.NJ3HL.000030110930,25-BR546.UFMu-00589
3,2.0,2.0002990029353622,1.0,0.0002990029353622248,0.00911360946984061,25-BR546.UFMu-00589.2025-07-08-11-45.NJ3HL.000030110930,25-BR546.UFMu-00589
1,0.0,0.2510200865957284,1.0,0.2510200865957284,7.651092239437801,25-BR546.UFMu-00589.2025-07-09-11-50.NJ3HL.000030110930,25-BR546.UFMu-00589
2,0.0,0.2388082449108229,2.0,0.2388082449108229,7.278875304881882,25-BR546.UFMu-00589.2025-07-09-11-50.NJ3HL.000030110930,25-BR546.UFMu-00589
2,1.0,0.9893338396784268,1.0,-0.010666160321573193,-0.3251045666015509,25-BR546.UFMu-00589.2025-07-09-11-50.NJ3HL.000030110930,25-BR546.UFMu-00589
3,0.0,0.23331856693277497,3.0,0.23331856693277497,7.111549920110981,25-BR546.UFMu-00589.2025-07-09-11-50.NJ3HL.000030110930,25-BR546.UFMu-00589
3,1.0,0.9854590260132126,2.0,-0.014540973986787442,-0.44320888711728124,25-BR546.UFMu-00589.2025-07-09-11-50.NJ3HL.000030110930,25-BR546.UFMu-00589
3,2.0,1.9974331561482295,1.0,-0.0025668438517705283,-0.0782374006019657,25-BR546.UFMu-00589.2025-07-09-11-50.NJ3HL.000030110930,25-BR546.UFMu-00589
1,0.0,-0.0737164483026259,1.0,-0.0737164483026259,-2.2468773442640373,25-BR546.UFMu-00589.2025-07-10-11-38.NJ3HL.000030110930,25-BR546.UFMu-00589
2,0.0,-0.02447566221851885,2.0,-0.02447566221851885,-0.7460181844204546,25-BR546.UFMu-00589.2025-07-10-11-38.NJ3HL.000030110930,25-BR546.UFMu-00589
2,1.0,1.0427659535323033,1.0,0.04276595353230328,1.303506263664604,25-BR546.UFMu-00589.2025-07-10-11-38.NJ3HL.000030110930,25-BR546.UFMu-00589
3,0.0,-0.04572198261160836,3.0,-0.04572198261160836,-1.393606030001823,25-BR546.UFMu-00589.2025-07-10-11-38.NJ3HL.000030110930,25-BR546.UFMu-00589
3,1.0,1.0290081451129234,2.0,0.029008145112923378,0.8841682630419045,25-BR546.UFMu-00589.2025-07-10-11-38.NJ3HL.000030110930,25-BR546.UFMu-00589
3,2.0,1.9891028553814758,1.0,-0.010897144618524202,-0.33214496797261767,25-BR546.UFMu-00589.2025-07-10-11-38.NJ3HL.000030110930,25-BR546.UFMu-00589
1,0.0,0.36417070078477953,1.0,0.36417070078477953,11.09992295992008,25-BR546.UFMu-00589.2025-07-11-11-43.NJ3HL.000030110930,25-BR546.UFMu-00589
2,0.0,0.41806092360975383,2.0,0.41806092360975383,12.742496951625297,25-BR546.UFMu-00589.2025-07-11-11-43.NJ3HL.000030110930,25-BR546.UFMu-00589
2,1.0,1.0553515590019042,1.0,0.05535155900190425,1.6871155183780415,25-BR546.UFMu-00589.2025-07-11-11-43.NJ3HL.000030110930,25-BR546.UFMu-00589
3,0.0,0.5654664315556857,3.0,0.5654664315556857,17.2354168338173,25-BR546.UFMu-00589.2025-07-11-11-43.NJ3HL.000030110930,25-BR546.UFMu-00589
3,1.0,1.1677803043462536,2.0,0.16778030434625357,5.113943676473809,25-BR546.UFMu-00589.2025-07-11-11-43.NJ3HL.000030110930,25-BR546.UFMu-00589
3,2.0,2.088805709171908,1.0,0.08880570917190811,2.7067980155597593,25-BR546.UFMu-00589.2025-07-11-11-43.NJ3HL.000030110930,25-BR546.UFMu-00589
1,0.0,-0.013733662146551976,1.0,-0.013733662146551976,-0.41860202222690424,25-BR546.UFMu-00589.2025-07-12-11-48.NJ3HL.000030110930,25-BR546.UFMu-00589
2,0.0,-0.03263867316172153,2.0,-0.03263867316172153,-0.9948267579692723,25-BR546.UFMu-00589.2025-07-12-11-48.NJ3HL.000030110930,25-BR546.UFMu-00589
2,1.0,0.9833473385941505,1.0,-0.016652661405849534,-0.5075731196502938,25-BR546.UFMu-00589.2025-07-12-11-48.NJ3HL.000030110930,25-BR546.UFMu-00589
3,0.0,-0.016083869511042136,3.0,-0.016083869511042136,-0.4902363426965643,25-BR546.UFMu-00589.2025-07-12-11-48.NJ3HL.000030110930,25-BR546.UFMu-00589
3,1.0,0.9943406702929576,2.0,-0.005659329707042415,-0.17249636947065283,25-BR546.UFMu-00589.2025-07-12-11-48.NJ3HL.000030110930,25-BR546.UFMu-00589
3,2.0,2.008487923610501,1.0,0.008487923610501102,0.2587119116480736,25-BR546.UFMu-00589.2025-07-12-11-48.NJ3HL.000030110930,25-BR546.UFMu-00589
1,0.0,0.06341693475272163,1.0,0.06341693475272163,1.9329481712629553,25-BR546.UFMu-00589.2025-07-13-11-43.NJ3HL.000030110930,25-BR546.UFMu-00589
2,0.0,0.14047794861539542,2.0,0.14047794861539542,4.281767873797253,25-BR546.UFMu-00589.2025-07-13-11-43.NJ3HL.000030110930,25-BR546.UFMu-00589
2,1.0,1.0695652510886628,1.0,0.06956525108866285,2.1203488531824437,25-BR546.UFMu-00589.2025-07-13-11-43.NJ3HL.000030110930,25-BR546.UFMu-00589
3,0.0,0.30540383629816054,3.0,0.30540383629816054,9.308708930367933,25-BR546.UFMu-00589.2025-07-13-11-43.NJ3HL.000030110930,25-BR546.UFMu-00589
3,1.0,1.1819229732149363,2.0,0.18192297321493633,5.545012223591259,25-BR546.UFMu-00589.2025-07-13-11-43.NJ3HL.000030110930,25-BR546.UFMu-00589
3,2.0,2.089261765676723,1.0,0.08926176567672295,2.7206986178265153,25-BR546.UFMu-00589.2025-07-13-11-43.NJ3HL.000030110930,25-BR546.UFMu-00589
1,0.0,-0.017569710674610498,1.0,-0.017569710674610498,-0.535524781362128,25-BR546.UFMu-00589.2025-07-14-11-48.NJ3HL.000030110930,25-BR546.UFMu-00589
2,0.0,-0.030837457623006975,2.0,-0.030837457623006975,-0.9399257083492526,25-BR546.UFMu-00589.2025-07-14-11-48.NJ3HL.000030110930,25-BR546.UFMu-00589
2,1.0,0.9897835666708309,1.0,-0.010216433329169106,-0.31139688787307435,25-BR546.UFMu-00589.2025-07-14-11-48.NJ3HL.000030110930,25-BR546.UFMu-00589
3,0.0,-0.012956095894341787,3.0,-0.012956095894341787,-0.3949018028595377,25-BR546.UFMu-00589.2025-07-14-11-48.NJ3HL.000030110930,25-BR546.UFMu-00589
3,1.0,1.0010888853637674,2.0,0.001088885363767389,0.033189225887630014,25-BR546.UFMu-00589.2025-07-14-11-48.NJ3HL.000030110930,25-BR546.UFMu-00589
3,2.0,2.0075027310791382,1.0,0.007502731079138236,0.22868324329213344,25-BR546.UFMu-00589.2025-07-14-11-48.NJ3HL.000030110930,25-BR546.UFMu-00589
1,0.0,-0.07006494801329792,1.0,-0.07006494801329792,-2.135579615445321,25-BR546.UFMu-00589.2025-07-15-12-06.NJ3HL.000030110930,25-BR546.UFMu-00589
2,0.0,-0.08929127210622634,2.0,-0.08929127210622634,-2.721597973797779,25-BR546.UFMu-00589.2025-07-15-12-06.NJ3HL.000030110930,25-BR546.UFMu-00589
2,1.0,0.9855466872307438,1.0,-0.01445331276925621,-0.4405369732069293,25-BR546.UFMu-00589.2025-07-15-12-06.NJ3HL.000030110930,25-BR546.UFMu-00589
3,0.0,-0.08871400273497287,3.0,-0.08871400273497287,-2.7040028033619734,25-BR546.UFMu-00589.2025-07-15-12-06.NJ3HL.000030110930,25-BR546.UFMu-00589
3,1.0,0.9859038766287446,2.0,-0.014096123371255431,-0.42964984035586556,25-BR546.UFMu-00589.2025-07-15-12-06.NJ3HL.000030110930,25-BR546.UFMu-00589
3,2.0,2.0002364461125772,1.0,0.00023644611257722659,0.007206877511353867,25-BR546.UFMu-00589.2025-07-15-12-06.NJ3HL.000030110930,25-BR546.UFMu-00589
1,0.0,0.0037076082864227803,1.0,0.0037076082864227803,0.11300790057016634,25-BR546.UFMu-00589.2025-07-16-11-43.NJ3HL.000030110930,25-BR546.UFMu-00589
2,0.0,0.010119984046214073,2.0,0.010119984046214073,0.30845711372860496,25-BR546.UFMu-00589.2025-07-16-11-43.NJ3HL.000030110930,25-BR546.UFMu-00589
2,1.0,1.00427919322745,1.0,0.004279193227449962,0.13042980957267486,25-BR546.UFMu-00589.2025-07-16-11-43.NJ3HL.000030110930,25-BR546.UFMu-00589
3,0.0,0.03256394091941772,3.0,0.03256394091941772,0.9925489192238521,25-BR546.UFMu-00589.2025-07-16-11-43.NJ3HL.000030110930,25-BR546.UFMu-00589
3,1.0,1.0177827592723825,2.0,0.017782759272382487,0.5420185026222182,25-BR546.UFMu-00589.2025-07-16-11-43.NJ3HL.000030110930,25-BR546.UFMu-00589
3,2.0,2.007518631213482,1.0,0.007518631213482063,0.22916787938693328,25-BR546.UFMu-00589.2025-07-16-11-43.NJ3HL.000030110930,25-BR546.UFMu-00589
1,0.0,0.0012068846945259171,1.0,0.0012068846945259171,0.036785845489149954,25-BR546.UFMu-00589.2025-07-17-11-46.NJ3HL.000030110930,25-BR546.UFMu-00589
2,0.0,-0.0005270999875251967,2.0,-0.0005270999875251967,-0.016066007619767994,25-BR546.UFMu-00589.2025-07-17-11-46.NJ3HL.000030110930,25-BR546.UFMu-00589
2,1.0,0.9990400586136872,1.0,-0.0009599413863128348,-0.029259013454815203,25-BR546.UFMu-00589.2025-07-17-11-46.NJ3HL.000030110930,25-BR546.UFMu-00589
1,0.0,-0.005792007084209793,1.0,-0.005792007084209793,-0.17654037592671448,25-BR546.UFMu-00589.2025-07-18-11-50.NJ3HL.000030110930,25-BR546.UFMu-00589
2,0.0,0.006195611889941343,2.0,0.006195611889941343,0.18884225040541214,25-BR546.UFMu-00589.2025-07-18-11-50.NJ3HL.000030110930,25-BR546.UFMu-00589
2,1.0,1.0079740430958017,1.0,0.007974043095801742,0.2430488335600371,25-BR546.UFMu-00589.2025-07-18-11-50.NJ3HL.000030110930,25-BR546.UFMu-00589
3,0.0,-0.013114649890665827,3.0,-0.013114649890665827,-0.3997345286674944,25-BR546.UFMu-00589.2025-07-18-11-50.NJ3HL.000030110930,25-BR546.UFMu-00589
3,1.0,0.9964219921724482,2.0,-0.003578007827551799,-0.10905767858377884,25-BR546.UFMu-00589.2025-07-18-11-50.NJ3HL.000030110930,25-BR546.UFMu-00589
3,2.0,1.9935630251555598,1.0,-0.006436974844440169,-0.19619899325853635,25-BR546.UFMu-00589.2025-07-18-11-50.NJ3HL.000030110930,25-BR546.UFMu-00589
1,0.0,0.014989445266398406,1.0,0.014989445266398406,0.4568782917198234,25-BR546.UFMu-00589.2025-07-19-11-39.NJ3HL.000030110930,25-BR546.UFMu-00589
2,0.0,0.004913400464542679,2.0,0.004913400464542679,0.14976044615926085,25-BR546.UFMu-00589.2025-07-19-11-39.NJ3HL.000030110930,25-BR546.UFMu-00589
2,1.0,0.9943618298356185,1.0,-0.005638170164381506,-0.1718514266103483,25-BR546.UFMu-00589.2025-07-19-11-39.NJ3HL.000030110930,25-BR546.UFMu-00589
1,0.0,0.01981655104333043,1.0,0.01981655104333043,0.6040084758007116,25-BR546.UFMu-00589.2025-07-20-11-43.NJ3HL.000030110930,25-BR546.UFMu-00589
2,0.0,0.04451734420322874,2.0,0.04451734420322874,1.356888651314412,25-BR546.UFMu-00589.2025-07-20-11-43.NJ3HL.000030110930,25-BR546.UFMu-00589
2,1.0,1.0139109049648636,1.0,0.01391090496486358,0.4240043833290419,25-BR546.UFMu-00589.2025-07-20-11-43.NJ3HL.000030110930,25-BR546.UFMu-00589
1,0.0,-0.0050354302763291345,1.0,-0.0050354302763291345,-0.15347991482251203,25-BR546.UFMu-00589.2025-07-21-11-46.NJ3HL.000030110930,25-BR546.UFMu-00589
2,0.0,0.005929658370371172,2.0,0.005929658370371172,0.18073598712891334,25-BR546.UFMu-00589.2025-07-21-11-46.NJ3HL.000030110930,25-BR546.UFMu-00589
2,1.0,1.0060785838579507,1.0,0.006078583857950681,0.18527523599033677,25-BR546.UFMu-00589.2025-07-21-11-46.NJ3HL.000030110930,25-BR546.UFMu-00589
1,0.0,-0.010741090137250945,1.0,-0.010741090137250945,-0.3273884273834088,25-BR546.UFMu-00589.2025-07-22-11-51.NJ3HL.000030110930,25-BR546.UFMu-00589
2,0.0,-0.00938870923920796,2.0,-0.00938870923920796,-0.2861678576110586,25-BR546.UFMu-00589.2025-07-22-11-51.NJ3HL.000030110930,25-BR546.UFMu-00589
2,1.0,1.0007474476278946,1.0,0.0007474476278945819,0.022782203698226856,25-BR546.UFMu-00589.2025-07-22-11-51.NJ3HL.000030110930,25-BR546.UFMu-00589
1,0.0,0.0031985210564580155,1.0,0.0031985210564580155,0.09749092180084032,25-BR546.UFMu-00589.2025-07-23-11-50.NJ3HL.000030110930,25-BR546.UFMu-00589
2,0.0,0.03624119922615282,2.0,0.03624119922615282,1.104631752413138,25-BR546.UFMu-00589.2025-07-23-11-50.NJ3HL.000030110930,25-BR546.UFMu-00589
2,1.0,1.0184301727930547,1.0,0.0184301727930547,0.5617516667323073,25-BR546.UFMu-00589.2025-07-23-11-50.NJ3HL.000030110930,25-BR546.UFMu-00589
1,0.0,0.003616044562569166,1.0,0.003616044562569166,0.11021703826710817,25-BR546.UFMu-00589.2025-07-24-11-40.NJ3HL.000030110930,25-BR546.UFMu-00589
1,0.0,-0.00619687426882655,1.0,-0.00619687426882655,-0.18888072771383324,25-BR546.UFMu-00589.2025-07-25-11-50.NJ3HL.000030110930,25-BR546.UFMu-00589
1,0.0,0.14168983936861218,1.0,0.14168983936861218,4.3187063039553,25-BR546.UFMu-00589.2025-07-26-11-49.NJ3HL.000030110930,25-BR546.UFMu-00589
2,0.0,0.44093444818914973,2.0,0.44093444818914973,13.439681980805284,25-BR546.UFMu-00589.2025-07-26-11-49.NJ3HL.000030110930,25-BR546.UFMu-00589
2,1.0,1.1798986084474532,1.0,0.1798986084474532,5.4833095854783735,25-BR546.UFMu-00589.2025-07-26-11-49.NJ3HL.000030110930,25-BR546.UFMu-00589
1,0.0,-0.17674478946863428,1.0,-0.17674478946863428,-5.387181183003973,25-BR546.UFMu-00589.2025-07-27-11-39.NJ3HL.000030110930,25-BR546.UFMu-00589
2,0.0,-1.1291701287834228,2.0,-1.1291701287834228,-34.417105525318725,25-BR546.UFMu-00589.2025-07-27-11-39.NJ3HL.000030110930,25-BR546.UFMu-00589
2,1.0,0.5376545537683055,1.0,-0.4623454462316945,-14.092289201142048,25-BR546.UFMu-00589.2025-07-27-11-39.NJ3HL.000030110930,25-BR546.UFMu-00589
1,0.0,0.02735909886484618,1.0,0.02735909886484618,0.8339053334005115,25-W571.UFMu-03509.2025-06-10-13-37.QPSRM.000033006983,25-W571.UFMu-03509
2,0.0,0.053409332601122766,2.0,0.053409332601122766,1.627916457682222,25-W571.UFMu-03509.2025-06-10-13-37.QPSRM.000033006983,25-W571.UFMu-03509
2,1.0,1.0407018980475398,1.0,0.040701898047539764,1.240593852489012,25-W571.UFMu-03509.2025-06-10-13-37.QPSRM.000033006983,25-W571.UFMu-03509
3,0.0,0.08708791412416049,3.0,0.08708791412416049,2.6544396225044116,25-W571.UFMu-03509.2025-06-10-13-37.QPSRM.000033006983,25-W571.UFMu-03509
3,1.0,1.0669315541399884,2.0,0.06693155413998841,2.0400737701868468,25-W571.UFMu-03509.2025-06-10-13-37.QPSRM.000033006983,25-W571.UFMu-03509
3,2.0,2.038188162478401,1.0,0.038188162478400844,1.1639751923416577,25-W571.UFMu-03509.2025-06-10-13-37.QPSRM.000033006983,25-W571.UFMu-03509
1,0.0,0.005261644157821897,1.0,0.005261644157821897,0.16037491393041142,25-W571.UFMu-03509.2025-06-11-11-41.QPSRM.000033006983,25-W571.UFMu-03509
2,0.0,0.00856813831461304,2.0,0.00856813831461304,0.26115685582940545,25-W571.UFMu-03509.2025-06-11-11-41.QPSRM.000033006983,25-W571.UFMu-03509
2,1.0,1.0025646482760882,1.0,0.002564648276088155,0.07817047945516696,25-W571.UFMu-03509.2025-06-11-11-41.QPSRM.000033006983,25-W571.UFMu-03509
3,0.0,0.011395662812586693,3.0,0.011395662812586693,0.3473398025276424,25-W571.UFMu-03509.2025-06-11-11-41.QPSRM.000033006983,25-W571.UFMu-03509
3,1.0,1.004366650783642,2.0,0.004366650783641957,0.13309551588540683,25-W571.UFMu-03509.2025-06-11-11-41.QPSRM.000033006983,25-W571.UFMu-03509
3,2.0,2.001198116451248,1.0,0.0011981164512477882,0.036518589434032585,25-W571.UFMu-03509.2025-06-11-11-41.QPSRM.000033006983,25-W571.UFMu-03509
1,0.0,0.029569002906645294,1.0,0.029569002906645294,0.9012632085945486,25-W571.UFMu-03509.2025-06-12-11-45.QPSRM.000033006983,25-W571.UFMu-03509
2,0.0,0.045296565799380795,2.0,0.045296565799380795,1.3806393255651266,25-W571.UFMu-03509.2025-06-12-11-45.QPSRM.000033006983,25-W571.UFMu-03509
2,1.0,1.0245322891416566,1.0,0.024532289141656616,0.7477441730376937,25-W571.UFMu-03509.2025-06-12-11-45.QPSRM.000033006983,25-W571.UFMu-03509
3,0.0,0.07928957335901686,3.0,0.07928957335901686,2.416746195982834,25-W571.UFMu-03509.2025-06-12-11-45.QPSRM.000033006983,25-W571.UFMu-03509
3,1.0,1.0510704102850703,2.0,0.05107041028507031,1.5566261054889432,25-W571.UFMu-03509.2025-06-12-11-45.QPSRM.000033006983,25-W571.UFMu-03509
3,2.0,2.0384415749518903,1.0,0.03844157495189027,1.1716992045336154,25-W571.UFMu-03509.2025-06-12-11-45.QPSRM.000033006983,25-W571.UFMu-03509
1,0.0,-0.30284767802720347,1.0,-0.30284767802720347,-9.230797226269162,25-W571.UFMu-03509.2025-06-17-11-49.QPSRM.000033006983,25-W571.UFMu-03509
2,0.0,-0.32276561570060947,2.0,-0.32276561570060947,-9.837895966554576,25-W571.UFMu-03509.2025-06-17-11-49.QPSRM.000033006983,25-W571.UFMu-03509
2,1.0,0.9682280129773396,1.0,-0.031771987022660375,-0.9684101644506883,25-W571.UFMu-03509.2025-06-17-11-49.QPSRM.000033006983,25-W571.UFMu-03509
3,0.0,-0.3556968749702333,3.0,-0.3556968749702333,-10.841640749092711,25-W571.UFMu-03509.2025-06-17-11-49.QPSRM.000033006983,25-W571.UFMu-03509
3,1.0,0.9437245087884725,2.0,-0.05627549121152753,-1.715276972127359,25-W571.UFMu-03509.2025-06-17-11-49.QPSRM.000033006983,25-W571.UFMu-03509
3,2.0,1.9612854924244787,1.0,-0.038714507575521306,-1.1800181909018894,25-W571.UFMu-03509.2025-06-17-11-49.QPSRM.000033006983,25-W571.UFMu-03509
1,0.0,-0.02073388428694517,1.0,-0.02073388428694517,-0.6319687930660888,25-W571.UFMu-03509.2025-06-18-11-52.QPSRM.000033006983,25-W571.UFMu-03509
2,0.0,-0.0397948186368993,2.0,-0.0397948186368993,-1.2129460720526908,25-W571.UFMu-03509.2025-06-18-11-52.QPSRM.000033006983,25-W571.UFMu-03509
2,1.0,0.9675746189757263,1.0,-0.032425381024273725,-0.9883256136198632,25-W571.UFMu-03509.2025-06-18-11-52.QPSRM.000033006983,25-W571.UFMu-03509
3,0.0,-0.05533623652795668,3.0,-0.05533623652795668,-1.6866484893721196,25-W571.UFMu-03509.2025-06-18-11-52.QPSRM.000033006983,25-W571.UFMu-03509
3,1.0,0.9552816970269684,2.0,-0.04471830297303159,-1.3630138746180027,25-W571.UFMu-03509.2025-06-18-11-52.QPSRM.000033006983,25-W571.UFMu-03509
3,2.0,1.9805596671654166,1.0,-0.01944033283458335,-0.5925413447981006,25-W571.UFMu-03509.2025-06-18-11-52.QPSRM.000033006983,25-W571.UFMu-03509
1,0.0,-0.020792952467995885,1.0,-0.020792952467995885,-0.6337691912245146,25-W571.UFMu-03509.2025-06-19-11-41.QPSRM.000033006983,25-W571.UFMu-03509
2,0.0,-0.037169658233481354,2.0,-0.037169658233481354,-1.1329311829565116,25-W571.UFMu-03509.2025-06-19-11-41.QPSRM.000033006983,25-W571.UFMu-03509
2,1.0,0.9721835895312086,1.0,-0.027816410468791353,-0.8478441910887604,25-W571.UFMu-03509.2025-06-19-11-41.QPSRM.000033006983,25-W571.UFMu-03509
3,0.0,-0.05146882190568543,3.0,-0.05146882190568543,-1.5687696916852918,25-W571.UFMu-03509.2025-06-19-11-41.QPSRM.000033006983,25-W571.UFMu-03509
3,1.0,0.9608818254366859,2.0,-0.03911817456331412,-1.1923219606898146,25-W571.UFMu-03509.2025-06-19-11-41.QPSRM.000033006983,25-W571.UFMu-03509
3,2.0,1.9821388916826341,1.0,-0.01786110831736587,-0.5444065815133118,25-W571.UFMu-03509.2025-06-19-11-41.QPSRM.000033006983,25-W571.UFMu-03509
1,0.0,-0.021552876875435393,1.0,-0.021552876875435393,-0.6569316871632708,25-W571.UFMu-03509.2025-06-20-11-45.QPSRM.000033006983,25-W571.UFMu-03509
2,0.0,-0.0365726528510816,2.0,-0.0365726528510816,-1.1147344589009671,25-W571.UFMu-03509.2025-06-20-11-45.QPSRM.000033006983,25-W571.UFMu-03509
2,1.0,0.9744503350381839,1.0,-0.0255496649618161,-0.7787537880361547,25-W571.UFMu-03509.2025-06-20-11-45.QPSRM.000033006983,25-W571.UFMu-03509
3,0.0,-0.05647297259884613,3.0,-0.05647297259884613,-1.72129620481283,25-W571.UFMu-03509.2025-06-20-11-45.QPSRM.000033006983,25-W571.UFMu-03509
3,1.0,0.9587271330640692,2.0,-0.041272866935930796,-1.2579969842071708,25-W571.UFMu-03509.2025-06-20-11-45.QPSRM.000033006983,25-W571.UFMu-03509
3,2.0,1.9751138081585635,1.0,-0.024886191841436478,-0.7585311273269839,25-W571.UFMu-03509.2025-06-20-11-45.QPSRM.000033006983,25-W571.UFMu-03509
1,0.0,-0.04204116771920467,1.0,-0.04204116771920467,-1.2814147920813583,25-W571.UFMu-03509.2025-06-21-11-50.QPSRM.000033006983,25-W571.UFMu-03509
2,0.0,-0.03556892163290114,2.0,-0.03556892163290114,-1.0841407313708267,25-W571.UFMu-03509.2025-06-21-11-50.QPSRM.000033006983,25-W571.UFMu-03509
2,1.0,1.0108924030532584,1.0,0.010892403053258448,0.3320004450633175,25-W571.UFMu-03509.2025-06-21-11-50.QPSRM.000033006983,25-W571.UFMu-03509
3,0.0,-0.026947373927593263,3.0,-0.026947373927593263,-0.8213559573130427,25-W571.UFMu-03509.2025-06-21-11-50.QPSRM.000033006983,25-W571.UFMu-03509
3,1.0,1.0176402819098678,2.0,0.017640281909867772,0.5376757926127697,25-W571.UFMu-03509.2025-06-21-11-50.QPSRM.000033006983,25-W571.UFMu-03509
3,2.0,2.010713467383501,1.0,0.010713467383501207,0.32654648584911683,25-W571.UFMu-03509.2025-06-21-11-50.QPSRM.000033006983,25-W571.UFMu-03509
1,0.0,-0.003532101504106067,1.0,-0.003532101504106067,-0.10765845384515292,25-W571.UFMu-03509.2025-06-22-11-39.QPSRM.000033006983,25-W571.UFMu-03509
2,0.0,0.005494824733884947,2.0,0.005494824733884947,0.16748225788881319,25-W571.UFMu-03509.2025-06-22-11-39.QPSRM.000033006983,25-W571.UFMu-03509
2,1.0,1.0101458659058344,1.0,0.01014586590583444,0.3092459928098337,25-W571.UFMu-03509.2025-06-22-11-39.QPSRM.000033006983,25-W571.UFMu-03509
3,0.0,-0.007002767992199566,3.0,-0.007002767992199566,-0.21344436840224276,25-W571.UFMu-03509.2025-06-22-11-39.QPSRM.000033006983,25-W571.UFMu-03509
3,1.0,1.0012294693195611,2.0,0.0012294693195611384,0.0374742248602235,25-W571.UFMu-03509.2025-06-22-11-39.QPSRM.000033006983,25-W571.UFMu-03509
3,2.0,1.9909844150495886,1.0,-0.009015584950411437,-0.2747950292885406,25-W571.UFMu-03509.2025-06-22-11-39.QPSRM.000033006983,25-W571.UFMu-03509
1,0.0,0.09644706007615593,1.0,0.09644706007615593,2.939706391121233,25-W571.UFMu-03509.2025-06-23-11-43.QPSRM.000033006983,25-W571.UFMu-03509
2,0.0,0.04807994894356669,2.0,0.04807994894356669,1.4654768437999126,25-W571.UFMu-03509.2025-06-23-11-43.QPSRM.000033006983,25-W571.UFMu-03509
2,1.0,0.9392457324459975,1.0,-0.06075426755400248,-1.8517900750459957,25-W571.UFMu-03509.2025-06-23-11-43.QPSRM.000033006983,25-W571.UFMu-03509
3,0.0,0.08587227487888541,3.0,0.08587227487888541,2.617386938308427,25-W571.UFMu-03509.2025-06-23-11-43.QPSRM.000033006983,25-W571.UFMu-03509
3,1.0,0.9679590687642223,2.0,-0.03204093123577767,-0.9766075840665034,25-W571.UFMu-03509.2025-06-23-11-43.QPSRM.000033006983,25-W571.UFMu-03509
3,2.0,2.031491382421977,1.0,0.03149138242197713,0.959857336221863,25-W571.UFMu-03509.2025-06-23-11-43.QPSRM.000033006983,25-W571.UFMu-03509
1,0.0,0.016021457423889385,1.0,0.016021457423889385,0.48833402228014844,25-W571.UFMu-03509.2025-06-24-11-48.QPSRM.000033006983,25-W571.UFMu-03509
2,0.0,0.03463220483407718,2.0,0.03463220483407718,1.0555896033426726,25-W571.UFMu-03509.2025-06-24-11-48.QPSRM.000033006983,25-W571.UFMu-03509
2,1.0,1.0146238946533093,1.0,0.014623894653309266,0.44573630903286643,25-W571.UFMu-03509.2025-06-24-11-48.QPSRM.000033006983,25-W571.UFMu-03509
3,0.0,0.051494889520848575,3.0,0.051494889520848575,1.5695642325954646,25-W571.UFMu-03509.2025-06-24-11-48.QPSRM.000033006983,25-W571.UFMu-03509
3,1.0,1.0254315459928554,2.0,0.025431545992855353,0.7751535218622312,25-W571.UFMu-03509.2025-06-24-11-48.QPSRM.000033006983,25-W571.UFMu-03509
3,2.0,2.0072683370496858,1.0,0.007268337049685769,0.22153891327442224,25-W571.UFMu-03509.2025-06-24-11-48.QPSRM.000033006983,25-W571.UFMu-03509
1,0.0,0.045202119274223136,1.0,0.045202119274223136,1.3777605954783212,25-W571.UFMu-03509.2025-06-25-11-52.QPSRM.000033006983,25-W571.UFMu-03509
2,0.0,0.07734962485068611,2.0,0.07734962485068611,2.3576165654489127,25-W571.UFMu-03509.2025-06-25-11-52.QPSRM.000033006983,25-W571.UFMu-03509
2,1.0,1.0590103010530998,1.0,0.05901030105309979,1.7986339760984815,25-W571.UFMu-03509.2025-06-25-11-52.QPSRM.000033006983,25-W571.UFMu-03509
3,0.0,0.0766231208294484,3.0,0.0766231208294484,2.3354727228815872,25-W571.UFMu-03509.2025-06-25-11-52.QPSRM.000033006983,25-W571.UFMu-03509
3,1.0,1.0584279011236093,2.0,0.058427901123609294,1.7808824262476113,25-W571.UFMu-03509.2025-06-25-11-52.QPSRM.000033006983,25-W571.UFMu-03509
3,2.0,1.999017656296751,1.0,-0.0009823437032490112,-0.029941836075029864,25-W571.UFMu-03509.2025-06-25-11-52.QPSRM.000033006983,25-W571.UFMu-03509
1,0.0,0.02840087944108174,1.0,0.02840087944108174,0.8656588053641715,25-W571.UFMu-03509.2025-06-26-11-43.QPSRM.000033006983,25-W571.UFMu-03509
2,0.0,0.05574966732704694,2.0,0.05574966732704694,1.6992498601283907,25-W571.UFMu-03509.2025-06-26-11-43.QPSRM.000033006983,25-W571.UFMu-03509
2,1.0,1.0403539731451845,1.0,0.04035397314518452,1.2299891014652242,25-W571.UFMu-03509.2025-06-26-11-43.QPSRM.000033006983,25-W571.UFMu-03509
3,0.0,0.07650841330784026,3.0,0.07650841330784026,2.3319764376229712,25-W571.UFMu-03509.2025-06-26-11-43.QPSRM.000033006983,25-W571.UFMu-03509
3,1.0,1.056284891764388,2.0,0.05628489176438789,1.7155635009785428,25-W571.UFMu-03509.2025-06-26-11-43.QPSRM.000033006983,25-W571.UFMu-03509
3,2.0,2.0217114627562465,1.0,0.02171146275624647,0.6617653848103924,25-W571.UFMu-03509.2025-06-26-11-43.QPSRM.000033006983,25-W571.UFMu-03509
1,0.0,0.29289008094419927,1.0,0.29289008094419927,8.927289667179194,25-W571.UFMu-03509.2025-06-27-11-47.QPSRM.000033006983,25-W571.UFMu-03509
2,0.0,0.3361623973425405,2.0,0.3361623973425405,10.246229871000635,25-W571.UFMu-03509.2025-06-27-11-47.QPSRM.000033006983,25-W571.UFMu-03509
2,1.0,1.0741799682847732,1.0,0.07417996828477325,2.2610054333198883,25-W571.UFMu-03509.2025-06-27-11-47.QPSRM.000033006983,25-W571.UFMu-03509
3,0.0,0.35229448277005676,3.0,0.35229448277005676,10.73793583483133,25-W571.UFMu-03509.2025-06-27-11-47.QPSRM.000033006983,25-W571.UFMu-03509
3,1.0,1.0875279164499083,2.0,0.08752791644990832,2.6678508933932057,25-W571.UFMu-03509.2025-06-27-11-47.QPSRM.000033006983,25-W571.UFMu-03509
3,2.0,2.019970645732265,1.0,0.019970645732264813,0.6087052819194315,25-W571.UFMu-03509.2025-06-27-11-47.QPSRM.000033006983,25-W571.UFMu-03509
1,0.0,0.04422216531398175,1.0,0.04422216531398175,1.3478915987701638,25-W571.UFMu-03509.2025-06-28-11-50.QPSRM.000033006983,25-W571.UFMu-03509
2,0.0,0.05932982514338822,2.0,0.05932982514338822,1.808373070370473,25-W571.UFMu-03509.2025-06-28-11-50.QPSRM.000033006983,25-W571.UFMu-03509
2,1.0,1.0206705386434312,1.0,0.020670538643431158,0.6300380178517817,25-W571.UFMu-03509.2025-06-28-11-50.QPSRM.000033006983,25-W571.UFMu-03509
3,0.0,0.08881113880085088,3.0,0.08881113880085088,2.706963510649935,25-W571.UFMu-03509.2025-06-28-11-50.QPSRM.000033006983,25-W571.UFMu-03509
3,1.0,1.0430267456692768,2.0,0.04302674566927678,1.3114552079995563,25-W571.UFMu-03509.2025-06-28-11-50.QPSRM.000033006983,25-W571.UFMu-03509
3,2.0,2.027823145225504,1.0,0.02782314522550422,0.8480494664733687,25-W571.UFMu-03509.2025-06-28-11-50.QPSRM.000033006983,25-W571.UFMu-03509
1,0.0,0.020967165159112015,1.0,0.020967165159112015,0.6390791940497342,25-W571.UFMu-03509.2025-06-29-11-40.QPSRM.000033006983,25-W571.UFMu-03509
2,0.0,0.033644321225766764,2.0,0.033644321225766764,1.025478910961371,25-W571.UFMu-03509.2025-06-29-11-40.QPSRM.000033006983,25-W571.UFMu-03509
2,1.0,1.0143091860033449,1.0,0.014309186003344854,0.43614398938195115,25-W571.UFMu-03509.2025-06-29-11-40.QPSRM.000033006983,25-W571.UFMu-03509
3,0.0,0.04672915331137508,3.0,0.04672915331137508,1.4243045929307125,25-W571.UFMu-03509.2025-06-29-11-40.QPSRM.000033006983,25-W571.UFMu-03509
3,1.0,1.023713455227209,2.0,0.023713455227208913,0.7227861153253277,25-W571.UFMu-03509.2025-06-29-11-40.QPSRM.000033006983,25-W571.UFMu-03509
3,2.0,2.00951752732654,1.0,0.009517527326539987,0.29009423291293884,25-W571.UFMu-03509.2025-06-29-11-40.QPSRM.000033006983,25-W571.UFMu-03509
1,0.0,0.1075145806644174,1.0,0.1075145806644174,3.277044418651442,25-W571.UFMu-03509.2025-06-30-11-45.QPSRM.000033006983,25-W571.UFMu-03509
2,0.0,0.10908431281239082,2.0,0.10908431281239082,3.3248898545216723,25-W571.UFMu-03509.2025-06-30-11-45.QPSRM.000033006983,25-W571.UFMu-03509
2,1.0,1.0023744764179754,1.0,0.0023744764179753908,0.07237404121988991,25-W571.UFMu-03509.2025-06-30-11-45.QPSRM.000033006983,25-W571.UFMu-03509
3,0.0,0.12345787124522958,3.0,0.12345787124522958,3.7629959155545976,25-W571.UFMu-03509.2025-06-30-11-45.QPSRM.000033006983,25-W571.UFMu-03509
3,1.0,1.0136802808134466,2.0,0.013680280813446632,0.41697495919385336,25-W571.UFMu-03509.2025-06-30-11-45.QPSRM.000033006983,25-W571.UFMu-03509
3,2.0,2.015284037977533,1.0,0.015284037977532972,0.46585747755520496,25-W571.UFMu-03509.2025-06-30-11-45.QPSRM.000033006983,25-W571.UFMu-03509
1,0.0,0.03501670972478159,1.0,0.03501670972478159,1.0673093124113429,25-W571.UFMu-03509.2025-07-01-11-42.QPSRM.000033006983,25-W571.UFMu-03509
2,0.0,0.046662271495703504,2.0,0.046662271495703504,1.4222660351890428,25-W571.UFMu-03509.2025-07-01-11-42.QPSRM.000033006983,25-W571.UFMu-03509
2,1.0,1.0158946887389477,1.0,0.015894688738947726,0.48447011276312674,25-W571.UFMu-03509.2025-07-01-11-42.QPSRM.000033006983,25-W571.UFMu-03509
3,0.0,0.06567508116864447,3.0,0.06567508116864447,2.0017764740202835,25-W571.UFMu-03509.2025-07-01-11-42.QPSRM.000033006983,25-W571.UFMu-03509
3,1.0,1.0302835967781632,2.0,0.03028359677816317,0.9230440297984134,25-W571.UFMu-03509.2025-07-01-11-42.QPSRM.000033006983,25-W571.UFMu-03509
3,2.0,2.017876192304772,1.0,0.017876192304771887,0.5448663414494471,25-W571.UFMu-03509.2025-07-01-11-42.QPSRM.000033006983,25-W571.UFMu-03509
1,0.0,0.030815565378862562,1.0,0.030815565378862562,0.9392584327477309,25-W571.UFMu-03509.2025-07-02-11-47.QPSRM.000033006983,25-W571.UFMu-03509
2,0.0,0.04525675109783682,2.0,0.04525675109783682,1.3794257734620663,25-W571.UFMu-03509.2025-07-02-11-47.QPSRM.000033006983,25-W571.UFMu-03509
2,1.0,1.0196785879360517,1.0,0.019678587936051706,0.599803360290856,25-W571.UFMu-03509.2025-07-02-11-47.QPSRM.000033006983,25-W571.UFMu-03509
3,0.0,0.06639207445970542,3.0,0.06639207445970542,2.0236304295318215,25-W571.UFMu-03509.2025-07-02-11-47.QPSRM.000033006983,25-W571.UFMu-03509
3,1.0,1.035648191911749,2.0,0.03564819191174906,1.0865568894701114,25-W571.UFMu-03509.2025-07-02-11-47.QPSRM.000033006983,25-W571.UFMu-03509
3,2.0,2.019852524635061,1.0,0.01985252463506093,0.6051049508766572,25-W571.UFMu-03509.2025-07-02-11-47.QPSRM.000033006983,25-W571.UFMu-03509
1,0.0,0.01876130162771791,1.0,0.01876130162771791,0.5718444736128419,25-W571.UFMu-03509.2025-07-03-11-52.QPSRM.000033006983,25-W571.UFMu-03509
2,0.0,0.04306009990294554,2.0,0.04306009990294554,1.31247184504178,25-W571.UFMu-03509.2025-07-03-11-52.QPSRM.000033006983,25-W571.UFMu-03509
2,1.0,1.0302516103605697,1.0,0.03025161036056967,0.9220690837901635,25-W571.UFMu-03509.2025-07-03-11-52.QPSRM.000033006983,25-W571.UFMu-03509
3,0.0,0.05905647080796167,3.0,0.05905647080796167,1.8000412302266717,25-W571.UFMu-03509.2025-07-03-11-52.QPSRM.000033006983,25-W571.UFMu-03509
3,1.0,1.0420228033368577,2.0,0.042022803336857706,1.2808550457074228,25-W571.UFMu-03509.2025-07-03-11-52.QPSRM.000033006983,25-W571.UFMu-03509
3,2.0,2.013336522745293,1.0,0.013336522745293067,0.4064972132765327,25-W571.UFMu-03509.2025-07-03-11-52.QPSRM.000033006983,25-W571.UFMu-03509
1,0.0,0.05137582812935658,1.0,0.05137582812935658,1.5659352413827885,25-W571.UFMu-03509.2025-07-04-11-39.QPSRM.000033006983,25-W571.UFMu-03509
2,0.0,0.07337462980583338,2.0,0.07337462980583338,2.2364587164818017,25-W571.UFMu-03509.2025-07-04-11-39.QPSRM.000033006983,25-W571.UFMu-03509
2,1.0,1.032753977842851,1.0,0.032753977842850945,0.9983412446500969,25-W571.UFMu-03509.2025-07-04-11-39.QPSRM.000033006983,25-W571.UFMu-03509
3,0.0,0.08675137828107447,3.0,0.08675137828107447,2.64418201000715,25-W571.UFMu-03509.2025-07-04-11-39.QPSRM.000033006983,25-W571.UFMu-03509
3,1.0,1.0430906497497594,2.0,0.0430906497497594,1.3134030043726665,25-W571.UFMu-03509.2025-07-04-11-39.QPSRM.000033006983,25-W571.UFMu-03509
3,2.0,2.014094705738954,1.0,0.014094705738953994,0.42960663092331774,25-W571.UFMu-03509.2025-07-04-11-39.QPSRM.000033006983,25-W571.UFMu-03509
1,0.0,0.10794329851179234,1.0,0.10794329851179234,3.2901117386394305,25-W571.UFMu-03509.2025-07-05-11-40.QPSRM.000033006983,25-W571.UFMu-03509
2,0.0,0.11512124572366801,2.0,0.11512124572366801,3.508895569657401,25-W571.UFMu-03509.2025-07-05-11-40.QPSRM.000033006983,25-W571.UFMu-03509
2,1.0,1.0099944802952159,1.0,0.00999448029521588,0.30463175939818,25-W571.UFMu-03509.2025-07-05-11-40.QPSRM.000033006983,25-W571.UFMu-03509
3,0.0,0.13699283888211788,3.0,0.13699283888211788,4.175541729126953,25-W571.UFMu-03509.2025-07-05-11-40.QPSRM.000033006983,25-W571.UFMu-03509
3,1.0,1.0268833777895288,2.0,0.026883377789528762,0.8194053550248367,25-W571.UFMu-03509.2025-07-05-11-40.QPSRM.000033006983,25-W571.UFMu-03509
3,2.0,2.020931386894527,1.0,0.020931386894527115,0.6379886725451864,25-W571.UFMu-03509.2025-07-05-11-40.QPSRM.000033006983,25-W571.UFMu-03509
1,0.0,0.017407107103331078,1.0,0.017407107103331078,0.5305686245095312,25-W571.UFMu-03509.2025-07-06-11-45.QPSRM.000033006983,25-W571.UFMu-03509
2,0.0,0.03049226696986205,2.0,0.03049226696986205,0.9294042972413953,25-W571.UFMu-03509.2025-07-06-11-45.QPSRM.000033006983,25-W571.UFMu-03509
2,1.0,1.0162497325902042,1.0,0.016249732590204236,0.4952918493494251,25-W571.UFMu-03509.2025-07-06-11-45.QPSRM.000033006983,25-W571.UFMu-03509
3,0.0,0.05932653804483664,3.0,0.05932653804483664,1.8082728796066208,25-W571.UFMu-03509.2025-07-06-11-45.QPSRM.000033006983,25-W571.UFMu-03509
3,1.0,1.0374948994792215,2.0,0.037494899479221466,1.1428445361266704,25-W571.UFMu-03509.2025-07-06-11-45.QPSRM.000033006983,25-W571.UFMu-03509
3,2.0,2.0239564983064255,1.0,0.023956498306425544,0.7301940683798506,25-W571.UFMu-03509.2025-07-06-11-45.QPSRM.000033006983,25-W571.UFMu-03509
1,0.0,0.028829376497486,1.0,0.028829376497486,0.8787193956433733,25-W571.UFMu-03509.2025-07-07-11-44.QPSRM.000033006983,25-W571.UFMu-03509
2,0.0,0.03974392378910583,2.0,0.03974392378910583,1.2113947970919456,25-W571.UFMu-03509.2025-07-07-11-44.QPSRM.000033006983,25-W571.UFMu-03509
2,1.0,1.0123502877733614,1.0,0.012350287773361446,0.3764367713320569,25-W571.UFMu-03509.2025-07-07-11-44.QPSRM.000033006983,25-W571.UFMu-03509
3,0.0,0.03802728267320239,3.0,0.03802728267320239,1.159071575879209,25-W571.UFMu-03509.2025-07-07-11-44.QPSRM.000033006983,25-W571.UFMu-03509
3,1.0,1.0111147595305565,2.0,0.011114759530556517,0.33877787049136265,25-W571.UFMu-03509.2025-07-07-11-44.QPSRM.000033006983,25-W571.UFMu-03509
3,2.0,1.9987594500781014,1.0,-0.0012405499218985927,-0.037811961619469106,25-W571.UFMu-03509.2025-07-07-11-44.QPSRM.000033006983,25-W571.UFMu-03509
1,0.0,-0.011490327434911908,1.0,-0.011490327434911908,-0.350225180216115,25-W571.UFMu-03509.2025-07-08-11-43.QPSRM.000033006983,25-W571.UFMu-03509
2,0.0,0.01263670050538261,2.0,0.01263670050538261,0.38516663140406193,25-W571.UFMu-03509.2025-07-08-11-43.QPSRM.000033006983,25-W571.UFMu-03509
2,1.0,1.035312049489985,1.0,0.03531204948998501,1.0763112684547431,25-W571.UFMu-03509.2025-07-08-11-43.QPSRM.000033006983,25-W571.UFMu-03509
3,0.0,0.02804981773057698,3.0,0.02804981773057698,0.8549584444279863,25-W571.UFMu-03509.2025-07-08-11-43.QPSRM.000033006983,25-W571.UFMu-03509
3,1.0,1.047034179345721,2.0,0.04703417934572096,1.433601786457575,25-W571.UFMu-03509.2025-07-08-11-43.QPSRM.000033006983,25-W571.UFMu-03509
3,2.0,2.0159897570808027,1.0,0.015989757080802747,0.4873677958228677,25-W571.UFMu-03509.2025-07-08-11-43.QPSRM.000033006983,25-W571.UFMu-03509
1,0.0,0.04701135696165711,1.0,0.04701135696165711,1.432906160191309,25-W571.UFMu-03509.2025-07-09-11-43.QPSRM.000033006983,25-W571.UFMu-03509
2,0.0,0.06403189224048846,2.0,0.06403189224048846,1.9516920754900882,25-W571.UFMu-03509.2025-07-09-11-43.QPSRM.000033006983,25-W571.UFMu-03509
2,1.0,1.0272874028833876,1.0,0.0272874028833876,0.8317200398856541,25-W571.UFMu-03509.2025-07-09-11-43.QPSRM.000033006983,25-W571.UFMu-03509
3,0.0,0.09162304954654785,3.0,0.09162304954654785,2.7926705501787783,25-W571.UFMu-03509.2025-07-09-11-43.QPSRM.000033006983,25-W571.UFMu-03509
3,1.0,1.0489543687364076,2.0,0.04895436873640757,1.4921291590857029,25-W571.UFMu-03509.2025-07-09-11-43.QPSRM.000033006983,25-W571.UFMu-03509
3,2.0,2.0320510845184736,1.0,0.032051084518473605,0.9769170561230754,25-W571.UFMu-03509.2025-07-09-11-43.QPSRM.000033006983,25-W571.UFMu-03509
1,0.0,0.022746235839298145,1.0,0.022746235839298145,0.6933052683818075,25-W571.UFMu-03509.2025-07-10-11-42.QPSRM.000033006983,25-W571.UFMu-03509
2,0.0,0.03986578000143251,2.0,0.03986578000143251,1.215108974443663,25-W571.UFMu-03509.2025-07-10-11-42.QPSRM.000033006983,25-W571.UFMu-03509
2,1.0,1.0193382012702994,1.0,0.019338201270299393,0.5894283747187256,25-W571.UFMu-03509.2025-07-10-11-42.QPSRM.000033006983,25-W571.UFMu-03509
3,0.0,0.04562082504965263,3.0,0.04562082504965263,1.3905227475134123,25-W571.UFMu-03509.2025-07-10-11-42.QPSRM.000033006983,25-W571.UFMu-03509
3,1.0,1.02347439543994,2.0,0.0234743954399399,0.7154995730093682,25-W571.UFMu-03509.2025-07-10-11-42.QPSRM.000033006983,25-W571.UFMu-03509
3,2.0,2.0041944941465193,1.0,0.00419449414651929,0.12784818158590797,25-W571.UFMu-03509.2025-07-10-11-42.QPSRM.000033006983,25-W571.UFMu-03509
1,0.0,0.01608246412505726,1.0,0.01608246412505726,0.4901935065317453,25-W571.UFMu-03509.2025-07-11-11-41.QPSRM.000033006983,25-W571.UFMu-03509
2,0.0,0.024239401597881703,2.0,0.024239401597881703,0.7388169607034343,25-W571.UFMu-03509.2025-07-11-11-41.QPSRM.000033006983,25-W571.UFMu-03509
2,1.0,1.008264571476174,1.0,0.008264571476173987,0.25190413859378313,25-W571.UFMu-03509.2025-07-11-11-41.QPSRM.000033006983,25-W571.UFMu-03509
3,0.0,0.04633629981458484,3.0,0.04633629981458484,1.412330418348546,25-W571.UFMu-03509.2025-07-11-11-41.QPSRM.000033006983,25-W571.UFMu-03509
3,1.0,1.0236541282262428,2.0,0.0236541282262428,0.7209778283358805,25-W571.UFMu-03509.2025-07-11-11-41.QPSRM.000033006983,25-W571.UFMu-03509
3,2.0,2.013806119334877,1.0,0.013806119334876854,0.4208105173270465,25-W571.UFMu-03509.2025-07-11-11-41.QPSRM.000033006983,25-W571.UFMu-03509
1,0.0,0.01447826335301041,1.0,0.01447826335301041,0.4412974669997573,25-W571.UFMu-03509.2025-07-12-11-42.QPSRM.000033006983,25-W571.UFMu-03509
2,0.0,0.01995379235434362,2.0,0.01995379235434362,0.6081915909603935,25-W571.UFMu-03509.2025-07-12-11-42.QPSRM.000033006983,25-W571.UFMu-03509
2,1.0,1.006173036086811,1.0,0.006173036086811079,0.1881541399260017,25-W571.UFMu-03509.2025-07-12-11-42.QPSRM.000033006983,25-W571.UFMu-03509
3,0.0,0.0222899453009546,3.0,0.0222899453009546,0.6793975327730962,25-W571.UFMu-03509.2025-07-12-11-42.QPSRM.000033006983,25-W571.UFMu-03509
3,1.0,1.0078510321797842,2.0,0.007851032179784223,0.23929946083982312,25-W571.UFMu-03509.2025-07-12-11-42.QPSRM.000033006983,25-W571.UFMu-03509
3,2.0,2.0017019596184285,1.0,0.0017019596184284502,0.05187572916969917,25-W571.UFMu-03509.2025-07-12-11-42.QPSRM.000033006983,25-W571.UFMu-03509
1,0.0,0.013026018899525931,1.0,0.013026018899525931,0.3970330560575504,25-W571.UFMu-03509.2025-07-13-11-39.QPSRM.000033006983,25-W571.UFMu-03509
2,0.0,0.027776726542804945,2.0,0.027776726542804945,0.8466346250246948,25-W571.UFMu-03509.2025-07-13-11-39.QPSRM.000033006983,25-W571.UFMu-03509
2,1.0,1.0166170119954772,1.0,0.01661701199547716,0.5064865256221438,25-W571.UFMu-03509.2025-07-13-11-39.QPSRM.000033006983,25-W571.UFMu-03509
3,0.0,0.02919455739580757,3.0,0.02919455739580757,0.8898501094242147,25-W571.UFMu-03509.2025-07-13-11-39.QPSRM.000033006983,25-W571.UFMu-03509
3,1.0,1.0176340590095798,2.0,0.017634059009579817,0.5374861186119928,25-W571.UFMu-03509.2025-07-13-11-39.QPSRM.000033006983,25-W571.UFMu-03509
3,2.0,2.0010365432305774,1.0,0.001036543230577447,0.031593837668000585,25-W571.UFMu-03509.2025-07-13-11-39.QPSRM.000033006983,25-W571.UFMu-03509
1,0.0,0.016625817492582188,1.0,0.016625817492582188,0.5067549171739051,25-W571.UFMu-03509.2025-07-14-11-40.QPSRM.000033006983,25-W571.UFMu-03509
2,0.0,0.02622570838261081,2.0,0.02622570838261081,0.7993595915019776,25-W571.UFMu-03509.2025-07-14-11-40.QPSRM.000033006983,25-W571.UFMu-03509
2,1.0,1.0097254488918146,1.0,0.009725448891814592,0.29643168222250876,25-W571.UFMu-03509.2025-07-14-11-40.QPSRM.000033006983,25-W571.UFMu-03509
3,0.0,0.07032184921257967,3.0,0.07032184921257967,2.1434099639994284,25-W571.UFMu-03509.2025-07-14-11-40.QPSRM.000033006983,25-W571.UFMu-03509
3,1.0,1.040452349601767,2.0,0.040452349601767024,1.232987615861859,25-W571.UFMu-03509.2025-07-14-11-40.QPSRM.000033006983,25-W571.UFMu-03509
3,2.0,2.0275978965498034,1.0,0.02759789654980338,0.841183886838007,25-W571.UFMu-03509.2025-07-14-11-40.QPSRM.000033006983,25-W571.UFMu-03509
1,0.0,0.02039048009025185,1.0,0.02039048009025185,0.6215018331508764,25-W571.UFMu-03509.2025-07-15-11-40.QPSRM.000033006983,25-W571.UFMu-03509
2,0.0,0.030790778787707508,2.0,0.030790778787707508,0.9385029374493249,25-W571.UFMu-03509.2025-07-15-11-40.QPSRM.000033006983,25-W571.UFMu-03509
2,1.0,1.0105576253348434,1.0,0.01055762533484339,0.32179642020602656,25-W571.UFMu-03509.2025-07-15-11-40.QPSRM.000033006983,25-W571.UFMu-03509
3,0.0,0.06517629163500346,3.0,0.06517629163500346,1.9865733690349057,25-W571.UFMu-03509.2025-07-15-11-40.QPSRM.000033006983,25-W571.UFMu-03509
3,1.0,1.0345418014291397,2.0,0.03454180142913965,1.0528341075601766,25-W571.UFMu-03509.2025-07-15-11-40.QPSRM.000033006983,25-W571.UFMu-03509
3,2.0,2.0215439862177105,1.0,0.021543986217710476,0.6566606999158153,25-W571.UFMu-03509.2025-07-15-11-40.QPSRM.000033006983,25-W571.UFMu-03509
1,0.0,0.006733558234002151,1.0,0.006733558234002151,0.20523885497238556,25-W571.UFMu-03509.2025-07-16-11-39.QPSRM.000033006983,25-W571.UFMu-03509
2,0.0,0.011114045338331935,2.0,0.011114045338331935,0.3387561019123574,25-W571.UFMu-03509.2025-07-16-11-39.QPSRM.000033006983,25-W571.UFMu-03509
2,1.0,1.0044278754994567,1.0,0.004427875499456668,0.13496164522343926,25-W571.UFMu-03509.2025-07-16-11-39.QPSRM.000033006983,25-W571.UFMu-03509
3,0.0,0.03541626431479924,3.0,0.03541626431479924,1.0794877363150808,25-W571.UFMu-03509.2025-07-16-11-39.QPSRM.000033006983,25-W571.UFMu-03509
3,1.0,1.0213090830249352,2.0,0.02130908302493517,0.649500850600024,25-W571.UFMu-03509.2025-07-16-11-39.QPSRM.000033006983,25-W571.UFMu-03509
3,2.0,2.0151366498465255,1.0,0.015136649846525518,0.4613650873220978,25-W571.UFMu-03509.2025-07-16-11-39.QPSRM.000033006983,25-W571.UFMu-03509
1,0.0,0.014143487284350012,1.0,0.014143487284350012,0.43109349242698836,25-W571.UFMu-03509.2025-07-17-11-37.QPSRM.000033006983,25-W571.UFMu-03509
2,0.0,0.030076753955708076,2.0,0.030076753955708076,0.9167394605699822,25-W571.UFMu-03509.2025-07-17-11-37.QPSRM.000033006983,25-W571.UFMu-03509
2,1.0,1.01432219424451,1.0,0.014322194244509978,0.43654048057266415,25-W571.UFMu-03509.2025-07-17-11-37.QPSRM.000033006983,25-W571.UFMu-03509
3,0.0,0.07055304064168683,3.0,0.07055304064168683,2.1504566787586143,25-W571.UFMu-03509.2025-07-17-11-37.QPSRM.000033006983,25-W571.UFMu-03509
3,1.0,1.0414712023495596,2.0,0.04147120234955959,1.2640422476145763,25-W571.UFMu-03509.2025-07-17-11-37.QPSRM.000033006983,25-W571.UFMu-03509
3,2.0,2.021351854442924,1.0,0.02135185444292409,0.6508045234203262,25-W571.UFMu-03509.2025-07-17-11-37.QPSRM.000033006983,25-W571.UFMu-03509
1,0.0,0.012279919811233112,1.0,0.012279919811233112,0.37429195584638525,25-W571.UFMu-03509.2025-07-18-11-38.QPSRM.000033006983,25-W571.UFMu-03509
2,0.0,0.029885559823837945,2.0,0.029885559823837945,0.9109118634305806,25-W571.UFMu-03509.2025-07-18-11-38.QPSRM.000033006983,25-W571.UFMu-03509
2,1.0,1.015830495695807,1.0,0.01583049569580708,0.48251350880819976,25-W571.UFMu-03509.2025-07-18-11-38.QPSRM.000033006983,25-W571.UFMu-03509
3,0.0,0.07450325633539868,3.0,0.07450325633539868,2.270859253102952,25-W571.UFMu-03509.2025-07-18-11-38.QPSRM.000033006983,25-W571.UFMu-03509
3,1.0,1.045740842428326,2.0,0.0457408424283261,1.3941808772153796,25-W571.UFMu-03509.2025-07-18-11-38.QPSRM.000033006983,25-W571.UFMu-03509
3,2.0,2.0235561864259224,1.0,0.023556186425922387,0.7179925622621144,25-W571.UFMu-03509.2025-07-18-11-38.QPSRM.000033006983,25-W571.UFMu-03509
1,0.0,-0.022977358799923325,1.0,-0.022977358799923325,-0.700349896221663,25-W571.UFMu-03509.2025-07-19-11-38.QPSRM.000033006983,25-W571.UFMu-03509
2,0.0,-0.029706649206861408,2.0,-0.029706649206861408,-0.9054586678251357,25-W571.UFMu-03509.2025-07-19-11-38.QPSRM.000033006983,25-W571.UFMu-03509
2,1.0,0.9916496604944558,1.0,-0.008350339505544202,-0.25451834812898727,25-W571.UFMu-03509.2025-07-19-11-38.QPSRM.000033006983,25-W571.UFMu-03509
3,0.0,-0.03499054151307938,3.0,-0.03499054151307938,-1.0665117053186595,25-W571.UFMu-03509.2025-07-19-11-38.QPSRM.000033006983,25-W571.UFMu-03509
3,1.0,0.9877865694382729,2.0,-0.012213430561727079,-0.37226536352144135,25-W571.UFMu-03509.2025-07-19-11-38.QPSRM.000033006983,25-W571.UFMu-03509
3,2.0,1.9956350818377064,1.0,-0.004364918162293563,-0.1330427055867078,25-W571.UFMu-03509.2025-07-19-11-38.QPSRM.000033006983,25-W571.UFMu-03509
1,0.0,0.040337388571447454,1.0,0.040337388571447454,1.2294836036577184,25-W571.UFMu-03509.2025-07-20-11-51.QPSRM.000033006983,25-W571.UFMu-03509
2,0.0,0.049446826959098945,2.0,0.049446826959098945,1.5071392857133359,25-W571.UFMu-03509.2025-07-20-11-51.QPSRM.000033006983,25-W571.UFMu-03509
2,1.0,1.007300219473334,1.0,0.007300219473334035,0.2225106895472214,25-W571.UFMu-03509.2025-07-20-11-51.QPSRM.000033006983,25-W571.UFMu-03509
3,0.0,0.07692760371828712,3.0,0.07692760371828712,2.3447533613333915,25-W571.UFMu-03509.2025-07-20-11-51.QPSRM.000033006983,25-W571.UFMu-03509
3,1.0,1.0251153950526044,2.0,0.025115395052604406,0.7655172412033823,25-W571.UFMu-03509.2025-07-20-11-51.QPSRM.000033006983,25-W571.UFMu-03509
3,2.0,2.01202994676741,1.0,0.012029946767409871,0.3666727774706529,25-W571.UFMu-03509.2025-07-20-11-51.QPSRM.000033006983,25-W571.UFMu-03509
1,0.0,0.0018444408513111669,1.0,0.0018444408513111669,0.056218557147964365,25-W571.UFMu-03509.2025-07-21-11-43.QPSRM.000033006983,25-W571.UFMu-03509
2,0.0,0.0145103634491476,2.0,0.0145103634491476,0.4422758779300188,25-W571.UFMu-03509.2025-07-21-11-43.QPSRM.000033006983,25-W571.UFMu-03509
2,1.0,1.0099877467012919,1.0,0.009987746701291877,0.3044265194553764,25-W571.UFMu-03509.2025-07-21-11-43.QPSRM.000033006983,25-W571.UFMu-03509
3,0.0,0.021868388387379454,3.0,0.021868388387379454,0.6665484780473258,25-W571.UFMu-03509.2025-07-21-11-43.QPSRM.000033006983,25-W571.UFMu-03509
3,1.0,1.0146822899873174,2.0,0.014682289987317354,0.44751619881343296,25-W571.UFMu-03509.2025-07-21-11-43.QPSRM.000033006983,25-W571.UFMu-03509
3,2.0,2.0031748908401608,1.0,0.00317489084016076,0.09677067280809996,25-W571.UFMu-03509.2025-07-21-11-43.QPSRM.000033006983,25-W571.UFMu-03509
1,0.0,0.022003442900123828,1.0,0.022003442900123828,0.6706649395957742,25-W571.UFMu-03509.2025-07-22-11-46.QPSRM.000033006983,25-W571.UFMu-03509
2,0.0,0.051159257382958574,2.0,0.051159257382958574,1.5593341650325774,25-W571.UFMu-03509.2025-07-22-11-46.QPSRM.000033006983,25-W571.UFMu-03509
2,1.0,1.0198511152592553,1.0,0.019851115259255314,0.605061993102102,25-W571.UFMu-03509.2025-07-22-11-46.QPSRM.000033006983,25-W571.UFMu-03509
3,0.0,0.09860669311351658,3.0,0.09860669311351658,3.0055320060999855,25-W571.UFMu-03509.2025-07-22-11-46.QPSRM.000033006983,25-W571.UFMu-03509
3,1.0,1.0487320312994617,2.0,0.04873203129946169,1.4853523140075922,25-W571.UFMu-03509.2025-07-22-11-46.QPSRM.000033006983,25-W571.UFMu-03509
3,2.0,2.0163467603329828,1.0,0.016346760332982768,0.49824925494931477,25-W571.UFMu-03509.2025-07-22-11-46.QPSRM.000033006983,25-W571.UFMu-03509
1,0.0,-0.011738888225055932,1.0,-0.011738888225055932,-0.3578013130997048,25-W571.UFMu-03509.2025-07-23-11-47.QPSRM.000033006983,25-W571.UFMu-03509
2,0.0,-0.017979152719287753,2.0,-0.017979152719287753,-0.5480045748838908,25-W571.UFMu-03509.2025-07-23-11-47.QPSRM.000033006983,25-W571.UFMu-03509
2,1.0,0.9945263896768712,1.0,-0.005473610323128764,-0.16683564264896472,25-W571.UFMu-03509.2025-07-23-11-47.QPSRM.000033006983,25-W571.UFMu-03509
3,0.0,-0.02054552122682008,3.0,-0.02054552122682008,-0.6262274869934761,25-W571.UFMu-03509.2025-07-23-11-47.QPSRM.000033006983,25-W571.UFMu-03509
3,1.0,0.9928342303294886,2.0,-0.007165769670511413,-0.21841265955718786,25-W571.UFMu-03509.2025-07-23-11-47.QPSRM.000033006983,25-W571.UFMu-03509
3,2.0,1.9987414080922286,1.0,-0.0012585919077714447,-0.03836188134887363,25-W571.UFMu-03509.2025-07-23-11-47.QPSRM.000033006983,25-W571.UFMu-03509
1,0.0,0.04627760332201902,1.0,0.04627760332201902,1.4105413492551397,25-W571.UFMu-03509.2025-07-24-11-50.QPSRM.000033006983,25-W571.UFMu-03509
2,0.0,0.07289635629030657,2.0,0.07289635629030657,2.221880939728544,25-W571.UFMu-03509.2025-07-24-11-50.QPSRM.000033006983,25-W571.UFMu-03509
2,1.0,1.018348379713759,1.0,0.01834837971375891,0.5592586136753717,25-W571.UFMu-03509.2025-07-24-11-50.QPSRM.000033006983,25-W571.UFMu-03509
3,0.0,0.08566283622662739,3.0,0.08566283622662739,2.6110032481876027,25-W571.UFMu-03509.2025-07-24-11-50.QPSRM.000033006983,25-W571.UFMu-03509
3,1.0,1.0261904987073434,2.0,0.026190498707343357,0.7982864005998256,25-W571.UFMu-03509.2025-07-24-11-50.QPSRM.000033006983,25-W571.UFMu-03509
3,2.0,2.004425989466473,1.0,0.004425989466473101,0.13490415893810012,25-W571.UFMu-03509.2025-07-24-11-50.QPSRM.000033006983,25-W571.UFMu-03509
1,0.0,-0.0001454782371997354,1.0,-0.0001454782371997354,-0.0044341766698479355,25-W571.UFMu-03509.2025-07-25-11-42.QPSRM.000033006983,25-W571.UFMu-03509
2,0.0,0.005222940682794493,2.0,0.005222940682794493,0.15919523201157615,25-W571.UFMu-03509.2025-07-25-11-42.QPSRM.000033006983,25-W571.UFMu-03509
2,1.0,1.003619411222541,1.0,0.003619411222540947,0.11031965406304807,25-W571.UFMu-03509.2025-07-25-11-42.QPSRM.000033006983,25-W571.UFMu-03509
3,0.0,0.0466274153892456,3.0,0.0466274153892456,1.4212036210642058,25-W571.UFMu-03509.2025-07-25-11-42.QPSRM.000033006983,25-W571.UFMu-03509
3,1.0,1.0285496947452937,2.0,0.028549694745293674,0.8701946958365512,25-W571.UFMu-03509.2025-07-25-11-42.QPSRM.000033006983,25-W571.UFMu-03509
3,2.0,2.014007907368951,1.0,0.014007907368950967,0.42696101660562547,25-W571.UFMu-03509.2025-07-25-11-42.QPSRM.000033006983,25-W571.UFMu-03509
1,0.0,-0.056414162958244404,1.0,-0.056414162958244404,-1.7195036869672895,25-W571.UFMu-03509.2025-07-26-11-42.QPSRM.000033006983,25-W571.UFMu-03509
2,0.0,-0.03364771761088457,2.0,-0.03364771761088457,-1.0255824327797618,25-W571.UFMu-03509.2025-07-26-11-42.QPSRM.000033006983,25-W571.UFMu-03509
2,1.0,1.017505518199514,1.0,0.01750551819951407,0.5335681947211889,25-W571.UFMu-03509.2025-07-26-11-42.QPSRM.000033006983,25-W571.UFMu-03509
3,0.0,-0.008364174404759856,3.0,-0.008364174404759856,-0.2549400358570804,25-W571.UFMu-03509.2025-07-26-11-42.QPSRM.000033006983,25-W571.UFMu-03509
3,1.0,1.0332774920642125,2.0,0.03327749206421249,1.0142979581171967,25-W571.UFMu-03509.2025-07-26-11-42.QPSRM.000033006983,25-W571.UFMu-03509
3,2.0,2.010709584338123,1.0,0.01070958433812308,0.32642813062599146,25-W571.UFMu-03509.2025-07-26-11-42.QPSRM.000033006983,25-W571.UFMu-03509
1,0.0,0.15164623356862683,1.0,0.15164623356862683,4.6221771991717455,25-W571.UFMu-03509.2025-07-27-11-38.QPSRM.000033006983,25-W571.UFMu-03509
2,0.0,-0.09426065589052833,2.0,-0.09426065589052833,-2.8730647915433036,25-W571.UFMu-03509.2025-07-27-11-38.QPSRM.000033006983,25-W571.UFMu-03509
2,1.0,0.8234578792235516,1.0,-0.17654212077644837,-5.381003841266146,25-W571.UFMu-03509.2025-07-27-11-38.QPSRM.000033006983,25-W571.UFMu-03509
3,0.0,-1.055894476464265,3.0,-1.055894476464265,-32.1836636426308,25-W571.UFMu-03509.2025-07-27-11-38.QPSRM.000033006983,25-W571.UFMu-03509
3,1.0,0.2324549527379546,2.0,-0.7675450472620454,-23.394773040547143,25-W571.UFMu-03509.2025-07-27-11-38.QPSRM.000033006983,25-W571.UFMu-03509
3,2.0,1.7126413183055813,1.0,-0.2873586816944187,-8.758692618045881,25-W571.UFMu-03509.2025-07-27-11-38.QPSRM.000033006983,25-W571.UFMu-03509
1,0.0,0.013294867572846012,1.0,0.013294867572846012,0.40522756362034645,25-W571.UFMu-03509.2025-07-28-11-43.QPSRM.000033006983,25-W571.UFMu-03509
2,0.0,0.036830183020140614,2.0,0.036830183020140614,1.122583978453886,25-W571.UFMu-03509.2025-07-28-11-43.QPSRM.000033006983,25-W571.UFMu-03509
2,1.0,1.0159592136857423,1.0,0.01595921368574227,0.48643683314142433,25-W571.UFMu-03509.2025-07-28-11-43.QPSRM.000033006983,25-W571.UFMu-03509
3,0.0,0.05449941986387414,3.0,0.05449941986387414,1.6611423174508837,25-W571.UFMu-03509.2025-07-28-11-43.QPSRM.000033006983,25-W571.UFMu-03509
3,1.0,1.0266560702245504,2.0,0.02665607022455041,0.8124770204442965,25-W571.UFMu-03509.2025-07-28-11-43.QPSRM.000033006983,25-W571.UFMu-03509
3,2.0,2.006034008696444,1.0,0.006034008696444104,0.1839165850676163,25-W571.UFMu-03509.2025-07-28-11-43.QPSRM.000033006983,25-W571.UFMu-03509
1,0.0,0.09323889774615947,1.0,0.09323889774615947,2.8419216033029406,25-W571.UFMu-03509.2025-07-29-11-50.QPSRM.000033006983,25-W571.UFMu-03509
2,0.0,-0.3464600105218849,2.0,-0.3464600105218849,-10.560101120707053,25-W571.UFMu-03509.2025-07-29-11-50.QPSRM.000033006983,25-W571.UFMu-03509
2,1.0,0.6942668376640807,1.0,-0.3057331623359193,-9.31874678799882,25-W571.UFMu-03509.2025-07-29-11-50.QPSRM.000033006983,25-W571.UFMu-03509
3,0.0,-1.3144752813504283,3.0,-1.3144752813504283,-40.06520657556106,25-W571.UFMu-03509.2025-07-29-11-50.QPSRM.000033006983,25-W571.UFMu-03509
3,1.0,0.12098799717316448,2.0,-0.8790120028268356,-26.79228584616195,25-W571.UFMu-03509.2025-07-29-11-50.QPSRM.000033006983,25-W571.UFMu-03509
3,2.0,1.738949843626871,1.0,-0.2610501563731289,-7.956808766252969,25-W571.UFMu-03509.2025-07-29-11-50.QPSRM.000033006983,25-W571.UFMu-03509
1,0.0,0.2552075741455135,1.0,0.2552075741455135,7.778726859955251,25-W571.UFMu-03509.2025-07-31-11-44.QPSRM.000033006983,25-W571.UFMu-03509
2,0.0,0.5159633678453888,2.0,0.5159633678453888,15.72656345192745,25-W571.UFMu-03509.2025-07-31-11-44.QPSRM.000033006983,25-W571.UFMu-03509
2,1.0,1.2726709941721335,1.0,0.2726709941721335,8.311011902366628,25-W571.UFMu-03509.2025-07-31-11-44.QPSRM.000033006983,25-W571.UFMu-03509
3,0.0,0.7065462350483197,3.0,0.7065462350483197,21.535529244272784,25-W571.UFMu-03509.2025-07-31-11-44.QPSRM.000033006983,25-W571.UFMu-03509
3,1.0,1.4105804419500594,2.0,0.4105804419500594,12.51449187063781,25-W571.UFMu-03509.2025-07-31-11-44.QPSRM.000033006983,25-W571.UFMu-03509
3,2.0,2.1282515212314266,1.0,0.12825152123142658,3.9091063671338824,25-W571.UFMu-03509.2025-07-31-11-44.QPSRM.000033006983,25-W571.UFMu-03509
1,0.0,0.022358844475397887,1.0,0.022358844475397887,0.6814975796101276,25-W571.UFMu-03509.2025-08-01-11-49.QPSRM.000033006983,25-W571.UFMu-03509
1,0.0,0.08215172540492696,1.0,0.08215172540492696,2.503984590342174,25-W571.UFMu-03509.2025-08-02-11-39.QPSRM.000033006983,25-W571.UFMu-03509
2,0.0,-0.5083760986586238,2.0,-0.5083760986586238,-15.495303487114853,25-W571.UFMu-03509.2025-08-02-11-39.QPSRM.000033006983,25-W571.UFMu-03509
2,1.0,0.604333010339061,1.0,-0.39566698966093905,-12.059929844865422,25-W571.UFMu-03509.2025-08-02-11-39.QPSRM.000033006983,25-W571.UFMu-03509
3,0.0,0.5654432135653846,3.0,0.5654432135653846,17.234709149472923,25-W571.UFMu-03509.2025-08-02-11-39.QPSRM.000033006983,25-W571.UFMu-03509
3,1.0,1.283295302614681,2.0,0.28329530261468094,8.634840823695475,25-W571.UFMu-03509.2025-08-02-11-39.QPSRM.000033006983,25-W571.UFMu-03509
3,2.0,2.3305435483428645,1.0,0.3305435483428645,10.074967353490509,25-W571.UFMu-03509.2025-08-02-11-39.QPSRM.000033006983,25-W571.UFMu-03509
1,0.0,-0.0069634816047914215,1.0,-0.0069634816047914215,-0.21224691931404252,25-W571.UFMu-03509.2025-08-03-11-44.QPSRM.000033006983,25-W571.UFMu-03509
2,0.0,0.07821979285055347,2.0,0.07821979285055347,2.38413928608487,25-W571.UFMu-03509.2025-08-03-11-44.QPSRM.000033006983,25-W571.UFMu-03509
2,1.0,1.0574023274759665,1.0,0.05740232747596652,1.7496229414674596,25-W571.UFMu-03509.2025-08-03-11-44.QPSRM.000033006983,25-W571.UFMu-03509
3,0.0,-0.2609753979847591,3.0,-0.2609753979847591,-7.954530130575457,25-W571.UFMu-03509.2025-08-03-11-44.QPSRM.000033006983,25-W571.UFMu-03509
3,1.0,0.8567009937104219,2.0,-0.14329900628957815,-4.367753711706342,25-W571.UFMu-03509.2025-08-03-11-44.QPSRM.000033006983,25-W571.UFMu-03509
3,2.0,1.8863302450219974,1.0,-0.11366975497800258,-3.4646541317295187,25-W571.UFMu-03509.2025-08-03-11-44.QPSRM.000033006983,25-W571.UFMu-03509
1,0.0,0.13683645008948542,1.0,0.13683645008948542,4.170774998727516,25-W571.UFMu-03509.2025-08-04-11-47.QPSRM.000033006983,25-W571.UFMu-03509
2,0.0,0.20265605074392767,2.0,0.20265605074392767,6.1769564266749155,25-W571.UFMu-03509.2025-08-04-11-47.QPSRM.000033006983,25-W571.UFMu-03509
2,1.0,1.0467006192045438,1.0,0.046700619204543825,1.4234348733544957,25-W571.UFMu-03509.2025-08-04-11-47.QPSRM.000033006983,25-W571.UFMu-03509
3,0.0,0.44964698858387925,3.0,0.44964698858387925,13.70524021203664,25-W571.UFMu-03509.2025-08-04-11-47.QPSRM.000033006983,25-W571.UFMu-03509
3,1.0,1.20610393604033,2.0,0.20610393604033006,6.28204797050926,25-W571.UFMu-03509.2025-08-04-11-47.QPSRM.000033006983,25-W571.UFMu-03509
3,2.0,2.090793801443327,1.0,0.09079380144332694,2.767395067992605,25-W571.UFMu-03509.2025-08-04-11-47.QPSRM.000033006983,25-W571.UFMu-03509
1,0.0,0.06250635701658264,1.0,0.06250635701658264,1.9051937618654389,25-W571.UFMu-03509.2025-08-05-11-38.QPSRM.000033006983,25-W571.UFMu-03509
2,0.0,0.11180062180620394,2.0,0.11180062180620394,3.4076829526530963,25-W571.UFMu-03509.2025-08-05-11-38.QPSRM.000033006983,25-W571.UFMu-03509
2,1.0,1.0447588936954835,1.0,0.04475889369548347,1.3642510798383363,25-W571.UFMu-03509.2025-08-05-11-38.QPSRM.000033006983,25-W571.UFMu-03509
3,0.0,0.27625011456892445,3.0,0.27625011456892445,8.420103492060818,25-W571.UFMu-03509.2025-08-05-11-38.QPSRM.000033006983,25-W571.UFMu-03509
3,1.0,1.1569791826112883,2.0,0.1569791826112883,4.784725485992067,25-W571.UFMu-03509.2025-08-05-11-38.QPSRM.000033006983,25-W571.UFMu-03509
3,2.0,2.088660912628142,1.0,0.08866091262814191,2.7023846169057655,25-W571.UFMu-03509.2025-08-05-11-38.QPSRM.000033006983,25-W571.UFMu-03509
1,0.0,0.015372984466529904,1.0,0.015372984466529904,0.4685685665398315,25-W571.UFMu-03509.2025-08-06-11-43.QPSRM.000033006983,25-W571.UFMu-03509
1,0.0,0.008733550792056156,1.0,0.008733550792056156,0.2661986281418717,25-W571.UFMu-03509.2025-08-08-11-38.QPSRM.000033006983,25-W571.UFMu-03509
2,0.0,0.027607427690551325,2.0,0.027607427690551325,0.8414743960080044,25-W571.UFMu-03509.2025-08-08-11-38.QPSRM.000033006983,25-W571.UFMu-03509
2,1.0,1.0106115341618838,1.0,0.010611534161883762,0.3234395612542171,25-W571.UFMu-03509.2025-08-08-11-38.QPSRM.000033006983,25-W571.UFMu-03509
1,0.0,-0.2560882632905771,1.0,-0.2560882632905771,-7.80557026509679,25-W571.UFMu-03509.2025-08-09-07-43.QPSRM.000033006983,25-W571.UFMu-03509
2,0.0,-0.24777478140450898,2.0,-0.24777478140450898,-7.552175337209434,25-W571.UFMu-03509.2025-08-09-07-43.QPSRM.000033006983,25-W571.UFMu-03509
2,1.0,1.0040223044230598,1.0,0.0040223044230598415,0.12259983881486397,25-W571.UFMu-03509.2025-08-09-07-43.QPSRM.000033006983,25-W571.UFMu-03509
1,0.0,-0.002429395544574283,1.0,-0.002429395544574283,-0.07404797619862415,25-W577.W22_R1-r_x_UFMu-10960.2025-06-10-13-41.NJ2J6.000030109794,25-W577.W22_R1-r_x_UFMu-10960
2,0.0,0.015480299546049806,2.0,0.015480299546049806,0.4718395301635981,25-W577.W22_R1-r_x_UFMu-10960.2025-06-10-13-41.NJ2J6.000030109794,25-W577.W22_R1-r_x_UFMu-10960
2,1.0,1.0140631677483745,1.0,0.014063167748374461,0.4286453529704536,25-W577.W22_R1-r_x_UFMu-10960.2025-06-10-13-41.NJ2J6.000030109794,25-W577.W22_R1-r_x_UFMu-10960
3,0.0,0.03816379854808423,3.0,0.03816379854808423,1.1632325797456073,25-W577.W22_R1-r_x_UFMu-10960.2025-06-10-13-41.NJ2J6.000030109794,25-W577.W22_R1-r_x_UFMu-10960
3,1.0,1.0285118872994017,2.0,0.028511887299401684,0.8690423248857634,25-W577.W22_R1-r_x_UFMu-10960.2025-06-10-13-41.NJ2J6.000030109794,25-W577.W22_R1-r_x_UFMu-10960
3,2.0,2.009772286069583,1.0,0.009772286069583025,0.29785927940089063,25-W577.W22_R1-r_x_UFMu-10960.2025-06-10-13-41.NJ2J6.000030109794,25-W577.W22_R1-r_x_UFMu-10960
1,0.0,-0.0012027702793499366,1.0,-0.0012027702793499366,-0.036660438114586066,25-W577.W22_R1-r_x_UFMu-10960.2025-06-11-11-43.NJ2J6.000030109794,25-W577.W22_R1-r_x_UFMu-10960
2,0.0,0.0023606322851729734,2.0,0.0023606322851729734,0.07195207205207223,25-W577.W22_R1-r_x_UFMu-10960.2025-06-11-11-43.NJ2J6.000030109794,25-W577.W22_R1-r_x_UFMu-10960
2,1.0,1.002799698136089,1.0,0.002799698136088935,0.08533479918799074,25-W577.W22_R1-r_x_UFMu-10960.2025-06-11-11-43.NJ2J6.000030109794,25-W577.W22_R1-r_x_UFMu-10960
3,0.0,0.023411357674024646,3.0,0.023411357674024646,0.7135781819042712,25-W577.W22_R1-r_x_UFMu-10960.2025-06-11-11-43.NJ2J6.000030109794,25-W577.W22_R1-r_x_UFMu-10960
3,1.0,1.016217193496255,2.0,0.016217193496254945,0.49430005776585073,25-W577.W22_R1-r_x_UFMu-10960.2025-06-11-11-43.NJ2J6.000030109794,25-W577.W22_R1-r_x_UFMu-10960
3,2.0,2.0090330034218544,1.0,0.009033003421854424,0.27532594429812285,25-W577.W22_R1-r_x_UFMu-10960.2025-06-11-11-43.NJ2J6.000030109794,25-W577.W22_R1-r_x_UFMu-10960
1,0.0,0.014188548600270558,1.0,0.014188548600270558,0.4324669613362466,25-W577.W22_R1-r_x_UFMu-10960.2025-06-12-11-48.NJ2J6.000030109794,25-W577.W22_R1-r_x_UFMu-10960
2,0.0,0.008029789330423498,2.0,0.008029789330423498,0.24474797879130822,25-W577.W22_R1-r_x_UFMu-10960.2025-06-12-11-48.NJ2J6.000030109794,25-W577.W22_R1-r_x_UFMu-10960
2,1.0,0.9958422358760756,1.0,-0.0041577641239244345,-0.12672865049721677,25-W577.W22_R1-r_x_UFMu-10960.2025-06-12-11-48.NJ2J6.000030109794,25-W577.W22_R1-r_x_UFMu-10960
3,0.0,0.04774795518020794,3.0,0.04774795518020794,1.455357673892738,25-W577.W22_R1-r_x_UFMu-10960.2025-06-12-11-48.NJ2J6.000030109794,25-W577.W22_R1-r_x_UFMu-10960
3,1.0,1.019883909965113,2.0,0.01988390996511291,0.6060615757366415,25-W577.W22_R1-r_x_UFMu-10960.2025-06-12-11-48.NJ2J6.000030109794,25-W577.W22_R1-r_x_UFMu-10960
3,2.0,2.013416957765993,1.0,0.013416957765993054,0.40894887270746827,25-W577.W22_R1-r_x_UFMu-10960.2025-06-12-11-48.NJ2J6.000030109794,25-W577.W22_R1-r_x_UFMu-10960
1,0.0,0.01598178962120283,1.0,0.01598178962120283,0.48712494765426223,25-W577.W22_R1-r_x_UFMu-10960.2025-06-17-11-51.NJ2J6.000030109794,25-W577.W22_R1-r_x_UFMu-10960
2,0.0,0.0252957779142019,2.0,0.0252957779142019,0.771015310824874,25-W577.W22_R1-r_x_UFMu-10960.2025-06-17-11-51.NJ2J6.000030109794,25-W577.W22_R1-r_x_UFMu-10960
2,1.0,1.0063272480950687,1.0,0.006327248095068683,0.19285452193769345,25-W577.W22_R1-r_x_UFMu-10960.2025-06-17-11-51.NJ2J6.000030109794,25-W577.W22_R1-r_x_UFMu-10960
3,0.0,0.06587740494593439,3.0,0.06587740494593439,2.0079433027520803,25-W577.W22_R1-r_x_UFMu-10960.2025-06-17-11-51.NJ2J6.000030109794,25-W577.W22_R1-r_x_UFMu-10960
3,1.0,1.0309384254074945,2.0,0.030938425407494474,0.9430032064204316,25-W577.W22_R1-r_x_UFMu-10960.2025-06-17-11-51.NJ2J6.000030109794,25-W577.W22_R1-r_x_UFMu-10960
3,2.0,2.0138386142429407,1.0,0.01383861424294075,0.4218009621248341,25-W577.W22_R1-r_x_UFMu-10960.2025-06-17-11-51.NJ2J6.000030109794,25-W577.W22_R1-r_x_UFMu-10960
1,0.0,-0.2683033177055933,1.0,-0.2683033177055933,-8.177885123666483,25-W577.W22_R1-r_x_UFMu-10960.2025-06-18-11-41.NJ2J6.000030109794,25-W577.W22_R1-r_x_UFMu-10960
2,0.0,-0.25479620881672477,2.0,-0.25479620881672477,-7.766188444733771,25-W577.W22_R1-r_x_UFMu-10960.2025-06-18-11-41.NJ2J6.000030109794,25-W577.W22_R1-r_x_UFMu-10960
2,1.0,1.009479660674727,1.0,0.009479660674726942,0.2889400573656772,25-W577.W22_R1-r_x_UFMu-10960.2025-06-18-11-41.NJ2J6.000030109794,25-W577.W22_R1-r_x_UFMu-10960
3,0.0,-0.20873905830321257,3.0,-0.20873905830321257,-6.362366497081919,25-W577.W22_R1-r_x_UFMu-10960.2025-06-18-11-41.NJ2J6.000030109794,25-W577.W22_R1-r_x_UFMu-10960
3,1.0,1.0359852852737432,2.0,0.03598528527374323,1.0968314951436937,25-W577.W22_R1-r_x_UFMu-10960.2025-06-18-11-41.NJ2J6.000030109794,25-W577.W22_R1-r_x_UFMu-10960
3,2.0,2.017960248487618,1.0,0.017960248487618014,0.547428373902597,25-W577.W22_R1-r_x_UFMu-10960.2025-06-18-11-41.NJ2J6.000030109794,25-W577.W22_R1-r_x_UFMu-10960
1,0.0,0.0035121685221447384,1.0,0.0035121685221447384,0.10705089655497163,25-W577.W22_R1-r_x_UFMu-10960.2025-06-19-11-45.NJ2J6.000030109794,25-W577.W22_R1-r_x_UFMu-10960
2,0.0,0.00918310727790928,2.0,0.00918310727790928,0.27990110983067484,25-W577.W22_R1-r_x_UFMu-10960.2025-06-19-11-45.NJ2J6.000030109794,25-W577.W22_R1-r_x_UFMu-10960
2,1.0,1.0031812694364783,1.0,0.00318126943647834,0.09696509242385981,25-W577.W22_R1-r_x_UFMu-10960.2025-06-19-11-45.NJ2J6.000030109794,25-W577.W22_R1-r_x_UFMu-10960
1,0.0,0.008858992531289887,1.0,0.008858992531289887,0.27002209235371577,25-W577.W22_R1-r_x_UFMu-10960.2025-06-20-11-45.NJ2J6.000030109794,25-W577.W22_R1-r_x_UFMu-10960
2,0.0,0.033660347697811975,2.0,0.033660347697811975,1.0259673978293091,25-W577.W22_R1-r_x_UFMu-10960.2025-06-20-11-45.NJ2J6.000030109794,25-W577.W22_R1-r_x_UFMu-10960
2,1.0,1.0167571530548922,1.0,0.016757153054892227,0.5107580251131151,25-W577.W22_R1-r_x_UFMu-10960.2025-06-20-11-45.NJ2J6.000030109794,25-W577.W22_R1-r_x_UFMu-10960
3,0.0,0.055308419089585475,3.0,0.055308419089585475,1.6858006138505652,25-W577.W22_R1-r_x_UFMu-10960.2025-06-20-11-45.NJ2J6.000030109794,25-W577.W22_R1-r_x_UFMu-10960
3,1.0,1.0298374347350432,2.0,0.02983743473504319,0.9094450107241164,25-W577.W22_R1-r_x_UFMu-10960.2025-06-20-11-45.NJ2J6.000030109794,25-W577.W22_R1-r_x_UFMu-10960
3,2.0,2.0073752805598954,1.0,0.007375280559895447,0.22479855146561323,25-W577.W22_R1-r_x_UFMu-10960.2025-06-20-11-45.NJ2J6.000030109794,25-W577.W22_R1-r_x_UFMu-10960
1,0.0,0.004292538752663938,1.0,0.004292538752663938,0.13083658118119684,25-W577.W22_R1-r_x_UFMu-10960.2025-06-21-11-48.NJ2J6.000030109794,25-W577.W22_R1-r_x_UFMu-10960
1,0.0,-0.2997731056302591,1.0,-0.2997731056302591,-9.137084259610297,25-W577.W22_R1-r_x_UFMu-10960.2025-06-23-11-48.NJ2J6.000030109794,25-W577.W22_R1-r_x_UFMu-10960
2,0.0,-0.29455602851347995,2.0,-0.29455602851347995,-8.978067749090869,25-W577.W22_R1-r_x_UFMu-10960.2025-06-23-11-48.NJ2J6.000030109794,25-W577.W22_R1-r_x_UFMu-10960
2,1.0,1.0024686158723672,1.0,0.0024686158723672413,0.07524341178975352,25-W577.W22_R1-r_x_UFMu-10960.2025-06-23-11-48.NJ2J6.000030109794,25-W577.W22_R1-r_x_UFMu-10960
1,0.0,-0.08324270556072329,1.0,-0.08324270556072329,-2.5372376654908457,25-W577.W22_R1-r_x_UFMu-10960.2025-06-24-11-51.NJ2J6.000030109794,25-W577.W22_R1-r_x_UFMu-10960
1,0.0,0.005254646426474117,1.0,0.005254646426474117,0.1601616230789311,25-W577.W22_R1-r_x_UFMu-10960.2025-06-25-11-40.NJ2J6.000030109794,25-W577.W22_R1-r_x_UFMu-10960
2,0.0,0.03365499627570384,2.0,0.03365499627570384,1.0258042864834531,25-W577.W22_R1-r_x_UFMu-10960.2025-06-25-11-40.NJ2J6.000030109794,25-W577.W22_R1-r_x_UFMu-10960
2,1.0,1.0159476565580914,1.0,0.015947656558091383,0.48608457189062537,25-W577.W22_R1-r_x_UFMu-10960.2025-06-25-11-40.NJ2J6.000030109794,25-W577.W22_R1-r_x_UFMu-10960
1,0.0,-0.33583903522264275,1.0,-0.33583903522264275,-10.236373793586152,25-W577.W22_R1-r_x_UFMu-10960.2025-06-26-11-45.NJ2J6.000030109794,25-W577.W22_R1-r_x_UFMu-10960
2,0.0,-0.3109478063477195,2.0,-0.3109478063477195,-9.47768913747849,25-W577.W22_R1-r_x_UFMu-10960.2025-06-26-11-45.NJ2J6.000030109794,25-W577.W22_R1-r_x_UFMu-10960
2,1.0,1.0167903988000566,1.0,0.016790398800056616,0.5117713554257257,25-W577.W22_R1-r_x_UFMu-10960.2025-06-26-11-45.NJ2J6.000030109794,25-W577.W22_R1-r_x_UFMu-10960
3,0.0,-0.2486072556242048,3.0,-0.2486072556242048,-7.577549151425762,25-W577.W22_R1-r_x_UFMu-10960.2025-06-26-11-45.NJ2J6.000030109794,25-W577.W22_R1-r_x_UFMu-10960
3,1.0,1.0517362029919046,2.0,0.05173620299190462,1.576919467193253,25-W577.W22_R1-r_x_UFMu-10960.2025-06-26-11-45.NJ2J6.000030109794,25-W577.W22_R1-r_x_UFMu-10960
3,2.0,2.0235642613647684,1.0,0.023564261364768413,0.7182386863981413,25-W577.W22_R1-r_x_UFMu-10960.2025-06-26-11-45.NJ2J6.000030109794,25-W577.W22_R1-r_x_UFMu-10960
1,0.0,0.009767017312707323,1.0,0.009767017312707323,0.2976986876913192,25-W577.W22_R1-r_x_UFMu-10960.2025-06-27-11-49.NJ2J6.000030109794,25-W577.W22_R1-r_x_UFMu-10960
2,0.0,0.03412286591327497,2.0,0.03412286591327497,1.040064953036621,25-W577.W22_R1-r_x_UFMu-10960.2025-06-27-11-49.NJ2J6.000030109794,25-W577.W22_R1-r_x_UFMu-10960
2,1.0,1.0164074166672679,1.0,0.01640741666726786,0.5000980600183244,25-W577.W22_R1-r_x_UFMu-10960.2025-06-27-11-49.NJ2J6.000030109794,25-W577.W22_R1-r_x_UFMu-10960
3,0.0,0.039444142243523675,3.0,0.039444142243523675,1.2022574555826016,25-W577.W22_R1-r_x_UFMu-10960.2025-06-27-11-49.NJ2J6.000030109794,25-W577.W22_R1-r_x_UFMu-10960
3,1.0,1.0196201433751875,2.0,0.01962014337518747,0.5980219700757141,25-W577.W22_R1-r_x_UFMu-10960.2025-06-27-11-49.NJ2J6.000030109794,25-W577.W22_R1-r_x_UFMu-10960
3,2.0,2.001805509343238,1.0,0.0018055093432378655,0.05503192478189014,25-W577.W22_R1-r_x_UFMu-10960.2025-06-27-11-49.NJ2J6.000030109794,25-W577.W22_R1-r_x_UFMu-10960
1,0.0,-0.014647523818386209,1.0,-0.014647523818386209,-0.44645652598441166,25-W577.W22_R1-r_x_UFMu-10960.2025-06-28-11-38.NJ2J6.000030109794,25-W577.W22_R1-r_x_UFMu-10960
2,0.0,-1.6854873868799947,2.0,-1.6854873868799947,-51.373655552102235,25-W577.W22_R1-r_x_UFMu-10960.2025-06-28-11-38.NJ2J6.000030109794,25-W577.W22_R1-r_x_UFMu-10960
2,1.0,0.20691096188293803,1.0,-0.793089038117062,-24.17335388180805,25-W577.W22_R1-r_x_UFMu-10960.2025-06-28-11-38.NJ2J6.000030109794,25-W577.W22_R1-r_x_UFMu-10960
1,0.0,0.014997712942132212,1.0,0.014997712942132212,0.45713029047618986,25-W577.W22_R1-r_x_UFMu-10960.2025-06-29-11-43.NJ2J6.000030109794,25-W577.W22_R1-r_x_UFMu-10960
2,0.0,0.04828556683384545,2.0,0.04828556683384545,1.4717440770956094,25-W577.W22_R1-r_x_UFMu-10960.2025-06-29-11-43.NJ2J6.000030109794,25-W577.W22_R1-r_x_UFMu-10960
2,1.0,1.0224742935871367,1.0,0.022474293587136707,0.6850164685359268,25-W577.W22_R1-r_x_UFMu-10960.2025-06-29-11-43.NJ2J6.000030109794,25-W577.W22_R1-r_x_UFMu-10960
3,0.0,0.038025829924095284,3.0,0.038025829924095284,1.1590272960864243,25-W577.W22_R1-r_x_UFMu-10960.2025-06-29-11-43.NJ2J6.000030109794,25-W577.W22_R1-r_x_UFMu-10960
3,1.0,1.0162686880902922,2.0,0.01626868809029225,0.49586961299210774,25-W577.W22_R1-r_x_UFMu-10960.2025-06-29-11-43.NJ2J6.000030109794,25-W577.W22_R1-r_x_UFMu-10960
3,2.0,1.9965078186842407,1.0,-0.003492181315759346,-0.10644168650434488,25-W577.W22_R1-r_x_UFMu-10960.2025-06-29-11-43.NJ2J6.000030109794,25-W577.W22_R1-r_x_UFMu-10960
1,0.0,0.007864636384741129,1.0,0.007864636384741129,0.23971411700690962,25-W577.W22_R1-r_x_UFMu-10960.2025-06-30-11-46.NJ2J6.000030109794,25-W577.W22_R1-r_x_UFMu-10960
2,0.0,0.01699011773704869,2.0,0.01699011773704869,0.517858788625244,25-W577.W22_R1-r_x_UFMu-10960.2025-06-30-11-46.NJ2J6.000030109794,25-W577.W22_R1-r_x_UFMu-10960
2,1.0,1.006135394572249,1.0,0.006135394572249098,0.1870068265621525,25-W577.W22_R1-r_x_UFMu-10960.2025-06-30-11-46.NJ2J6.000030109794,25-W577.W22_R1-r_x_UFMu-10960
3,0.0,0.02022821660301146,3.0,0.02022821660301146,0.6165560420597893,25-W577.W22_R1-r_x_UFMu-10960.2025-06-30-11-46.NJ2J6.000030109794,25-W577.W22_R1-r_x_UFMu-10960
3,1.0,1.0080882821487243,2.0,0.008088282148724257,0.24653083989311536,25-W577.W22_R1-r_x_UFMu-10960.2025-06-30-11-46.NJ2J6.000030109794,25-W577.W22_R1-r_x_UFMu-10960
3,2.0,2.0010944561336066,1.0,0.0010944561336065917,0.03335902295232891,25-W577.W22_R1-r_x_UFMu-10960.2025-06-30-11-46.NJ2J6.000030109794,25-W577.W22_R1-r_x_UFMu-10960
1,0.0,-0.026353388542054306,1.0,-0.026353388542054306,-0.8032512827618152,25-W577.W22_R1-r_x_UFMu-10960.2025-07-01-11-46.NJ2J6.000030109794,25-W577.W22_R1-r_x_UFMu-10960
2,0.0,0.1182828691155122,2.0,0.1182828691155122,3.6052618506408116,25-W577.W22_R1-r_x_UFMu-10960.2025-07-01-11-46.NJ2J6.000030109794,25-W577.W22_R1-r_x_UFMu-10960
2,1.0,1.0974425812425828,1.0,0.09744258124258276,2.9700498762739227,25-W577.W22_R1-r_x_UFMu-10960.2025-07-01-11-46.NJ2J6.000030109794,25-W577.W22_R1-r_x_UFMu-10960
3,0.0,0.07715622355322108,3.0,0.07715622355322108,2.3517216939021783,25-W577.W22_R1-r_x_UFMu-10960.2025-07-01-11-46.NJ2J6.000030109794,25-W577.W22_R1-r_x_UFMu-10960
3,1.0,1.072910248457822,2.0,0.0729102484578219,2.2223043729944116,25-W577.W22_R1-r_x_UFMu-10960.2025-07-01-11-46.NJ2J6.000030109794,25-W577.W22_R1-r_x_UFMu-10960
3,2.0,1.9855483682605475,1.0,-0.01445163173945252,-0.4404857354185128,25-W577.W22_R1-r_x_UFMu-10960.2025-07-01-11-46.NJ2J6.000030109794,25-W577.W22_R1-r_x_UFMu-10960
1,0.0,-0.12929417280284958,1.0,-0.12929417280284958,-3.9408863870308553,25-W577.W22_R1-r_x_UFMu-10960.2025-07-02-11-51.NJ2J6.000030109794,25-W577.W22_R1-r_x_UFMu-10960
2,0.0,-0.5562046813773294,2.0,-0.5562046813773294,-16.953118688381,25-W577.W22_R1-r_x_UFMu-10960.2025-07-02-11-51.NJ2J6.000030109794,25-W577.W22_R1-r_x_UFMu-10960
2,1.0,0.5643267216064933,1.0,-0.43567327839350667,-13.279321525434083,25-W577.W22_R1-r_x_UFMu-10960.2025-07-02-11-51.NJ2J6.000030109794,25-W577.W22_R1-r_x_UFMu-10960
3,0.0,-0.44056755411138554,3.0,-0.44056755411138554,-13.42849904931503,25-W577.W22_R1-r_x_UFMu-10960.2025-07-02-11-51.NJ2J6.000030109794,25-W577.W22_R1-r_x_UFMu-10960
3,1.0,0.6464836876318618,2.0,-0.3535163123681382,-10.775177200980853,25-W577.W22_R1-r_x_UFMu-10960.2025-07-02-11-51.NJ2J6.000030109794,25-W577.W22_R1-r_x_UFMu-10960
3,2.0,2.0717922586415187,1.0,0.07179225864151872,2.1882280433934906,25-W577.W22_R1-r_x_UFMu-10960.2025-07-02-11-51.NJ2J6.000030109794,25-W577.W22_R1-r_x_UFMu-10960
1,0.0,0.05656096564597948,1.0,0.05656096564597948,1.7239782328894546,25-W577.W22_R1-r_x_UFMu-10960.2025-07-03-11-39.NJ2J6.000030109794,25-W577.W22_R1-r_x_UFMu-10960
2,0.0,0.05532113573556215,2.0,0.05532113573556215,1.6861882172199345,25-W577.W22_R1-r_x_UFMu-10960.2025-07-03-11-39.NJ2J6.000030109794,25-W577.W22_R1-r_x_UFMu-10960
2,1.0,0.9985864179102169,1.0,-0.0014135820897831497,-0.043085982096590404,25-W577.W22_R1-r_x_UFMu-10960.2025-07-03-11-39.NJ2J6.000030109794,25-W577.W22_R1-r_x_UFMu-10960
3,0.0,0.06506583159647396,3.0,0.06506583159647396,1.9832065470605262,25-W577.W22_R1-r_x_UFMu-10960.2025-07-03-11-39.NJ2J6.000030109794,25-W577.W22_R1-r_x_UFMu-10960
3,1.0,1.0056803582328318,2.0,0.00568035823283175,0.17313731893671175,25-W577.W22_R1-r_x_UFMu-10960.2025-07-03-11-39.NJ2J6.000030109794,25-W577.W22_R1-r_x_UFMu-10960
3,2.0,2.007156639387385,1.0,0.007156639387384978,0.21813436852749413,25-W577.W22_R1-r_x_UFMu-10960.2025-07-03-11-39.NJ2J6.000030109794,25-W577.W22_R1-r_x_UFMu-10960
1,0.0,-0.012983217124845322,1.0,-0.012983217124845322,-0.3957284579652854,25-W577.W22_R1-r_x_UFMu-10960.2025-07-04-11-40.NJ2J6.000030109794,25-W577.W22_R1-r_x_UFMu-10960
2,0.0,-0.014424075464862723,2.0,-0.014424075464862723,-0.4396458201690158,25-W577.W22_R1-r_x_UFMu-10960.2025-07-04-11-40.NJ2J6.000030109794,25-W577.W22_R1-r_x_UFMu-10960
2,1.0,0.9983979362104758,1.0,-0.0016020637895242107,-0.04883090430469794,25-W577.W22_R1-r_x_UFMu-10960.2025-07-04-11-40.NJ2J6.000030109794,25-W577.W22_R1-r_x_UFMu-10960
3,0.0,0.017305899274655322,3.0,0.017305899274655322,0.5274838098914942,25-W577.W22_R1-r_x_UFMu-10960.2025-07-04-11-40.NJ2J6.000030109794,25-W577.W22_R1-r_x_UFMu-10960
3,1.0,1.0210179518863327,2.0,0.02101795188633271,0.640627173495421,25-W577.W22_R1-r_x_UFMu-10960.2025-07-04-11-40.NJ2J6.000030109794,25-W577.W22_R1-r_x_UFMu-10960
3,2.0,2.022838825159636,1.0,0.022838825159635867,0.6961273908657012,25-W577.W22_R1-r_x_UFMu-10960.2025-07-04-11-40.NJ2J6.000030109794,25-W577.W22_R1-r_x_UFMu-10960
1,0.0,0.013433916366534026,1.0,0.013433916366534026,0.4094657708519571,25-W577.W22_R1-r_x_UFMu-10960.2025-07-05-11-42.NJ2J6.000030109794,25-W577.W22_R1-r_x_UFMu-10960
2,0.0,0.049523282453835714,2.0,0.049523282453835714,1.5094696491929125,25-W577.W22_R1-r_x_UFMu-10960.2025-07-05-11-42.NJ2J6.000030109794,25-W577.W22_R1-r_x_UFMu-10960
2,1.0,1.024355092235809,1.0,0.024355092235808895,0.7423432113474552,25-W577.W22_R1-r_x_UFMu-10960.2025-07-05-11-42.NJ2J6.000030109794,25-W577.W22_R1-r_x_UFMu-10960
3,0.0,0.04927032620964366,3.0,0.04927032620964366,1.5017595428699388,25-W577.W22_R1-r_x_UFMu-10960.2025-07-05-11-42.NJ2J6.000030109794,25-W577.W22_R1-r_x_UFMu-10960
3,1.0,1.0242022841794898,2.0,0.024202284179489775,0.7376856217908483,25-W577.W22_R1-r_x_UFMu-10960.2025-07-05-11-42.NJ2J6.000030109794,25-W577.W22_R1-r_x_UFMu-10960
3,2.0,1.999914368589371,1.0,-8.56314106290057e-05,-0.0026100453959720937,25-W577.W22_R1-r_x_UFMu-10960.2025-07-05-11-42.NJ2J6.000030109794,25-W577.W22_R1-r_x_UFMu-10960
1,0.0,0.012677288707349322,1.0,0.012677288707349322,0.38640375980000735,25-W577.W22_R1-r_x_UFMu-10960.2025-07-06-11-47.NJ2J6.000030109794,25-W577.W22_R1-r_x_UFMu-10960
2,0.0,0.022620574453082055,2.0,0.022620574453082055,0.689475109329941,25-W577.W22_R1-r_x_UFMu-10960.2025-07-06-11-47.NJ2J6.000030109794,25-W577.W22_R1-r_x_UFMu-10960
2,1.0,1.0066999301849335,1.0,0.0066999301849335335,0.2042138720367741,25-W577.W22_R1-r_x_UFMu-10960.2025-07-06-11-47.NJ2J6.000030109794,25-W577.W22_R1-r_x_UFMu-10960
3,0.0,-0.011078650877167213,3.0,-0.011078650877167213,-0.33767727873605663,25-W577.W22_R1-r_x_UFMu-10960.2025-07-06-11-47.NJ2J6.000030109794,25-W577.W22_R1-r_x_UFMu-10960
3,1.0,0.9863783535234435,2.0,-0.013621646476556504,-0.41518778460544226,25-W577.W22_R1-r_x_UFMu-10960.2025-07-06-11-47.NJ2J6.000030109794,25-W577.W22_R1-r_x_UFMu-10960
3,2.0,1.9886651377438422,1.0,-0.011334862256157763,-0.3454866015676886,25-W577.W22_R1-r_x_UFMu-10960.2025-07-06-11-47.NJ2J6.000030109794,25-W577.W22_R1-r_x_UFMu-10960
1,0.0,-0.006061810305129913,1.0,-0.006061810305129913,-0.18476397810035974,25-W577.W22_R1-r_x_UFMu-10960.2025-07-07-11-45.NJ2J6.000030109794,25-W577.W22_R1-r_x_UFMu-10960
2,0.0,0.005791269260844652,2.0,0.005791269260844652,0.176517887070545,25-W577.W22_R1-r_x_UFMu-10960.2025-07-07-11-45.NJ2J6.000030109794,25-W577.W22_R1-r_x_UFMu-10960
2,1.0,1.009250418673912,1.0,0.009250418673911964,0.2819527611808367,25-W577.W22_R1-r_x_UFMu-10960.2025-07-07-11-45.NJ2J6.000030109794,25-W577.W22_R1-r_x_UFMu-10960
3,0.0,0.03758823650075624,3.0,0.03758823650075624,1.1456894485430502,25-W577.W22_R1-r_x_UFMu-10960.2025-07-07-11-45.NJ2J6.000030109794,25-W577.W22_R1-r_x_UFMu-10960
3,1.0,1.029472939847127,2.0,0.029472939847126955,0.8983352065404296,25-W577.W22_R1-r_x_UFMu-10960.2025-07-07-11-45.NJ2J6.000030109794,25-W577.W22_R1-r_x_UFMu-10960
3,2.0,2.013616364108529,1.0,0.013616364108528956,0.41502677802796256,25-W577.W22_R1-r_x_UFMu-10960.2025-07-07-11-45.NJ2J6.000030109794,25-W577.W22_R1-r_x_UFMu-10960
1,0.0,0.007143939894962962,1.0,0.007143939894962962,0.21774728799847107,25-W577.W22_R1-r_x_UFMu-10960.2025-07-08-11-43.NJ2J6.000030109794,25-W577.W22_R1-r_x_UFMu-10960
2,0.0,0.019316859728716922,2.0,0.019316859728716922,0.5887778845312918,25-W577.W22_R1-r_x_UFMu-10960.2025-07-08-11-43.NJ2J6.000030109794,25-W577.W22_R1-r_x_UFMu-10960
2,1.0,1.0095538622854558,1.0,0.00955386228545585,0.2912017224606943,25-W577.W22_R1-r_x_UFMu-10960.2025-07-08-11-43.NJ2J6.000030109794,25-W577.W22_R1-r_x_UFMu-10960
3,0.0,0.07497419372321164,3.0,0.07497419372321164,2.2852134246834908,25-W577.W22_R1-r_x_UFMu-10960.2025-07-08-11-43.NJ2J6.000030109794,25-W577.W22_R1-r_x_UFMu-10960
3,1.0,1.0451653630269915,2.0,0.04516536302699148,1.3766402650627003,25-W577.W22_R1-r_x_UFMu-10960.2025-07-08-11-43.NJ2J6.000030109794,25-W577.W22_R1-r_x_UFMu-10960
3,2.0,2.023996238101721,1.0,0.023996238101720913,0.7314053373404534,25-W577.W22_R1-r_x_UFMu-10960.2025-07-08-11-43.NJ2J6.000030109794,25-W577.W22_R1-r_x_UFMu-10960
1,0.0,0.29967239035297843,1.0,0.29967239035297843,9.134014457958783,25-W577.W22_R1-r_x_UFMu-10960.2025-07-09-11-41.NJ2J6.000030109794,25-W577.W22_R1-r_x_UFMu-10960
2,0.0,0.3056892049122769,2.0,0.3056892049122769,9.317406965726201,25-W577.W22_R1-r_x_UFMu-10960.2025-07-09-11-41.NJ2J6.000030109794,25-W577.W22_R1-r_x_UFMu-10960
2,1.0,1.0068064566155037,1.0,0.00680645661550372,0.2074607976405534,25-W577.W22_R1-r_x_UFMu-10960.2025-07-09-11-41.NJ2J6.000030109794,25-W577.W22_R1-r_x_UFMu-10960
3,0.0,0.31524618404128313,3.0,0.31524618404128313,9.60870368957831,25-W577.W22_R1-r_x_UFMu-10960.2025-07-09-11-41.NJ2J6.000030109794,25-W577.W22_R1-r_x_UFMu-10960
3,1.0,1.0141410378746856,2.0,0.01414103787468557,0.43101883442041616,25-W577.W22_R1-r_x_UFMu-10960.2025-07-09-11-41.NJ2J6.000030109794,25-W577.W22_R1-r_x_UFMu-10960
3,2.0,2.0065893617174493,1.0,0.0065893617174492825,0.20084374514785414,25-W577.W22_R1-r_x_UFMu-10960.2025-07-09-11-41.NJ2J6.000030109794,25-W577.W22_R1-r_x_UFMu-10960
1,0.0,0.015522729716200456,1.0,0.015522729716200456,0.4731328017497899,25-W577.W22_R1-r_x_UFMu-10960.2025-07-10-11-39.NJ2J6.000030109794,25-W577.W22_R1-r_x_UFMu-10960
2,0.0,0.02990013177630143,2.0,0.02990013177630143,0.9113560165416675,25-W577.W22_R1-r_x_UFMu-10960.2025-07-10-11-39.NJ2J6.000030109794,25-W577.W22_R1-r_x_UFMu-10960
2,1.0,1.0129748066410447,1.0,0.012974806641044667,0.39547210641904146,25-W577.W22_R1-r_x_UFMu-10960.2025-07-10-11-39.NJ2J6.000030109794,25-W577.W22_R1-r_x_UFMu-10960
3,0.0,0.028592626766101355,3.0,0.028592626766101355,0.8715032638307694,25-W577.W22_R1-r_x_UFMu-10960.2025-07-10-11-39.NJ2J6.000030109794,25-W577.W22_R1-r_x_UFMu-10960
3,1.0,1.012098964997689,2.0,0.012098964997689032,0.3687764531295617,25-W577.W22_R1-r_x_UFMu-10960.2025-07-10-11-39.NJ2J6.000030109794,25-W577.W22_R1-r_x_UFMu-10960
3,2.0,1.999315743297962,1.0,-0.0006842567020379775,-0.020856144278117553,25-W577.W22_R1-r_x_UFMu-10960.2025-07-10-11-39.NJ2J6.000030109794,25-W577.W22_R1-r_x_UFMu-10960
1,0.0,0.00503386956462348,1.0,0.00503386956462348,0.15343234432972366,25-W577.W22_R1-r_x_UFMu-10960.2025-07-11-11-38.NJ2J6.000030109794,25-W577.W22_R1-r_x_UFMu-10960
2,0.0,0.03327888360691756,2.0,0.03327888360691756,1.0143403723388473,25-W577.W22_R1-r_x_UFMu-10960.2025-07-11-11-38.NJ2J6.000030109794,25-W577.W22_R1-r_x_UFMu-10960
2,1.0,1.022187916372486,1.0,0.022187916372486072,0.6762876910333755,25-W577.W22_R1-r_x_UFMu-10960.2025-07-11-11-38.NJ2J6.000030109794,25-W577.W22_R1-r_x_UFMu-10960
3,0.0,0.048716059392844124,3.0,0.048716059392844124,1.484865490293889,25-W577.W22_R1-r_x_UFMu-10960.2025-07-11-11-38.NJ2J6.000030109794,25-W577.W22_R1-r_x_UFMu-10960
3,1.0,1.032042545536127,2.0,0.032042545536127065,0.976656787941153,25-W577.W22_R1-r_x_UFMu-10960.2025-07-11-11-38.NJ2J6.000030109794,25-W577.W22_R1-r_x_UFMu-10960
3,2.0,2.006670833856009,1.0,0.006670833856008862,0.20332701593115013,25-W577.W22_R1-r_x_UFMu-10960.2025-07-11-11-38.NJ2J6.000030109794,25-W577.W22_R1-r_x_UFMu-10960
1,0.0,0.2514345859648954,1.0,0.2514345859648954,7.663726180210011,25-W577.W22_R1-r_x_UFMu-10960.2025-07-12-11-50.NJ2J6.000030109794,25-W577.W22_R1-r_x_UFMu-10960
2,0.0,0.2080927210545487,2.0,0.2080927210545487,6.342666137742644,25-W577.W22_R1-r_x_UFMu-10960.2025-07-12-11-50.NJ2J6.000030109794,25-W577.W22_R1-r_x_UFMu-10960
2,1.0,0.9521560249430141,1.0,-0.0478439750569859,-1.4582843597369302,25-W577.W22_R1-r_x_UFMu-10960.2025-07-12-11-50.NJ2J6.000030109794,25-W577.W22_R1-r_x_UFMu-10960
3,0.0,0.21556512788081592,3.0,0.21556512788081592,6.570425097807269,25-W577.W22_R1-r_x_UFMu-10960.2025-07-12-11-50.NJ2J6.000030109794,25-W577.W22_R1-r_x_UFMu-10960
3,1.0,0.9578237166774375,2.0,-0.04217628332256251,-1.2855331156717054,25-W577.W22_R1-r_x_UFMu-10960.2025-07-12-11-50.NJ2J6.000030109794,25-W577.W22_R1-r_x_UFMu-10960
3,2.0,2.004988507350177,1.0,0.004988507350176974,0.15204970403339416,25-W577.W22_R1-r_x_UFMu-10960.2025-07-12-11-50.NJ2J6.000030109794,25-W577.W22_R1-r_x_UFMu-10960
1,0.0,-0.00969609764446892,1.0,-0.00969609764446892,-0.2955370562034127,25-W577.W22_R1-r_x_UFMu-10960.2025-07-13-11-50.NJ2J6.000030109794,25-W577.W22_R1-r_x_UFMu-10960
2,0.0,-0.006218732638293715,2.0,-0.006218732638293715,-0.18954697081519242,25-W577.W22_R1-r_x_UFMu-10960.2025-07-13-11-50.NJ2J6.000030109794,25-W577.W22_R1-r_x_UFMu-10960
2,1.0,1.002709803643031,1.0,0.0027098036430310835,0.08259481503958742,25-W577.W22_R1-r_x_UFMu-10960.2025-07-13-11-50.NJ2J6.000030109794,25-W577.W22_R1-r_x_UFMu-10960
3,0.0,0.02626151151689987,3.0,0.02626151151689987,0.8004508710351081,25-W577.W22_R1-r_x_UFMu-10960.2025-07-13-11-50.NJ2J6.000030109794,25-W577.W22_R1-r_x_UFMu-10960
3,1.0,1.0233376861534207,2.0,0.02333768615342069,0.7113326739562627,25-W577.W22_R1-r_x_UFMu-10960.2025-07-13-11-50.NJ2J6.000030109794,25-W577.W22_R1-r_x_UFMu-10960
3,2.0,2.0138454186866035,1.0,0.013845418686603495,0.4220083615676745,25-W577.W22_R1-r_x_UFMu-10960.2025-07-13-11-50.NJ2J6.000030109794,25-W577.W22_R1-r_x_UFMu-10960
1,0.0,-0.03418004500959101,1.0,-0.03418004500959101,-1.041807771892334,25-W577.W22_R1-r_x_UFMu-10960.2025-07-14-11-47.NJ2J6.000030109794,25-W577.W22_R1-r_x_UFMu-10960
2,0.0,-0.02405994554895592,2.0,-0.02405994554895592,-0.7333471403321765,25-W577.W22_R1-r_x_UFMu-10960.2025-07-14-11-47.NJ2J6.000030109794,25-W577.W22_R1-r_x_UFMu-10960
2,1.0,1.0112549252513214,1.0,0.011254925251321435,0.3430501216602773,25-W577.W22_R1-r_x_UFMu-10960.2025-07-14-11-47.NJ2J6.000030109794,25-W577.W22_R1-r_x_UFMu-10960
3,0.0,-0.00709871104639766,3.0,-0.00709871104639766,-0.21636871269420066,25-W577.W22_R1-r_x_UFMu-10960.2025-07-14-11-47.NJ2J6.000030109794,25-W577.W22_R1-r_x_UFMu-10960
3,1.0,1.0232522736193863,2.0,0.02325227361938631,0.7087292999188948,25-W577.W22_R1-r_x_UFMu-10960.2025-07-14-11-47.NJ2J6.000030109794,25-W577.W22_R1-r_x_UFMu-10960
3,2.0,2.0121744929264462,1.0,0.012174492926446234,0.37107854439808124,25-W577.W22_R1-r_x_UFMu-10960.2025-07-14-11-47.NJ2J6.000030109794,25-W577.W22_R1-r_x_UFMu-10960
1,0.0,-0.011402206229870296,1.0,-0.011402206229870296,-0.34753924588644663,25-W577.W22_R1-r_x_UFMu-10960.2025-07-15-11-47.NJ2J6.000030109794,25-W577.W22_R1-r_x_UFMu-10960
2,0.0,0.0028967780526922057,2.0,0.0028967780526922057,0.08829379504605843,25-W577.W22_R1-r_x_UFMu-10960.2025-07-15-11-47.NJ2J6.000030109794,25-W577.W22_R1-r_x_UFMu-10960
2,1.0,1.0144053751228683,1.0,0.014405375122868325,0.43907583374502657,25-W577.W22_R1-r_x_UFMu-10960.2025-07-15-11-47.NJ2J6.000030109794,25-W577.W22_R1-r_x_UFMu-10960
3,0.0,0.0003103640325436786,3.0,0.0003103640325436786,0.009459895711931324,25-W577.W22_R1-r_x_UFMu-10960.2025-07-15-11-47.NJ2J6.000030109794,25-W577.W22_R1-r_x_UFMu-10960
3,1.0,1.012621548667841,2.0,0.012621548667840932,0.3847048033957916,25-W577.W22_R1-r_x_UFMu-10960.2025-07-15-11-47.NJ2J6.000030109794,25-W577.W22_R1-r_x_UFMu-10960
3,2.0,1.9983930819849394,1.0,-0.0016069180150606321,-0.04897886109904807,25-W577.W22_R1-r_x_UFMu-10960.2025-07-15-11-47.NJ2J6.000030109794,25-W577.W22_R1-r_x_UFMu-10960
1,0.0,0.18380415453544754,1.0,0.18380415453544754,5.6023506302404416,25-W577.W22_R1-r_x_UFMu-10960.2025-07-16-11-45.NJ2J6.000030109794,25-W577.W22_R1-r_x_UFMu-10960
2,0.0,0.5203059451615448,2.0,0.5203059451615448,15.858925208523887,25-W577.W22_R1-r_x_UFMu-10960.2025-07-16-11-45.NJ2J6.000030109794,25-W577.W22_R1-r_x_UFMu-10960
2,1.0,1.2077182795362118,1.0,0.2077182795362118,6.331253160263736,25-W577.W22_R1-r_x_UFMu-10960.2025-07-16-11-45.NJ2J6.000030109794,25-W577.W22_R1-r_x_UFMu-10960
1,0.0,0.011173309676730749,1.0,0.011173309676730749,0.34056247894675323,25-W577.W22_R1-r_x_UFMu-10960.2025-07-17-11-44.NJ2J6.000030109794,25-W577.W22_R1-r_x_UFMu-10960
2,0.0,0.02996022402803629,2.0,0.02996022402803629,0.9131876283745461,25-W577.W22_R1-r_x_UFMu-10960.2025-07-17-11-44.NJ2J6.000030109794,25-W577.W22_R1-r_x_UFMu-10960
2,1.0,1.0147865049762959,1.0,0.014786504976295856,0.45069267167749766,25-W577.W22_R1-r_x_UFMu-10960.2025-07-17-11-44.NJ2J6.000030109794,25-W577.W22_R1-r_x_UFMu-10960
3,0.0,0.0652344069624642,3.0,0.0652344069624642,1.988344724215909,25-W577.W22_R1-r_x_UFMu-10960.2025-07-17-11-44.NJ2J6.000030109794,25-W577.W22_R1-r_x_UFMu-10960
3,1.0,1.0373767418996847,2.0,0.03737674189968465,1.1392430931023882,25-W577.W22_R1-r_x_UFMu-10960.2025-07-17-11-44.NJ2J6.000030109794,25-W577.W22_R1-r_x_UFMu-10960
3,2.0,2.0152511568592204,1.0,0.015251156859220405,0.46485526106903796,25-W577.W22_R1-r_x_UFMu-10960.2025-07-17-11-44.NJ2J6.000030109794,25-W577.W22_R1-r_x_UFMu-10960
1,0.0,-0.13150005521610245,1.0,-0.13150005521610245,-4.008121682986802,25-W577.W22_R1-r_x_UFMu-10960.2025-07-18-11-42.NJ2J6.000030109794,25-W577.W22_R1-r_x_UFMu-10960
2,0.0,0.0057875402856051045,2.0,0.0057875402856051045,0.1764042279052436,25-W577.W22_R1-r_x_UFMu-10960.2025-07-18-11-42.NJ2J6.000030109794,25-W577.W22_R1-r_x_UFMu-10960
2,1.0,1.1510373415669262,1.0,0.15103734156692616,4.603618170959909,25-W577.W22_R1-r_x_UFMu-10960.2025-07-18-11-42.NJ2J6.000030109794,25-W577.W22_R1-r_x_UFMu-10960
3,0.0,0.0947308464156552,3.0,0.0947308464156552,2.8873961987491703,25-W577.W22_R1-r_x_UFMu-10960.2025-07-18-11-42.NJ2J6.000030109794,25-W577.W22_R1-r_x_UFMu-10960
3,1.0,1.2114398119992167,2.0,0.2114398119992167,6.444685469736124,25-W577.W22_R1-r_x_UFMu-10960.2025-07-18-11-42.NJ2J6.000030109794,25-W577.W22_R1-r_x_UFMu-10960
3,2.0,2.065098995677029,1.0,0.06509899567702915,1.9842173882358485,25-W577.W22_R1-r_x_UFMu-10960.2025-07-18-11-42.NJ2J6.000030109794,25-W577.W22_R1-r_x_UFMu-10960
1,0.0,0.007371782505602186,1.0,0.007371782505602186,0.22469193077075464,25-W577.W22_R1-r_x_UFMu-10960.2025-07-19-11-38.NJ2J6.000030109794,25-W577.W22_R1-r_x_UFMu-10960
2,0.0,0.02208655315118392,2.0,0.02208655315118392,0.673198140048086,25-W577.W22_R1-r_x_UFMu-10960.2025-07-19-11-38.NJ2J6.000030109794,25-W577.W22_R1-r_x_UFMu-10960
2,1.0,1.0115960492192984,1.0,0.011596049219298354,0.35344758020421385,25-W577.W22_R1-r_x_UFMu-10960.2025-07-19-11-38.NJ2J6.000030109794,25-W577.W22_R1-r_x_UFMu-10960
3,0.0,0.018494863623229166,3.0,0.018494863623229166,0.563723443236025,25-W577.W22_R1-r_x_UFMu-10960.2025-07-19-11-38.NJ2J6.000030109794,25-W577.W22_R1-r_x_UFMu-10960
3,1.0,1.0093020952878804,2.0,0.009302095287880396,0.2835278643745945,25-W577.W22_R1-r_x_UFMu-10960.2025-07-19-11-38.NJ2J6.000030109794,25-W577.W22_R1-r_x_UFMu-10960
3,2.0,1.9984548703252394,1.0,-0.0015451296747606147,-0.04709555248670354,25-W577.W22_R1-r_x_UFMu-10960.2025-07-19-11-38.NJ2J6.000030109794,25-W577.W22_R1-r_x_UFMu-10960
1,0.0,0.007212530065010846,1.0,0.007212530065010846,0.21983791638153058,25-W577.W22_R1-r_x_UFMu-10960.2025-07-20-11-39.NJ2J6.000030109794,25-W577.W22_R1-r_x_UFMu-10960
2,0.0,0.031316444847529594,2.0,0.031316444847529594,0.954525238952702,25-W577.W22_R1-r_x_UFMu-10960.2025-07-20-11-39.NJ2J6.000030109794,25-W577.W22_R1-r_x_UFMu-10960
2,1.0,1.0135209550553272,1.0,0.013520955055327244,0.4121187100863744,25-W577.W22_R1-r_x_UFMu-10960.2025-07-20-11-39.NJ2J6.000030109794,25-W577.W22_R1-r_x_UFMu-10960
1,0.0,0.001223765936723464,1.0,0.001223765936723464,0.03730038575133118,25-W577.W22_R1-r_x_UFMu-10960.2025-07-21-11-39.NJ2J6.000030109794,25-W577.W22_R1-r_x_UFMu-10960
2,0.0,-0.0026721878877594097,2.0,-0.0026721878877594097,-0.08144828681890681,25-W577.W22_R1-r_x_UFMu-10960.2025-07-21-11-39.NJ2J6.000030109794,25-W577.W22_R1-r_x_UFMu-10960
2,1.0,0.9978257811383012,1.0,-0.0021742188616987734,-0.06627019090457861,25-W577.W22_R1-r_x_UFMu-10960.2025-07-21-11-39.NJ2J6.000030109794,25-W577.W22_R1-r_x_UFMu-10960
1,0.0,-0.0015511698590621984,1.0,-0.0015511698590621984,-0.04727965730421581,25-W577.W22_R1-r_x_UFMu-10960.2025-07-22-11-52.NJ2J6.000030109794,25-W577.W22_R1-r_x_UFMu-10960
1,0.0,0.00536916814685776,1.0,0.00536916814685776,0.16365224511622453,25-W577.W22_R1-r_x_UFMu-10960.2025-07-23-11-49.NJ2J6.000030109794,25-W577.W22_R1-r_x_UFMu-10960
2,0.0,0.041361087802049876,2.0,0.041361087802049876,1.2606859562064803,25-W577.W22_R1-r_x_UFMu-10960.2025-07-23-11-49.NJ2J6.000030109794,25-W577.W22_R1-r_x_UFMu-10960
2,1.0,1.0242586117116574,1.0,0.02425861171165744,0.7394024849713188,25-W577.W22_R1-r_x_UFMu-10960.2025-07-23-11-49.NJ2J6.000030109794,25-W577.W22_R1-r_x_UFMu-10960
3,0.0,0.006021629577250282,3.0,0.006021629577250282,0.1835392695145886,25-W577.W22_R1-r_x_UFMu-10960.2025-07-23-11-49.NJ2J6.000030109794,25-W577.W22_R1-r_x_UFMu-10960
3,1.0,1.0029875475016514,2.0,0.002987547501651422,0.09106044785033535,25-W577.W22_R1-r_x_UFMu-10960.2025-07-23-11-49.NJ2J6.000030109794,25-W577.W22_R1-r_x_UFMu-10960
3,2.0,1.9880050451642186,1.0,-0.01199495483578139,-0.3656062233946168,25-W577.W22_R1-r_x_UFMu-10960.2025-07-23-11-49.NJ2J6.000030109794,25-W577.W22_R1-r_x_UFMu-10960
1,0.0,0.005600364523625581,1.0,0.005600364523625581,0.1706991106801077,25-W577.W22_R1-r_x_UFMu-10960.2025-07-24-11-49.NJ2J6.000030109794,25-W577.W22_R1-r_x_UFMu-10960
2,0.0,0.02424820918996883,2.0,0.02424820918996883,0.7390854161102499,25-W577.W22_R1-r_x_UFMu-10960.2025-07-24-11-49.NJ2J6.000030109794,25-W577.W22_R1-r_x_UFMu-10960
2,1.0,1.0125739610750977,1.0,0.012573961075097673,0.3832543335689771,25-W577.W22_R1-r_x_UFMu-10960.2025-07-24-11-49.NJ2J6.000030109794,25-W577.W22_R1-r_x_UFMu-10960
3,0.0,0.008430415337346777,3.0,0.008430415337346777,0.2569590594823298,25-W577.W22_R1-r_x_UFMu-10960.2025-07-24-11-49.NJ2J6.000030109794,25-W577.W22_R1-r_x_UFMu-10960
3,1.0,1.0030491286498187,2.0,0.0030491286498186554,0.09293744124647262,25-W577.W22_R1-r_x_UFMu-10960.2025-07-24-11-49.NJ2J6.000030109794,25-W577.W22_R1-r_x_UFMu-10960
3,2.0,1.9946513289214474,1.0,-0.005348671078552636,-0.16302749447428436,25-W577.W22_R1-r_x_UFMu-10960.2025-07-24-11-49.NJ2J6.000030109794,25-W577.W22_R1-r_x_UFMu-10960
1,0.0,0.008702843656559815,1.0,0.008702843656559815,0.2652626746519432,25-W577.W22_R1-r_x_UFMu-10960.2025-07-25-11-47.NJ2J6.000030109794,25-W577.W22_R1-r_x_UFMu-10960
2,0.0,0.013834410192856793,2.0,0.013834410192856793,0.42167282267827505,25-W577.W22_R1-r_x_UFMu-10960.2025-07-25-11-47.NJ2J6.000030109794,25-W577.W22_R1-r_x_UFMu-10960
2,1.0,1.002876195917436,1.0,0.002876195917435931,0.08766645156344717,25-W577.W22_R1-r_x_UFMu-10960.2025-07-25-11-47.NJ2J6.000030109794,25-W577.W22_R1-r_x_UFMu-10960
1,0.0,0.07966130933863717,1.0,0.07966130933863717,2.4280767086416613,25-W577.W22_R1-r_x_UFMu-10960.2025-07-26-11-45.NJ2J6.000030109794,25-W577.W22_R1-r_x_UFMu-10960
2,0.0,0.10290885057433423,2.0,0.10290885057433423,3.1366617655057074,25-W577.W22_R1-r_x_UFMu-10960.2025-07-26-11-45.NJ2J6.000030109794,25-W577.W22_R1-r_x_UFMu-10960
2,1.0,1.0162795875740867,1.0,0.01627958757408665,0.49620182925816114,25-W577.W22_R1-r_x_UFMu-10960.2025-07-26-11-45.NJ2J6.000030109794,25-W577.W22_R1-r_x_UFMu-10960
3,0.0,0.10315005072657996,3.0,0.10315005072657996,3.144013546146157,25-W577.W22_R1-r_x_UFMu-10960.2025-07-26-11-45.NJ2J6.000030109794,25-W577.W22_R1-r_x_UFMu-10960
3,1.0,1.0164299466969857,2.0,0.01642994669698572,0.5007847753241248,25-W577.W22_R1-r_x_UFMu-10960.2025-07-26-11-45.NJ2J6.000030109794,25-W577.W22_R1-r_x_UFMu-10960
3,2.0,2.0000848625613057,1.0,8.486256130568748e-05,0.0025866108685973542,25-W577.W22_R1-r_x_UFMu-10960.2025-07-26-11-45.NJ2J6.000030109794,25-W577.W22_R1-r_x_UFMu-10960
1,0.0,0.02540914794730591,1.0,0.02540914794730591,0.7744708294338841,25-W577.W22_R1-r_x_UFMu-10960.2025-07-27-11-43.NJ2J6.000030109794,25-W577.W22_R1-r_x_UFMu-10960
2,0.0,-0.010397348113315021,2.0,-0.010397348113315021,-0.3169111704938419,25-W577.W22_R1-r_x_UFMu-10960.2025-07-27-11-43.NJ2J6.000030109794,25-W577.W22_R1-r_x_UFMu-10960
2,1.0,0.979808255680119,1.0,-0.020191744319881022,-0.6154443668699736,25-W577.W22_R1-r_x_UFMu-10960.2025-07-27-11-43.NJ2J6.000030109794,25-W577.W22_R1-r_x_UFMu-10960
1,0.0,0.22374923263092075,1.0,0.22374923263092075,6.819876610590464,25-W577.W22_R1-r_x_UFMu-10960.2025-07-28-11-42.NJ2J6.000030109794,25-W577.W22_R1-r_x_UFMu-10960
2,0.0,0.6414132502286717,2.0,0.6414132502286717,19.550275866969912,25-W577.W22_R1-r_x_UFMu-10960.2025-07-28-11-42.NJ2J6.000030109794,25-W577.W22_R1-r_x_UFMu-10960
2,1.0,1.2696738748863343,1.0,0.2696738748863343,8.21965970653547,25-W577.W22_R1-r_x_UFMu-10960.2025-07-28-11-42.NJ2J6.000030109794,25-W577.W22_R1-r_x_UFMu-10960
1,0.0,-0.004334050336870529,1.0,-0.004334050336870529,-0.1321018542678137,25-W577.W22_R1-r_x_UFMu-10960.2025-07-29-11-40.NJ2J6.000030109794,25-W577.W22_R1-r_x_UFMu-10960
2,0.0,-0.02348448690331223,2.0,-0.02348448690331223,-0.7158071608129568,25-W577.W22_R1-r_x_UFMu-10960.2025-07-29-11-40.NJ2J6.000030109794,25-W577.W22_R1-r_x_UFMu-10960
2,1.0,0.9893365457086117,1.0,-0.010663454291388264,-0.3250220868015143,25-W577.W22_R1-r_x_UFMu-10960.2025-07-29-11-40.NJ2J6.000030109794,25-W577.W22_R1-r_x_UFMu-10960
1,0.0,0.029280052731488457,1.0,0.029280052731488457,0.8924560072557682,25-W577.W22_R1-r_x_UFMu-10960.2025-07-30-11-39.NJ2J6.000030109794,25-W577.W22_R1-r_x_UFMu-10960
2,0.0,-0.01853880811957868,2.0,-0.01853880811957868,-0.5650628714847582,25-W577.W22_R1-r_x_UFMu-10960.2025-07-30-11-39.NJ2J6.000030109794,25-W577.W22_R1-r_x_UFMu-10960
2,1.0,0.9621587079306599,1.0,-0.03784129206934006,-1.153402582273485,25-W577.W22_R1-r_x_UFMu-10960.2025-07-30-11-39.NJ2J6.000030109794,25-W577.W22_R1-r_x_UFMu-10960
3,0.0,-0.05368292882147691,3.0,-0.05368292882147691,-1.6362556704786162,25-W577.W22_R1-r_x_UFMu-10960.2025-07-30-11-39.NJ2J6.000030109794,25-W577.W22_R1-r_x_UFMu-10960
3,1.0,0.9395263362761629,2.0,-0.06047366372383711,-1.8432372703025552,25-W577.W22_R1-r_x_UFMu-10960.2025-07-30-11-39.NJ2J6.000030109794,25-W577.W22_R1-r_x_UFMu-10960
3,2.0,1.9851140807778047,1.0,-0.014885919222195287,-0.45372281789251234,25-W577.W22_R1-r_x_UFMu-10960.2025-07-30-11-39.NJ2J6.000030109794,25-W577.W22_R1-r_x_UFMu-10960
1,0.0,-0.025907414274608027,1.0,-0.025907414274608027,-0.7896579870900526,25-W577.W22_R1-r_x_UFMu-10960.2025-07-31-11-38.NJ2J6.000030109794,25-W577.W22_R1-r_x_UFMu-10960
2,0.0,0.026097771579968315,2.0,0.026097771579968315,0.7954600777574342,25-W577.W22_R1-r_x_UFMu-10960.2025-07-31-11-38.NJ2J6.000030109794,25-W577.W22_R1-r_x_UFMu-10960
2,1.0,1.0465459776071517,1.0,0.046545977607151734,1.418721397465985,25-W577.W22_R1-r_x_UFMu-10960.2025-07-31-11-38.NJ2J6.000030109794,25-W577.W22_R1-r_x_UFMu-10960
3,0.0,0.008171401479775664,3.0,0.008171401479775664,0.24906431710356222,25-W577.W22_R1-r_x_UFMu-10960.2025-07-31-11-38.NJ2J6.000030109794,25-W577.W22_R1-r_x_UFMu-10960
3,1.0,1.03472547494056,2.0,0.03472547494056011,1.0584324761882722,25-W577.W22_R1-r_x_UFMu-10960.2025-07-31-11-38.NJ2J6.000030109794,25-W577.W22_R1-r_x_UFMu-10960
3,2.0,1.9905481724976026,1.0,-0.00945182750239737,-0.28809170227307185,25-W577.W22_R1-r_x_UFMu-10960.2025-07-31-11-38.NJ2J6.000030109794,25-W577.W22_R1-r_x_UFMu-10960
1,0.0,0.007563431926157782,1.0,0.007563431926157782,0.2305334051092892,25-W577.W22_R1-r_x_UFMu-10960.2025-08-01-11-51.NJ2J6.000030109794,25-W577.W22_R1-r_x_UFMu-10960
2,0.0,0.0037184647011926975,2.0,0.0037184647011926975,0.11333880409235342,25-W577.W22_R1-r_x_UFMu-10960.2025-08-01-11-51.NJ2J6.000030109794,25-W577.W22_R1-r_x_UFMu-10960
2,1.0,0.9978469050848124,1.0,-0.002153094915187559,-0.0656263330149168,25-W577.W22_R1-r_x_UFMu-10960.2025-08-01-11-51.NJ2J6.000030109794,25-W577.W22_R1-r_x_UFMu-10960
1,0.0,-0.0005758895615569534,1.0,-0.0005758895615569534,-0.017553113836255938,25-W577.W22_R1-r_x_UFMu-10960.2025-08-02-11-50.NJ2J6.000030109794,25-W577.W22_R1-r_x_UFMu-10960
2,0.0,-0.04863168357616813,2.0,-0.04863168357616813,-1.4822937154016045,25-W577.W22_R1-r_x_UFMu-10960.2025-08-02-11-50.NJ2J6.000030109794,25-W577.W22_R1-r_x_UFMu-10960
2,1.0,0.9624667980690003,1.0,-0.03753320193099974,-1.144011994856872,25-W577.W22_R1-r_x_UFMu-10960.2025-08-02-11-50.NJ2J6.000030109794,25-W577.W22_R1-r_x_UFMu-10960
3,0.0,-0.027595104705456078,3.0,-0.027595104705456078,-0.8410987914223013,25-W577.W22_R1-r_x_UFMu-10960.2025-08-02-11-50.NJ2J6.000030109794,25-W577.W22_R1-r_x_UFMu-10960
3,1.0,0.9758793554155781,2.0,-0.02412064458442187,-0.7351972469331786,25-W577.W22_R1-r_x_UFMu-10960.2025-08-02-11-50.NJ2J6.000030109794,25-W577.W22_R1-r_x_UFMu-10960
3,2.0,2.0088545363912855,1.0,0.008854536391285528,0.2698862692063829,25-W577.W22_R1-r_x_UFMu-10960.2025-08-02-11-50.NJ2J6.000030109794,25-W577.W22_R1-r_x_UFMu-10960
1,0.0,0.06492561899955009,1.0,0.06492561899955009,1.9789328671062867,25-W577.W22_R1-r_x_UFMu-10960.2025-08-03-11-49.NJ2J6.000030109794,25-W577.W22_R1-r_x_UFMu-10960
2,0.0,0.059223220476929954,2.0,0.059223220476929954,1.805123760136825,25-W577.W22_R1-r_x_UFMu-10960.2025-08-03-11-49.NJ2J6.000030109794,25-W577.W22_R1-r_x_UFMu-10960
2,1.0,0.9960421717056193,1.0,-0.003957828294380739,-0.12063460641272492,25-W577.W22_R1-r_x_UFMu-10960.2025-08-03-11-49.NJ2J6.000030109794,25-W577.W22_R1-r_x_UFMu-10960
3,0.0,0.03655545879624204,3.0,0.03655545879624204,1.1142103841094573,25-W577.W22_R1-r_x_UFMu-10960.2025-08-03-11-49.NJ2J6.000030109794,25-W577.W22_R1-r_x_UFMu-10960
3,1.0,0.9820414070473196,2.0,-0.01795859295268043,-0.5473779131976995,25-W577.W22_R1-r_x_UFMu-10960.2025-08-03-11-49.NJ2J6.000030109794,25-W577.W22_R1-r_x_UFMu-10960
3,2.0,1.992209266426758,1.0,-0.0077907335732418925,-0.2374615593124129,25-W577.W22_R1-r_x_UFMu-10960.2025-08-03-11-49.NJ2J6.000030109794,25-W577.W22_R1-r_x_UFMu-10960
1,0.0,0.003118507373171603,1.0,0.003118507373171603,0.09505210473427046,25-W577.W22_R1-r_x_UFMu-10960.2025-08-04-11-48.NJ2J6.000030109794,25-W577.W22_R1-r_x_UFMu-10960
2,0.0,-0.07750581039939361,2.0,-0.07750581039939361,-2.362377100973517,25-W577.W22_R1-r_x_UFMu-10960.2025-08-04-11-48.NJ2J6.000030109794,25-W577.W22_R1-r_x_UFMu-10960
2,1.0,0.9371652920216846,1.0,-0.06283470797831536,-1.9152018991790523,25-W577.W22_R1-r_x_UFMu-10960.2025-08-04-11-48.NJ2J6.000030109794,25-W577.W22_R1-r_x_UFMu-10960
3,0.0,-0.03698163101666378,3.0,-0.03698163101666378,-1.1272001133879122,25-W577.W22_R1-r_x_UFMu-10960.2025-08-04-11-48.NJ2J6.000030109794,25-W577.W22_R1-r_x_UFMu-10960
3,1.0,0.9630545569734882,2.0,-0.036945443026511815,-1.1260971034480802,25-W577.W22_R1-r_x_UFMu-10960.2025-08-04-11-48.NJ2J6.000030109794,25-W577.W22_R1-r_x_UFMu-10960
3,2.0,2.016891188596566,1.0,0.01689118859656613,0.5148434284233356,25-W577.W22_R1-r_x_UFMu-10960.2025-08-04-11-48.NJ2J6.000030109794,25-W577.W22_R1-r_x_UFMu-10960
1,0.0,-0.32929615239074694,1.0,-0.32929615239074694,-10.036946724869967,C-M-0006-L.21-M1744-4.2024-06-28-11-35.NL5RH,C-M-0006-L.21-M1744-4
2,0.0,-0.35058697173259984,2.0,-0.35058697173259984,-10.685890898409644,C-M-0006-L.21-M1744-4.2024-06-28-11-35.NL5RH,C-M-0006-L.21-M1744-4
2,1.0,0.9665849286687559,1.0,-0.033415071331244106,-1.0184913741763204,C-M-0006-L.21-M1744-4.2024-06-28-11-35.NL5RH,C-M-0006-L.21-M1744-4
3,0.0,-0.3472741566309588,3.0,-0.3472741566309588,-10.584916294111624,C-M-0006-L.21-M1744-4.2024-06-28-11-35.NL5RH,C-M-0006-L.21-M1744-4
3,1.0,0.9690356782410231,2.0,-0.030964321758976898,-0.9437925272136158,C-M-0006-L.21-M1744-4.2024-06-28-11-35.NL5RH,C-M-0006-L.21-M1744-4
3,2.0,2.003855623771268,1.0,0.003855623771268135,0.11751941254825277,C-M-0006-L.21-M1744-4.2024-06-28-11-35.NL5RH,C-M-0006-L.21-M1744-4
1,0.0,0.0044351410444026015,1.0,0.0044351410444026015,0.1351830990333913,C-M-0006-L.21-M1744-4.2024-06-29-11-34.NL5RH,C-M-0006-L.21-M1744-4
2,0.0,-0.0033318653194352016,2.0,-0.0033318653194352016,-0.10155525493638495,C-M-0006-L.21-M1744-4.2024-06-29-11-34.NL5RH,C-M-0006-L.21-M1744-4
2,1.0,0.9912610381929643,1.0,-0.008738961807035706,-0.2663635558784483,C-M-0006-L.21-M1744-4.2024-06-29-11-34.NL5RH,C-M-0006-L.21-M1744-4
3,0.0,-0.02827115292608701,3.0,-0.02827115292608701,-0.861704741187132,C-M-0006-L.21-M1744-4.2024-06-29-11-34.NL5RH,C-M-0006-L.21-M1744-4
3,1.0,0.9733907737006162,2.0,-0.02660922629938378,-0.8110492176052176,C-M-0006-L.21-M1744-4.2024-06-29-11-34.NL5RH,C-M-0006-L.21-M1744-4
3,2.0,1.9820251830023514,1.0,-0.01797481699764858,-0.5478724220883288,C-M-0006-L.21-M1744-4.2024-06-29-11-34.NL5RH,C-M-0006-L.21-M1744-4
1,0.0,-0.13775613602374925,1.0,-0.13775613602374925,-4.198807026003878,C-M-0006-L.21-M1744-4.2024-06-30-11-36.NL5RH,C-M-0006-L.21-M1744-4
2,0.0,0.13013269407060618,2.0,0.13013269407060618,3.9664445152720766,C-M-0006-L.21-M1744-4.2024-06-30-11-36.NL5RH,C-M-0006-L.21-M1744-4
2,1.0,1.2133490892647298,1.0,0.21334908926472984,6.502880240788966,C-M-0006-L.21-M1744-4.2024-06-30-11-36.NL5RH,C-M-0006-L.21-M1744-4
3,0.0,-0.1497183566313899,3.0,-0.1497183566313899,-4.563415510124765,C-M-0006-L.21-M1744-4.2024-06-30-11-36.NL5RH,C-M-0006-L.21-M1744-4
3,1.0,1.047826667675162,2.0,0.04782666767516197,1.4577568307389368,C-M-0006-L.21-M1744-4.2024-06-30-11-36.NL5RH,C-M-0006-L.21-M1744-4
3,2.0,1.8794451277924715,1.0,-0.12055487220752847,-3.674512504885468,C-M-0006-L.21-M1744-4.2024-06-30-11-36.NL5RH,C-M-0006-L.21-M1744-4
1,0.0,-0.008017819234821902,1.0,-0.008017819234821902,-0.24438313027737157,C-M-0006-L.21-M1744-4.2024-07-01-11-49.NL5RH,C-M-0006-L.21-M1744-4
2,0.0,-0.021891143764788058,2.0,-0.021891143764788058,-0.66724206195074,C-M-0006-L.21-M1744-4.2024-07-01-11-49.NL5RH,C-M-0006-L.21-M1744-4
2,1.0,0.9860440550490642,1.0,-0.013955944950935772,-0.42537720210452235,C-M-0006-L.21-M1744-4.2024-07-01-11-49.NL5RH,C-M-0006-L.21-M1744-4
3,0.0,-0.03408488450437168,3.0,-0.03408488450437168,-1.0389072796932488,C-M-0006-L.21-M1744-4.2024-07-01-11-49.NL5RH,C-M-0006-L.21-M1744-4
3,1.0,0.9776072506706281,2.0,-0.022392749329371853,-0.6825309995592541,C-M-0006-L.21-M1744-4.2024-07-01-11-49.NL5RH,C-M-0006-L.21-M1744-4
3,2.0,1.9924838288650653,1.0,-0.007516171134934746,-0.22909289619281106,C-M-0006-L.21-M1744-4.2024-07-01-11-49.NL5RH,C-M-0006-L.21-M1744-4
1,0.0,0.1324907274143297,1.0,0.1324907274143297,4.03831737158877,C-M-0006-L.21-M1744-4.2024-07-02-11-50.NL5RH,C-M-0006-L.21-M1744-4
2,0.0,0.13161786538403542,2.0,0.13161786538403542,4.011712536905399,C-M-0006-L.21-M1744-4.2024-07-02-11-50.NL5RH,C-M-0006-L.21-M1744-4
2,1.0,0.9989772237595521,1.0,-0.0010227762404478868,-0.031174219808851593,C-M-0006-L.21-M1744-4.2024-07-02-11-50.NL5RH,C-M-0006-L.21-M1744-4
3,0.0,0.11003766317627652,3.0,0.11003766317627652,3.3539479736129083,C-M-0006-L.21-M1744-4.2024-07-02-11-50.NL5RH,C-M-0006-L.21-M1744-4
3,1.0,0.9829006439240552,2.0,-0.017099356075944816,-0.521188373194798,C-M-0006-L.21-M1744-4.2024-07-02-11-50.NL5RH,C-M-0006-L.21-M1744-4
3,2.0,1.983799264509579,1.0,-0.016200735490421003,-0.4937984177480322,C-M-0006-L.21-M1744-4.2024-07-02-11-50.NL5RH,C-M-0006-L.21-M1744-4
1,0.0,-0.0005203546279304623,1.0,-0.0005203546279304623,-0.015860409059320492,C-M-0006-L.21-M1744-4.2024-07-03-11-50.NL5RH,C-M-0006-L.21-M1744-4
2,0.0,-0.014611082579314191,2.0,-0.014611082579314191,-0.44534579701749655,C-M-0006-L.21-M1744-4.2024-07-03-11-50.NL5RH,C-M-0006-L.21-M1744-4
2,1.0,0.9857872185937835,1.0,-0.014212781406216513,-0.4332055772614793,C-M-0006-L.21-M1744-4.2024-07-03-11-50.NL5RH,C-M-0006-L.21-M1744-4
3,0.0,-0.025321499593141634,3.0,-0.025321499593141634,-0.771799307598957,C-M-0006-L.21-M1744-4.2024-07-03-11-50.NL5RH,C-M-0006-L.21-M1744-4
3,1.0,0.9783577355161452,2.0,-0.021642264483854756,-0.6596562214678929,C-M-0006-L.21-M1744-4.2024-07-03-11-50.NL5RH,C-M-0006-L.21-M1744-4
3,2.0,1.9933812230480759,1.0,-0.0066187769519241435,-0.2017403214946479,C-M-0006-L.21-M1744-4.2024-07-03-11-50.NL5RH,C-M-0006-L.21-M1744-4
1,0.0,-0.006566476276728643,1.0,-0.006566476276728643,-0.20014619691468905,C-M-0006-L.21-M1744-4.2024-07-04-11-48.NL5RH,C-M-0006-L.21-M1744-4
2,0.0,-0.020672416299686046,2.0,-0.020672416299686046,-0.6300952488144307,C-M-0006-L.21-M1744-4.2024-07-04-11-48.NL5RH,C-M-0006-L.21-M1744-4
2,1.0,0.9858007239049228,1.0,-0.014199276095077207,-0.43279393537795324,C-M-0006-L.21-M1744-4.2024-07-04-11-48.NL5RH,C-M-0006-L.21-M1744-4
3,0.0,-0.042983774185218794,3.0,-0.042983774185218794,-1.3101454371654688,C-M-0006-L.21-M1744-4.2024-07-04-11-48.NL5RH,C-M-0006-L.21-M1744-4
3,1.0,0.970358846276649,2.0,-0.029641153723350966,-0.9034623654877375,C-M-0006-L.21-M1744-4.2024-07-04-11-48.NL5RH,C-M-0006-L.21-M1744-4
3,2.0,1.9862470563680439,1.0,-0.013752943631956116,-0.4191897219020224,C-M-0006-L.21-M1744-4.2024-07-04-11-48.NL5RH,C-M-0006-L.21-M1744-4
1,0.0,-0.008006102650624247,1.0,-0.008006102650624247,-0.24402600879102704,C-M-0006-L.21-M1744-4.2024-07-05-11-47.NL5RH,C-M-0006-L.21-M1744-4
2,0.0,-0.027287815922090917,2.0,-0.027287815922090917,-0.8317326293053312,C-M-0006-L.21-M1744-4.2024-07-05-11-47.NL5RH,C-M-0006-L.21-M1744-4
2,1.0,0.9805995794738633,1.0,-0.019400420526136664,-0.5913248176366455,C-M-0006-L.21-M1744-4.2024-07-05-11-47.NL5RH,C-M-0006-L.21-M1744-4
3,0.0,-0.032772241851915254,3.0,-0.032772241851915254,-0.998897931646377,C-M-0006-L.21-M1744-4.2024-07-05-11-47.NL5RH,C-M-0006-L.21-M1744-4
3,1.0,0.9768022234970533,2.0,-0.023197776502946743,-0.7070682278098167,C-M-0006-L.21-M1744-4.2024-07-05-11-47.NL5RH,C-M-0006-L.21-M1744-4
3,2.0,1.9966203903001305,1.0,-0.0033796096998695013,-0.1030105036520224,C-M-0006-L.21-M1744-4.2024-07-05-11-47.NL5RH,C-M-0006-L.21-M1744-4
1,0.0,0.24608939346032788,1.0,0.24608939346032788,7.500804712670794,C-M-0006-L.21-M1744-4.2024-07-06-11-48.NL5RH,C-M-0006-L.21-M1744-4
2,0.0,0.23770437356510912,2.0,0.23770437356510912,7.245229306264526,C-M-0006-L.21-M1744-4.2024-07-06-11-48.NL5RH,C-M-0006-L.21-M1744-4
2,1.0,0.9897397786917739,1.0,-0.010260221308226125,-0.3127315454747323,C-M-0006-L.21-M1744-4.2024-07-06-11-48.NL5RH,C-M-0006-L.21-M1744-4
3,0.0,0.2122999169222338,3.0,0.2122999169222338,6.470901467789687,C-M-0006-L.21-M1744-4.2024-07-06-11-48.NL5RH,C-M-0006-L.21-M1744-4
3,1.0,0.9700988903990455,2.0,-0.02990110960095449,-0.9113858206370928,C-M-0006-L.21-M1744-4.2024-07-06-11-48.NL5RH,C-M-0006-L.21-M1744-4
3,2.0,1.9802433934786556,1.0,-0.019756606521344366,-0.6021813667705763,C-M-0006-L.21-M1744-4.2024-07-06-11-48.NL5RH,C-M-0006-L.21-M1744-4
1,0.0,-0.0068565853388190484,1.0,-0.0068565853388190484,-0.2089887211272046,C-M-0006-L.21-M1744-4.2024-07-07-11-48.NL5RH,C-M-0006-L.21-M1744-4
2,0.0,-0.02053802834666871,2.0,-0.02053802834666871,-0.6259991040064623,C-M-0006-L.21-M1744-4.2024-07-07-11-48.NL5RH,C-M-0006-L.21-M1744-4
2,1.0,0.986222885885708,1.0,-0.013777114114292055,-0.41992643820362185,C-M-0006-L.21-M1744-4.2024-07-07-11-48.NL5RH,C-M-0006-L.21-M1744-4
3,0.0,-0.03600814469117493,3.0,-0.03600814469117493,-1.0975282501870118,C-M-0006-L.21-M1744-4.2024-07-07-11-48.NL5RH,C-M-0006-L.21-M1744-4
3,1.0,0.9755148240170599,2.0,-0.02448517598294009,-0.7463081639600139,C-M-0006-L.21-M1744-4.2024-07-07-11-48.NL5RH,C-M-0006-L.21-M1744-4
3,2.0,1.9904544772436907,1.0,-0.009545522756309266,-0.2909475336123064,C-M-0006-L.21-M1744-4.2024-07-07-11-48.NL5RH,C-M-0006-L.21-M1744-4
1,0.0,-0.0024187928906008803,1.0,-0.0024187928906008803,-0.07372480730551483,C-M-0006-L.21-M1744-4.2024-07-08-11-48.NL5RH,C-M-0006-L.21-M1744-4
2,0.0,-0.0058021609079251845,2.0,-0.0058021609079251845,-0.17684986447355963,C-M-0006-L.21-M1744-4.2024-07-08-11-48.NL5RH,C-M-0006-L.21-M1744-4
2,1.0,0.9954251393909164,1.0,-0.004574860609083631,-0.13944175136486908,C-M-0006-L.21-M1744-4.2024-07-08-11-48.NL5RH,C-M-0006-L.21-M1744-4
3,0.0,-0.01977768073755652,3.0,-0.01977768073755652,-0.6028237088807228,C-M-0006-L.21-M1744-4.2024-07-08-11-48.NL5RH,C-M-0006-L.21-M1744-4
3,1.0,0.9849289043877243,2.0,-0.015071095612275709,-0.4593669942621636,C-M-0006-L.21-M1744-4.2024-07-08-11-48.NL5RH,C-M-0006-L.21-M1744-4
3,2.0,1.9870224261153804,1.0,-0.01297757388461962,-0.395556452003206,C-M-0006-L.21-M1744-4.2024-07-08-11-48.NL5RH,C-M-0006-L.21-M1744-4
1,0.0,-0.013164583758123053,1.0,-0.013164583758123053,-0.4012565129475906,C-M-0006-L.21-M1744-4.2024-07-09-11-49.NL5RH,C-M-0006-L.21-M1744-4
2,0.0,-0.031351871661360366,2.0,-0.031351871661360366,-0.955605048238264,C-M-0006-L.21-M1744-4.2024-07-09-11-49.NL5RH,C-M-0006-L.21-M1744-4
2,1.0,0.9817114998137613,1.0,-0.018288500186238732,-0.5574334856765566,C-M-0006-L.21-M1744-4.2024-07-09-11-49.NL5RH,C-M-0006-L.21-M1744-4
3,0.0,-0.060532959670845085,3.0,-0.060532959670845085,-1.8450446107673582,C-M-0006-L.21-M1744-4.2024-07-09-11-49.NL5RH,C-M-0006-L.21-M1744-4
3,1.0,0.9615517594104755,2.0,-0.03844824058952445,-1.1719023731687053,C-M-0006-L.21-M1744-4.2024-07-09-11-49.NL5RH,C-M-0006-L.21-M1744-4
3,2.0,1.9820544665779145,1.0,-0.01794553342208549,-0.5469798587051657,C-M-0006-L.21-M1744-4.2024-07-09-11-49.NL5RH,C-M-0006-L.21-M1744-4
1,0.0,-0.006132075173034953,1.0,-0.006132075173034953,-0.18690565127410538,C-M-0006-L.21-M1744-4.2024-07-10-11-49.NL5RH,C-M-0006-L.21-M1744-4
2,0.0,-0.02534652758989866,2.0,-0.02534652758989866,-0.7725621609401111,C-M-0006-L.21-M1744-4.2024-07-10-11-49.NL5RH,C-M-0006-L.21-M1744-4
2,1.0,0.9806390899014583,1.0,-0.019360910098541684,-0.5901205398035505,C-M-0006-L.21-M1744-4.2024-07-10-11-49.NL5RH,C-M-0006-L.21-M1744-4
3,0.0,-0.04492797900098293,3.0,-0.04492797900098293,-1.3694047999499597,C-M-0006-L.21-M1744-4.2024-07-10-11-49.NL5RH,C-M-0006-L.21-M1744-4
3,1.0,0.9670752290043847,2.0,-0.032924770995615305,-1.0035470199463545,C-M-0006-L.21-M1744-4.2024-07-10-11-49.NL5RH,C-M-0006-L.21-M1744-4
3,2.0,1.9879248613675535,1.0,-0.01207513863244647,-0.36805022551696837,C-M-0006-L.21-M1744-4.2024-07-10-11-49.NL5RH,C-M-0006-L.21-M1744-4
1,0.0,-0.02321829308933247,1.0,-0.02321829308933247,-0.7076935733628537,C-M-0006-L.21-M1744-4.2024-07-11-11-54.NL5RH,C-M-0006-L.21-M1744-4
2,0.0,-0.029167229920660752,2.0,-0.029167229920660752,-0.8890171679817397,C-M-0006-L.21-M1744-4.2024-07-11-11-54.NL5RH,C-M-0006-L.21-M1744-4
2,1.0,0.993360354362193,1.0,-0.006639645637806946,-0.2023763990403557,C-M-0006-L.21-M1744-4.2024-07-11-11-54.NL5RH,C-M-0006-L.21-M1744-4
3,0.0,-0.051863654972331766,3.0,-0.051863654972331766,-1.5808042035566723,C-M-0006-L.21-M1744-4.2024-07-11-11-54.NL5RH,C-M-0006-L.21-M1744-4
3,1.0,0.9772347451849429,2.0,-0.02276525481505709,-0.6938849667629401,C-M-0006-L.21-M1744-4.2024-07-11-11-54.NL5RH,C-M-0006-L.21-M1744-4
3,2.0,1.983750729301627,1.0,-0.01624927069837301,-0.4952777708864093,C-M-0006-L.21-M1744-4.2024-07-11-11-54.NL5RH,C-M-0006-L.21-M1744-4
1,0.0,0.030897956336356804,1.0,0.030897956336356804,0.9417697091321554,C-M-0006-L.21-M1744-4.2024-07-12-11-54.NL5RH,C-M-0006-L.21-M1744-4
2,0.0,0.024710831459677732,2.0,0.024710831459677732,0.7531861428909773,C-M-0006-L.21-M1744-4.2024-07-12-11-54.NL5RH,C-M-0006-L.21-M1744-4
2,1.0,0.9929690162043203,1.0,-0.0070309837956796795,-0.21430438609231664,C-M-0006-L.21-M1744-4.2024-07-12-11-54.NL5RH,C-M-0006-L.21-M1744-4
3,0.0,-0.0007243279755264547,3.0,-0.0007243279755264547,-0.02207751669404634,C-M-0006-L.21-M1744-4.2024-07-12-11-54.NL5RH,C-M-0006-L.21-M1744-4
3,1.0,0.9745958187349534,2.0,-0.02540418126504662,-0.774319444958621,C-M-0006-L.21-M1744-4.2024-07-12-11-54.NL5RH,C-M-0006-L.21-M1744-4
3,2.0,1.9814957554477683,1.0,-0.018504244552231652,-0.5640093739520208,C-M-0006-L.21-M1744-4.2024-07-12-11-54.NL5RH,C-M-0006-L.21-M1744-4
1,0.0,0.05050118967088314,1.0,0.05050118967088314,1.5392762611685182,C-M-0006-L.21-M1744-4.2024-07-13-11-55.NL5RH,C-M-0006-L.21-M1744-4
2,0.0,0.042940271550248404,2.0,0.042940271550248404,1.3088194768515713,C-M-0006-L.21-M1744-4.2024-07-13-11-55.NL5RH,C-M-0006-L.21-M1744-4
2,1.0,0.9913502861238073,1.0,-0.008649713876192733,-0.2636432789463545,C-M-0006-L.21-M1744-4.2024-07-13-11-55.NL5RH,C-M-0006-L.21-M1744-4
3,0.0,0.018153696926857543,3.0,0.018153696926857543,0.5533246823306179,C-M-0006-L.21-M1744-4.2024-07-13-11-55.NL5RH,C-M-0006-L.21-M1744-4
3,1.0,0.973333404032861,2.0,-0.02666659596713905,-0.8127978450783983,C-M-0006-L.21-M1744-4.2024-07-13-11-55.NL5RH,C-M-0006-L.21-M1744-4
3,2.0,1.981862136025637,1.0,-0.01813786397436301,-0.5528420939385846,C-M-0006-L.21-M1744-4.2024-07-13-11-55.NL5RH,C-M-0006-L.21-M1744-4
1,0.0,-0.006200151385225122,1.0,-0.006200151385225122,-0.1889806142216617,C-M-0006-L.21-M1744-4.2024-07-14-11-55.NL5RH,C-M-0006-L.21-M1744-4
2,0.0,-0.02043461906395132,2.0,-0.02043461906395132,-0.6228471890692363,C-M-0006-L.21-M1744-4.2024-07-14-11-55.NL5RH,C-M-0006-L.21-M1744-4
2,1.0,0.9840265372626448,1.0,-0.015973462737355226,-0.4868711442345873,C-M-0006-L.21-M1744-4.2024-07-14-11-55.NL5RH,C-M-0006-L.21-M1744-4
3,0.0,-0.03902725973165592,3.0,-0.03902725973165592,-1.1895508766208724,C-M-0006-L.21-M1744-4.2024-07-14-11-55.NL5RH,C-M-0006-L.21-M1744-4
3,1.0,0.9707336611454286,2.0,-0.029266338854571416,-0.8920380082873368,C-M-0006-L.21-M1744-4.2024-07-14-11-55.NL5RH,C-M-0006-L.21-M1744-4
3,2.0,1.9866402291097651,1.0,-0.013359770890234879,-0.4072058167343591,C-M-0006-L.21-M1744-4.2024-07-14-11-55.NL5RH,C-M-0006-L.21-M1744-4
1,0.0,-0.00793037817141604,1.0,-0.00793037817141604,-0.24171792666476088,C-M-0006-L.21-M1744-4.2024-07-15-11-34.NL5RH,C-M-0006-L.21-M1744-4
2,0.0,-0.01563099055020088,2.0,-0.01563099055020088,-0.4764325919701228,C-M-0006-L.21-M1744-4.2024-07-15-11-34.NL5RH,C-M-0006-L.21-M1744-4
2,1.0,0.9913596834826862,1.0,-0.008640316517313784,-0.26335684744772414,C-M-0006-L.21-M1744-4.2024-07-15-11-34.NL5RH,C-M-0006-L.21-M1744-4
3,0.0,-0.034010386996289,3.0,-0.034010386996289,-1.0366365956468888,C-M-0006-L.21-M1744-4.2024-07-15-11-34.NL5RH,C-M-0006-L.21-M1744-4
3,1.0,0.9782358519665527,2.0,-0.021764148033447284,-0.6633712320594732,C-M-0006-L.21-M1744-4.2024-07-15-11-34.NL5RH,C-M-0006-L.21-M1744-4
3,2.0,1.9867783649259398,1.0,-0.013221635074060156,-0.4029954370573536,C-M-0006-L.21-M1744-4.2024-07-15-11-34.NL5RH,C-M-0006-L.21-M1744-4
1,0.0,0.02944453457389368,1.0,0.02944453457389368,0.8974694138122794,C-M-0006-L.21-M1744-4.2024-07-16-11-33.NL5RH,C-M-0006-L.21-M1744-4
2,0.0,0.1863922870348741,2.0,0.1863922870348741,5.681236908822963,C-M-0006-L.21-M1744-4.2024-07-16-11-33.NL5RH,C-M-0006-L.21-M1744-4
2,1.0,1.2008568937893795,1.0,0.20085689378937954,6.1221181227002885,C-M-0006-L.21-M1744-4.2024-07-16-11-33.NL5RH,C-M-0006-L.21-M1744-4
3,0.0,-0.005119911153342298,3.0,-0.005119911153342298,-0.15605489195387323,C-M-0006-L.21-M1744-4.2024-07-16-11-33.NL5RH,C-M-0006-L.21-M1744-4
3,1.0,1.0629535642142403,2.0,0.06295356421424025,1.918824637250043,C-M-0006-L.21-M1744-4.2024-07-16-11-33.NL5RH,C-M-0006-L.21-M1744-4
3,2.0,1.8367021337604443,1.0,-0.16329786623955567,-4.9773189629816565,C-M-0006-L.21-M1744-4.2024-07-16-11-33.NL5RH,C-M-0006-L.21-M1744-4
1,0.0,-0.0039235026665454115,1.0,-0.0039235026665454115,-0.11958836127630414,C-M-0006-L.21-M1744-4.2024-07-17-11-33.NL5RH,C-M-0006-L.21-M1744-4
2,0.0,-0.022933484410860988,2.0,-0.022933484410860988,-0.699012604843043,C-M-0006-L.21-M1744-4.2024-07-17-11-33.NL5RH,C-M-0006-L.21-M1744-4
2,1.0,0.9808028913912733,1.0,-0.0191971086087267,-0.5851278703939897,C-M-0006-L.21-M1744-4.2024-07-17-11-33.NL5RH,C-M-0006-L.21-M1744-4
3,0.0,-0.03956994715718163,3.0,-0.03956994715718163,-1.2060919893508961,C-M-0006-L.21-M1744-4.2024-07-17-11-33.NL5RH,C-M-0006-L.21-M1744-4
3,1.0,0.9692678292823655,2.0,-0.030732170717634455,-0.9367165634734982,C-M-0006-L.21-M1744-4.2024-07-17-11-33.NL5RH,C-M-0006-L.21-M1744-4
3,2.0,1.9897176258971303,1.0,-0.010282374102869696,-0.31340676265546835,C-M-0006-L.21-M1744-4.2024-07-17-11-33.NL5RH,C-M-0006-L.21-M1744-4
1,0.0,-0.004144268773539011,1.0,-0.004144268773539011,-0.12631731221746906,C-M-0006-L.21-M1744-4.2024-07-18-11-33.NL5RH,C-M-0006-L.21-M1744-4
2,0.0,0.01550917328472182,2.0,0.01550917328472182,0.47271960171832106,C-M-0006-L.21-M1744-4.2024-07-18-11-33.NL5RH,C-M-0006-L.21-M1744-4
2,1.0,1.0221870816368932,1.0,0.022187081636893202,0.6762622482925048,C-M-0006-L.21-M1744-4.2024-07-18-11-33.NL5RH,C-M-0006-L.21-M1744-4
3,0.0,0.0026778476235859855,3.0,0.0026778476235859855,0.08162079556690084,C-M-0006-L.21-M1744-4.2024-07-18-11-33.NL5RH,C-M-0006-L.21-M1744-4
3,1.0,1.0130398320965255,2.0,0.013039832096525483,0.3974540823020967,C-M-0006-L.21-M1744-4.2024-07-18-11-33.NL5RH,C-M-0006-L.21-M1744-4
3,2.0,1.9906719447819927,1.0,-0.00932805521800728,-0.2843191230448619,C-M-0006-L.21-M1744-4.2024-07-18-11-33.NL5RH,C-M-0006-L.21-M1744-4
1,0.0,-0.3127694096306699,1.0,-0.3127694096306699,-9.533211605542819,C-M-0006-L.21-M1744-4.2024-07-19-11-35.NL5RH,C-M-0006-L.21-M1744-4
2,0.0,-0.7216990190777831,2.0,-0.7216990190777831,-21.99738610149083,C-M-0006-L.21-M1744-4.2024-07-19-11-35.NL5RH,C-M-0006-L.21-M1744-4
2,1.0,0.47934663110478226,1.0,-0.5206533688952177,-15.869514683926237,C-M-0006-L.21-M1744-4.2024-07-19-11-35.NL5RH,C-M-0006-L.21-M1744-4
3,0.0,-1.0793180669921332,3.0,-1.0793180669921332,-32.89761468192022,C-M-0006-L.21-M1744-4.2024-07-19-11-35.NL5RH,C-M-0006-L.21-M1744-4
3,1.0,0.21434922952314497,2.0,-0.785650770476855,-23.946635484134543,C-M-0006-L.21-M1744-4.2024-07-19-11-35.NL5RH,C-M-0006-L.21-M1744-4
3,2.0,1.6993545731517776,1.0,-0.3006454268482224,-9.163672610333817,C-M-0006-L.21-M1744-4.2024-07-19-11-35.NL5RH,C-M-0006-L.21-M1744-4
1,0.0,-0.014792351675440124,1.0,-0.014792351675440124,-0.450870879067415,C-M-0006-L.21-M1744-4.2024-07-20-11-34.NL5RH,C-M-0006-L.21-M1744-4
2,0.0,-0.028692503699394127,2.0,-0.028692503699394127,-0.874547512757533,C-M-0006-L.21-M1744-4.2024-07-20-11-34.NL5RH,C-M-0006-L.21-M1744-4
2,1.0,0.9876054511744636,1.0,-0.012394548825536367,-0.37778584820234845,C-M-0006-L.21-M1744-4.2024-07-20-11-34.NL5RH,C-M-0006-L.21-M1744-4
3,0.0,-0.03432732120454834,3.0,-0.03432732120454834,-1.0462967503146334,C-M-0006-L.21-M1744-4.2024-07-20-11-34.NL5RH,C-M-0006-L.21-M1744-4
3,1.0,0.9838623830448429,2.0,-0.01613761695515714,-0.4918745647931897,C-M-0006-L.21-M1744-4.2024-07-20-11-34.NL5RH,C-M-0006-L.21-M1744-4
3,2.0,1.997081870197815,1.0,-0.0029181298021849766,-0.0889445963705981,C-M-0006-L.21-M1744-4.2024-07-20-11-34.NL5RH,C-M-0006-L.21-M1744-4
1,0.0,-0.01093007509529093,1.0,-0.01093007509529093,-0.3331486889044676,C-M-0006-L.21-M1744-4.2024-07-21-11-34.NL5RH,C-M-0006-L.21-M1744-4
2,0.0,-0.02233595181241227,2.0,-0.02233595181241227,-0.680799811242326,C-M-0006-L.21-M1744-4.2024-07-21-11-34.NL5RH,C-M-0006-L.21-M1744-4
2,1.0,0.9898028812899778,1.0,-0.010197118710022157,-0.31080817828147533,C-M-0006-L.21-M1744-4.2024-07-21-11-34.NL5RH,C-M-0006-L.21-M1744-4
3,0.0,-0.035558337429256785,3.0,-0.035558337429256785,-1.0838181248437468,C-M-0006-L.21-M1744-4.2024-07-21-11-34.NL5RH,C-M-0006-L.21-M1744-4
3,1.0,0.9810087417751123,2.0,-0.018991258224887675,-0.5788535506945763,C-M-0006-L.21-M1744-4.2024-07-21-11-34.NL5RH,C-M-0006-L.21-M1744-4
3,2.0,1.9931335919053372,1.0,-0.006866408094662768,-0.2092881187253212,C-M-0006-L.21-M1744-4.2024-07-21-11-34.NL5RH,C-M-0006-L.21-M1744-4
1,0.0,-0.017599523366800093,1.0,-0.017599523366800093,-0.5364334722200669,C-M-0006-L.21-M1744-4.2024-07-22-11-35.NL5RH,C-M-0006-L.21-M1744-4
2,0.0,-0.039014805729415854,2.0,-0.039014805729415854,-1.1891712786325952,C-M-0006-L.21-M1744-4.2024-07-22-11-35.NL5RH,C-M-0006-L.21-M1744-4
2,1.0,0.9809386353861277,1.0,-0.01906136461387231,-0.580990393430828,C-M-0006-L.21-M1744-4.2024-07-22-11-35.NL5RH,C-M-0006-L.21-M1744-4
3,0.0,-0.0321899140375639,3.0,-0.0321899140375639,-0.9811485798649477,C-M-0006-L.21-M1744-4.2024-07-22-11-35.NL5RH,C-M-0006-L.21-M1744-4
3,1.0,0.9854714137239862,2.0,-0.014528586276013833,-0.44283130969290163,C-M-0006-L.21-M1744-4.2024-07-22-11-35.NL5RH,C-M-0006-L.21-M1744-4
3,2.0,2.0035290444727196,1.0,0.0035290444727196224,0.1075652755284941,C-M-0006-L.21-M1744-4.2024-07-22-11-35.NL5RH,C-M-0006-L.21-M1744-4
1,0.0,-0.027018959305654233,1.0,-0.027018959305654233,-0.8235378796363411,C-M-0006-L.21-M1744-4.2024-07-23-11-56.NL5RH,C-M-0006-L.21-M1744-4
2,0.0,-0.04837180539126342,2.0,-0.04837180539126342,-1.474372628325709,C-M-0006-L.21-M1744-4.2024-07-23-11-56.NL5RH,C-M-0006-L.21-M1744-4
2,1.0,0.978632812038836,1.0,-0.02136718796116399,-0.6512718890562784,C-M-0006-L.21-M1744-4.2024-07-23-11-56.NL5RH,C-M-0006-L.21-M1744-4
3,0.0,-0.07668379400003125,3.0,-0.07668379400003125,-2.3373220411209528,C-M-0006-L.21-M1744-4.2024-07-23-11-56.NL5RH,C-M-0006-L.21-M1744-4
3,1.0,0.9591567522595348,2.0,-0.040843247740465216,-1.2449021911293798,C-M-0006-L.21-M1744-4.2024-07-23-11-56.NL5RH,C-M-0006-L.21-M1744-4
3,2.0,1.9826739060319631,1.0,-0.01732609396803686,-0.5280993441457635,C-M-0006-L.21-M1744-4.2024-07-23-11-56.NL5RH,C-M-0006-L.21-M1744-4
1,0.0,0.10552632837896646,1.0,0.10552632837896646,3.216442488990898,C-M-0006-L.21-M1744-4.2024-07-24-11-56.NL5RH,C-M-0006-L.21-M1744-4
2,0.0,0.1172675715648202,2.0,0.1172675715648202,3.57431558129572,C-M-0006-L.21-M1744-4.2024-07-24-11-56.NL5RH,C-M-0006-L.21-M1744-4
2,1.0,1.0069856266496586,1.0,0.006985626649658627,0.21292190028159497,C-M-0006-L.21-M1744-4.2024-07-24-11-56.NL5RH,C-M-0006-L.21-M1744-4
1,0.0,-0.005552380605551992,1.0,-0.005552380605551992,-0.16923656085722472,C-M-0006-L.21-M1744-4.2024-07-25-11-57.NL5RH,C-M-0006-L.21-M1744-4
2,0.0,-0.0290859947427608,2.0,-0.0290859947427608,-0.8865411197593492,C-M-0006-L.21-M1744-4.2024-07-25-11-57.NL5RH,C-M-0006-L.21-M1744-4
2,1.0,0.9816107702733754,1.0,-0.0183892297266246,-0.5605037220675179,C-M-0006-L.21-M1744-4.2024-07-25-11-57.NL5RH,C-M-0006-L.21-M1744-4
3,0.0,-0.026353722518642188,3.0,-0.026353722518642188,-0.8032614623682139,C-M-0006-L.21-M1744-4.2024-07-25-11-57.NL5RH,C-M-0006-L.21-M1744-4
3,1.0,0.9833485357542316,2.0,-0.016651464245768355,-0.5075366302110195,C-M-0006-L.21-M1744-4.2024-07-25-11-57.NL5RH,C-M-0006-L.21-M1744-4
3,2.0,2.0011581162907697,1.0,0.001158116290769673,0.03529938454265963,C-M-0006-L.21-M1744-4.2024-07-25-11-57.NL5RH,C-M-0006-L.21-M1744-4
1,0.0,-0.004938557919471319,1.0,-0.004938557919471319,-0.15052724538548581,C-M-0006-L.21-M1744-4.2024-07-26-11-56.NL5RH,C-M-0006-L.21-M1744-4
2,0.0,-0.021363773234987435,2.0,-0.021363773234987435,-0.651167808202417,C-M-0006-L.21-M1744-4.2024-07-26-11-56.NL5RH,C-M-0006-L.21-M1744-4
2,1.0,0.9890138341558071,1.0,-0.010986165844192874,-0.3348583349309988,C-M-0006-L.21-M1744-4.2024-07-26-11-56.NL5RH,C-M-0006-L.21-M1744-4
3,0.0,-0.02217849107983705,3.0,-0.02217849107983705,-0.6760004081134333,C-M-0006-L.21-M1744-4.2024-07-26-11-56.NL5RH,C-M-0006-L.21-M1744-4
3,1.0,0.9885261575913269,2.0,-0.011473842408673107,-0.3497227166163563,C-M-0006-L.21-M1744-4.2024-07-26-11-56.NL5RH,C-M-0006-L.21-M1744-4
3,2.0,1.9997297796292834,1.0,-0.00027022037071655625,-0.008236316899440635,C-M-0006-L.21-M1744-4.2024-07-26-11-56.NL5RH,C-M-0006-L.21-M1744-4
1,0.0,0.0028959891801960433,1.0,0.0028959891801960433,0.0882697502123754,C-M-0006-L.21-M1744-4.2024-07-27-11-58.NL5RH,C-M-0006-L.21-M1744-4
2,0.0,-0.005500797686466115,2.0,-0.005500797686466115,-0.16766431348348718,C-M-0006-L.21-M1744-4.2024-07-27-11-58.NL5RH,C-M-0006-L.21-M1744-4
2,1.0,0.990543319881554,1.0,-0.009456680118446026,-0.28823961001023485,C-M-0006-L.21-M1744-4.2024-07-27-11-58.NL5RH,C-M-0006-L.21-M1744-4
3,0.0,-0.02248586880435339,3.0,-0.02248586880435339,-0.6853692811566913,C-M-0006-L.21-M1744-4.2024-07-27-11-58.NL5RH,C-M-0006-L.21-M1744-4
3,1.0,0.978373375116612,2.0,-0.021626624883387957,-0.6591795264456649,C-M-0006-L.21-M1744-4.2024-07-27-11-58.NL5RH,C-M-0006-L.21-M1744-4
3,2.0,1.98774129960742,1.0,-0.012258700392580035,-0.37364518796583945,C-M-0006-L.21-M1744-4.2024-07-27-11-58.NL5RH,C-M-0006-L.21-M1744-4
1,0.0,0.0019357894117974538,1.0,0.0019357894117974538,0.059002861271586396,C-M-0006-L.21-M1744-4.2024-07-28-11-56.NL5RH,C-M-0006-L.21-M1744-4
2,0.0,-0.003170088948350957,2.0,-0.003170088948350957,-0.09662431114573716,C-M-0006-L.21-M1744-4.2024-07-28-11-56.NL5RH,C-M-0006-L.21-M1744-4
2,1.0,0.9965727453955292,1.0,-0.0034272546044707974,-0.10446272034426991,C-M-0006-L.21-M1744-4.2024-07-28-11-56.NL5RH,C-M-0006-L.21-M1744-4
3,0.0,0.005515080724131497,3.0,0.005515080724131497,0.16809966047152805,C-M-0006-L.21-M1744-4.2024-07-28-11-56.NL5RH,C-M-0006-L.21-M1744-4
3,1.0,1.0017956152901868,2.0,0.0017956152901867917,0.05473035404489341,C-M-0006-L.21-M1744-4.2024-07-28-11-56.NL5RH,C-M-0006-L.21-M1744-4
3,2.0,2.002915566627161,1.0,0.0029155666271609704,0.08886647079586638,C-M-0006-L.21-M1744-4.2024-07-28-11-56.NL5RH,C-M-0006-L.21-M1744-4
1,0.0,-0.0070130608124335655,1.0,-0.0070130608124335655,-0.2137580935629751,C-M-0006-L.21-M1744-4.2024-07-29-11-56.NL5RH,C-M-0006-L.21-M1744-4
2,0.0,0.001603890255229827,2.0,0.001603890255229827,0.04888657497940513,C-M-0006-L.21-M1744-4.2024-07-29-11-56.NL5RH,C-M-0006-L.21-M1744-4
2,1.0,1.008715516126128,1.0,0.008715516126128087,0.26564893152438407,C-M-0006-L.21-M1744-4.2024-07-29-11-56.NL5RH,C-M-0006-L.21-M1744-4
3,0.0,-0.05112566298398766,3.0,-0.05112566298398766,-1.5583102077519437,C-M-0006-L.21-M1744-4.2024-07-29-11-56.NL5RH,C-M-0006-L.21-M1744-4
3,1.0,0.972317394310649,2.0,-0.027682605689350992,-0.8437658214114182,C-M-0006-L.21-M1744-4.2024-07-29-11-56.NL5RH,C-M-0006-L.21-M1744-4
3,2.0,1.9673290046094472,1.0,-0.03267099539055285,-0.9958119395040508,C-M-0006-L.21-M1744-4.2024-07-29-11-56.NL5RH,C-M-0006-L.21-M1744-4
1,0.0,-0.011016096143858532,1.0,-0.011016096143858532,-0.33577061046480805,C-M-0006-L.21-M1744-4.2024-07-30-11-56.NL5RH,C-M-0006-L.21-M1744-4
2,0.0,-0.02673881257144557,2.0,-0.02673881257144557,-0.8149990071776609,C-M-0006-L.21-M1744-4.2024-07-30-11-56.NL5RH,C-M-0006-L.21-M1744-4
2,1.0,0.9895169175296404,1.0,-0.010483082470359562,-0.31952435369655946,C-M-0006-L.21-M1744-4.2024-07-30-11-56.NL5RH,C-M-0006-L.21-M1744-4
3,0.0,0.003953412512528897,3.0,0.003953412512528897,0.12050001338188078,C-M-0006-L.21-M1744-4.2024-07-30-11-56.NL5RH,C-M-0006-L.21-M1744-4
3,1.0,1.0078710393339363,2.0,0.007871039333936292,0.23990927889837818,C-M-0006-L.21-M1744-4.2024-07-30-11-56.NL5RH,C-M-0006-L.21-M1744-4
3,2.0,2.0102032983711124,1.0,0.010203298371112446,0.31099653435150737,C-M-0006-L.21-M1744-4.2024-07-30-11-56.NL5RH,C-M-0006-L.21-M1744-4
1,0.0,-0.005591134243780814,1.0,-0.005591134243780814,-0.17041777175043923,C-M-0006-L.21-M1744-4.2024-07-31-11-57.NL5RH,C-M-0006-L.21-M1744-4
2,0.0,-0.024920587022142754,2.0,-0.024920587022142754,-0.7595794924349112,C-M-0006-L.21-M1744-4.2024-07-31-11-57.NL5RH,C-M-0006-L.21-M1744-4
2,1.0,0.9805085320576848,1.0,-0.019491467942315155,-0.5940999428817659,C-M-0006-L.21-M1744-4.2024-07-31-11-57.NL5RH,C-M-0006-L.21-M1744-4
3,0.0,-0.04626423149750015,3.0,-0.04626423149750015,-1.4101337760438046,C-M-0006-L.21-M1744-4.2024-07-31-11-57.NL5RH,C-M-0006-L.21-M1744-4
3,1.0,0.9657215545925398,2.0,-0.03427844540746017,-1.0448070160193859,C-M-0006-L.21-M1744-4.2024-07-31-11-57.NL5RH,C-M-0006-L.21-M1744-4
3,2.0,1.9868365240731412,1.0,-0.013163475926858847,-0.4012227462506577,C-M-0006-L.21-M1744-4.2024-07-31-11-57.NL5RH,C-M-0006-L.21-M1744-4
1,0.0,-0.00407504389421176,1.0,-0.00407504389421176,-0.12420733789557444,C-M-0006-L.21-M1744-4.2024-08-01-11-57.NL5RH,C-M-0006-L.21-M1744-4
2,0.0,0.011999976378342297,2.0,0.011999976378342297,0.36575928001187324,C-M-0006-L.21-M1744-4.2024-08-01-11-57.NL5RH,C-M-0006-L.21-M1744-4
2,1.0,1.0144405762107307,1.0,0.014440576210730693,0.44014876290307153,C-M-0006-L.21-M1744-4.2024-08-01-11-57.NL5RH,C-M-0006-L.21-M1744-4
3,0.0,-0.022737383092506044,3.0,-0.022737383092506044,-0.6930354366595842,C-M-0006-L.21-M1744-4.2024-08-01-11-57.NL5RH,C-M-0006-L.21-M1744-4
3,1.0,0.9913280190158359,2.0,-0.008671980984164107,-0.26432198039732197,C-M-0006-L.21-M1744-4.2024-08-01-11-57.NL5RH,C-M-0006-L.21-M1744-4
3,2.0,1.9818024995463341,1.0,-0.01819750045366586,-0.5546598138277354,C-M-0006-L.21-M1744-4.2024-08-01-11-57.NL5RH,C-M-0006-L.21-M1744-4
1,0.0,-0.02840975294312253,1.0,-0.02840975294312253,-0.8659292697063747,C-M-0006-L.21-M1744-4.2024-08-02-11-58.NL5RH,C-M-0006-L.21-M1744-4
2,0.0,-0.06878079285198194,2.0,-0.06878079285198194,-2.0964385661284095,C-M-0006-L.21-M1744-4.2024-08-02-11-58.NL5RH,C-M-0006-L.21-M1744-4
2,1.0,0.9597397661034818,1.0,-0.04026023389651823,-1.2271319291658755,C-M-0006-L.21-M1744-4.2024-08-02-11-58.NL5RH,C-M-0006-L.21-M1744-4
3,0.0,-0.2028360450975897,3.0,-0.2028360450975897,-6.182442654574534,C-M-0006-L.21-M1744-4.2024-08-02-11-58.NL5RH,C-M-0006-L.21-M1744-4
3,1.0,0.8677028874707456,2.0,-0.13229711252925436,-4.032415989891673,C-M-0006-L.21-M1744-4.2024-08-02-11-58.NL5RH,C-M-0006-L.21-M1744-4
3,2.0,1.9193151246665918,1.0,-0.08068487533340818,-2.459275000162281,C-M-0006-L.21-M1744-4.2024-08-02-11-58.NL5RH,C-M-0006-L.21-M1744-4
1,0.0,-0.02419089379619901,1.0,-0.02419089379619901,-0.7373384429081459,C-M-0006-L.21-M1744-4.2024-08-03-11-57.NL5RH,C-M-0006-L.21-M1744-4
2,0.0,-0.07086068993047422,2.0,-0.07086068993047422,-2.159833829080854,C-M-0006-L.21-M1744-4.2024-08-03-11-57.NL5RH,C-M-0006-L.21-M1744-4
2,1.0,0.9534499220839764,1.0,-0.04655007791602361,-1.4188463748803997,C-M-0006-L.21-M1744-4.2024-08-03-11-57.NL5RH,C-M-0006-L.21-M1744-4
3,0.0,-0.21351390996865932,3.0,-0.21351390996865932,-6.507903975844736,C-M-0006-L.21-M1744-4.2024-08-03-11-57.NL5RH,C-M-0006-L.21-M1744-4
3,1.0,0.8553598975022282,2.0,-0.14464010249777182,-4.408630324132085,C-M-0006-L.21-M1744-4.2024-08-03-11-57.NL5RH,C-M-0006-L.21-M1744-4
3,2.0,1.9143290069753864,1.0,-0.08567099302461356,-2.611251867390221,C-M-0006-L.21-M1744-4.2024-08-03-11-57.NL5RH,C-M-0006-L.21-M1744-4
1,0.0,-0.0039274631221985915,1.0,-0.0039274631221985915,-0.11970907596461307,C-M-0006-L.21-M1744-4.2024-08-04-11-58.NL5RH,C-M-0006-L.21-M1744-4
2,0.0,0.0042225531061177895,2.0,0.0042225531061177895,0.12870341867447022,C-M-0006-L.21-M1744-4.2024-08-04-11-58.NL5RH,C-M-0006-L.21-M1744-4
2,1.0,1.004541647628895,1.0,0.004541647628895085,0.1384294197287222,C-M-0006-L.21-M1744-4.2024-08-04-11-58.NL5RH,C-M-0006-L.21-M1744-4
1,0.0,-0.006616128048975872,1.0,-0.006616128048975872,-0.20165958293278458,C-M-0006-L.21-M1744-4.2024-08-05-11-58.NL5RH,C-M-0006-L.21-M1744-4
2,0.0,0.0276070274679503,2.0,0.0276070274679503,0.8414621972231251,C-M-0006-L.21-M1744-4.2024-08-05-11-58.NL5RH,C-M-0006-L.21-M1744-4
2,1.0,1.019079023532622,1.0,0.01907902353262192,0.5815286372743161,C-M-0006-L.21-M1744-4.2024-08-05-11-58.NL5RH,C-M-0006-L.21-M1744-4
1,0.0,0.02122807653885887,1.0,0.02122807653885887,0.6470317729044184,C-M-0006-L.21-M1744-4.2024-08-06-11-59.NL5RH,C-M-0006-L.21-M1744-4
2,0.0,0.12184809913648188,2.0,0.12184809913648188,3.7139300616799678,C-M-0006-L.21-M1744-4.2024-08-06-11-59.NL5RH,C-M-0006-L.21-M1744-4
2,1.0,1.1041483282263624,1.0,0.10414832822636244,3.1744410443395275,C-M-0006-L.21-M1744-4.2024-08-06-11-59.NL5RH,C-M-0006-L.21-M1744-4
3,0.0,0.49918173655497394,3.0,0.49918173655497394,15.215059330195606,C-M-0006-L.21-M1744-4.2024-08-06-11-59.NL5RH,C-M-0006-L.21-M1744-4
3,1.0,1.3681095975012942,2.0,0.36810959750129424,11.219980531839449,C-M-0006-L.21-M1744-4.2024-08-06-11-59.NL5RH,C-M-0006-L.21-M1744-4
3,2.0,2.2546763750794536,1.0,0.2546763750794536,7.762535912421747,C-M-0006-L.21-M1744-4.2024-08-06-11-59.NL5RH,C-M-0006-L.21-M1744-4
1,0.0,-0.003127827890826468,1.0,-0.003127827890826468,-0.09533619411239073,C-M-0006-L.21-M1744-4.2024-08-07-11-58.NL5RH,C-M-0006-L.21-M1744-4
2,0.0,0.017826003764117068,2.0,0.017826003764117068,0.5433365947302883,C-M-0006-L.21-M1744-4.2024-08-07-11-58.NL5RH,C-M-0006-L.21-M1744-4
2,1.0,1.0116900950461323,1.0,0.011690095046132276,0.3563140970061118,C-M-0006-L.21-M1744-4.2024-08-07-11-58.NL5RH,C-M-0006-L.21-M1744-4
1,0.0,-0.1331534833101845,1.0,-0.1331534833101845,-4.058518171294423,C-M-0006-L.21-M1744-4.2024-08-08-11-34.NL5RH,C-M-0006-L.21-M1744-4
2,0.0,-0.12597098680303834,2.0,-0.12597098680303834,-3.8395956777566087,C-M-0006-L.21-M1744-4.2024-08-08-11-34.NL5RH,C-M-0006-L.21-M1744-4
2,1.0,1.004511135560556,1.0,0.0045111355605560455,0.13749941188574827,C-M-0006-L.21-M1744-4.2024-08-08-11-34.NL5RH,C-M-0006-L.21-M1744-4
3,0.0,-0.13683253676772217,3.0,-0.13683253676772217,-4.1706557206801715,C-M-0006-L.21-M1744-4.2024-08-08-11-34.NL5RH,C-M-0006-L.21-M1744-4
3,1.0,0.9983604721794663,2.0,-0.0016395278205336705,-0.04997280796986628,C-M-0006-L.21-M1744-4.2024-08-08-11-34.NL5RH,C-M-0006-L.21-M1744-4
3,2.0,1.9965614666982092,1.0,-0.0034385333017907804,-0.10480649503858298,C-M-0006-L.21-M1744-4.2024-08-08-11-34.NL5RH,C-M-0006-L.21-M1744-4
1,0.0,-0.019404868959636168,1.0,-0.019404868959636168,-0.5914604058897104,C-M-0006-L.21-M1744-4.2024-08-09-11-04.NL5RH,C-M-0006-L.21-M1744-4
2,0.0,-0.14015372027617873,2.0,-0.14015372027617873,-4.271885394017928,C-M-0006-L.21-M1744-4.2024-08-09-11-04.NL5RH,C-M-0006-L.21-M1744-4
2,1.0,0.8807528560029063,1.0,-0.11924714399709369,-3.6346529490314157,C-M-0006-L.21-M1744-4.2024-08-09-11-04.NL5RH,C-M-0006-L.21-M1744-4
3,0.0,-0.6599413690694249,3.0,-0.6599413690694249,-20.115012929236073,C-M-0006-L.21-M1744-4.2024-08-09-11-04.NL5RH,C-M-0006-L.21-M1744-4
3,1.0,0.5244834971790588,2.0,-0.47551650282094116,-14.493743005982287,C-M-0006-L.21-M1744-4.2024-08-09-11-04.NL5RH,C-M-0006-L.21-M1744-4
3,2.0,1.7044014217837915,1.0,-0.2955985782162085,-9.009844664030036,C-M-0006-L.21-M1744-4.2024-08-09-11-04.NL5RH,C-M-0006-L.21-M1744-4
1,0.0,0.029479510801244672,1.0,0.029479510801244672,0.8985354892219376,C-M-0006-R.21-M1744-4.2024-06-28-11-33.NGGJK,C-M-0006-R.21-M1744-4
2,0.0,-0.005123119462044641,2.0,-0.005123119462044641,-0.15615268120312065,C-M-0006-R.21-M1744-4.2024-06-28-11-33.NGGJK,C-M-0006-R.21-M1744-4
2,1.0,0.9409931101352745,1.0,-0.059006889864725465,-1.798530003076832,C-M-0006-R.21-M1744-4.2024-06-28-11-33.NGGJK,C-M-0006-R.21-M1744-4
3,0.0,-0.01852211320269896,3.0,-0.01852211320269896,-0.5645540104182644,C-M-0006-R.21-M1744-4.2024-06-28-11-33.NGGJK,C-M-0006-R.21-M1744-4
3,1.0,0.9302498044496863,2.0,-0.0697501955503137,-2.1259859603735616,C-M-0006-R.21-M1744-4.2024-06-28-11-33.NGGJK,C-M-0006-R.21-M1744-4
3,2.0,1.9832258732306915,1.0,-0.01677412676930845,-0.5112753839285216,C-M-0006-R.21-M1744-4.2024-06-28-11-33.NGGJK,C-M-0006-R.21-M1744-4
1,0.0,-0.05769177572299478,1.0,-0.05769177572299478,-1.758445324036881,C-M-0006-R.21-M1744-4.2024-06-29-11-33.NGGJK,C-M-0006-R.21-M1744-4
2,0.0,-0.069214009602596,2.0,-0.069214009602596,-2.1096430126871257,C-M-0006-R.21-M1744-4.2024-06-29-11-33.NGGJK,C-M-0006-R.21-M1744-4
2,1.0,0.9819493913651314,1.0,-0.018050608634868626,-0.5501825511907957,C-M-0006-R.21-M1744-4.2024-06-29-11-33.NGGJK,C-M-0006-R.21-M1744-4
3,0.0,-0.07834420156861217,3.0,-0.07834420156861217,-2.387931263811299,C-M-0006-R.21-M1744-4.2024-06-29-11-33.NGGJK,C-M-0006-R.21-M1744-4
3,1.0,0.9749117334124519,2.0,-0.025088266587548147,-0.7646903655884675,C-M-0006-R.21-M1744-4.2024-06-29-11-33.NGGJK,C-M-0006-R.21-M1744-4
3,2.0,1.9896750064955042,1.0,-0.010324993504495783,-0.31470580201703147,C-M-0006-R.21-M1744-4.2024-06-29-11-33.NGGJK,C-M-0006-R.21-M1744-4
1,0.0,-0.048908905380190035,1.0,-0.048908905380190035,-1.4907434359881924,C-M-0006-R.21-M1744-4.2024-06-30-11-33.NGGJK,C-M-0006-R.21-M1744-4
2,0.0,-0.03882357202977796,2.0,-0.03882357202977796,-1.1833424754676323,C-M-0006-R.21-M1744-4.2024-06-30-11-33.NGGJK,C-M-0006-R.21-M1744-4
2,1.0,1.0111930795348036,1.0,0.01119307953480364,0.34116506422081494,C-M-0006-R.21-M1744-4.2024-06-30-11-33.NGGJK,C-M-0006-R.21-M1744-4
3,0.0,-0.04211053808740674,3.0,-0.04211053808740674,-1.2835292009041575,C-M-0006-R.21-M1744-4.2024-06-30-11-33.NGGJK,C-M-0006-R.21-M1744-4
3,1.0,1.008878916671199,2.0,0.00887891667119911,0.2706293801381489,C-M-0006-R.21-M1744-4.2024-06-30-11-33.NGGJK,C-M-0006-R.21-M1744-4
3,2.0,1.9976506655024806,1.0,-0.0023493344975193953,-0.07160771548439117,C-M-0006-R.21-M1744-4.2024-06-30-11-33.NGGJK,C-M-0006-R.21-M1744-4
1,0.0,-0.005004086197804648,1.0,-0.005004086197804648,-0.15252454730908568,C-M-0006-R.21-M1744-4.2024-07-01-11-47.NGGJK,C-M-0006-R.21-M1744-4
2,0.0,-0.01806888451274237,2.0,-0.01806888451274237,-0.5507395999483874,C-M-0006-R.21-M1744-4.2024-07-01-11-47.NGGJK,C-M-0006-R.21-M1744-4
2,1.0,0.9867736736592148,1.0,-0.013226326340785244,-0.40313842686713425,C-M-0006-R.21-M1744-4.2024-07-01-11-47.NGGJK,C-M-0006-R.21-M1744-4
3,0.0,-0.0211925004802341,3.0,-0.0211925004802341,-0.6459474146375354,C-M-0006-R.21-M1744-4.2024-07-01-11-47.NGGJK,C-M-0006-R.21-M1744-4
3,1.0,0.9846084445844941,2.0,-0.015391555415505853,-0.4691346090646184,C-M-0006-R.21-M1744-4.2024-07-01-11-47.NGGJK,C-M-0006-R.21-M1744-4
3,2.0,1.9980612076562656,1.0,-0.0019387923437343968,-0.059094390637024416,C-M-0006-R.21-M1744-4.2024-07-01-11-47.NGGJK,C-M-0006-R.21-M1744-4
1,0.0,0.052672777028992146,1.0,0.052672777028992146,1.6054662438436806,C-M-0006-R.21-M1744-4.2024-07-02-11-48.NGGJK,C-M-0006-R.21-M1744-4
2,0.0,-0.028969487807288783,2.0,-0.028969487807288783,-0.8829899883661622,C-M-0006-R.21-M1744-4.2024-07-02-11-48.NGGJK,C-M-0006-R.21-M1744-4
2,1.0,0.9350130937550755,1.0,-0.06498690624492454,-1.9808009023453,C-M-0006-R.21-M1744-4.2024-07-02-11-48.NGGJK,C-M-0006-R.21-M1744-4
3,0.0,-0.034519657839372116,3.0,-0.034519657839372116,-1.052159170944062,C-M-0006-R.21-M1744-4.2024-07-02-11-48.NGGJK,C-M-0006-R.21-M1744-4
3,1.0,0.9314020749350753,2.0,-0.06859792506492468,-2.090864755978904,C-M-0006-R.21-M1744-4.2024-07-02-11-48.NGGJK,C-M-0006-R.21-M1744-4
3,2.0,1.9976580106571038,1.0,-0.0023419893428962,-0.07138383517147619,C-M-0006-R.21-M1744-4.2024-07-02-11-48.NGGJK,C-M-0006-R.21-M1744-4
1,0.0,0.06201346813471496,1.0,0.06201346813471496,1.8901705087461118,C-M-0006-R.21-M1744-4.2024-07-03-11-47.NGGJK,C-M-0006-R.21-M1744-4
2,0.0,0.05074442319927542,2.0,0.05074442319927542,1.5466900191139148,C-M-0006-R.21-M1744-4.2024-07-03-11-47.NGGJK,C-M-0006-R.21-M1744-4
2,1.0,0.9896429541812886,1.0,-0.010357045818711441,-0.3156827565543247,C-M-0006-R.21-M1744-4.2024-07-03-11-47.NGGJK,C-M-0006-R.21-M1744-4
3,0.0,0.01610421276937839,3.0,0.01610421276937839,0.4908564052106533,C-M-0006-R.21-M1744-4.2024-07-03-11-47.NGGJK,C-M-0006-R.21-M1744-4
3,1.0,0.9659996606683733,2.0,-0.03400033933162672,-1.0363303428279824,C-M-0006-R.21-M1744-4.2024-07-03-11-47.NGGJK,C-M-0006-R.21-M1744-4
3,2.0,1.9815847491079774,1.0,-0.01841525089202256,-0.5612968471888476,C-M-0006-R.21-M1744-4.2024-07-03-11-47.NGGJK,C-M-0006-R.21-M1744-4
1,0.0,-0.047262706724773784,1.0,-0.047262706724773784,-1.4405673009711049,C-M-0006-R.21-M1744-4.2024-07-04-11-44.NGGJK,C-M-0006-R.21-M1744-4
2,0.0,-0.052579923879440695,2.0,-0.052579923879440695,-1.6026360798453525,C-M-0006-R.21-M1744-4.2024-07-04-11-44.NGGJK,C-M-0006-R.21-M1744-4
2,1.0,0.9916128816253956,1.0,-0.008387118374604374,-0.25563936805794135,C-M-0006-R.21-M1744-4.2024-07-04-11-44.NGGJK,C-M-0006-R.21-M1744-4
3,0.0,-0.05680366733412352,3.0,-0.05680366733412352,-1.731375780344085,C-M-0006-R.21-M1744-4.2024-07-04-11-44.NGGJK,C-M-0006-R.21-M1744-4
3,1.0,0.9883517641132918,2.0,-0.011648235886708158,-0.35503822982686467,C-M-0006-R.21-M1744-4.2024-07-04-11-44.NGGJK,C-M-0006-R.21-M1744-4
3,2.0,1.9951876389250163,1.0,-0.004812361074983729,-0.14668076556550405,C-M-0006-R.21-M1744-4.2024-07-04-11-44.NGGJK,C-M-0006-R.21-M1744-4
1,0.0,-0.037112231427900017,1.0,-0.037112231427900017,-1.1311808139223924,C-M-0006-R.21-M1744-4.2024-07-05-11-46.NGGJK,C-M-0006-R.21-M1744-4
2,0.0,-0.040838698838192695,2.0,-0.040838698838192695,-1.2447635405881134,C-M-0006-R.21-M1744-4.2024-07-05-11-46.NGGJK,C-M-0006-R.21-M1744-4
2,1.0,0.9975444605746127,1.0,-0.002455539425387343,-0.07484484168580621,C-M-0006-R.21-M1744-4.2024-07-05-11-46.NGGJK,C-M-0006-R.21-M1744-4
3,0.0,-0.03627612243392949,3.0,-0.03627612243392949,-1.1056962117861708,C-M-0006-R.21-M1744-4.2024-07-05-11-46.NGGJK,C-M-0006-R.21-M1744-4
3,1.0,1.0002400248367282,2.0,0.0002400248367282476,0.0073159570234769865,C-M-0006-R.21-M1744-4.2024-07-05-11-46.NGGJK,C-M-0006-R.21-M1744-4
3,2.0,2.001503661108795,1.0,0.0015036611087948515,0.045831590596067076,C-M-0006-R.21-M1744-4.2024-07-05-11-46.NGGJK,C-M-0006-R.21-M1744-4
1,0.0,-0.01199580574687583,1.0,-0.01199580574687583,-0.3656321591647753,C-M-0006-R.21-M1744-4.2024-07-06-11-45.NGGJK,C-M-0006-R.21-M1744-4
2,0.0,-0.026294822019955432,2.0,-0.026294822019955432,-0.8014661751682416,C-M-0006-R.21-M1744-4.2024-07-06-11-45.NGGJK,C-M-0006-R.21-M1744-4
2,1.0,0.9888539649242282,1.0,-0.011146035075771832,-0.33973114910952545,C-M-0006-R.21-M1744-4.2024-07-06-11-45.NGGJK,C-M-0006-R.21-M1744-4
3,0.0,-0.04019198662904354,3.0,-0.04019198662904354,-1.2250517524532472,C-M-0006-R.21-M1744-4.2024-07-06-11-45.NGGJK,C-M-0006-R.21-M1744-4
3,1.0,0.9800463357547572,2.0,-0.019953664245242808,-0.6081876861950009,C-M-0006-R.21-M1744-4.2024-07-06-11-45.NGGJK,C-M-0006-R.21-M1744-4
3,2.0,1.9941252082640393,1.0,-0.005874791735960727,-0.17906365211208297,C-M-0006-R.21-M1744-4.2024-07-06-11-45.NGGJK,C-M-0006-R.21-M1744-4
1,0.0,-0.005799012396726908,1.0,-0.005799012396726908,-0.17675389785223616,C-M-0006-R.21-M1744-4.2024-07-07-11-46.NGGJK,C-M-0006-R.21-M1744-4
2,0.0,-0.009259566685531758,2.0,-0.009259566685531758,-0.282231592575008,C-M-0006-R.21-M1744-4.2024-07-07-11-46.NGGJK,C-M-0006-R.21-M1744-4
2,1.0,0.996500376418464,1.0,-0.0034996235815359933,-0.10666852676521708,C-M-0006-R.21-M1744-4.2024-07-07-11-46.NGGJK,C-M-0006-R.21-M1744-4
3,0.0,0.007615724556731579,3.0,0.007615724556731579,0.23212728448917855,C-M-0006-R.21-M1744-4.2024-07-07-11-46.NGGJK,C-M-0006-R.21-M1744-4
3,1.0,1.0081943957604935,2.0,0.008194395760493522,0.24976518277984258,C-M-0006-R.21-M1744-4.2024-07-07-11-46.NGGJK,C-M-0006-R.21-M1744-4
3,2.0,2.010538459706469,1.0,0.010538459706468828,0.3212122518531699,C-M-0006-R.21-M1744-4.2024-07-07-11-46.NGGJK,C-M-0006-R.21-M1744-4
1,0.0,0.030890242113482083,1.0,0.030890242113482083,0.9415345796189339,C-M-0006-R.21-M1744-4.2024-07-08-11-46.NGGJK,C-M-0006-R.21-M1744-4
2,0.0,0.04539423997429032,2.0,0.04539423997429032,1.3836164344163688,C-M-0006-R.21-M1744-4.2024-07-08-11-46.NGGJK,C-M-0006-R.21-M1744-4
2,1.0,1.0251433091838331,1.0,0.025143309183833118,0.7663680639232334,C-M-0006-R.21-M1744-4.2024-07-08-11-46.NGGJK,C-M-0006-R.21-M1744-4
3,0.0,0.04384118211680181,3.0,0.04384118211680181,1.3362792309201192,C-M-0006-R.21-M1744-4.2024-07-08-11-46.NGGJK,C-M-0006-R.21-M1744-4
3,1.0,1.023913919920188,2.0,0.023913919920188098,0.7288962791673332,C-M-0006-R.21-M1744-4.2024-07-08-11-46.NGGJK,C-M-0006-R.21-M1744-4
3,2.0,1.9980979397175602,1.0,-0.001902060282439777,-0.057974797408764406,C-M-0006-R.21-M1744-4.2024-07-08-11-46.NGGJK,C-M-0006-R.21-M1744-4
1,0.0,0.001433598750340064,1.0,0.001433598750340064,0.04369608991036515,C-M-0006-R.21-M1744-4.2024-07-09-11-45.NGGJK,C-M-0006-R.21-M1744-4
2,0.0,-0.005156781197100986,2.0,-0.005156781197100986,-0.15717869088763806,C-M-0006-R.21-M1744-4.2024-07-09-11-45.NGGJK,C-M-0006-R.21-M1744-4
2,1.0,0.9963142611442588,1.0,-0.003685738855741194,-0.1123413203229916,C-M-0006-R.21-M1744-4.2024-07-09-11-45.NGGJK,C-M-0006-R.21-M1744-4
1,0.0,-0.006959058780207899,1.0,-0.006959058780207899,-0.21211211162073676,C-M-0006-R.21-M1744-4.2024-07-10-11-46.NGGJK,C-M-0006-R.21-M1744-4
2,0.0,-0.012216257237116612,2.0,-0.012216257237116612,-0.37235152058731436,C-M-0006-R.21-M1744-4.2024-07-10-11-46.NGGJK,C-M-0006-R.21-M1744-4
2,1.0,0.994067215905034,1.0,-0.005932784094966004,-0.1808312592145638,C-M-0006-R.21-M1744-4.2024-07-10-11-46.NGGJK,C-M-0006-R.21-M1744-4
3,0.0,-0.014792651824176373,3.0,-0.014792651824176373,-0.45088002760089585,C-M-0006-R.21-M1744-4.2024-07-10-11-46.NGGJK,C-M-0006-R.21-M1744-4
3,1.0,0.9922268449216007,2.0,-0.007773155078399263,-0.23692576678960955,C-M-0006-R.21-M1744-4.2024-07-10-11-46.NGGJK,C-M-0006-R.21-M1744-4
3,2.0,1.9981427660944342,1.0,-0.0018572339055658027,-0.05660848944164567,C-M-0006-R.21-M1744-4.2024-07-10-11-46.NGGJK,C-M-0006-R.21-M1744-4
1,0.0,-0.04023047000652403,1.0,-0.04023047000652403,-1.2262247257988523,C-M-0006-R.21-M1744-4.2024-07-11-11-52.NGGJK,C-M-0006-R.21-M1744-4
1,0.0,0.07005349527468849,1.0,0.07005349527468849,2.135230535972505,C-M-0006-R.21-M1744-4.2024-07-12-11-22.NGGJK,C-M-0006-R.21-M1744-4
1,0.0,0.0204646903431792,1.0,0.0204646903431792,0.6237637616601021,C-M-0006-R.21-M1744-4.2024-07-14-11-53.NGGJK,C-M-0006-R.21-M1744-4
2,0.0,0.021189938372998138,2.0,0.021189938372998138,0.6458693216089832,C-M-0006-R.21-M1744-4.2024-07-14-11-53.NGGJK,C-M-0006-R.21-M1744-4
2,1.0,1.0012670926597464,1.0,0.0012670926597464494,0.038620984269071776,C-M-0006-R.21-M1744-4.2024-07-14-11-53.NGGJK,C-M-0006-R.21-M1744-4
3,0.0,-0.014155668986911061,3.0,-0.014155668986911061,-0.43146479072104915,C-M-0006-R.21-M1744-4.2024-07-14-11-53.NGGJK,C-M-0006-R.21-M1744-4
3,1.0,0.9731720960116572,2.0,-0.026827903988342783,-0.817714513564688,C-M-0006-R.21-M1744-4.2024-07-14-11-53.NGGJK,C-M-0006-R.21-M1744-4
3,2.0,1.955191103485164,1.0,-0.044808896514836105,-1.3657751657722046,C-M-0006-R.21-M1744-4.2024-07-14-11-53.NGGJK,C-M-0006-R.21-M1744-4
1,0.0,-0.008498918864242162,1.0,-0.008498918864242162,-0.25904704698210107,C-M-0006-R.21-M1744-4.2024-07-15-11-30.NGGJK,C-M-0006-R.21-M1744-4
2,0.0,-0.030897969071061866,2.0,-0.030897969071061866,-0.9417700972859657,C-M-0006-R.21-M1744-4.2024-07-15-11-30.NGGJK,C-M-0006-R.21-M1744-4
2,1.0,0.9773231837712775,1.0,-0.02267681622872253,-0.6911893586514627,C-M-0006-R.21-M1744-4.2024-07-15-11-30.NGGJK,C-M-0006-R.21-M1744-4
3,0.0,-0.052884880309231906,3.0,-0.052884880309231906,-1.6119311518253885,C-M-0006-R.21-M1744-4.2024-07-15-11-30.NGGJK,C-M-0006-R.21-M1744-4
3,1.0,0.9620902236415406,2.0,-0.03790977635845938,-1.1554899834058419,C-M-0006-R.21-M1744-4.2024-07-15-11-30.NGGJK,C-M-0006-R.21-M1744-4
3,2.0,1.9863924179719943,1.0,-0.013607582028005716,-0.41475910021361423,C-M-0006-R.21-M1744-4.2024-07-15-11-30.NGGJK,C-M-0006-R.21-M1744-4
1,0.0,-0.11148921003470443,1.0,-0.11148921003470443,-3.3981911218577907,C-M-0006-R.21-M1744-4.2024-07-16-11-31.NGGJK,C-M-0006-R.21-M1744-4
2,0.0,-0.13599549286575557,2.0,-0.13599549286575557,-4.14514262254823,C-M-0006-R.21-M1744-4.2024-07-16-11-31.NGGJK,C-M-0006-R.21-M1744-4
2,1.0,0.9704730028595954,1.0,-0.02952699714040463,-0.8999828728395332,C-M-0006-R.21-M1744-4.2024-07-16-11-31.NGGJK,C-M-0006-R.21-M1744-4
3,0.0,-0.12847564934920103,3.0,-0.12847564934920103,-3.915937792163647,C-M-0006-R.21-M1744-4.2024-07-16-11-31.NGGJK,C-M-0006-R.21-M1744-4
3,1.0,0.9758509151584409,2.0,-0.024149084841559088,-0.736064105970721,C-M-0006-R.21-M1744-4.2024-07-16-11-31.NGGJK,C-M-0006-R.21-M1744-4
3,2.0,2.006052903752164,1.0,0.006052903752164163,0.18449250636596368,C-M-0006-R.21-M1744-4.2024-07-16-11-31.NGGJK,C-M-0006-R.21-M1744-4
1,0.0,-0.026673607562348614,1.0,-0.026673607562348614,-0.8130115585003858,C-M-0006-R.21-M1744-4.2024-07-18-11-32.NGGJK,C-M-0006-R.21-M1744-4
2,0.0,-0.03254702897125843,2.0,-0.03254702897125843,-0.9920334430439569,C-M-0006-R.21-M1744-4.2024-07-18-11-32.NGGJK,C-M-0006-R.21-M1744-4
2,1.0,0.9933953283788894,1.0,-0.006604671621110558,-0.20131039101144982,C-M-0006-R.21-M1744-4.2024-07-18-11-32.NGGJK,C-M-0006-R.21-M1744-4
3,0.0,-0.05562336718456917,3.0,-0.05562336718456917,-1.6954002317856685,C-M-0006-R.21-M1744-4.2024-07-18-11-32.NGGJK,C-M-0006-R.21-M1744-4
3,1.0,0.9769988358236754,2.0,-0.023001164176324584,-0.7010754840943734,C-M-0006-R.21-M1744-4.2024-07-18-11-32.NGGJK,C-M-0006-R.21-M1744-4
3,2.0,1.9833507430925874,1.0,-0.01664925690741259,-0.5074693505379357,C-M-0006-R.21-M1744-4.2024-07-18-11-32.NGGJK,C-M-0006-R.21-M1744-4
1,0.0,-0.011080755082358786,1.0,-0.011080755082358786,-0.3377414149102958,C-M-0006-R.21-M1744-4.2024-07-20-11-33.NGGJK,C-M-0006-R.21-M1744-4
2,0.0,-0.02298889122175696,2.0,-0.02298889122175696,-0.7007014044391522,C-M-0006-R.21-M1744-4.2024-07-20-11-33.NGGJK,C-M-0006-R.21-M1744-4
2,1.0,0.9837768354454454,1.0,-0.016223164554554637,-0.4944820556228253,C-M-0006-R.21-M1744-4.2024-07-20-11-33.NGGJK,C-M-0006-R.21-M1744-4
3,0.0,-0.04022099152204858,3.0,-0.04022099152204858,-1.2259358215920408,C-M-0006-R.21-M1744-4.2024-07-20-11-33.NGGJK,C-M-0006-R.21-M1744-4
3,1.0,0.9708319208140878,2.0,-0.029168079185912243,-0.8890430535866052,C-M-0006-R.21-M1744-4.2024-07-20-11-33.NGGJK,C-M-0006-R.21-M1744-4
3,2.0,1.9839000532966964,1.0,-0.016099946703303614,-0.4907263755166941,C-M-0006-R.21-M1744-4.2024-07-20-11-33.NGGJK,C-M-0006-R.21-M1744-4
1,0.0,0.07173729439241566,1.0,0.07173729439241566,2.186552733080829,C-M-0006-R.21-M1744-4.2024-07-21-11-32.NGGJK,C-M-0006-R.21-M1744-4
2,0.0,0.00572430205385831,2.0,0.00572430205385831,0.1744767266016013,C-M-0006-R.21-M1744-4.2024-07-21-11-32.NGGJK,C-M-0006-R.21-M1744-4
2,1.0,0.9164094672995954,1.0,-0.08359053270040462,-2.547839436708333,C-M-0006-R.21-M1744-4.2024-07-21-11-32.NGGJK,C-M-0006-R.21-M1744-4
3,0.0,-0.008236399111378485,3.0,-0.008236399111378485,-0.25104544491481623,C-M-0006-R.21-M1744-4.2024-07-21-11-32.NGGJK,C-M-0006-R.21-M1744-4
3,1.0,0.9058408629700415,2.0,-0.09415913702995848,-2.8699704966731345,C-M-0006-R.21-M1744-4.2024-07-21-11-32.NGGJK,C-M-0006-R.21-M1744-4
3,2.0,1.9883639535035482,1.0,-0.01163604649645178,-0.35466669721185023,C-M-0006-R.21-M1744-4.2024-07-21-11-32.NGGJK,C-M-0006-R.21-M1744-4
1,0.0,0.12485222368045497,1.0,0.12485222368045497,3.8054957777802674,C-M-0006-R.21-M1744-4.2024-07-22-11-32.NGGJK,C-M-0006-R.21-M1744-4
2,0.0,0.3111191660986678,2.0,0.3111191660986678,9.482912182687395,C-M-0006-R.21-M1744-4.2024-07-22-11-32.NGGJK,C-M-0006-R.21-M1744-4
2,1.0,1.2496397165830264,1.0,0.24963971658302642,7.609018561450645,C-M-0006-R.21-M1744-4.2024-07-22-11-32.NGGJK,C-M-0006-R.21-M1744-4
3,0.0,0.32090371796618106,3.0,0.32090371796618106,9.781145323609199,C-M-0006-R.21-M1744-4.2024-07-22-11-32.NGGJK,C-M-0006-R.21-M1744-4
3,1.0,1.2568706603754318,2.0,0.2568706603754318,7.829417728243162,C-M-0006-R.21-M1744-4.2024-07-22-11-32.NGGJK,C-M-0006-R.21-M1744-4
3,2.0,2.0089566446242646,1.0,0.008956644624264598,0.27299852814758496,C-M-0006-R.21-M1744-4.2024-07-22-11-32.NGGJK,C-M-0006-R.21-M1744-4
1,0.0,-0.06429455406239372,1.0,-0.06429455406239372,-1.9596980078217605,C-M-0006-R.21-M1744-4.2024-07-23-11-53.NGGJK,C-M-0006-R.21-M1744-4
2,0.0,-0.07196675975218494,2.0,-0.07196675975218494,-2.193546837246597,C-M-0006-R.21-M1744-4.2024-07-23-11-53.NGGJK,C-M-0006-R.21-M1744-4
2,1.0,0.9914831905740409,1.0,-0.008516809425959115,-0.2595923513032338,C-M-0006-R.21-M1744-4.2024-07-23-11-53.NGGJK,C-M-0006-R.21-M1744-4
3,0.0,-0.09271896762771314,3.0,-0.09271896762771314,-2.8260741332926966,C-M-0006-R.21-M1744-4.2024-07-23-11-53.NGGJK,C-M-0006-R.21-M1744-4
3,1.0,0.9769027337699677,2.0,-0.023097266230032276,-0.7040046746913838,C-M-0006-R.21-M1744-4.2024-07-23-11-53.NGGJK,C-M-0006-R.21-M1744-4
3,2.0,1.9852072429898846,1.0,-0.014792757010115398,-0.45088323366831734,C-M-0006-R.21-M1744-4.2024-07-23-11-53.NGGJK,C-M-0006-R.21-M1744-4
1,0.0,0.0069138658436334035,1.0,0.0069138658436334035,0.21073463091394615,C-M-0006-R.21-M1744-4.2024-07-24-11-53.NGGJK,C-M-0006-R.21-M1744-4
2,0.0,-0.0154680676043497,2.0,-0.0154680676043497,-0.4714667005805789,C-M-0006-R.21-M1744-4.2024-07-24-11-53.NGGJK,C-M-0006-R.21-M1744-4
2,1.0,0.9771957118585092,1.0,-0.022804288141490825,-0.6950747025526404,C-M-0006-R.21-M1744-4.2024-07-24-11-53.NGGJK,C-M-0006-R.21-M1744-4
3,0.0,-0.06530307138210113,3.0,-0.06530307138210113,-1.9904376157264425,C-M-0006-R.21-M1744-4.2024-07-24-11-53.NGGJK,C-M-0006-R.21-M1744-4
3,1.0,0.9425136613886781,2.0,-0.05748633861132191,-1.7521836008730918,C-M-0006-R.21-M1744-4.2024-07-24-11-53.NGGJK,C-M-0006-R.21-M1744-4
3,2.0,1.9690620793684717,1.0,-0.030937920631528337,-0.9429878208489837,C-M-0006-R.21-M1744-4.2024-07-24-11-53.NGGJK,C-M-0006-R.21-M1744-4
1,0.0,-0.004393605854506245,1.0,-0.004393605854506245,-0.13391710644535035,C-M-0006-R.21-M1744-4.2024-07-25-11-54.NGGJK,C-M-0006-R.21-M1744-4
2,0.0,-0.011900238511133041,2.0,-0.011900238511133041,-0.3627192698193351,C-M-0006-R.21-M1744-4.2024-07-25-11-54.NGGJK,C-M-0006-R.21-M1744-4
2,1.0,0.9949560993499785,1.0,-0.005043900650021471,-0.15373809181265444,C-M-0006-R.21-M1744-4.2024-07-25-11-54.NGGJK,C-M-0006-R.21-M1744-4
3,0.0,-0.00034564445294155214,3.0,-0.00034564445294155214,-0.01053524292565851,C-M-0006-R.21-M1744-4.2024-07-25-11-54.NGGJK,C-M-0006-R.21-M1744-4
3,1.0,1.0018867148397403,2.0,0.0018867148397403444,0.057507068315285695,C-M-0006-R.21-M1744-4.2024-07-25-11-54.NGGJK,C-M-0006-R.21-M1744-4
3,2.0,2.0038706348464586,1.0,0.003870634846458554,0.11797695012005673,C-M-0006-R.21-M1744-4.2024-07-25-11-54.NGGJK,C-M-0006-R.21-M1744-4
1,0.0,-0.011796734468397815,1.0,-0.011796734468397815,-0.3595644665967654,C-M-0006-R.21-M1744-4.2024-07-26-11-55.NGGJK,C-M-0006-R.21-M1744-4
2,0.0,-0.022471844651553274,2.0,-0.022471844651553274,-0.6849418249793439,C-M-0006-R.21-M1744-4.2024-07-26-11-55.NGGJK,C-M-0006-R.21-M1744-4
2,1.0,0.9916339447060674,1.0,-0.00836605529393264,-0.25499736535906686,C-M-0006-R.21-M1744-4.2024-07-26-11-55.NGGJK,C-M-0006-R.21-M1744-4
3,0.0,-0.022180215943082938,3.0,-0.022180215943082938,-0.6760529819451679,C-M-0006-R.21-M1744-4.2024-07-26-11-55.NGGJK,C-M-0006-R.21-M1744-4
3,1.0,0.9918190529759725,2.0,-0.008180947024027496,-0.24935526529235807,C-M-0006-R.21-M1744-4.2024-07-26-11-55.NGGJK,C-M-0006-R.21-M1744-4
3,2.0,2.0001243472266914,1.0,0.00012434722669141252,0.0037901034695542535,C-M-0006-R.21-M1744-4.2024-07-26-11-55.NGGJK,C-M-0006-R.21-M1744-4
1,0.0,-0.021405122585315794,1.0,-0.021405122585315794,-0.6524281364004254,C-M-0006-R.21-M1744-4.2024-07-27-11-54.NGGJK,C-M-0006-R.21-M1744-4
2,0.0,-0.02118503482631014,2.0,-0.02118503482631014,-0.6457198615059331,C-M-0006-R.21-M1744-4.2024-07-27-11-54.NGGJK,C-M-0006-R.21-M1744-4
2,1.0,1.0001477303096384,1.0,0.00014773030963843858,0.004502819837779608,C-M-0006-R.21-M1744-4.2024-07-27-11-54.NGGJK,C-M-0006-R.21-M1744-4
3,0.0,-0.05072638253231027,3.0,-0.05072638253231027,-1.546140139584817,C-M-0006-R.21-M1744-4.2024-07-27-11-54.NGGJK,C-M-0006-R.21-M1744-4
3,1.0,0.9825888713735363,2.0,-0.017411128626463657,-0.5306912005346123,C-M-0006-R.21-M1744-4.2024-07-27-11-54.NGGJK,C-M-0006-R.21-M1744-4
3,2.0,1.9901862523058351,1.0,-0.009813747694164876,-0.2991230297181454,C-M-0006-R.21-M1744-4.2024-07-27-11-54.NGGJK,C-M-0006-R.21-M1744-4
1,0.0,-0.021722168951854307,1.0,-0.021722168951854307,-0.6620917096525193,C-M-0006-R.21-M1744-4.2024-07-28-11-54.NGGJK,C-M-0006-R.21-M1744-4
2,0.0,-0.028118119843137928,2.0,-0.028118119843137928,-0.8570402928188441,C-M-0006-R.21-M1744-4.2024-07-28-11-54.NGGJK,C-M-0006-R.21-M1744-4
2,1.0,0.9950026107368121,1.0,-0.004997389263187935,-0.15232042474196825,C-M-0006-R.21-M1744-4.2024-07-28-11-54.NGGJK,C-M-0006-R.21-M1744-4
3,0.0,-0.05192165336592139,3.0,-0.05192165336592139,-1.582571994593284,C-M-0006-R.21-M1744-4.2024-07-28-11-54.NGGJK,C-M-0006-R.21-M1744-4
3,1.0,0.979967646312729,2.0,-0.020032353687270965,-0.6105861403880191,C-M-0006-R.21-M1744-4.2024-07-28-11-54.NGGJK,C-M-0006-R.21-M1744-4
3,2.0,1.9898991469080305,1.0,-0.010100853091969508,-0.30787400224323064,C-M-0006-R.21-M1744-4.2024-07-28-11-54.NGGJK,C-M-0006-R.21-M1744-4
1,0.0,-0.037048711326827494,1.0,-0.037048711326827494,-1.129244721241702,C-M-0006-R.21-M1744-4.2024-07-29-11-54.NGGJK,C-M-0006-R.21-M1744-4
2,0.0,-0.029418595936074255,2.0,-0.029418595936074255,-0.8966788041315433,C-M-0006-R.21-M1744-4.2024-07-29-11-54.NGGJK,C-M-0006-R.21-M1744-4
2,1.0,1.005933624903382,1.0,0.0059336249033818955,0.18085688705508018,C-M-0006-R.21-M1744-4.2024-07-29-11-54.NGGJK,C-M-0006-R.21-M1744-4
3,0.0,-0.04438412539967692,3.0,-0.04438412539967692,-1.3528281421821526,C-M-0006-R.21-M1744-4.2024-07-29-11-54.NGGJK,C-M-0006-R.21-M1744-4
3,1.0,0.9965349745147218,2.0,-0.0034650254852781615,-0.10561397679127836,C-M-0006-R.21-M1744-4.2024-07-29-11-54.NGGJK,C-M-0006-R.21-M1744-4
3,2.0,1.993646430063973,1.0,-0.0063535699360270925,-0.1936568116501058,C-M-0006-R.21-M1744-4.2024-07-29-11-54.NGGJK,C-M-0006-R.21-M1744-4
1,0.0,0.0004914249829132052,1.0,0.0004914249829132052,0.014978633479194495,C-M-0006-R.21-M1744-4.2024-07-30-11-55.NGGJK,C-M-0006-R.21-M1744-4
2,0.0,0.008590588264718582,2.0,0.008590588264718582,0.2618411303086224,C-M-0006-R.21-M1744-4.2024-07-30-11-55.NGGJK,C-M-0006-R.21-M1744-4
2,1.0,1.0045360301614321,1.0,0.004536030161432114,0.13825819932045083,C-M-0006-R.21-M1744-4.2024-07-30-11-55.NGGJK,C-M-0006-R.21-M1744-4
1,0.0,-0.06296815808637857,1.0,-0.06296815808637857,-1.9192694584728187,C-M-0006-R.21-M1744-4.2024-07-31-11-55.NGGJK,C-M-0006-R.21-M1744-4
2,0.0,-0.024644283393102522,2.0,-0.024644283393102522,-0.7511577578217649,C-M-0006-R.21-M1744-4.2024-07-31-11-55.NGGJK,C-M-0006-R.21-M1744-4
2,1.0,1.0295274300876205,1.0,0.029527430087620488,0.8999960690706724,C-M-0006-R.21-M1744-4.2024-07-31-11-55.NGGJK,C-M-0006-R.21-M1744-4
3,0.0,-0.01886691326753898,3.0,-0.01886691326753898,-0.5750635163945881,C-M-0006-R.21-M1744-4.2024-07-31-11-55.NGGJK,C-M-0006-R.21-M1744-4
3,1.0,1.0331210319465505,2.0,0.03312103194655047,1.0095290537308583,C-M-0006-R.21-M1744-4.2024-07-31-11-55.NGGJK,C-M-0006-R.21-M1744-4
3,2.0,2.0024586229322123,1.0,0.0024586229322123287,0.07493882697383178,C-M-0006-R.21-M1744-4.2024-07-31-11-55.NGGJK,C-M-0006-R.21-M1744-4
1,0.0,-0.019237078130654707,1.0,-0.019237078130654707,-0.5863461414223555,C-M-0006-R.21-M1744-4.2024-08-01-11-55.NGGJK,C-M-0006-R.21-M1744-4
2,0.0,-0.024755129236771967,2.0,-0.024755129236771967,-0.7545363391368096,C-M-0006-R.21-M1744-4.2024-08-01-11-55.NGGJK,C-M-0006-R.21-M1744-4
2,1.0,0.9956869563062631,1.0,-0.004313043693736862,-0.13146157178509957,C-M-0006-R.21-M1744-4.2024-08-01-11-55.NGGJK,C-M-0006-R.21-M1744-4
3,0.0,-0.043269332747538906,3.0,-0.043269332747538906,-1.3188492621449859,C-M-0006-R.21-M1744-4.2024-08-01-11-55.NGGJK,C-M-0006-R.21-M1744-4
3,1.0,0.9839806240988139,2.0,-0.016019375901186073,-0.4882705774681515,C-M-0006-R.21-M1744-4.2024-08-01-11-55.NGGJK,C-M-0006-R.21-M1744-4
3,2.0,1.9921365116018457,1.0,-0.007863488398154317,-0.2396791263757436,C-M-0006-R.21-M1744-4.2024-08-01-11-55.NGGJK,C-M-0006-R.21-M1744-4
1,0.0,0.3489957648856045,1.0,0.3489957648856045,10.637390913713226,C-M-0006-R.21-M1744-4.2024-08-02-11-26.NGGJK,C-M-0006-R.21-M1744-4
2,0.0,0.9115065060439074,2.0,0.9115065060439074,27.782718304218296,C-M-0006-R.21-M1744-4.2024-08-02-11-26.NGGJK,C-M-0006-R.21-M1744-4
2,1.0,1.3994049645971929,1.0,0.3994049645971929,12.17386332092244,C-M-0006-R.21-M1744-4.2024-08-02-11-26.NGGJK,C-M-0006-R.21-M1744-4
1,0.0,-0.008905615694495482,1.0,-0.008905615694495482,-0.2714431663682223,C-M-0006-R.21-M1744-4.2024-08-04-11-56.NGGJK,C-M-0006-R.21-M1744-4
2,0.0,-0.01592427196477347,2.0,-0.01592427196477347,-0.4853718094862954,C-M-0006-R.21-M1744-4.2024-08-04-11-56.NGGJK,C-M-0006-R.21-M1744-4
2,1.0,0.9960938404710875,1.0,-0.0039061595289124895,-0.11905974244125268,C-M-0006-R.21-M1744-4.2024-08-04-11-56.NGGJK,C-M-0006-R.21-M1744-4
1,0.0,-0.05188323771483742,1.0,-0.05188323771483742,-1.5814010855482445,C-M-0006-R.21-M1744-4.2024-08-05-11-55.NGGJK,C-M-0006-R.21-M1744-4
2,0.0,-0.011516607706688367,2.0,-0.011516607706688367,-0.3510262028998614,C-M-0006-R.21-M1744-4.2024-08-05-11-55.NGGJK,C-M-0006-R.21-M1744-4
2,1.0,1.0312556273485443,1.0,0.03125562734854426,0.952671521583629,C-M-0006-R.21-M1744-4.2024-08-05-11-55.NGGJK,C-M-0006-R.21-M1744-4
3,0.0,-0.024465050124427807,3.0,-0.024465050124427807,-0.7456947277925595,C-M-0006-R.21-M1744-4.2024-08-05-11-55.NGGJK,C-M-0006-R.21-M1744-4
3,1.0,1.023173363990223,2.0,0.02317336399022296,0.7063241344219959,C-M-0006-R.21-M1744-4.2024-08-05-11-55.NGGJK,C-M-0006-R.21-M1744-4
3,2.0,1.9944747751294354,1.0,-0.005525224870564616,-0.1684088540548095,C-M-0006-R.21-M1744-4.2024-08-05-11-55.NGGJK,C-M-0006-R.21-M1744-4
1,0.0,0.2915333320335789,1.0,0.2915333320335789,8.885935960383485,C-M-0006-R.21-M1744-4.2024-08-06-11-26.NGGJK,C-M-0006-R.21-M1744-4
2,0.0,0.38495772053174204,2.0,0.38495772053174204,11.733511321807498,C-M-0006-R.21-M1744-4.2024-08-06-11-26.NGGJK,C-M-0006-R.21-M1744-4
2,1.0,1.0707213515133833,1.0,0.07072135151338332,2.155586794127924,C-M-0006-R.21-M1744-4.2024-08-06-11-26.NGGJK,C-M-0006-R.21-M1744-4
3,0.0,1.0639651527384288,3.0,1.0639651527384288,32.42965785546731,C-M-0006-R.21-M1744-4.2024-08-06-11-26.NGGJK,C-M-0006-R.21-M1744-4
3,1.0,1.5481861336806042,2.0,0.5481861336806042,16.708713354584816,C-M-0006-R.21-M1744-4.2024-08-06-11-26.NGGJK,C-M-0006-R.21-M1744-4
3,2.0,2.2780806536054765,1.0,0.2780806536054765,8.475898321894924,C-M-0006-R.21-M1744-4.2024-08-06-11-26.NGGJK,C-M-0006-R.21-M1744-4
1,0.0,-0.03418890673716996,1.0,-0.03418890673716996,-1.0420778773489405,C-M-0006-R.21-M1744-4.2024-08-07-11-56.NGGJK,C-M-0006-R.21-M1744-4
2,0.0,-0.06698204117200979,2.0,-0.06698204117200979,-2.041612614922858,C-M-0006-R.21-M1744-4.2024-08-07-11-56.NGGJK,C-M-0006-R.21-M1744-4
2,1.0,0.9746082980556006,1.0,-0.025391701944399436,-0.7739390752652948,C-M-0006-R.21-M1744-4.2024-08-07-11-56.NGGJK,C-M-0006-R.21-M1744-4
3,0.0,-0.0470810583158161,3.0,-0.0470810583158161,-1.4350306574660747,C-M-0006-R.21-M1744-4.2024-08-07-11-56.NGGJK,C-M-0006-R.21-M1744-4
3,1.0,0.9871349866136602,2.0,-0.01286501338633983,-0.392125608015638,C-M-0006-R.21-M1744-4.2024-08-07-11-56.NGGJK,C-M-0006-R.21-M1744-4
3,2.0,2.0083466622880906,1.0,0.008346662288090556,0.2544062665410002,C-M-0006-R.21-M1744-4.2024-08-07-11-56.NGGJK,C-M-0006-R.21-M1744-4
1,0.0,-0.10240819439292669,1.0,-0.10240819439292669,-3.1214017650964054,C-M-0006-R.21-M1744-4.2024-08-08-11-32.NGGJK,C-M-0006-R.21-M1744-4
2,0.0,-0.09451470361395257,2.0,-0.09451470361395257,-2.8808081661532747,C-M-0006-R.21-M1744-4.2024-08-08-11-32.NGGJK,C-M-0006-R.21-M1744-4
2,1.0,1.0041675518855957,1.0,0.0041675518855956994,0.12702698147295693,C-M-0006-R.21-M1744-4.2024-08-08-11-32.NGGJK,C-M-0006-R.21-M1744-4
1,0.0,-0.011456492380581138,1.0,-0.011456492380581138,-0.3491938877601131,C-M-0006-R.21-M1744-4.2024-08-09-11-01.NGGJK,C-M-0006-R.21-M1744-4
2,0.0,0.004544782180888974,2.0,0.004544782180888974,0.13852496087349592,C-M-0006-R.21-M1744-4.2024-08-09-11-01.NGGJK,C-M-0006-R.21-M1744-4
2,1.0,1.0089053516745452,1.0,0.008905351674545203,0.2714351190401378,C-M-0006-R.21-M1744-4.2024-08-09-11-01.NGGJK,C-M-0006-R.21-M1744-4
1,0.0,0.023715893899388125,1.0,0.023715893899388125,0.7228604460533501,C-M-0013-L.23-M1619-4_M1619-8.2024-06-28-11-32.NH888,C-M-0013-L.23-M1619-4_M1619-8
2,0.0,0.032582516032523164,2.0,0.032582516032523164,0.993115088671306,C-M-0013-L.23-M1619-4_M1619-8.2024-06-28-11-32.NH888,C-M-0013-L.23-M1619-4_M1619-8
2,1.0,1.0157361353273837,1.0,0.015736135327383716,0.4796374047786557,C-M-0013-L.23-M1619-4_M1619-8.2024-06-28-11-32.NH888,C-M-0013-L.23-M1619-4_M1619-8
3,0.0,0.04093150685831795,3.0,0.04093150685831795,1.2475923290415312,C-M-0013-L.23-M1619-4_M1619-8.2024-06-28-11-32.NH888,C-M-0013-L.23-M1619-4_M1619-8
3,1.0,1.0224317963059504,2.0,0.02243179630595038,0.6837211514053676,C-M-0013-L.23-M1619-4_M1619-8.2024-06-28-11-32.NH888,C-M-0013-L.23-M1619-4_M1619-8
3,2.0,2.0111273912129817,1.0,0.011127391212981674,0.33916288417168144,C-M-0013-L.23-M1619-4_M1619-8.2024-06-28-11-32.NH888,C-M-0013-L.23-M1619-4_M1619-8
1,0.0,0.009607546455218994,1.0,0.009607546455218994,0.29283801595507497,C-M-0013-L.23-M1619-4_M1619-8.2024-06-29-11-33.NH888,C-M-0013-L.23-M1619-4_M1619-8
2,0.0,0.02065129235610465,2.0,0.02065129235610465,0.6294513910140698,C-M-0013-L.23-M1619-4_M1619-8.2024-06-29-11-33.NH888,C-M-0013-L.23-M1619-4_M1619-8
2,1.0,1.0196131257512444,1.0,0.01961312575124441,0.5978080728979296,C-M-0013-L.23-M1619-4_M1619-8.2024-06-29-11-33.NH888,C-M-0013-L.23-M1619-4_M1619-8
3,0.0,0.034162757745179295,3.0,0.034162757745179295,1.0412808560730649,C-M-0013-L.23-M1619-4_M1619-8.2024-06-29-11-33.NH888,C-M-0013-L.23-M1619-4_M1619-8
3,1.0,1.0304158366356693,2.0,0.03041583663566927,0.9270747006551994,C-M-0013-L.23-M1619-4_M1619-8.2024-06-29-11-33.NH888,C-M-0013-L.23-M1619-4_M1619-8
3,2.0,2.018036326312827,1.0,0.018036326312826922,0.5497472260149646,C-M-0013-L.23-M1619-4_M1619-8.2024-06-29-11-33.NH888,C-M-0013-L.23-M1619-4_M1619-8
1,0.0,-0.11824353257785071,1.0,-0.11824353257785071,-3.60406287297289,C-M-0013-L.23-M1619-4_M1619-8.2024-06-30-11-33.NH888,C-M-0013-L.23-M1619-4_M1619-8
2,0.0,-0.5663538025234292,2.0,-0.5663538025234292,-17.26246390091412,C-M-0013-L.23-M1619-4_M1619-8.2024-06-30-11-33.NH888,C-M-0013-L.23-M1619-4_M1619-8
2,1.0,0.6732008673283946,1.0,-0.32679913267160543,-9.960837563830534,C-M-0013-L.23-M1619-4_M1619-8.2024-06-30-11-33.NH888,C-M-0013-L.23-M1619-4_M1619-8
3,0.0,-0.5487115481467376,3.0,-0.5487115481467376,-16.724727987512562,C-M-0013-L.23-M1619-4_M1619-8.2024-06-30-11-33.NH888,C-M-0013-L.23-M1619-4_M1619-8
3,1.0,0.6865348164070688,2.0,-0.3134651835929312,-9.554418795912543,C-M-0013-L.23-M1619-4_M1619-8.2024-06-30-11-33.NH888,C-M-0013-L.23-M1619-4_M1619-8
3,2.0,2.0175359040132674,1.0,0.017535904013267434,0.5344943543243914,C-M-0013-L.23-M1619-4_M1619-8.2024-06-30-11-33.NH888,C-M-0013-L.23-M1619-4_M1619-8
1,0.0,-0.010567641251334109,1.0,-0.010567641251334109,-0.3221017053406636,C-M-0013-L.23-M1619-4_M1619-8.2024-07-01-11-47.NH888,C-M-0013-L.23-M1619-4_M1619-8
2,0.0,-0.01499538687900603,2.0,-0.01499538687900603,-0.45705939207210383,C-M-0013-L.23-M1619-4_M1619-8.2024-07-01-11-47.NH888,C-M-0013-L.23-M1619-4_M1619-8
2,1.0,0.9936681027756405,1.0,-0.006331897224359451,-0.19299622739847605,C-M-0013-L.23-M1619-4_M1619-8.2024-07-01-11-47.NH888,C-M-0013-L.23-M1619-4_M1619-8
3,0.0,-0.03851628298526855,3.0,-0.03851628298526855,-1.1739763053909855,C-M-0013-L.23-M1619-4_M1619-8.2024-07-01-11-47.NH888,C-M-0013-L.23-M1619-4_M1619-8
3,1.0,0.9757331130381065,2.0,-0.024266886961893497,-0.7396547145985138,C-M-0013-L.23-M1619-4_M1619-8.2024-07-01-11-47.NH888,C-M-0013-L.23-M1619-4_M1619-8
3,2.0,1.976297856241243,1.0,-0.02370214375875701,-0.7224413417669137,C-M-0013-L.23-M1619-4_M1619-8.2024-07-01-11-47.NH888,C-M-0013-L.23-M1619-4_M1619-8
1,0.0,0.29127031350544663,1.0,0.29127031350544663,8.877919155646014,C-M-0013-L.23-M1619-4_M1619-8.2024-07-02-11-47.NH888,C-M-0013-L.23-M1619-4_M1619-8
2,0.0,0.2956044752429443,2.0,0.2956044752429443,9.010024405404943,C-M-0013-L.23-M1619-4_M1619-8.2024-07-02-11-47.NH888,C-M-0013-L.23-M1619-4_M1619-8
2,1.0,1.0086839938493029,1.0,0.008683993849302851,0.2646881325267509,C-M-0013-L.23-M1619-4_M1619-8.2024-07-02-11-47.NH888,C-M-0013-L.23-M1619-4_M1619-8
3,0.0,0.2902712758629939,3.0,0.2902712758629939,8.847468488304054,C-M-0013-L.23-M1619-4_M1619-8.2024-07-02-11-47.NH888,C-M-0013-L.23-M1619-4_M1619-8
3,1.0,1.004112380717781,2.0,0.004112380717780972,0.12534536427796403,C-M-0013-L.23-M1619-4_M1619-8.2024-07-02-11-47.NH888,C-M-0013-L.23-M1619-4_M1619-8
3,2.0,1.9919396462702914,1.0,-0.008060353729708591,-0.24567958168151788,C-M-0013-L.23-M1619-4_M1619-8.2024-07-02-11-47.NH888,C-M-0013-L.23-M1619-4_M1619-8
1,0.0,0.0030891801245258917,1.0,0.0030891801245258917,0.09415821019554918,C-M-0013-L.23-M1619-4_M1619-8.2024-07-03-11-48.NH888,C-M-0013-L.23-M1619-4_M1619-8
2,0.0,0.016833559051383968,2.0,0.016833559051383968,0.5130868798861834,C-M-0013-L.23-M1619-4_M1619-8.2024-07-03-11-48.NH888,C-M-0013-L.23-M1619-4_M1619-8
2,1.0,1.0243566157754764,1.0,0.02435661577547643,0.7423896488365216,C-M-0013-L.23-M1619-4_M1619-8.2024-07-03-11-48.NH888,C-M-0013-L.23-M1619-4_M1619-8
3,0.0,0.01414782026437379,3.0,0.01414782026437379,0.43122556165811315,C-M-0013-L.23-M1619-4_M1619-8.2024-07-03-11-48.NH888,C-M-0013-L.23-M1619-4_M1619-8
3,1.0,1.0222147327723137,2.0,0.022214732772313672,0.6771050549001207,C-M-0013-L.23-M1619-4_M1619-8.2024-07-03-11-48.NH888,C-M-0013-L.23-M1619-4_M1619-8
3,2.0,1.9964395080884876,1.0,-0.00356049191151242,-0.10852379346289856,C-M-0013-L.23-M1619-4_M1619-8.2024-07-03-11-48.NH888,C-M-0013-L.23-M1619-4_M1619-8
1,0.0,0.02868365122840911,1.0,0.02868365122840911,0.8742776894419096,C-M-0013-L.23-M1619-4_M1619-8.2024-07-04-11-45.NH888,C-M-0013-L.23-M1619-4_M1619-8
2,0.0,0.02989527754684659,2.0,0.02989527754684659,0.9112080596278841,C-M-0013-L.23-M1619-4_M1619-8.2024-07-04-11-45.NH888,C-M-0013-L.23-M1619-4_M1619-8
2,1.0,1.0018910659114428,1.0,0.0018910659114428352,0.05763968898077762,C-M-0013-L.23-M1619-4_M1619-8.2024-07-04-11-45.NH888,C-M-0013-L.23-M1619-4_M1619-8
3,0.0,0.03412507798009292,3.0,0.03412507798009292,1.0401323768332322,C-M-0013-L.23-M1619-4_M1619-8.2024-07-04-11-45.NH888,C-M-0013-L.23-M1619-4_M1619-8
3,1.0,1.005201032383165,2.0,0.0052010323831650496,0.15852746703887072,C-M-0013-L.23-M1619-4_M1619-8.2024-07-04-11-45.NH888,C-M-0013-L.23-M1619-4_M1619-8
3,2.0,2.0047642942892003,1.0,0.004764294289200333,0.14521568993482614,C-M-0013-L.23-M1619-4_M1619-8.2024-07-04-11-45.NH888,C-M-0013-L.23-M1619-4_M1619-8
1,0.0,0.263032583953688,1.0,0.263032583953688,8.017233158908411,C-M-0013-L.23-M1619-4_M1619-8.2024-07-05-11-46.NH888,C-M-0013-L.23-M1619-4_M1619-8
2,0.0,0.4012680153336964,2.0,0.4012680153336964,12.230649107371066,C-M-0013-L.23-M1619-4_M1619-8.2024-07-05-11-46.NH888,C-M-0013-L.23-M1619-4_M1619-8
2,1.0,1.220285264866639,1.0,0.2202852648666389,6.714294873135154,C-M-0013-L.23-M1619-4_M1619-8.2024-07-05-11-46.NH888,C-M-0013-L.23-M1619-4_M1619-8
3,0.0,0.36783310637506966,3.0,0.36783310637506966,11.211553082312124,C-M-0013-L.23-M1619-4_M1619-8.2024-07-05-11-46.NH888,C-M-0013-L.23-M1619-4_M1619-8
3,1.0,1.193748275919442,2.0,0.193748275919442,5.905447450024592,C-M-0013-L.23-M1619-4_M1619-8.2024-07-05-11-46.NH888,C-M-0013-L.23-M1619-4_M1619-8
3,2.0,1.9624576394294826,1.0,-0.03754236057051741,-1.1442911501893707,C-M-0013-L.23-M1619-4_M1619-8.2024-07-05-11-46.NH888,C-M-0013-L.23-M1619-4_M1619-8
1,0.0,-0.10703108627794666,1.0,-0.10703108627794666,-3.2623075097518144,C-M-0013-L.23-M1619-4_M1619-8.2024-07-06-11-46.NH888,C-M-0013-L.23-M1619-4_M1619-8
2,0.0,0.08269529022972348,2.0,0.08269529022972348,2.5205524462019717,C-M-0013-L.23-M1619-4_M1619-8.2024-07-06-11-46.NH888,C-M-0013-L.23-M1619-4_M1619-8
2,1.0,1.2748680905504273,1.0,0.27486809055042727,8.377979399977024,C-M-0013-L.23-M1619-4_M1619-8.2024-07-06-11-46.NH888,C-M-0013-L.23-M1619-4_M1619-8
3,0.0,0.05399862973467941,3.0,0.05399862973467941,1.6458782343130283,C-M-0013-L.23-M1619-4_M1619-8.2024-07-06-11-46.NH888,C-M-0013-L.23-M1619-4_M1619-8
3,1.0,1.254229121478659,2.0,0.25422912147865895,7.748903622669525,C-M-0013-L.23-M1619-4_M1619-8.2024-07-06-11-46.NH888,C-M-0013-L.23-M1619-4_M1619-8
3,2.0,1.9702437085533004,1.0,-0.029756291446699557,-0.9069717632954025,C-M-0013-L.23-M1619-4_M1619-8.2024-07-06-11-46.NH888,C-M-0013-L.23-M1619-4_M1619-8
1,0.0,-0.02247654126669169,1.0,-0.02247654126669169,-0.6850849778087627,C-M-0013-L.23-M1619-4_M1619-8.2024-07-07-11-46.NH888,C-M-0013-L.23-M1619-4_M1619-8
2,0.0,-0.041265701043021484,2.0,-0.041265701043021484,-1.257778567791295,C-M-0013-L.23-M1619-4_M1619-8.2024-07-07-11-46.NH888,C-M-0013-L.23-M1619-4_M1619-8
2,1.0,0.9772930856189102,1.0,-0.02270691438108985,-0.6921067503356186,C-M-0013-L.23-M1619-4_M1619-8.2024-07-07-11-46.NH888,C-M-0013-L.23-M1619-4_M1619-8
3,0.0,-0.053956417170646316,3.0,-0.053956417170646316,-1.6445915953612997,C-M-0013-L.23-M1619-4_M1619-8.2024-07-07-11-46.NH888,C-M-0013-L.23-M1619-4_M1619-8
3,1.0,0.9680283397934702,2.0,-0.03197166020652975,-0.9744962030950268,C-M-0013-L.23-M1619-4_M1619-8.2024-07-07-11-46.NH888,C-M-0013-L.23-M1619-4_M1619-8
3,2.0,1.989807977626379,1.0,-0.010192022373620935,-0.3106528419479661,C-M-0013-L.23-M1619-4_M1619-8.2024-07-07-11-46.NH888,C-M-0013-L.23-M1619-4_M1619-8
1,0.0,0.03448019316078627,1.0,0.03448019316078627,1.0509562875407656,C-M-0013-L.23-M1619-4_M1619-8.2024-07-08-11-46.NH888,C-M-0013-L.23-M1619-4_M1619-8
2,0.0,0.03608685321267642,2.0,0.03608685321267642,1.0999272859223772,C-M-0013-L.23-M1619-4_M1619-8.2024-07-08-11-46.NH888,C-M-0013-L.23-M1619-4_M1619-8
2,1.0,1.0028690941567147,1.0,0.0028690941567146577,0.08744998989666276,C-M-0013-L.23-M1619-4_M1619-8.2024-07-08-11-46.NH888,C-M-0013-L.23-M1619-4_M1619-8
3,0.0,0.044770982247191615,3.0,0.044770982247191615,1.3646195388944005,C-M-0013-L.23-M1619-4_M1619-8.2024-07-08-11-46.NH888,C-M-0013-L.23-M1619-4_M1619-8
3,1.0,1.0098626138312798,2.0,0.009862613831279843,0.3006124695774096,C-M-0013-L.23-M1619-4_M1619-8.2024-07-08-11-46.NH888,C-M-0013-L.23-M1619-4_M1619-8
3,2.0,2.0116289819715427,1.0,0.011628981971542718,0.35445137049262204,C-M-0013-L.23-M1619-4_M1619-8.2024-07-08-11-46.NH888,C-M-0013-L.23-M1619-4_M1619-8
1,0.0,0.05335533869644909,1.0,0.05335533869644909,1.6262707234677682,C-M-0013-L.23-M1619-4_M1619-8.2024-07-09-11-47.NH888,C-M-0013-L.23-M1619-4_M1619-8
2,0.0,0.04464828788935915,2.0,0.04464828788935915,1.3608798148676668,C-M-0013-L.23-M1619-4_M1619-8.2024-07-09-11-47.NH888,C-M-0013-L.23-M1619-4_M1619-8
2,1.0,0.9872629322178207,1.0,-0.012737067782179312,-0.38822582600082545,C-M-0013-L.23-M1619-4_M1619-8.2024-07-09-11-47.NH888,C-M-0013-L.23-M1619-4_M1619-8
3,0.0,0.03457183965169662,3.0,0.03457183965169662,1.053749672583713,C-M-0013-L.23-M1619-4_M1619-8.2024-07-09-11-47.NH888,C-M-0013-L.23-M1619-4_M1619-8
3,1.0,0.979444725155889,2.0,-0.020555274844111016,-0.6265247772485038,C-M-0013-L.23-M1619-4_M1619-8.2024-07-09-11-47.NH888,C-M-0013-L.23-M1619-4_M1619-8
3,2.0,1.989639848631119,1.0,-0.01036015136888091,-0.31577741372349016,C-M-0013-L.23-M1619-4_M1619-8.2024-07-09-11-47.NH888,C-M-0013-L.23-M1619-4_M1619-8
1,0.0,0.22160882966030548,1.0,0.22160882966030548,6.754637128046111,C-M-0013-L.23-M1619-4_M1619-8.2024-07-10-11-47.NH888,C-M-0013-L.23-M1619-4_M1619-8
2,0.0,0.3147234402757163,2.0,0.3147234402757163,9.592770459603834,C-M-0013-L.23-M1619-4_M1619-8.2024-07-10-11-47.NH888,C-M-0013-L.23-M1619-4_M1619-8
2,1.0,1.1753535635804104,1.0,0.17535356358041043,5.34477661793091,C-M-0013-L.23-M1619-4_M1619-8.2024-07-10-11-47.NH888,C-M-0013-L.23-M1619-4_M1619-8
3,0.0,0.4288523286869296,3.0,0.4288523286869296,13.071418978377613,C-M-0013-L.23-M1619-4_M1619-8.2024-07-10-11-47.NH888,C-M-0013-L.23-M1619-4_M1619-8
3,1.0,1.2690552705219793,2.0,0.2690552705219793,8.20080464550993,C-M-0013-L.23-M1619-4_M1619-8.2024-07-10-11-47.NH888,C-M-0013-L.23-M1619-4_M1619-8
3,2.0,2.164173263875034,1.0,0.16417326387503417,5.004001082911041,C-M-0013-L.23-M1619-4_M1619-8.2024-07-10-11-47.NH888,C-M-0013-L.23-M1619-4_M1619-8
1,0.0,-0.00676231540941916,1.0,-0.00676231540941916,-0.206115373679096,C-M-0013-L.23-M1619-4_M1619-8.2024-07-11-11-52.NH888,C-M-0013-L.23-M1619-4_M1619-8
2,0.0,0.035176270904578526,2.0,0.035176270904578526,1.0721727371715535,C-M-0013-L.23-M1619-4_M1619-8.2024-07-11-11-52.NH888,C-M-0013-L.23-M1619-4_M1619-8
2,1.0,1.0794148355170312,1.0,0.07941483551703121,2.4205641865591114,C-M-0013-L.23-M1619-4_M1619-8.2024-07-11-11-52.NH888,C-M-0013-L.23-M1619-4_M1619-8
3,0.0,0.03958941370804797,3.0,0.03958941370804797,1.2066853298213023,C-M-0013-L.23-M1619-4_M1619-8.2024-07-11-11-52.NH888,C-M-0013-L.23-M1619-4_M1619-8
3,1.0,1.0829479134719098,2.0,0.08294791347190977,2.52825240262381,C-M-0013-L.23-M1619-4_M1619-8.2024-07-11-11-52.NH888,C-M-0013-L.23-M1619-4_M1619-8
3,2.0,2.0063803668179534,1.0,0.006380366817953398,0.19447358061121958,C-M-0013-L.23-M1619-4_M1619-8.2024-07-11-11-52.NH888,C-M-0013-L.23-M1619-4_M1619-8
1,0.0,0.008678062277537254,1.0,0.008678062277537254,0.2645073382193355,C-M-0013-L.23-M1619-4_M1619-8.2024-07-12-11-53.NH888,C-M-0013-L.23-M1619-4_M1619-8
2,0.0,-0.000516231545984041,2.0,-0.000516231545984041,-0.01573473752159357,C-M-0013-L.23-M1619-4_M1619-8.2024-07-12-11-53.NH888,C-M-0013-L.23-M1619-4_M1619-8
2,1.0,0.9877474953594174,1.0,-0.012252504640582584,-0.37345634144495715,C-M-0013-L.23-M1619-4_M1619-8.2024-07-12-11-53.NH888,C-M-0013-L.23-M1619-4_M1619-8
3,0.0,-0.017694629175719897,3.0,-0.017694629175719897,-0.5393322972759425,C-M-0013-L.23-M1619-4_M1619-8.2024-07-12-11-53.NH888,C-M-0013-L.23-M1619-4_M1619-8
3,1.0,0.9748221969553561,2.0,-0.0251778030446439,-0.767419436800746,C-M-0013-L.23-M1619-4_M1619-8.2024-07-12-11-53.NH888,C-M-0013-L.23-M1619-4_M1619-8
3,2.0,1.9843054713921076,1.0,-0.015694528607892444,-0.4783692319685617,C-M-0013-L.23-M1619-4_M1619-8.2024-07-12-11-53.NH888,C-M-0013-L.23-M1619-4_M1619-8
1,0.0,0.0045479391464670425,1.0,0.0045479391464670425,0.13862118518431546,C-M-0013-L.23-M1619-4_M1619-8.2024-07-13-11-53.NH888,C-M-0013-L.23-M1619-4_M1619-8
2,0.0,0.00847822134197913,2.0,0.00847822134197913,0.2584161865035239,C-M-0013-L.23-M1619-4_M1619-8.2024-07-13-11-53.NH888,C-M-0013-L.23-M1619-4_M1619-8
2,1.0,1.0065343746644786,1.0,0.006534374664478593,0.1991677397733075,C-M-0013-L.23-M1619-4_M1619-8.2024-07-13-11-53.NH888,C-M-0013-L.23-M1619-4_M1619-8
3,0.0,0.01891613151583717,3.0,0.01891613151583717,0.576563688602717,C-M-0013-L.23-M1619-4_M1619-8.2024-07-13-11-53.NH888,C-M-0013-L.23-M1619-4_M1619-8
3,1.0,1.0147746959651778,2.0,0.014774695965177775,0.4503327330186186,C-M-0013-L.23-M1619-4_M1619-8.2024-07-13-11-53.NH888,C-M-0013-L.23-M1619-4_M1619-8
3,2.0,2.0128061905798416,1.0,0.012806190579841559,0.3903326888735707,C-M-0013-L.23-M1619-4_M1619-8.2024-07-13-11-53.NH888,C-M-0013-L.23-M1619-4_M1619-8
1,0.0,-0.01540689415903991,1.0,-0.01540689415903991,-0.4696021339675365,C-M-0013-L.23-M1619-4_M1619-8.2024-07-14-11-52.NH888,C-M-0013-L.23-M1619-4_M1619-8
2,0.0,-0.025948470440840362,2.0,-0.025948470440840362,-0.7909093790368142,C-M-0013-L.23-M1619-4_M1619-8.2024-07-14-11-52.NH888,C-M-0013-L.23-M1619-4_M1619-8
2,1.0,0.9848833547272159,1.0,-0.015116645272784113,-0.46075534791445977,C-M-0013-L.23-M1619-4_M1619-8.2024-07-14-11-52.NH888,C-M-0013-L.23-M1619-4_M1619-8
3,0.0,-0.04720399667246319,3.0,-0.04720399667246319,-1.438777818576678,C-M-0013-L.23-M1619-4_M1619-8.2024-07-14-11-52.NH888,C-M-0013-L.23-M1619-4_M1619-8
3,1.0,0.968670809655384,2.0,-0.03132919034461601,-0.954913721703896,C-M-0013-L.23-M1619-4_M1619-8.2024-07-14-11-52.NH888,C-M-0013-L.23-M1619-4_M1619-8
3,2.0,1.9785421859292445,1.0,-0.021457814070755532,-0.6540341728766286,C-M-0013-L.23-M1619-4_M1619-8.2024-07-14-11-52.NH888,C-M-0013-L.23-M1619-4_M1619-8
1,0.0,0.20441628886847166,1.0,0.20441628886847166,6.230608484711016,C-M-0013-L.23-M1619-4_M1619-8.2024-07-15-11-31.NH888,C-M-0013-L.23-M1619-4_M1619-8
2,0.0,0.24429732353889483,2.0,0.24429732353889483,7.446182421465514,C-M-0013-L.23-M1619-4_M1619-8.2024-07-15-11-31.NH888,C-M-0013-L.23-M1619-4_M1619-8
2,1.0,1.0665738096272357,1.0,0.06657380962723569,2.029169717438144,C-M-0013-L.23-M1619-4_M1619-8.2024-07-15-11-31.NH888,C-M-0013-L.23-M1619-4_M1619-8
3,0.0,0.4006076781549592,3.0,0.4006076781549592,12.210522030163157,C-M-0013-L.23-M1619-4_M1619-8.2024-07-15-11-31.NH888,C-M-0013-L.23-M1619-4_M1619-8
3,1.0,1.1935066136411465,2.0,0.19350661364114652,5.898081583782146,C-M-0013-L.23-M1619-4_M1619-8.2024-07-15-11-31.NH888,C-M-0013-L.23-M1619-4_M1619-8
3,2.0,2.191479445948458,1.0,0.1914794459484579,5.8362935125089965,C-M-0013-L.23-M1619-4_M1619-8.2024-07-15-11-31.NH888,C-M-0013-L.23-M1619-4_M1619-8
1,0.0,-0.10406050786280999,1.0,-0.10406050786280999,-3.1717642796584484,C-M-0013-L.23-M1619-4_M1619-8.2024-07-16-11-32.NH888,C-M-0013-L.23-M1619-4_M1619-8
2,0.0,-0.11988893322387306,2.0,-0.11988893322387306,-3.654214684663651,C-M-0013-L.23-M1619-4_M1619-8.2024-07-16-11-32.NH888,C-M-0013-L.23-M1619-4_M1619-8
2,1.0,0.9795755276589282,1.0,-0.02042447234107181,-0.6225379169558687,C-M-0013-L.23-M1619-4_M1619-8.2024-07-16-11-32.NH888,C-M-0013-L.23-M1619-4_M1619-8
3,0.0,-0.1431540863921796,3.0,-0.1431540863921796,-4.363336553233634,C-M-0013-L.23-M1619-4_M1619-8.2024-07-16-11-32.NH888,C-M-0013-L.23-M1619-4_M1619-8
3,1.0,0.9625703617824097,2.0,-0.037429638217590266,-1.1408553728721513,C-M-0013-L.23-M1619-4_M1619-8.2024-07-16-11-32.NH888,C-M-0013-L.23-M1619-4_M1619-8
3,2.0,1.9793947617850052,1.0,-0.020605238214994825,-0.6280476607930423,C-M-0013-L.23-M1619-4_M1619-8.2024-07-16-11-32.NH888,C-M-0013-L.23-M1619-4_M1619-8
1,0.0,-0.011824432042108335,1.0,-0.011824432042108335,-0.36040868864346204,C-M-0013-L.23-M1619-4_M1619-8.2024-07-17-11-32.NH888,C-M-0013-L.23-M1619-4_M1619-8
2,0.0,-0.018436162746820663,2.0,-0.018436162746820663,-0.5619342405230938,C-M-0013-L.23-M1619-4_M1619-8.2024-07-17-11-32.NH888,C-M-0013-L.23-M1619-4_M1619-8
2,1.0,0.9912314097716914,1.0,-0.00876859022830856,-0.2672666301588449,C-M-0013-L.23-M1619-4_M1619-8.2024-07-17-11-32.NH888,C-M-0013-L.23-M1619-4_M1619-8
3,0.0,-0.033138284310099075,3.0,-0.033138284310099075,-1.0100549057718198,C-M-0013-L.23-M1619-4_M1619-8.2024-07-17-11-32.NH888,C-M-0013-L.23-M1619-4_M1619-8
3,1.0,0.9802327033185211,2.0,-0.01976729668147892,-0.6025072028514774,C-M-0013-L.23-M1619-4_M1619-8.2024-07-17-11-32.NH888,C-M-0013-L.23-M1619-4_M1619-8
3,2.0,1.9866209837220141,1.0,-0.013379016277985878,-0.40779241615300954,C-M-0013-L.23-M1619-4_M1619-8.2024-07-17-11-32.NH888,C-M-0013-L.23-M1619-4_M1619-8
1,0.0,-0.31058052522982416,1.0,-0.31058052522982416,-9.46649440900504,C-M-0013-L.23-M1619-4_M1619-8.2024-07-18-11-32.NH888,C-M-0013-L.23-M1619-4_M1619-8
2,0.0,-0.3052521849023348,2.0,-0.3052521849023348,-9.304086595823165,C-M-0013-L.23-M1619-4_M1619-8.2024-07-18-11-32.NH888,C-M-0013-L.23-M1619-4_M1619-8
2,1.0,1.0070847827126392,1.0,0.007084782712639237,0.21594417708124394,C-M-0013-L.23-M1619-4_M1619-8.2024-07-18-11-32.NH888,C-M-0013-L.23-M1619-4_M1619-8
3,0.0,-0.31711317029774355,3.0,-0.31711317029774355,-9.665609430675223,C-M-0013-L.23-M1619-4_M1619-8.2024-07-18-11-32.NH888,C-M-0013-L.23-M1619-4_M1619-8
3,1.0,0.998687830445981,2.0,-0.001312169554019027,-0.039994928006499945,C-M-0013-L.23-M1619-4_M1619-8.2024-07-18-11-32.NH888,C-M-0013-L.23-M1619-4_M1619-8
3,2.0,1.988813470895885,1.0,-0.011186529104115106,-0.34096540709342843,C-M-0013-L.23-M1619-4_M1619-8.2024-07-18-11-32.NH888,C-M-0013-L.23-M1619-4_M1619-8
1,0.0,-0.060741231951923096,1.0,-0.060741231951923096,-1.8513927498946159,C-M-0013-L.23-M1619-4_M1619-8.2024-07-19-11-32.NH888,C-M-0013-L.23-M1619-4_M1619-8
2,0.0,-0.021669320191597362,2.0,-0.021669320191597362,-0.6604808794398876,C-M-0013-L.23-M1619-4_M1619-8.2024-07-19-11-32.NH888,C-M-0013-L.23-M1619-4_M1619-8
2,1.0,1.0254361446950246,1.0,0.025436144695024643,0.7752936903043511,C-M-0013-L.23-M1619-4_M1619-8.2024-07-19-11-32.NH888,C-M-0013-L.23-M1619-4_M1619-8
3,0.0,-0.0007994646664539894,3.0,-0.0007994646664539894,-0.024367683033517596,C-M-0013-L.23-M1619-4_M1619-8.2024-07-19-11-32.NH888,C-M-0013-L.23-M1619-4_M1619-8
3,1.0,1.0377851996757248,2.0,0.0377851996757248,1.151692886116092,C-M-0013-L.23-M1619-4_M1619-8.2024-07-19-11-32.NH888,C-M-0013-L.23-M1619-4_M1619-8
3,2.0,2.0072880682293817,1.0,0.007288068229381661,0.22214031963155303,C-M-0013-L.23-M1619-4_M1619-8.2024-07-19-11-32.NH888,C-M-0013-L.23-M1619-4_M1619-8
1,0.0,-0.000514968031157675,1.0,-0.000514968031157675,-0.015696225589685937,C-M-0013-L.23-M1619-4_M1619-8.2024-07-20-11-32.NH888,C-M-0013-L.23-M1619-4_M1619-8
2,0.0,-0.012489655466369166,2.0,-0.012489655466369166,-0.3806846986149322,C-M-0013-L.23-M1619-4_M1619-8.2024-07-20-11-32.NH888,C-M-0013-L.23-M1619-4_M1619-8
2,1.0,0.9853894477188896,1.0,-0.014610552281110412,-0.44532963352824534,C-M-0013-L.23-M1619-4_M1619-8.2024-07-20-11-32.NH888,C-M-0013-L.23-M1619-4_M1619-8
3,0.0,-0.025010878546960654,3.0,-0.025010878546960654,-0.7623315781113608,C-M-0013-L.23-M1619-4_M1619-8.2024-07-20-11-32.NH888,C-M-0013-L.23-M1619-4_M1619-8
3,1.0,0.9761964670030502,2.0,-0.023803532996949817,-0.7255316857470304,C-M-0013-L.23-M1619-4_M1619-8.2024-07-20-11-32.NH888,C-M-0013-L.23-M1619-4_M1619-8
3,2.0,1.9898424269036938,1.0,-0.01015757309630616,-0.3096028279754118,C-M-0013-L.23-M1619-4_M1619-8.2024-07-20-11-32.NH888,C-M-0013-L.23-M1619-4_M1619-8
1,0.0,-0.016072013737799373,1.0,-0.016072013737799373,-0.4898749787281249,C-M-0013-L.23-M1619-4_M1619-8.2024-07-21-11-33.NH888,C-M-0013-L.23-M1619-4_M1619-8
2,0.0,-0.017533567254593832,2.0,-0.017533567254593832,-0.5344231299200201,C-M-0013-L.23-M1619-4_M1619-8.2024-07-21-11-33.NH888,C-M-0013-L.23-M1619-4_M1619-8
2,1.0,0.9983893094279572,1.0,-0.0016106905720427722,-0.0490938486358637,C-M-0013-L.23-M1619-4_M1619-8.2024-07-21-11-33.NH888,C-M-0013-L.23-M1619-4_M1619-8
3,0.0,-0.03235829901493108,3.0,-0.03235829901493108,-0.9862809539750993,C-M-0013-L.23-M1619-4_M1619-8.2024-07-21-11-33.NH888,C-M-0013-L.23-M1619-4_M1619-8
3,1.0,0.9878550062066888,2.0,-0.012144993793311243,-0.3701794108201267,C-M-0013-L.23-M1619-4_M1619-8.2024-07-21-11-33.NH888,C-M-0013-L.23-M1619-4_M1619-8
3,2.0,1.989487218110696,1.0,-0.010512781889304046,-0.3204295919859873,C-M-0013-L.23-M1619-4_M1619-8.2024-07-21-11-33.NH888,C-M-0013-L.23-M1619-4_M1619-8
1,0.0,-0.010305432718874154,1.0,-0.010305432718874154,-0.31410958927128424,C-M-0013-L.23-M1619-4_M1619-8.2024-07-22-11-32.NH888,C-M-0013-L.23-M1619-4_M1619-8
2,0.0,-0.003583063337715224,2.0,-0.003583063337715224,-0.10921177053356003,C-M-0013-L.23-M1619-4_M1619-8.2024-07-22-11-32.NH888,C-M-0013-L.23-M1619-4_M1619-8
2,1.0,1.0074486315652114,1.0,0.007448631565211361,0.22703429010764228,C-M-0013-L.23-M1619-4_M1619-8.2024-07-22-11-32.NH888,C-M-0013-L.23-M1619-4_M1619-8
3,0.0,-0.023264997499700627,3.0,-0.023264997499700627,-0.7091171237908751,C-M-0013-L.23-M1619-4_M1619-8.2024-07-22-11-32.NH888,C-M-0013-L.23-M1619-4_M1619-8
3,1.0,0.9934535534493101,2.0,-0.006546446550689922,-0.19953569086502881,C-M-0013-L.23-M1619-4_M1619-8.2024-07-22-11-32.NH888,C-M-0013-L.23-M1619-4_M1619-8
3,2.0,1.9860061331071415,1.0,-0.01399386689285853,-0.426533062894328,C-M-0013-L.23-M1619-4_M1619-8.2024-07-22-11-32.NH888,C-M-0013-L.23-M1619-4_M1619-8
1,0.0,-0.00696183432822466,1.0,-0.00696183432822466,-0.21219671032428764,C-M-0013-L.23-M1619-4_M1619-8.2024-07-23-11-55.NH888,C-M-0013-L.23-M1619-4_M1619-8
2,0.0,0.009888067410583443,2.0,0.009888067410583443,0.30138829467458333,C-M-0013-L.23-M1619-4_M1619-8.2024-07-23-11-55.NH888,C-M-0013-L.23-M1619-4_M1619-8
2,1.0,1.0187347424982423,1.0,0.01873474249824225,0.5710349513464238,C-M-0013-L.23-M1619-4_M1619-8.2024-07-23-11-55.NH888,C-M-0013-L.23-M1619-4_M1619-8
3,0.0,-0.043110716574899795,3.0,-0.043110716574899795,-1.3140146412029459,C-M-0013-L.23-M1619-4_M1619-8.2024-07-23-11-55.NH888,C-M-0013-L.23-M1619-4_M1619-8
3,1.0,0.9810749654790832,2.0,-0.01892503452091676,-0.5768350521975429,C-M-0013-L.23-M1619-4_M1619-8.2024-07-23-11-55.NH888,C-M-0013-L.23-M1619-4_M1619-8
3,2.0,1.9622384484100137,1.0,-0.037761551589986286,-1.150972092462782,C-M-0013-L.23-M1619-4_M1619-8.2024-07-23-11-55.NH888,C-M-0013-L.23-M1619-4_M1619-8
1,0.0,-0.01296612045851305,1.0,-0.01296612045851305,-0.39520735157547776,C-M-0013-L.23-M1619-4_M1619-8.2024-07-24-11-55.NH888,C-M-0013-L.23-M1619-4_M1619-8
2,0.0,-0.02648409392324399,2.0,-0.02648409392324399,-0.8072351827804768,C-M-0013-L.23-M1619-4_M1619-8.2024-07-24-11-55.NH888,C-M-0013-L.23-M1619-4_M1619-8
2,1.0,0.9880386719003629,1.0,-0.011961328099637125,-0.3645812804769396,C-M-0013-L.23-M1619-4_M1619-8.2024-07-24-11-55.NH888,C-M-0013-L.23-M1619-4_M1619-8
3,0.0,-0.1209688935026311,3.0,-0.1209688935026311,-3.6871318739601957,C-M-0013-L.23-M1619-4_M1619-8.2024-07-24-11-55.NH888,C-M-0013-L.23-M1619-4_M1619-8
3,1.0,0.9254492473364715,2.0,-0.07455075266352851,-2.272306941184349,C-M-0013-L.23-M1619-4_M1619-8.2024-07-24-11-55.NH888,C-M-0013-L.23-M1619-4_M1619-8
3,2.0,1.951628516290831,1.0,-0.048371483709169105,-1.4743628234554744,C-M-0013-L.23-M1619-4_M1619-8.2024-07-24-11-55.NH888,C-M-0013-L.23-M1619-4_M1619-8
1,0.0,-0.008266339676904577,1.0,-0.008266339676904577,-0.2519580333520515,C-M-0013-L.23-M1619-4_M1619-8.2024-07-25-11-55.NH888,C-M-0013-L.23-M1619-4_M1619-8
2,0.0,-0.025762340212220895,2.0,-0.025762340212220895,-0.7852361296684929,C-M-0013-L.23-M1619-4_M1619-8.2024-07-25-11-55.NH888,C-M-0013-L.23-M1619-4_M1619-8
2,1.0,0.982585262484409,1.0,-0.017414737515590972,-0.5308011994752129,C-M-0013-L.23-M1619-4_M1619-8.2024-07-25-11-55.NH888,C-M-0013-L.23-M1619-4_M1619-8
3,0.0,-0.02228089003340089,3.0,-0.02228089003340089,-0.6791215282180592,C-M-0013-L.23-M1619-4_M1619-8.2024-07-25-11-55.NH888,C-M-0013-L.23-M1619-4_M1619-8
3,1.0,0.9849932702000557,2.0,-0.01500672979994433,-0.4574051243023032,C-M-0013-L.23-M1619-4_M1619-8.2024-07-25-11-55.NH888,C-M-0013-L.23-M1619-4_M1619-8
3,2.0,2.002132369717117,1.0,0.0021323697171169442,0.06499462897772446,C-M-0013-L.23-M1619-4_M1619-8.2024-07-25-11-55.NH888,C-M-0013-L.23-M1619-4_M1619-8
1,0.0,0.04641987660184445,1.0,0.04641987660184445,1.4148778388242187,C-M-0013-L.23-M1619-4_M1619-8.2024-07-26-11-54.NH888,C-M-0013-L.23-M1619-4_M1619-8
2,0.0,-0.004944468653872539,2.0,-0.004944468653872539,-0.15070740457003498,C-M-0013-L.23-M1619-4_M1619-8.2024-07-26-11-54.NH888,C-M-0013-L.23-M1619-4_M1619-8
2,1.0,0.936784856973808,1.0,-0.06321514302619202,-1.9267975594383329,C-M-0013-L.23-M1619-4_M1619-8.2024-07-26-11-54.NH888,C-M-0013-L.23-M1619-4_M1619-8
3,0.0,-0.012988950507579915,3.0,-0.012988950507579915,-0.3959032114710358,C-M-0013-L.23-M1619-4_M1619-8.2024-07-26-11-54.NH888,C-M-0013-L.23-M1619-4_M1619-8
3,1.0,0.9307683405435192,2.0,-0.0692316594564808,-2.110180980233535,C-M-0013-L.23-M1619-4_M1619-8.2024-07-26-11-54.NH888,C-M-0013-L.23-M1619-4_M1619-8
3,2.0,1.9934610972370503,1.0,-0.006538902762949661,-0.19930575621470567,C-M-0013-L.23-M1619-4_M1619-8.2024-07-26-11-54.NH888,C-M-0013-L.23-M1619-4_M1619-8
1,0.0,-0.0014724111595685126,1.0,-0.0014724111595685126,-0.04487909214364826,C-M-0013-L.23-M1619-4_M1619-8.2024-07-27-11-55.NH888,C-M-0013-L.23-M1619-4_M1619-8
2,0.0,-0.007103291649864497,2.0,-0.007103291649864497,-0.21650832948786985,C-M-0013-L.23-M1619-4_M1619-8.2024-07-27-11-55.NH888,C-M-0013-L.23-M1619-4_M1619-8
2,1.0,0.994378301967849,1.0,-0.005621698032150957,-0.17134935601996118,C-M-0013-L.23-M1619-4_M1619-8.2024-07-27-11-55.NH888,C-M-0013-L.23-M1619-4_M1619-8
3,0.0,-0.0009453783108005511,3.0,-0.0009453783108005511,-0.028815130913200798,C-M-0013-L.23-M1619-4_M1619-8.2024-07-27-11-55.NH888,C-M-0013-L.23-M1619-4_M1619-8
3,1.0,0.9986425497829775,2.0,-0.0013574502170224934,-0.0413750826148456,C-M-0013-L.23-M1619-4_M1619-8.2024-07-27-11-55.NH888,C-M-0013-L.23-M1619-4_M1619-8
3,2.0,2.003787418369758,1.0,0.0037874183697579333,0.11544051191022181,C-M-0013-L.23-M1619-4_M1619-8.2024-07-27-11-55.NH888,C-M-0013-L.23-M1619-4_M1619-8
1,0.0,0.047222287266406954,1.0,0.047222287266406954,1.439335315880084,C-M-0013-L.23-M1619-4_M1619-8.2024-07-28-11-55.NH888,C-M-0013-L.23-M1619-4_M1619-8
2,0.0,-0.009362883539749725,2.0,-0.009362883539749725,-0.2853806902915716,C-M-0013-L.23-M1619-4_M1619-8.2024-07-28-11-55.NH888,C-M-0013-L.23-M1619-4_M1619-8
2,1.0,0.9303796475667121,1.0,-0.0696203524332879,-2.1220283421666153,C-M-0013-L.23-M1619-4_M1619-8.2024-07-28-11-55.NH888,C-M-0013-L.23-M1619-4_M1619-8
3,0.0,-0.021536972181245385,3.0,-0.021536972181245385,-0.6564469120843593,C-M-0013-L.23-M1619-4_M1619-8.2024-07-28-11-55.NH888,C-M-0013-L.23-M1619-4_M1619-8
3,1.0,0.9212669500961547,2.0,-0.07873304990384533,-2.399783361069206,C-M-0013-L.23-M1619-4_M1619-8.2024-07-28-11-55.NH888,C-M-0013-L.23-M1619-4_M1619-8
3,2.0,1.990117828928912,1.0,-0.009882171071087908,-0.30120857424675945,C-M-0013-L.23-M1619-4_M1619-8.2024-07-28-11-55.NH888,C-M-0013-L.23-M1619-4_M1619-8
1,0.0,0.0019067783744209314,1.0,0.0019067783744209314,0.058118604852349987,C-M-0013-L.23-M1619-4_M1619-8.2024-07-29-11-55.NH888,C-M-0013-L.23-M1619-4_M1619-8
2,0.0,-0.010567981305731418,2.0,-0.010567981305731418,-0.32211207019869365,C-M-0013-L.23-M1619-4_M1619-8.2024-07-29-11-55.NH888,C-M-0013-L.23-M1619-4_M1619-8
2,1.0,0.990303355836921,1.0,-0.009696644163079027,-0.29555371409064873,C-M-0013-L.23-M1619-4_M1619-8.2024-07-29-11-55.NH888,C-M-0013-L.23-M1619-4_M1619-8
3,0.0,-0.002477814570578918,3.0,-0.002477814570578918,-0.07552378811124542,C-M-0013-L.23-M1619-4_M1619-8.2024-07-29-11-55.NH888,C-M-0013-L.23-M1619-4_M1619-8
3,1.0,0.9954588198058306,2.0,-0.004541180194169381,-0.13841517231828274,C-M-0013-L.23-M1619-4_M1619-8.2024-07-29-11-55.NH888,C-M-0013-L.23-M1619-4_M1619-8
3,2.0,2.0034285871264257,1.0,0.003428587126425686,0.10450333561345491,C-M-0013-L.23-M1619-4_M1619-8.2024-07-29-11-55.NH888,C-M-0013-L.23-M1619-4_M1619-8
1,0.0,0.0022626269446615033,1.0,0.0022626269446615033,0.06896486927328262,C-M-0013-L.23-M1619-4_M1619-8.2024-07-30-11-55.NH888,C-M-0013-L.23-M1619-4_M1619-8
2,0.0,0.004649064871006014,2.0,0.004649064871006014,0.1417034972682633,C-M-0013-L.23-M1619-4_M1619-8.2024-07-30-11-55.NH888,C-M-0013-L.23-M1619-4_M1619-8
2,1.0,1.00160274656229,1.0,0.0016027465622900916,0.048851715218601995,C-M-0013-L.23-M1619-4_M1619-8.2024-07-30-11-55.NH888,C-M-0013-L.23-M1619-4_M1619-8
3,0.0,-0.00641938898831323,3.0,-0.00641938898831323,-0.19566297636378724,C-M-0013-L.23-M1619-4_M1619-8.2024-07-30-11-55.NH888,C-M-0013-L.23-M1619-4_M1619-8
3,1.0,0.9949626090531585,2.0,-0.0050373909468415246,-0.15353967605972968,C-M-0013-L.23-M1619-4_M1619-8.2024-07-30-11-55.NH888,C-M-0013-L.23-M1619-4_M1619-8
3,2.0,1.9963240080357099,1.0,-0.0036759919642901373,-0.11204423507156339,C-M-0013-L.23-M1619-4_M1619-8.2024-07-30-11-55.NH888,C-M-0013-L.23-M1619-4_M1619-8
1,0.0,-0.003533363820400135,1.0,-0.003533363820400135,-0.10769692924579612,C-M-0013-L.23-M1619-4_M1619-8.2024-07-31-11-56.NH888,C-M-0013-L.23-M1619-4_M1619-8
2,0.0,-0.004452271130619854,2.0,-0.004452271130619854,-0.13570522406129315,C-M-0013-L.23-M1619-4_M1619-8.2024-07-31-11-56.NH888,C-M-0013-L.23-M1619-4_M1619-8
2,1.0,0.9990828327576701,1.0,-0.0009171672423299304,-0.027955257546216278,C-M-0013-L.23-M1619-4_M1619-8.2024-07-31-11-56.NH888,C-M-0013-L.23-M1619-4_M1619-8
3,0.0,0.0061672363155826256,3.0,0.0061672363155826256,0.18797736289895842,C-M-0013-L.23-M1619-4_M1619-8.2024-07-31-11-56.NH888,C-M-0013-L.23-M1619-4_M1619-8
3,1.0,1.0064303959295087,2.0,0.00643039592950867,0.19599846793142425,C-M-0013-L.23-M1619-4_M1619-8.2024-07-31-11-56.NH888,C-M-0013-L.23-M1619-4_M1619-8
3,2.0,2.006542968388636,1.0,0.006542968388635995,0.19942967648562512,C-M-0013-L.23-M1619-4_M1619-8.2024-07-31-11-56.NH888,C-M-0013-L.23-M1619-4_M1619-8
1,0.0,0.001608589240270606,1.0,0.001608589240270606,0.04902980004344807,C-M-0013-L.23-M1619-4_M1619-8.2024-08-01-11-55.NH888,C-M-0013-L.23-M1619-4_M1619-8
2,0.0,0.0021432014615576484,2.0,0.0021432014615576484,0.06532478054827713,C-M-0013-L.23-M1619-4_M1619-8.2024-08-01-11-55.NH888,C-M-0013-L.23-M1619-4_M1619-8
2,1.0,1.0004785709410917,1.0,0.00047857094109171605,0.014586842284475505,C-M-0013-L.23-M1619-4_M1619-8.2024-08-01-11-55.NH888,C-M-0013-L.23-M1619-4_M1619-8
3,0.0,-0.00848843847367335,3.0,-0.00848843847367335,-0.2587276046775637,C-M-0013-L.23-M1619-4_M1619-8.2024-08-01-11-55.NH888,C-M-0013-L.23-M1619-4_M1619-8
3,1.0,0.9933891945408431,2.0,-0.006610805459156932,-0.2014973503951033,C-M-0013-L.23-M1619-4_M1619-8.2024-08-01-11-55.NH888,C-M-0013-L.23-M1619-4_M1619-8
3,2.0,1.994488521333543,1.0,-0.005511478666456959,-0.16798986975360813,C-M-0013-L.23-M1619-4_M1619-8.2024-08-01-11-55.NH888,C-M-0013-L.23-M1619-4_M1619-8
1,0.0,-0.018929778813410524,1.0,-0.018929778813410524,-0.5769796582327528,C-M-0013-L.23-M1619-4_M1619-8.2024-08-02-11-55.NH888,C-M-0013-L.23-M1619-4_M1619-8
2,0.0,-0.030842723683160968,2.0,-0.030842723683160968,-0.9400862178627463,C-M-0013-L.23-M1619-4_M1619-8.2024-08-02-11-55.NH888,C-M-0013-L.23-M1619-4_M1619-8
2,1.0,0.9868760531605696,1.0,-0.013123946839430412,-0.40001789966583895,C-M-0013-L.23-M1619-4_M1619-8.2024-08-02-11-55.NH888,C-M-0013-L.23-M1619-4_M1619-8
3,0.0,-0.08999519801886399,3.0,-0.08999519801886399,-2.7430536356149746,C-M-0013-L.23-M1619-4_M1619-8.2024-08-02-11-55.NH888,C-M-0013-L.23-M1619-4_M1619-8
3,1.0,0.9448763996438458,2.0,-0.05512360035615416,-1.6801673388555787,C-M-0013-L.23-M1619-4_M1619-8.2024-08-02-11-55.NH888,C-M-0013-L.23-M1619-4_M1619-8
3,2.0,1.9583782444157636,1.0,-0.04162175558423642,-1.268631110207526,C-M-0013-L.23-M1619-4_M1619-8.2024-08-02-11-55.NH888,C-M-0013-L.23-M1619-4_M1619-8
1,0.0,-0.00639845951478412,1.0,-0.00639845951478412,-0.19502504601061998,C-M-0013-L.23-M1619-4_M1619-8.2024-08-03-11-56.NH888,C-M-0013-L.23-M1619-4_M1619-8
2,0.0,-0.03503655011983396,2.0,-0.03503655011983396,-1.0679140476525393,C-M-0013-L.23-M1619-4_M1619-8.2024-08-03-11-56.NH888,C-M-0013-L.23-M1619-4_M1619-8
2,1.0,0.980985183899212,1.0,-0.019014816100788035,-0.5795715947520192,C-M-0013-L.23-M1619-4_M1619-8.2024-08-03-11-56.NH888,C-M-0013-L.23-M1619-4_M1619-8
3,0.0,-0.061130868939549714,3.0,-0.061130868939549714,-1.8632688852774753,C-M-0013-L.23-M1619-4_M1619-8.2024-08-03-11-56.NH888,C-M-0013-L.23-M1619-4_M1619-8
3,1.0,0.9654115609294484,2.0,-0.034588439070551646,-1.0542556228704143,C-M-0013-L.23-M1619-4_M1619-8.2024-08-03-11-56.NH888,C-M-0013-L.23-M1619-4_M1619-8
3,2.0,1.9914394863919826,1.0,-0.00856051360801735,-0.26092445477236886,C-M-0013-L.23-M1619-4_M1619-8.2024-08-03-11-56.NH888,C-M-0013-L.23-M1619-4_M1619-8
1,0.0,-0.013694861469237658,1.0,-0.013694861469237658,-0.4174193775823638,C-M-0013-L.23-M1619-4_M1619-8.2024-08-04-11-56.NH888,C-M-0013-L.23-M1619-4_M1619-8
2,0.0,-0.02003893581626914,2.0,-0.02003893581626914,-0.6107867636798834,C-M-0013-L.23-M1619-4_M1619-8.2024-08-04-11-56.NH888,C-M-0013-L.23-M1619-4_M1619-8
2,1.0,0.9929848047936841,1.0,-0.007015195206315883,-0.21382314988850812,C-M-0013-L.23-M1619-4_M1619-8.2024-08-04-11-56.NH888,C-M-0013-L.23-M1619-4_M1619-8
3,0.0,-0.0307777776284481,3.0,-0.0307777776284481,-0.9381066621150981,C-M-0013-L.23-M1619-4_M1619-8.2024-08-04-11-56.NH888,C-M-0013-L.23-M1619-4_M1619-8
3,1.0,0.9853426619939502,2.0,-0.014657338006049847,-0.44675566242439935,C-M-0013-L.23-M1619-4_M1619-8.2024-08-04-11-56.NH888,C-M-0013-L.23-M1619-4_M1619-8
3,2.0,1.992378756382842,1.0,-0.007621243617158102,-0.23229550545097896,C-M-0013-L.23-M1619-4_M1619-8.2024-08-04-11-56.NH888,C-M-0013-L.23-M1619-4_M1619-8
1,0.0,-0.01743754548402488,1.0,-0.01743754548402488,-0.5314963863530784,C-M-0013-L.23-M1619-4_M1619-8.2024-08-05-11-57.NH888,C-M-0013-L.23-M1619-4_M1619-8
2,0.0,-0.026443814120493413,2.0,-0.026443814120493413,-0.8060074543926392,C-M-0013-L.23-M1619-4_M1619-8.2024-08-05-11-57.NH888,C-M-0013-L.23-M1619-4_M1619-8
2,1.0,0.9900553582232638,1.0,-0.009944641776736152,-0.3031126813549179,C-M-0013-L.23-M1619-4_M1619-8.2024-08-05-11-57.NH888,C-M-0013-L.23-M1619-4_M1619-8
3,0.0,-0.014436634908988012,3.0,-0.014436634908988012,-0.4400286320259546,C-M-0013-L.23-M1619-4_M1619-8.2024-08-05-11-57.NH888,C-M-0013-L.23-M1619-4_M1619-8
3,1.0,0.9985980661968783,2.0,-0.0014019338031217021,-0.04273094231914948,C-M-0013-L.23-M1619-4_M1619-8.2024-08-05-11-57.NH888,C-M-0013-L.23-M1619-4_M1619-8
3,2.0,2.008530788969828,1.0,0.008530788969828063,0.2600184478003594,C-M-0013-L.23-M1619-4_M1619-8.2024-08-05-11-57.NH888,C-M-0013-L.23-M1619-4_M1619-8
1,0.0,0.14953802933966973,1.0,0.14953802933966973,4.557919134273133,C-M-0013-L.23-M1619-4_M1619-8.2024-08-06-11-56.NH888,C-M-0013-L.23-M1619-4_M1619-8
2,0.0,0.1518998092975774,2.0,0.1518998092975774,4.6299061873901595,C-M-0013-L.23-M1619-4_M1619-8.2024-08-06-11-56.NH888,C-M-0013-L.23-M1619-4_M1619-8
2,1.0,1.00223819959829,1.0,0.0022381995982900804,0.06822032375588165,C-M-0013-L.23-M1619-4_M1619-8.2024-08-06-11-56.NH888,C-M-0013-L.23-M1619-4_M1619-8
3,0.0,0.1496791611894226,3.0,0.1496791611894226,4.562220833053601,C-M-0013-L.23-M1619-4_M1619-8.2024-08-06-11-56.NH888,C-M-0013-L.23-M1619-4_M1619-8
3,1.0,1.0006752115668207,2.0,0.0006752115668207104,0.020580448556695254,C-M-0013-L.23-M1619-4_M1619-8.2024-08-06-11-56.NH888,C-M-0013-L.23-M1619-4_M1619-8
3,2.0,1.9987900301619104,1.0,-0.0012099698380896307,-0.03687988066497194,C-M-0013-L.23-M1619-4_M1619-8.2024-08-06-11-56.NH888,C-M-0013-L.23-M1619-4_M1619-8
1,0.0,0.10934555669311863,1.0,0.10934555669311863,3.3328525680062557,C-M-0013-L.23-M1619-4_M1619-8.2024-08-07-11-57.NH888,C-M-0013-L.23-M1619-4_M1619-8
2,0.0,-0.06581509314879236,2.0,-0.06581509314879236,-2.0060440391751913,C-M-0013-L.23-M1619-4_M1619-8.2024-08-07-11-57.NH888,C-M-0013-L.23-M1619-4_M1619-8
2,1.0,0.7270556981999476,1.0,-0.27294430180005236,-8.319342318865596,C-M-0013-L.23-M1619-4_M1619-8.2024-08-07-11-57.NH888,C-M-0013-L.23-M1619-4_M1619-8
3,0.0,-0.008277250694212309,3.0,-0.008277250694212309,-0.2522906011595912,C-M-0013-L.23-M1619-4_M1619-8.2024-08-07-11-57.NH888,C-M-0013-L.23-M1619-4_M1619-8
3,1.0,0.7744619868795943,2.0,-0.22553801312040567,-6.874398639909965,C-M-0013-L.23-M1619-4_M1619-8.2024-08-07-11-57.NH888,C-M-0013-L.23-M1619-4_M1619-8
3,2.0,2.0642086944615605,1.0,0.06420869446156052,1.9570810071883649,C-M-0013-L.23-M1619-4_M1619-8.2024-08-07-11-57.NH888,C-M-0013-L.23-M1619-4_M1619-8
1,0.0,0.018084511577828796,1.0,0.018084511577828796,0.5512159128922217,C-M-0013-L.23-M1619-4_M1619-8.2024-08-08-11-32.NH888,C-M-0013-L.23-M1619-4_M1619-8
2,0.0,0.01575085054681636,2.0,0.01575085054681636,0.48008592466696265,C-M-0013-L.23-M1619-4_M1619-8.2024-08-08-11-32.NH888,C-M-0013-L.23-M1619-4_M1619-8
2,1.0,0.9971437197556967,1.0,-0.0028562802443032886,-0.08705942184636424,C-M-0013-L.23-M1619-4_M1619-8.2024-08-08-11-32.NH888,C-M-0013-L.23-M1619-4_M1619-8
3,0.0,-0.029286342414596628,3.0,-0.029286342414596628,-0.8926477167969052,C-M-0013-L.23-M1619-4_M1619-8.2024-08-08-11-32.NH888,C-M-0013-L.23-M1619-4_M1619-8
3,1.0,0.9639674685163496,2.0,-0.036032531483650376,-1.0982715596216635,C-M-0013-L.23-M1619-4_M1619-8.2024-08-08-11-32.NH888,C-M-0013-L.23-M1619-4_M1619-8
3,2.0,1.9633189594595404,1.0,-0.03668104054045962,-1.1180381156732093,C-M-0013-L.23-M1619-4_M1619-8.2024-08-08-11-32.NH888,C-M-0013-L.23-M1619-4_M1619-8
1,0.0,0.43497855231683447,1.0,0.43497855231683447,13.258146274617115,C-M-0013-L.23-M1619-4_M1619-8.2024-08-09-11-03.NH888,C-M-0013-L.23-M1619-4_M1619-8
2,0.0,0.8133868870588272,2.0,0.8133868870588272,24.792032317553055,C-M-0013-L.23-M1619-4_M1619-8.2024-08-09-11-03.NH888,C-M-0013-L.23-M1619-4_M1619-8
2,1.0,1.456676338406805,1.0,0.4566763384068051,13.91949479463942,C-M-0013-L.23-M1619-4_M1619-8.2024-08-09-11-03.NH888,C-M-0013-L.23-M1619-4_M1619-8
3,0.0,1.2945696238265392,3.0,1.2945696238265392,39.458482134232916,C-M-0013-L.23-M1619-4_M1619-8.2024-08-09-11-03.NH888,C-M-0013-L.23-M1619-4_M1619-8
3,1.0,1.8261209347669747,2.0,0.8261209347669747,25.180166091697387,C-M-0013-L.23-M1619-4_M1619-8.2024-08-09-11-03.NH888,C-M-0013-L.23-M1619-4_M1619-8
3,2.0,2.4036686148141313,1.0,0.4036686148141313,12.303819379534723,C-M-0013-L.23-M1619-4_M1619-8.2024-08-09-11-03.NH888,C-M-0013-L.23-M1619-4_M1619-8
1,0.0,0.02140642066000084,1.0,0.02140642066000084,0.6524677017168257,C-M-0013-R.23-M1619-4_M1619-8.2024-06-28-11-33.NGFZT,C-M-0013-R.23-M1619-4_M1619-8
2,0.0,0.02886097818008593,2.0,0.02886097818008593,0.8796826149290192,C-M-0013-R.23-M1619-4_M1619-8.2024-06-28-11-33.NGFZT,C-M-0013-R.23-M1619-4_M1619-8
2,1.0,1.0129958397317573,1.0,0.01299583973175733,0.3961131950239634,C-M-0013-R.23-M1619-4_M1619-8.2024-06-28-11-33.NGFZT,C-M-0013-R.23-M1619-4_M1619-8
3,0.0,0.02667946365614918,3.0,0.02667946365614918,0.8131900522394271,C-M-0013-R.23-M1619-4_M1619-8.2024-06-28-11-33.NGFZT,C-M-0013-R.23-M1619-4_M1619-8
3,1.0,1.011249758135054,2.0,0.011249758135053911,0.3428926279564432,C-M-0013-R.23-M1619-4_M1619-8.2024-06-28-11-33.NGFZT,C-M-0013-R.23-M1619-4_M1619-8
3,2.0,1.9971524599036057,1.0,-0.0028475400963943187,-0.08679302213809884,C-M-0013-R.23-M1619-4_M1619-8.2024-06-28-11-33.NGFZT,C-M-0013-R.23-M1619-4_M1619-8
1,0.0,0.02189974382999845,1.0,0.02189974382999845,0.6675041919383528,C-M-0013-R.23-M1619-4_M1619-8.2024-06-29-11-33.NGFZT,C-M-0013-R.23-M1619-4_M1619-8
2,0.0,0.025995895811001403,2.0,0.025995895811001403,0.7923549043193228,C-M-0013-R.23-M1619-4_M1619-8.2024-06-29-11-33.NGFZT,C-M-0013-R.23-M1619-4_M1619-8
2,1.0,1.0071496830945672,1.0,0.007149683094567205,0.21792234072240843,C-M-0013-R.23-M1619-4_M1619-8.2024-06-29-11-33.NGFZT,C-M-0013-R.23-M1619-4_M1619-8
3,0.0,0.026511929042809763,3.0,0.026511929042809763,0.8080835972248416,C-M-0013-R.23-M1619-4_M1619-8.2024-06-29-11-33.NGFZT,C-M-0013-R.23-M1619-4_M1619-8
3,1.0,1.0075632585599898,2.0,0.007563258559989849,0.23052812090849062,C-M-0013-R.23-M1619-4_M1619-8.2024-06-29-11-33.NGFZT,C-M-0013-R.23-M1619-4_M1619-8
3,2.0,2.000676925337366,1.0,0.0006769253373661854,0.02063268428292133,C-M-0013-R.23-M1619-4_M1619-8.2024-06-29-11-33.NGFZT,C-M-0013-R.23-M1619-4_M1619-8
1,0.0,-0.003463451511701701,1.0,-0.003463451511701701,-0.10556600207666786,C-M-0013-R.23-M1619-4_M1619-8.2024-06-30-11-33.NGFZT,C-M-0013-R.23-M1619-4_M1619-8
2,0.0,-0.013100560616063722,2.0,-0.013100560616063722,-0.39930508757762223,C-M-0013-R.23-M1619-4_M1619-8.2024-06-30-11-33.NGFZT,C-M-0013-R.23-M1619-4_M1619-8
2,1.0,0.9884167983816112,1.0,-0.011583201618388772,-0.35305598532848975,C-M-0013-R.23-M1619-4_M1619-8.2024-06-30-11-33.NGFZT,C-M-0013-R.23-M1619-4_M1619-8
3,0.0,-0.01618670151735594,3.0,-0.01618670151735594,-0.49337066224900905,C-M-0013-R.23-M1619-4_M1619-8.2024-06-30-11-33.NGFZT,C-M-0013-R.23-M1619-4_M1619-8
3,1.0,0.9861572365998437,2.0,-0.013842763400156333,-0.421927428436765,C-M-0013-R.23-M1619-4_M1619-8.2024-06-30-11-33.NGFZT,C-M-0013-R.23-M1619-4_M1619-8
3,2.0,1.9975318491428955,1.0,-0.0024681508571045008,-0.07522923812454518,C-M-0013-R.23-M1619-4_M1619-8.2024-06-30-11-33.NGFZT,C-M-0013-R.23-M1619-4_M1619-8
1,0.0,0.009500929093024546,1.0,0.009500929093024546,0.28958831875538815,C-M-0013-R.23-M1619-4_M1619-8.2024-07-01-11-48.NGFZT,C-M-0013-R.23-M1619-4_M1619-8
2,0.0,0.0007603389877418653,2.0,0.0007603389877418653,0.023175132346372057,C-M-0013-R.23-M1619-4_M1619-8.2024-07-01-11-48.NGFZT,C-M-0013-R.23-M1619-4_M1619-8
2,1.0,0.9876161938741986,1.0,-0.012383806125801367,-0.37745841071442565,C-M-0013-R.23-M1619-4_M1619-8.2024-07-01-11-48.NGFZT,C-M-0013-R.23-M1619-4_M1619-8
3,0.0,-0.007962765821604422,3.0,-0.007962765821604422,-0.24270510224250277,C-M-0013-R.23-M1619-4_M1619-8.2024-07-01-11-48.NGFZT,C-M-0013-R.23-M1619-4_M1619-8
3,1.0,0.9809355286684788,2.0,-0.019064471331521227,-0.581085086184767,C-M-0013-R.23-M1619-4_M1619-8.2024-07-01-11-48.NGFZT,C-M-0013-R.23-M1619-4_M1619-8
3,2.0,1.9912922803862003,1.0,-0.00870771961379968,-0.2654112938286143,C-M-0013-R.23-M1619-4_M1619-8.2024-07-01-11-48.NGFZT,C-M-0013-R.23-M1619-4_M1619-8
1,0.0,0.004828968738495107,1.0,0.004828968738495107,0.14718696714933088,C-M-0013-R.23-M1619-4_M1619-8.2024-07-02-11-47.NGFZT,C-M-0013-R.23-M1619-4_M1619-8
2,0.0,0.0041305293291249625,2.0,0.0041305293291249625,0.12589853395172887,C-M-0013-R.23-M1619-4_M1619-8.2024-07-02-11-47.NGFZT,C-M-0013-R.23-M1619-4_M1619-8
2,1.0,0.9988626439309237,1.0,-0.0011373560690762785,-0.03466661298544497,C-M-0013-R.23-M1619-4_M1619-8.2024-07-02-11-47.NGFZT,C-M-0013-R.23-M1619-4_M1619-8
3,0.0,0.008072522401298344,3.0,0.008072522401298344,0.24605048279157352,C-M-0013-R.23-M1619-4_M1619-8.2024-07-02-11-47.NGFZT,C-M-0013-R.23-M1619-4_M1619-8
3,1.0,1.0019724199157065,2.0,0.0019724199157065136,0.06011935903073454,C-M-0013-R.23-M1619-4_M1619-8.2024-07-02-11-47.NGFZT,C-M-0013-R.23-M1619-4_M1619-8
3,2.0,2.0047464445468135,1.0,0.0047464445468135,0.14467162978687548,C-M-0013-R.23-M1619-4_M1619-8.2024-07-02-11-47.NGFZT,C-M-0013-R.23-M1619-4_M1619-8
1,0.0,0.014704482796537145,1.0,0.014704482796537145,0.4481926356384522,C-M-0013-R.23-M1619-4_M1619-8.2024-07-03-11-47.NGFZT,C-M-0013-R.23-M1619-4_M1619-8
2,0.0,0.02172160365723769,2.0,0.02172160365723769,0.6620744794726048,C-M-0013-R.23-M1619-4_M1619-8.2024-07-03-11-47.NGFZT,C-M-0013-R.23-M1619-4_M1619-8
2,1.0,1.0122371916934105,1.0,0.012237191693410532,0.37298960281515303,C-M-0013-R.23-M1619-4_M1619-8.2024-07-03-11-47.NGFZT,C-M-0013-R.23-M1619-4_M1619-8
3,0.0,0.02619849365673446,3.0,0.02619849365673446,0.7985300866572664,C-M-0013-R.23-M1619-4_M1619-8.2024-07-03-11-47.NGFZT,C-M-0013-R.23-M1619-4_M1619-8
3,1.0,1.0158171760668444,2.0,0.015817176066844407,0.48210752651741756,C-M-0013-R.23-M1619-4_M1619-8.2024-07-03-11-47.NGFZT,C-M-0013-R.23-M1619-4_M1619-8
3,2.0,2.0058602899102937,1.0,0.005860289910293748,0.17862163646575344,C-M-0013-R.23-M1619-4_M1619-8.2024-07-03-11-47.NGFZT,C-M-0013-R.23-M1619-4_M1619-8
1,0.0,0.3283292642002655,1.0,0.3283292642002655,10.007475972824093,C-M-0013-R.23-M1619-4_M1619-8.2024-07-04-11-46.NGFZT,C-M-0013-R.23-M1619-4_M1619-8
2,0.0,0.5227431956305525,2.0,0.5227431956305525,15.933212602819241,C-M-0013-R.23-M1619-4_M1619-8.2024-07-04-11-46.NGFZT,C-M-0013-R.23-M1619-4_M1619-8
2,1.0,1.3130866464754383,1.0,0.31308664647543827,9.542880984571358,C-M-0013-R.23-M1619-4_M1619-8.2024-07-04-11-46.NGFZT,C-M-0013-R.23-M1619-4_M1619-8
3,0.0,0.5394909036681069,3.0,0.5394909036681069,16.4436827438039,C-M-0013-R.23-M1619-4_M1619-8.2024-07-04-11-46.NGFZT,C-M-0013-R.23-M1619-4_M1619-8
3,1.0,1.3264276948066824,2.0,0.32642769480668243,9.94951613770768,C-M-0013-R.23-M1619-4_M1619-8.2024-07-04-11-46.NGFZT,C-M-0013-R.23-M1619-4_M1619-8
3,2.0,2.019269430881174,1.0,0.019269430881173832,0.5873322532581784,C-M-0013-R.23-M1619-4_M1619-8.2024-07-04-11-46.NGFZT,C-M-0013-R.23-M1619-4_M1619-8
1,0.0,-0.004650882999399979,1.0,-0.004650882999399979,-0.14175891382171135,C-M-0013-R.23-M1619-4_M1619-8.2024-07-05-11-45.NGFZT,C-M-0013-R.23-M1619-4_M1619-8
2,0.0,-0.012953391801107267,2.0,-0.012953391801107267,-0.3948193820977495,C-M-0013-R.23-M1619-4_M1619-8.2024-07-05-11-45.NGFZT,C-M-0013-R.23-M1619-4_M1619-8
2,1.0,0.9891223008042672,1.0,-0.010877699195732782,-0.3315522714859352,C-M-0013-R.23-M1619-4_M1619-8.2024-07-05-11-45.NGFZT,C-M-0013-R.23-M1619-4_M1619-8
3,0.0,-0.0254098596192232,3.0,-0.0254098596192232,-0.7744925211939232,C-M-0013-R.23-M1619-4_M1619-8.2024-07-05-11-45.NGFZT,C-M-0013-R.23-M1619-4_M1619-8
3,1.0,0.9797979804530544,2.0,-0.02020201954694556,-0.6157575557909006,C-M-0013-R.23-M1619-4_M1619-8.2024-07-05-11-45.NGFZT,C-M-0013-R.23-M1619-4_M1619-8
3,2.0,1.9888035971120641,1.0,-0.011196402887935886,-0.3412663600242858,C-M-0013-R.23-M1619-4_M1619-8.2024-07-05-11-45.NGFZT,C-M-0013-R.23-M1619-4_M1619-8
1,0.0,0.0053577819473816825,1.0,0.0053577819473816825,0.16330519375619368,C-M-0013-R.23-M1619-4_M1619-8.2024-07-06-11-46.NGFZT,C-M-0013-R.23-M1619-4_M1619-8
2,0.0,-0.004946714395521644,2.0,-0.004946714395521644,-0.1507758547754997,C-M-0013-R.23-M1619-4_M1619-8.2024-07-06-11-46.NGFZT,C-M-0013-R.23-M1619-4_M1619-8
2,1.0,0.9864587966854562,1.0,-0.013541203314543782,-0.4127358770272945,C-M-0013-R.23-M1619-4_M1619-8.2024-07-06-11-46.NGFZT,C-M-0013-R.23-M1619-4_M1619-8
3,0.0,-0.026804756971306187,3.0,-0.026804756971306187,-0.8170089924854126,C-M-0013-R.23-M1619-4_M1619-8.2024-07-06-11-46.NGFZT,C-M-0013-R.23-M1619-4_M1619-8
3,1.0,0.9700497940602135,2.0,-0.02995020593978648,-0.9128822770446918,C-M-0013-R.23-M1619-4_M1619-8.2024-07-06-11-46.NGFZT,C-M-0013-R.23-M1619-4_M1619-8
3,2.0,1.9803176306650372,1.0,-0.019682369334962813,-0.5999186173296666,C-M-0013-R.23-M1619-4_M1619-8.2024-07-06-11-46.NGFZT,C-M-0013-R.23-M1619-4_M1619-8
1,0.0,0.01944819793846463,1.0,0.01944819793846463,0.5927810731644019,C-M-0013-R.23-M1619-4_M1619-8.2024-07-07-11-45.NGFZT,C-M-0013-R.23-M1619-4_M1619-8
2,0.0,0.017792366865695842,2.0,0.017792366865695842,0.5423113420664093,C-M-0013-R.23-M1619-4_M1619-8.2024-07-07-11-45.NGFZT,C-M-0013-R.23-M1619-4_M1619-8
2,1.0,0.997816998978752,1.0,-0.002183001021248021,-0.06653787112763969,C-M-0013-R.23-M1619-4_M1619-8.2024-07-07-11-45.NGFZT,C-M-0013-R.23-M1619-4_M1619-8
3,0.0,0.008720366127331639,3.0,0.008720366127331639,0.26579675956106835,C-M-0013-R.23-M1619-4_M1619-8.2024-07-07-11-45.NGFZT,C-M-0013-R.23-M1619-4_M1619-8
3,1.0,0.9909889131863316,2.0,-0.009011086813668356,-0.2746579260806115,C-M-0013-R.23-M1619-4_M1619-8.2024-07-07-11-45.NGFZT,C-M-0013-R.23-M1619-4_M1619-8
3,2.0,1.9917827203168759,1.0,-0.008217279683124135,-0.25046268474162364,C-M-0013-R.23-M1619-4_M1619-8.2024-07-07-11-45.NGFZT,C-M-0013-R.23-M1619-4_M1619-8
1,0.0,0.01180728423153465,1.0,0.01180728423153465,0.3598860233771761,C-M-0013-R.23-M1619-4_M1619-8.2024-07-08-11-46.NGFZT,C-M-0013-R.23-M1619-4_M1619-8
2,0.0,0.012467401548492825,2.0,0.012467401548492825,0.38000639919806134,C-M-0013-R.23-M1619-4_M1619-8.2024-07-08-11-46.NGFZT,C-M-0013-R.23-M1619-4_M1619-8
2,1.0,1.001083359681406,1.0,0.0010833596814059376,0.03302080308925298,C-M-0013-R.23-M1619-4_M1619-8.2024-07-08-11-46.NGFZT,C-M-0013-R.23-M1619-4_M1619-8
3,0.0,0.026251329142240952,3.0,0.026251329142240952,0.8001405122555042,C-M-0013-R.23-M1619-4_M1619-8.2024-07-08-11-46.NGFZT,C-M-0013-R.23-M1619-4_M1619-8
3,1.0,1.0119734271051366,2.0,0.011973427105136603,0.36495005816456366,C-M-0013-R.23-M1619-4_M1619-8.2024-07-08-11-46.NGFZT,C-M-0013-R.23-M1619-4_M1619-8
3,2.0,2.0166567470978656,1.0,0.016656747097865576,0.5076976515429428,C-M-0013-R.23-M1619-4_M1619-8.2024-07-08-11-46.NGFZT,C-M-0013-R.23-M1619-4_M1619-8
1,0.0,0.3057981957570282,1.0,0.3057981957570282,9.32072900667422,C-M-0013-R.23-M1619-4_M1619-8.2024-07-09-11-46.NGFZT,C-M-0013-R.23-M1619-4_M1619-8
2,0.0,0.3209891428322047,2.0,0.3209891428322047,9.7837490735256,C-M-0013-R.23-M1619-4_M1619-8.2024-07-09-11-46.NGFZT,C-M-0013-R.23-M1619-4_M1619-8
2,1.0,1.025206501229721,1.0,0.0252065012297209,0.7682941574818931,C-M-0013-R.23-M1619-4_M1619-8.2024-07-09-11-46.NGFZT,C-M-0013-R.23-M1619-4_M1619-8
3,0.0,0.31207048923680475,3.0,0.31207048923680475,9.51190851193781,C-M-0013-R.23-M1619-4_M1619-8.2024-07-09-11-46.NGFZT,C-M-0013-R.23-M1619-4_M1619-8
3,1.0,1.0177769780713812,2.0,0.017776978071381233,0.5418422916157,C-M-0013-R.23-M1619-4_M1619-8.2024-07-09-11-46.NGFZT,C-M-0013-R.23-M1619-4_M1619-8
3,2.0,1.9893803247512987,1.0,-0.010619675248701332,-0.3236877015804166,C-M-0013-R.23-M1619-4_M1619-8.2024-07-09-11-46.NGFZT,C-M-0013-R.23-M1619-4_M1619-8
1,0.0,0.06087061588959343,1.0,0.06087061588959343,1.8553363723148077,C-M-0013-R.23-M1619-4_M1619-8.2024-07-10-11-47.NGFZT,C-M-0013-R.23-M1619-4_M1619-8
2,0.0,0.06795050234297068,2.0,0.06795050234297068,2.071131311413746,C-M-0013-R.23-M1619-4_M1619-8.2024-07-10-11-47.NGFZT,C-M-0013-R.23-M1619-4_M1619-8
2,1.0,1.0125064124358476,1.0,0.012506412435847603,0.3811954510446349,C-M-0013-R.23-M1619-4_M1619-8.2024-07-10-11-47.NGFZT,C-M-0013-R.23-M1619-4_M1619-8
3,0.0,0.06879112480626204,3.0,0.06879112480626204,2.096753484094867,C-M-0013-R.23-M1619-4_M1619-8.2024-07-10-11-47.NGFZT,C-M-0013-R.23-M1619-4_M1619-8
3,1.0,1.0131854946085441,2.0,0.013185494608544124,0.4018938756684249,C-M-0013-R.23-M1619-4_M1619-8.2024-07-10-11-47.NGFZT,C-M-0013-R.23-M1619-4_M1619-8
3,2.0,2.001116324341864,1.0,0.00111632434186415,0.03402556594001929,C-M-0013-R.23-M1619-4_M1619-8.2024-07-10-11-47.NGFZT,C-M-0013-R.23-M1619-4_M1619-8
1,0.0,0.012536477199387799,1.0,0.012536477199387799,0.3821118250373401,C-M-0013-R.23-M1619-4_M1619-8.2024-07-11-11-53.NGFZT,C-M-0013-R.23-M1619-4_M1619-8
2,0.0,0.011864336120464645,2.0,0.011864336120464645,0.3616249649517624,C-M-0013-R.23-M1619-4_M1619-8.2024-07-11-11-53.NGFZT,C-M-0013-R.23-M1619-4_M1619-8
2,1.0,0.998902527420053,1.0,-0.0010974725799469676,-0.03345096423678357,C-M-0013-R.23-M1619-4_M1619-8.2024-07-11-11-53.NGFZT,C-M-0013-R.23-M1619-4_M1619-8
3,0.0,0.02839257947668729,3.0,0.02839257947668729,0.8654058224494287,C-M-0013-R.23-M1619-4_M1619-8.2024-07-11-11-53.NGFZT,C-M-0013-R.23-M1619-4_M1619-8
3,1.0,1.0119686811345163,2.0,0.011968681134516324,0.36480540098005754,C-M-0013-R.23-M1619-4_M1619-8.2024-07-11-11-53.NGFZT,C-M-0013-R.23-M1619-4_M1619-8
3,2.0,2.0200081081144052,1.0,0.020008108114405232,0.6098471353270715,C-M-0013-R.23-M1619-4_M1619-8.2024-07-11-11-53.NGFZT,C-M-0013-R.23-M1619-4_M1619-8
1,0.0,0.00683459401410613,1.0,0.00683459401410613,0.20831842554995483,C-M-0013-R.23-M1619-4_M1619-8.2024-07-12-11-52.NGFZT,C-M-0013-R.23-M1619-4_M1619-8
2,0.0,0.002624010031867801,2.0,0.002624010031867801,0.07997982577133057,C-M-0013-R.23-M1619-4_M1619-8.2024-07-12-11-52.NGFZT,C-M-0013-R.23-M1619-4_M1619-8
2,1.0,0.9940088561475819,1.0,-0.005991143852418057,-0.18261006462170237,C-M-0013-R.23-M1619-4_M1619-8.2024-07-12-11-52.NGFZT,C-M-0013-R.23-M1619-4_M1619-8
3,0.0,-0.008447400470361617,3.0,-0.008447400470361617,-0.2574767663366221,C-M-0013-R.23-M1619-4_M1619-8.2024-07-12-11-52.NGFZT,C-M-0013-R.23-M1619-4_M1619-8
3,1.0,0.9855378638737415,2.0,-0.014462136126258462,-0.44080590912835793,C-M-0013-R.23-M1619-4_M1619-8.2024-07-12-11-52.NGFZT,C-M-0013-R.23-M1619-4_M1619-8
3,2.0,1.9888955920473406,1.0,-0.011104407952659434,-0.3384623543970596,C-M-0013-R.23-M1619-4_M1619-8.2024-07-12-11-52.NGFZT,C-M-0013-R.23-M1619-4_M1619-8
1,0.0,0.0059874991575890706,1.0,0.0059874991575890706,0.18249897432331488,C-M-0013-R.23-M1619-4_M1619-8.2024-07-13-11-53.NGFZT,C-M-0013-R.23-M1619-4_M1619-8
2,0.0,-0.0025219811374161774,2.0,-0.0025219811374161774,-0.07686998506844508,C-M-0013-R.23-M1619-4_M1619-8.2024-07-13-11-53.NGFZT,C-M-0013-R.23-M1619-4_M1619-8
2,1.0,0.9879318025950959,1.0,-0.012068197404904057,-0.36783865690147566,C-M-0013-R.23-M1619-4_M1619-8.2024-07-13-11-53.NGFZT,C-M-0013-R.23-M1619-4_M1619-8
3,0.0,-0.003941117103009003,3.0,-0.003941117103009003,-0.12012524929971442,C-M-0013-R.23-M1619-4_M1619-8.2024-07-13-11-53.NGFZT,C-M-0013-R.23-M1619-4_M1619-8
3,1.0,0.9868457928089676,2.0,-0.013154207191032441,-0.4009402351826688,C-M-0013-R.23-M1619-4_M1619-8.2024-07-13-11-53.NGFZT,C-M-0013-R.23-M1619-4_M1619-8
3,2.0,1.9985831292176581,1.0,-0.0014168707823418725,-0.04318622144578027,C-M-0013-R.23-M1619-4_M1619-8.2024-07-13-11-53.NGFZT,C-M-0013-R.23-M1619-4_M1619-8
1,0.0,-0.009132434109813285,1.0,-0.009132434109813285,-0.27835659166710897,C-M-0013-R.23-M1619-4_M1619-8.2024-07-14-11-53.NGFZT,C-M-0013-R.23-M1619-4_M1619-8
2,0.0,-0.024689541178296307,2.0,-0.024689541178296307,-0.7525372151144715,C-M-0013-R.23-M1619-4_M1619-8.2024-07-14-11-53.NGFZT,C-M-0013-R.23-M1619-4_M1619-8
2,1.0,0.9812922375437276,1.0,-0.01870776245627237,-0.5702125996671819,C-M-0013-R.23-M1619-4_M1619-8.2024-07-14-11-53.NGFZT,C-M-0013-R.23-M1619-4_M1619-8
3,0.0,-0.037126075899470166,3.0,-0.037126075899470166,-1.1316027934158508,C-M-0013-R.23-M1619-4_M1619-8.2024-07-14-11-53.NGFZT,C-M-0013-R.23-M1619-4_M1619-8
3,1.0,0.972192608746627,2.0,-0.02780739125337295,-0.8475692854028075,C-M-0013-R.23-M1619-4_M1619-8.2024-07-14-11-53.NGFZT,C-M-0013-R.23-M1619-4_M1619-8
3,2.0,1.990059728865328,1.0,-0.009940271134672107,-0.3029794641848058,C-M-0013-R.23-M1619-4_M1619-8.2024-07-14-11-53.NGFZT,C-M-0013-R.23-M1619-4_M1619-8
1,0.0,0.038298739953783495,1.0,0.038298739953783495,1.1673455937913209,C-M-0013-R.23-M1619-4_M1619-8.2024-07-15-11-31.NGFZT,C-M-0013-R.23-M1619-4_M1619-8
2,0.0,0.0314808445602666,2.0,0.0314808445602666,0.959536142196926,C-M-0013-R.23-M1619-4_M1619-8.2024-07-15-11-31.NGFZT,C-M-0013-R.23-M1619-4_M1619-8
2,1.0,0.9909419377442545,1.0,-0.009058062255745458,-0.27608973755512156,C-M-0013-R.23-M1619-4_M1619-8.2024-07-15-11-31.NGFZT,C-M-0013-R.23-M1619-4_M1619-8
3,0.0,0.011919800882376234,3.0,0.011919800882376234,0.3633155308948276,C-M-0013-R.23-M1619-4_M1619-8.2024-07-15-11-31.NGFZT,C-M-0013-R.23-M1619-4_M1619-8
3,1.0,0.9761319635659372,2.0,-0.023868036434062767,-0.7274977505102331,C-M-0013-R.23-M1619-4_M1619-8.2024-07-15-11-31.NGFZT,C-M-0013-R.23-M1619-4_M1619-8
3,2.0,1.982193136529404,1.0,-0.0178068634705959,-0.5427531985837631,C-M-0013-R.23-M1619-4_M1619-8.2024-07-15-11-31.NGFZT,C-M-0013-R.23-M1619-4_M1619-8
1,0.0,-0.0037957748355435623,1.0,-0.0037957748355435623,-0.11569521698736777,C-M-0013-R.23-M1619-4_M1619-8.2024-07-16-11-31.NGFZT,C-M-0013-R.23-M1619-4_M1619-8
2,0.0,-0.004820329981299886,2.0,-0.004820329981299886,-0.14692365783002054,C-M-0013-R.23-M1619-4_M1619-8.2024-07-16-11-31.NGFZT,C-M-0013-R.23-M1619-4_M1619-8
2,1.0,0.9986579149562675,1.0,-0.001342085043732455,-0.04090675213296523,C-M-0013-R.23-M1619-4_M1619-8.2024-07-16-11-31.NGFZT,C-M-0013-R.23-M1619-4_M1619-8
3,0.0,-0.02407519930366192,3.0,-0.02407519930366192,-0.7338120747756154,C-M-0013-R.23-M1619-4_M1619-8.2024-07-16-11-31.NGFZT,C-M-0013-R.23-M1619-4_M1619-8
3,1.0,0.984256068963111,2.0,-0.01574393103688898,-0.47987501800437615,C-M-0013-R.23-M1619-4_M1619-8.2024-07-16-11-31.NGFZT,C-M-0013-R.23-M1619-4_M1619-8
3,2.0,1.9826442070457975,1.0,-0.01735579295420253,-0.5290045692440931,C-M-0013-R.23-M1619-4_M1619-8.2024-07-16-11-31.NGFZT,C-M-0013-R.23-M1619-4_M1619-8
1,0.0,0.3607535388794001,1.0,0.3607535388794001,10.995767865044115,C-M-0013-R.23-M1619-4_M1619-8.2024-07-17-11-31.NGFZT,C-M-0013-R.23-M1619-4_M1619-8
2,0.0,0.36575398786529656,2.0,0.36575398786529656,11.14818155013424,C-M-0013-R.23-M1619-4_M1619-8.2024-07-17-11-31.NGFZT,C-M-0013-R.23-M1619-4_M1619-8
2,1.0,1.0078746967598695,1.0,0.007874696759869515,0.2400207572408228,C-M-0013-R.23-M1619-4_M1619-8.2024-07-17-11-31.NGFZT,C-M-0013-R.23-M1619-4_M1619-8
3,0.0,0.3638958559010033,3.0,0.3638958559010033,11.091545687862581,C-M-0013-R.23-M1619-4_M1619-8.2024-07-17-11-31.NGFZT,C-M-0013-R.23-M1619-4_M1619-8
3,1.0,1.006319985798415,2.0,0.006319985798415084,0.19263316713569176,C-M-0013-R.23-M1619-4_M1619-8.2024-07-17-11-31.NGFZT,C-M-0013-R.23-M1619-4_M1619-8
3,2.0,1.9979551146014984,1.0,-0.0020448853985015614,-0.062328106946327594,C-M-0013-R.23-M1619-4_M1619-8.2024-07-17-11-31.NGFZT,C-M-0013-R.23-M1619-4_M1619-8
1,0.0,0.008120837423667534,1.0,0.008120837423667534,0.24752312467338644,C-M-0013-R.23-M1619-4_M1619-8.2024-07-18-11-32.NGFZT,C-M-0013-R.23-M1619-4_M1619-8
2,0.0,0.006362020875027491,2.0,0.006362020875027491,0.19391439627083792,C-M-0013-R.23-M1619-4_M1619-8.2024-07-18-11-32.NGFZT,C-M-0013-R.23-M1619-4_M1619-8
2,1.0,0.9976865394384647,1.0,-0.002313460561535252,-0.07051427791559449,C-M-0013-R.23-M1619-4_M1619-8.2024-07-18-11-32.NGFZT,C-M-0013-R.23-M1619-4_M1619-8
3,0.0,-0.008921707142113358,3.0,-0.008921707142113358,-0.27193363369161516,C-M-0013-R.23-M1619-4_M1619-8.2024-07-18-11-32.NGFZT,C-M-0013-R.23-M1619-4_M1619-8
3,1.0,0.986217758207008,2.0,-0.013782241792992034,-0.4200827298503972,C-M-0013-R.23-M1619-4_M1619-8.2024-07-18-11-32.NGFZT,C-M-0013-R.23-M1619-4_M1619-8
3,2.0,1.9861919570967999,1.0,-0.013808042903200146,-0.4208691476895405,C-M-0013-R.23-M1619-4_M1619-8.2024-07-18-11-32.NGFZT,C-M-0013-R.23-M1619-4_M1619-8
1,0.0,-0.00516949166825866,1.0,-0.00516949166825866,-0.15756610604852397,C-M-0013-R.23-M1619-4_M1619-8.2024-07-19-11-32.NGFZT,C-M-0013-R.23-M1619-4_M1619-8
2,0.0,-0.00706196689402493,2.0,-0.00706196689402493,-0.21524875092987986,C-M-0013-R.23-M1619-4_M1619-8.2024-07-19-11-32.NGFZT,C-M-0013-R.23-M1619-4_M1619-8
2,1.0,0.9975200291905354,1.0,-0.0024799708094646045,-0.07558951027248115,C-M-0013-R.23-M1619-4_M1619-8.2024-07-19-11-32.NGFZT,C-M-0013-R.23-M1619-4_M1619-8
3,0.0,-0.022777866484535753,3.0,-0.022777866484535753,-0.6942693704486498,C-M-0013-R.23-M1619-4_M1619-8.2024-07-19-11-32.NGFZT,C-M-0013-R.23-M1619-4_M1619-8
3,1.0,0.9857682140132804,2.0,-0.014231785986719592,-0.4337848368752132,C-M-0013-R.23-M1619-4_M1619-8.2024-07-19-11-32.NGFZT,C-M-0013-R.23-M1619-4_M1619-8
3,2.0,1.9858476178875941,1.0,-0.014152382112405881,-0.43136460678613125,C-M-0013-R.23-M1619-4_M1619-8.2024-07-19-11-32.NGFZT,C-M-0013-R.23-M1619-4_M1619-8
1,0.0,-0.010009318117837774,1.0,-0.010009318117837774,-0.30508401623169534,C-M-0013-R.23-M1619-4_M1619-8.2024-07-20-11-32.NGFZT,C-M-0013-R.23-M1619-4_M1619-8
2,0.0,-0.027967583381016396,2.0,-0.027967583381016396,-0.8524519414533798,C-M-0013-R.23-M1619-4_M1619-8.2024-07-20-11-32.NGFZT,C-M-0013-R.23-M1619-4_M1619-8
2,1.0,0.9784233107255733,1.0,-0.021576689274426686,-0.6576574890845254,C-M-0013-R.23-M1619-4_M1619-8.2024-07-20-11-32.NGFZT,C-M-0013-R.23-M1619-4_M1619-8
3,0.0,-0.03132152655902172,3.0,-0.03132152655902172,-0.9546801295189821,C-M-0013-R.23-M1619-4_M1619-8.2024-07-20-11-32.NGFZT,C-M-0013-R.23-M1619-4_M1619-8
3,1.0,0.9759692301791851,2.0,-0.024030769820814868,-0.7324578641384372,C-M-0013-R.23-M1619-4_M1619-8.2024-07-20-11-32.NGFZT,C-M-0013-R.23-M1619-4_M1619-8
3,2.0,1.9973239162212564,1.0,-0.002676083778743621,-0.08156703357610556,C-M-0013-R.23-M1619-4_M1619-8.2024-07-20-11-32.NGFZT,C-M-0013-R.23-M1619-4_M1619-8
1,0.0,0.3289590663919511,1.0,0.3289590663919511,10.02667234362667,C-M-0013-R.23-M1619-4_M1619-8.2024-07-21-11-33.NGFZT,C-M-0013-R.23-M1619-4_M1619-8
2,0.0,0.3232261318625569,2.0,0.3232261318625569,9.851932499170735,C-M-0013-R.23-M1619-4_M1619-8.2024-07-21-11-33.NGFZT,C-M-0013-R.23-M1619-4_M1619-8
2,1.0,0.9910675137756478,1.0,-0.008932486224352165,-0.272262180118254,C-M-0013-R.23-M1619-4_M1619-8.2024-07-21-11-33.NGFZT,C-M-0013-R.23-M1619-4_M1619-8
3,0.0,0.3247940103067419,3.0,0.3247940103067419,9.899721434149493,C-M-0013-R.23-M1619-4_M1619-8.2024-07-21-11-33.NGFZT,C-M-0013-R.23-M1619-4_M1619-8
3,1.0,0.992371941040009,2.0,-0.007628058959990969,-0.23250323710052473,C-M-0013-R.23-M1619-4_M1619-8.2024-07-21-11-33.NGFZT,C-M-0013-R.23-M1619-4_M1619-8
3,2.0,2.0017198183871083,1.0,0.0017198183871083295,0.05242006443906188,C-M-0013-R.23-M1619-4_M1619-8.2024-07-21-11-33.NGFZT,C-M-0013-R.23-M1619-4_M1619-8
1,0.0,0.03789826831215205,1.0,0.03789826831215205,1.1551392181543947,C-M-0013-R.23-M1619-4_M1619-8.2024-07-22-11-34.NGFZT,C-M-0013-R.23-M1619-4_M1619-8
2,0.0,0.031949727576968796,2.0,0.031949727576968796,0.973827696546009,C-M-0013-R.23-M1619-4_M1619-8.2024-07-22-11-34.NGFZT,C-M-0013-R.23-M1619-4_M1619-8
2,1.0,0.9927339753252737,1.0,-0.007266024674726257,-0.2214684320856563,C-M-0013-R.23-M1619-4_M1619-8.2024-07-22-11-34.NGFZT,C-M-0013-R.23-M1619-4_M1619-8
3,0.0,0.026456833218943248,3.0,0.026456833218943248,0.8064042765133902,C-M-0013-R.23-M1619-4_M1619-8.2024-07-22-11-34.NGFZT,C-M-0013-R.23-M1619-4_M1619-8
3,1.0,0.9886647234492854,2.0,-0.011335276550714646,-0.3454992292657824,C-M-0013-R.23-M1619-4_M1619-8.2024-07-22-11-34.NGFZT,C-M-0013-R.23-M1619-4_M1619-8
3,2.0,1.9955378202659222,1.0,-0.004462179734077809,-0.13600723829469163,C-M-0013-R.23-M1619-4_M1619-8.2024-07-22-11-34.NGFZT,C-M-0013-R.23-M1619-4_M1619-8
1,0.0,-0.05569315845797284,1.0,-0.05569315845797284,-1.6975274697990121,C-M-0013-R.23-M1619-4_M1619-8.2024-07-23-11-54.NGFZT,C-M-0013-R.23-M1619-4_M1619-8
2,0.0,-0.0702107883622795,2.0,-0.0702107883622795,-2.140024829282279,C-M-0013-R.23-M1619-4_M1619-8.2024-07-23-11-54.NGFZT,C-M-0013-R.23-M1619-4_M1619-8
2,1.0,0.982796692603051,1.0,-0.017203307396948975,-0.5243568094590048,C-M-0013-R.23-M1619-4_M1619-8.2024-07-23-11-54.NGFZT,C-M-0013-R.23-M1619-4_M1619-8
3,0.0,-0.07663792416952865,3.0,-0.07663792416952865,-2.3359239286872335,C-M-0013-R.23-M1619-4_M1619-8.2024-07-23-11-54.NGFZT,C-M-0013-R.23-M1619-4_M1619-8
3,1.0,0.9781565650100905,2.0,-0.021843434989909483,-0.665787898492441,C-M-0013-R.23-M1619-4_M1619-8.2024-07-23-11-54.NGFZT,C-M-0013-R.23-M1619-4_M1619-8
3,2.0,1.994928231405302,1.0,-0.005071768594697934,-0.15458750676639305,C-M-0013-R.23-M1619-4_M1619-8.2024-07-23-11-54.NGFZT,C-M-0013-R.23-M1619-4_M1619-8
1,0.0,0.04052944323587192,1.0,0.04052944323587192,1.235337429829376,C-M-0013-R.23-M1619-4_M1619-8.2024-07-24-11-54.NGFZT,C-M-0013-R.23-M1619-4_M1619-8
2,0.0,0.03434955738595567,2.0,0.03434955738595567,1.0469745091239289,C-M-0013-R.23-M1619-4_M1619-8.2024-07-24-11-54.NGFZT,C-M-0013-R.23-M1619-4_M1619-8
2,1.0,0.9924472507994557,1.0,-0.007552749200544273,-0.23020779563258945,C-M-0013-R.23-M1619-4_M1619-8.2024-07-24-11-54.NGFZT,C-M-0013-R.23-M1619-4_M1619-8
3,0.0,0.025485557593589593,3.0,0.025485557593589593,0.7767997954526108,C-M-0013-R.23-M1619-4_M1619-8.2024-07-24-11-54.NGFZT,C-M-0013-R.23-M1619-4_M1619-8
3,1.0,0.9858759804797326,2.0,-0.014124019520267428,-0.4305001149777512,C-M-0013-R.23-M1619-4_M1619-8.2024-07-24-11-54.NGFZT,C-M-0013-R.23-M1619-4_M1619-8
3,2.0,1.9927977851890313,1.0,-0.007202214810968721,-0.21952350743832663,C-M-0013-R.23-M1619-4_M1619-8.2024-07-24-11-54.NGFZT,C-M-0013-R.23-M1619-4_M1619-8
1,0.0,-0.0038273669815859813,1.0,-0.0038273669815859813,-0.11665814559874071,C-M-0013-R.23-M1619-4_M1619-8.2024-07-25-11-54.NGFZT,C-M-0013-R.23-M1619-4_M1619-8
2,0.0,-0.013119504089787381,2.0,-0.013119504089787381,-0.3998824846567194,C-M-0013-R.23-M1619-4_M1619-8.2024-07-25-11-54.NGFZT,C-M-0013-R.23-M1619-4_M1619-8
2,1.0,0.990814490360924,1.0,-0.00918550963907605,-0.279974333799038,C-M-0013-R.23-M1619-4_M1619-8.2024-07-25-11-54.NGFZT,C-M-0013-R.23-M1619-4_M1619-8
3,0.0,0.0013511241228955308,3.0,0.0013511241228955308,0.04118226326585578,C-M-0013-R.23-M1619-4_M1619-8.2024-07-25-11-54.NGFZT,C-M-0013-R.23-M1619-4_M1619-8
3,1.0,1.0008197796219214,2.0,0.0008197796219213682,0.024986882876163304,C-M-0013-R.23-M1619-4_M1619-8.2024-07-25-11-54.NGFZT,C-M-0013-R.23-M1619-4_M1619-8
3,2.0,2.008809156542397,1.0,0.008809156542397112,0.268503091412264,C-M-0013-R.23-M1619-4_M1619-8.2024-07-25-11-54.NGFZT,C-M-0013-R.23-M1619-4_M1619-8
1,0.0,0.037305627024955025,1.0,0.037305627024955025,1.1370755117206293,C-M-0013-R.23-M1619-4_M1619-8.2024-07-26-11-55.NGFZT,C-M-0013-R.23-M1619-4_M1619-8
2,0.0,0.01763286305805998,2.0,0.01763286305805998,0.5374496660096681,C-M-0013-R.23-M1619-4_M1619-8.2024-07-26-11-55.NGFZT,C-M-0013-R.23-M1619-4_M1619-8
2,1.0,0.9760223092259379,1.0,-0.023977690774062088,-0.7308400147934124,C-M-0013-R.23-M1619-4_M1619-8.2024-07-26-11-55.NGFZT,C-M-0013-R.23-M1619-4_M1619-8
3,0.0,-0.004752847848721013,3.0,-0.004752847848721013,-0.14486680242901648,C-M-0013-R.23-M1619-4_M1619-8.2024-07-26-11-55.NGFZT,C-M-0013-R.23-M1619-4_M1619-8
3,1.0,0.95941846285633,2.0,-0.040581537143669966,-1.2369252521390606,C-M-0013-R.23-M1619-4_M1619-8.2024-07-26-11-55.NGFZT,C-M-0013-R.23-M1619-4_M1619-8
3,2.0,1.9819218431821084,1.0,-0.0180781568178916,-0.551022219809336,C-M-0013-R.23-M1619-4_M1619-8.2024-07-26-11-55.NGFZT,C-M-0013-R.23-M1619-4_M1619-8
1,0.0,-0.017039190036672383,1.0,-0.017039190036672383,-0.5193545123177743,C-M-0013-R.23-M1619-4_M1619-8.2024-07-27-11-55.NGFZT,C-M-0013-R.23-M1619-4_M1619-8
2,0.0,-0.016594311967759127,2.0,-0.016594311967759127,-0.5057946287772982,C-M-0013-R.23-M1619-4_M1619-8.2024-07-27-11-55.NGFZT,C-M-0013-R.23-M1619-4_M1619-8
2,1.0,1.000584332438278,1.0,0.0005843324382779347,0.01781045271871145,C-M-0013-R.23-M1619-4_M1619-8.2024-07-27-11-55.NGFZT,C-M-0013-R.23-M1619-4_M1619-8
3,0.0,-0.02570672881488603,3.0,-0.02570672881488603,-0.7835410942777261,C-M-0013-R.23-M1619-4_M1619-8.2024-07-27-11-55.NGFZT,C-M-0013-R.23-M1619-4_M1619-8
3,1.0,0.9937930858258902,2.0,-0.00620691417410979,-0.1891867440268664,C-M-0013-R.23-M1619-4_M1619-8.2024-07-27-11-55.NGFZT,C-M-0013-R.23-M1619-4_M1619-8
3,2.0,1.9918058666262126,1.0,-0.008194133373787382,-0.2497571852330394,C-M-0013-R.23-M1619-4_M1619-8.2024-07-27-11-55.NGFZT,C-M-0013-R.23-M1619-4_M1619-8
1,0.0,1.691677041980887e-05,1.0,1.691677041980887e-05,0.0005156231623957743,C-M-0013-R.23-M1619-4_M1619-8.2024-07-28-11-55.NGFZT,C-M-0013-R.23-M1619-4_M1619-8
2,0.0,-0.011027748472721465,2.0,-0.011027748472721465,-0.33612577344855027,C-M-0013-R.23-M1619-4_M1619-8.2024-07-28-11-55.NGFZT,C-M-0013-R.23-M1619-4_M1619-8
2,1.0,0.9890686933361856,1.0,-0.010931306663814366,-0.3331862271130619,C-M-0013-R.23-M1619-4_M1619-8.2024-07-28-11-55.NGFZT,C-M-0013-R.23-M1619-4_M1619-8
3,0.0,-0.005238049941209194,3.0,-0.005238049941209194,-0.15965576220805622,C-M-0013-R.23-M1619-4_M1619-8.2024-07-28-11-55.NGFZT,C-M-0013-R.23-M1619-4_M1619-8
3,1.0,0.9930765253305852,2.0,-0.006923474669414786,-0.21102750792376268,C-M-0013-R.23-M1619-4_M1619-8.2024-07-28-11-55.NGFZT,C-M-0013-R.23-M1619-4_M1619-8
3,2.0,2.003524133215997,1.0,0.003524133215996983,0.10741558042358804,C-M-0013-R.23-M1619-4_M1619-8.2024-07-28-11-55.NGFZT,C-M-0013-R.23-M1619-4_M1619-8
1,0.0,-0.00257020922386201,1.0,-0.00257020922386201,-0.07833997714331407,C-M-0013-R.23-M1619-4_M1619-8.2024-07-29-11-55.NGFZT,C-M-0013-R.23-M1619-4_M1619-8
2,0.0,-0.023672768098881816,2.0,-0.023672768098881816,-0.7215459716539178,C-M-0013-R.23-M1619-4_M1619-8.2024-07-29-11-55.NGFZT,C-M-0013-R.23-M1619-4_M1619-8
2,1.0,0.9746245301698793,1.0,-0.025375469830120734,-0.77344432042208,C-M-0013-R.23-M1619-4_M1619-8.2024-07-29-11-55.NGFZT,C-M-0013-R.23-M1619-4_M1619-8
3,0.0,-0.024025169606063483,3.0,-0.024025169606063483,-0.7322871695928149,C-M-0013-R.23-M1619-4_M1619-8.2024-07-29-11-55.NGFZT,C-M-0013-R.23-M1619-4_M1619-8
3,1.0,0.9743663470440103,2.0,-0.02563365295598974,-0.7813137420985672,C-M-0013-R.23-M1619-4_M1619-8.2024-07-29-11-55.NGFZT,C-M-0013-R.23-M1619-4_M1619-8
3,2.0,1.9997214799021934,1.0,-0.0002785200978066005,-0.008489292581145183,C-M-0013-R.23-M1619-4_M1619-8.2024-07-29-11-55.NGFZT,C-M-0013-R.23-M1619-4_M1619-8
1,0.0,-0.011030516102019713,1.0,-0.011030516102019713,-0.33621013078956086,C-M-0013-R.23-M1619-4_M1619-8.2024-07-30-11-56.NGFZT,C-M-0013-R.23-M1619-4_M1619-8
2,0.0,-0.0249315168794665,2.0,-0.0249315168794665,-0.759912634486139,C-M-0013-R.23-M1619-4_M1619-8.2024-07-30-11-56.NGFZT,C-M-0013-R.23-M1619-4_M1619-8
2,1.0,0.9862906416786491,1.0,-0.013709358321350895,-0.4178612416347753,C-M-0013-R.23-M1619-4_M1619-8.2024-07-30-11-56.NGFZT,C-M-0013-R.23-M1619-4_M1619-8
3,0.0,-0.01783818792157186,3.0,-0.01783818792157186,-0.5437079678495103,C-M-0013-R.23-M1619-4_M1619-8.2024-07-30-11-56.NGFZT,C-M-0013-R.23-M1619-4_M1619-8
3,1.0,0.9911853349079582,2.0,-0.008814665092041762,-0.26867099200543293,C-M-0013-R.23-M1619-4_M1619-8.2024-07-30-11-56.NGFZT,C-M-0013-R.23-M1619-4_M1619-8
3,2.0,2.0043075016753544,1.0,0.00430750167535443,0.13129265106480303,C-M-0013-R.23-M1619-4_M1619-8.2024-07-30-11-56.NGFZT,C-M-0013-R.23-M1619-4_M1619-8
1,0.0,0.003229876475725458,1.0,0.003229876475725458,0.09844663498011197,C-M-0013-R.23-M1619-4_M1619-8.2024-07-31-11-55.NGFZT,C-M-0013-R.23-M1619-4_M1619-8
2,0.0,-0.002784807182391773,2.0,-0.002784807182391773,-0.08488092291930124,C-M-0013-R.23-M1619-4_M1619-8.2024-07-31-11-55.NGFZT,C-M-0013-R.23-M1619-4_M1619-8
2,1.0,0.9953421578042204,1.0,-0.004657842195779582,-0.14197103012736167,C-M-0013-R.23-M1619-4_M1619-8.2024-07-31-11-55.NGFZT,C-M-0013-R.23-M1619-4_M1619-8
3,0.0,-0.00013745247041782715,3.0,-0.00013745247041782715,-0.004189551298335372,C-M-0013-R.23-M1619-4_M1619-8.2024-07-31-11-55.NGFZT,C-M-0013-R.23-M1619-4_M1619-8
3,1.0,0.9970292903871454,2.0,-0.002970709612854616,-0.0905472289998087,C-M-0013-R.23-M1619-4_M1619-8.2024-07-31-11-55.NGFZT,C-M-0013-R.23-M1619-4_M1619-8
3,2.0,2.0011227698108147,1.0,0.0011227698108147166,0.03422202383363256,C-M-0013-R.23-M1619-4_M1619-8.2024-07-31-11-55.NGFZT,C-M-0013-R.23-M1619-4_M1619-8
1,0.0,-0.006652984025544028,1.0,-0.006652984025544028,-0.20278295309858196,C-M-0013-R.23-M1619-4_M1619-8.2024-08-01-11-56.NGFZT,C-M-0013-R.23-M1619-4_M1619-8
2,0.0,-0.014639227565445355,2.0,-0.014639227565445355,-0.4462036561947744,C-M-0013-R.23-M1619-4_M1619-8.2024-08-01-11-56.NGFZT,C-M-0013-R.23-M1619-4_M1619-8
2,1.0,0.9920977167658183,1.0,-0.00790228323418174,-0.24086159297785942,C-M-0013-R.23-M1619-4_M1619-8.2024-08-01-11-56.NGFZT,C-M-0013-R.23-M1619-4_M1619-8
3,0.0,-0.02292192352054531,3.0,-0.02292192352054531,-0.698660228906221,C-M-0013-R.23-M1619-4_M1619-8.2024-08-01-11-56.NGFZT,C-M-0013-R.23-M1619-4_M1619-8
3,1.0,0.9863795295133871,2.0,-0.013620470486612857,-0.41515194043195985,C-M-0013-R.23-M1619-4_M1619-8.2024-08-01-11-56.NGFZT,C-M-0013-R.23-M1619-4_M1619-8
3,2.0,1.994966209597026,1.0,-0.0050337904029740255,-0.1534299314826483,C-M-0013-R.23-M1619-4_M1619-8.2024-08-01-11-56.NGFZT,C-M-0013-R.23-M1619-4_M1619-8
1,0.0,0.045617652780310075,1.0,0.045617652780310075,1.3904260567438511,C-M-0013-R.23-M1619-4_M1619-8.2024-08-02-11-55.NGFZT,C-M-0013-R.23-M1619-4_M1619-8
2,0.0,0.035702283010794346,2.0,0.035702283010794346,1.0882055861690116,C-M-0013-R.23-M1619-4_M1619-8.2024-08-02-11-55.NGFZT,C-M-0013-R.23-M1619-4_M1619-8
2,1.0,0.9867944352279711,1.0,-0.013205564772028944,-0.4025056142514422,C-M-0013-R.23-M1619-4_M1619-8.2024-08-02-11-55.NGFZT,C-M-0013-R.23-M1619-4_M1619-8
3,0.0,0.021126642868904116,3.0,0.021126642868904116,0.6439400746441974,C-M-0013-R.23-M1619-4_M1619-8.2024-08-02-11-55.NGFZT,C-M-0013-R.23-M1619-4_M1619-8
3,1.0,0.9757305644554413,2.0,-0.024269435544558737,-0.7397323953981503,C-M-0013-R.23-M1619-4_M1619-8.2024-08-02-11-55.NGFZT,C-M-0013-R.23-M1619-4_M1619-8
3,2.0,1.9867033004418204,1.0,-0.013296699558179581,-0.40528340253331363,C-M-0013-R.23-M1619-4_M1619-8.2024-08-02-11-55.NGFZT,C-M-0013-R.23-M1619-4_M1619-8
1,0.0,0.012236063769605843,1.0,0.012236063769605843,0.3729552236975861,C-M-0013-R.23-M1619-4_M1619-8.2024-08-03-11-57.NGFZT,C-M-0013-R.23-M1619-4_M1619-8
2,0.0,-0.009079655535679304,2.0,-0.009079655535679304,-0.27674790072750516,C-M-0013-R.23-M1619-4_M1619-8.2024-08-03-11-57.NGFZT,C-M-0013-R.23-M1619-4_M1619-8
2,1.0,0.9719315144602061,1.0,-0.028068485539793908,-0.8555274392529183,C-M-0013-R.23-M1619-4_M1619-8.2024-08-03-11-57.NGFZT,C-M-0013-R.23-M1619-4_M1619-8
3,0.0,-0.020559853527782147,3.0,-0.020559853527782147,-0.6266643355267999,C-M-0013-R.23-M1619-4_M1619-8.2024-08-03-11-57.NGFZT,C-M-0013-R.23-M1619-4_M1619-8
3,1.0,0.963282160089043,2.0,-0.036717839910957006,-1.1191597604859695,C-M-0013-R.23-M1619-4_M1619-8.2024-08-03-11-57.NGFZT,C-M-0013-R.23-M1619-4_M1619-8
3,2.0,1.9896654556367777,1.0,-0.010334544363222342,-0.314996912191017,C-M-0013-R.23-M1619-4_M1619-8.2024-08-03-11-57.NGFZT,C-M-0013-R.23-M1619-4_M1619-8
1,0.0,-0.05502997414649511,1.0,-0.05502997414649511,-1.677313611985171,C-M-0013-R.23-M1619-4_M1619-8.2024-08-04-11-56.NGFZT,C-M-0013-R.23-M1619-4_M1619-8
2,0.0,-0.059563280699254983,2.0,-0.059563280699254983,-1.815488795713292,C-M-0013-R.23-M1619-4_M1619-8.2024-08-04-11-56.NGFZT,C-M-0013-R.23-M1619-4_M1619-8
2,1.0,0.9931703617150855,1.0,-0.006829638284914452,-0.20816737492419252,C-M-0013-R.23-M1619-4_M1619-8.2024-08-04-11-56.NGFZT,C-M-0013-R.23-M1619-4_M1619-8
3,0.0,-0.03373656379240983,3.0,-0.03373656379240983,-1.0282904643926516,C-M-0013-R.23-M1619-4_M1619-8.2024-08-04-11-56.NGFZT,C-M-0013-R.23-M1619-4_M1619-8
3,1.0,1.0129933975005594,2.0,0.01299339750055939,0.39603875581705017,C-M-0013-R.23-M1619-4_M1619-8.2024-08-04-11-56.NGFZT,C-M-0013-R.23-M1619-4_M1619-8
3,2.0,2.0282654134701517,1.0,0.028265413470151657,0.8615298025702225,C-M-0013-R.23-M1619-4_M1619-8.2024-08-04-11-56.NGFZT,C-M-0013-R.23-M1619-4_M1619-8
1,0.0,-0.023916391503727354,1.0,-0.023916391503727354,-0.7289716130336098,C-M-0013-R.23-M1619-4_M1619-8.2024-08-05-11-57.NGFZT,C-M-0013-R.23-M1619-4_M1619-8
2,0.0,-0.01743951797030737,2.0,-0.01743951797030737,-0.5315565077349687,C-M-0013-R.23-M1619-4_M1619-8.2024-08-05-11-57.NGFZT,C-M-0013-R.23-M1619-4_M1619-8
2,1.0,1.0070810548700275,1.0,0.0070810548700275255,0.215830552438439,C-M-0013-R.23-M1619-4_M1619-8.2024-08-05-11-57.NGFZT,C-M-0013-R.23-M1619-4_M1619-8
3,0.0,-0.014732728387174886,3.0,-0.014732728387174886,-0.4490535612410905,C-M-0013-R.23-M1619-4_M1619-8.2024-08-05-11-57.NGFZT,C-M-0013-R.23-M1619-4_M1619-8
3,1.0,1.0089972842439847,2.0,0.008997284243984716,0.27423722375665416,C-M-0013-R.23-M1619-4_M1619-8.2024-08-05-11-57.NGFZT,C-M-0013-R.23-M1619-4_M1619-8
3,2.0,2.0019082332530402,1.0,0.0019082332530402368,0.05816294955266642,C-M-0013-R.23-M1619-4_M1619-8.2024-08-05-11-57.NGFZT,C-M-0013-R.23-M1619-4_M1619-8
1,0.0,-0.0026793231523125583,1.0,-0.0026793231523125583,-0.08166576968248677,C-M-0013-R.23-M1619-4_M1619-8.2024-08-06-11-56.NGFZT,C-M-0013-R.23-M1619-4_M1619-8
2,0.0,0.007900693194903035,2.0,0.007900693194903035,0.24081312858064452,C-M-0013-R.23-M1619-4_M1619-8.2024-08-06-11-56.NGFZT,C-M-0013-R.23-M1619-4_M1619-8
2,1.0,1.0070295555393354,1.0,0.007029555539335375,0.21426085283894222,C-M-0013-R.23-M1619-4_M1619-8.2024-08-06-11-56.NGFZT,C-M-0013-R.23-M1619-4_M1619-8
3,0.0,-0.06317250022222004,3.0,-0.06317250022222004,-1.9254978067732669,C-M-0013-R.23-M1619-4_M1619-8.2024-08-06-11-56.NGFZT,C-M-0013-R.23-M1619-4_M1619-8
3,1.0,0.9645785839477722,2.0,-0.035421416052227817,-1.0796447612719038,C-M-0013-R.23-M1619-4_M1619-8.2024-08-06-11-56.NGFZT,C-M-0013-R.23-M1619-4_M1619-8
3,2.0,1.9764830527495139,1.0,-0.023516947250486142,-0.7167965521948176,C-M-0013-R.23-M1619-4_M1619-8.2024-08-06-11-56.NGFZT,C-M-0013-R.23-M1619-4_M1619-8
1,0.0,-0.026211513000553674,1.0,-0.026211513000553674,-0.798926916256876,C-M-0013-R.23-M1619-4_M1619-8.2024-08-07-11-58.NGFZT,C-M-0013-R.23-M1619-4_M1619-8
2,0.0,-0.024435438857385444,2.0,-0.024435438857385444,-0.7447921763731083,C-M-0013-R.23-M1619-4_M1619-8.2024-08-07-11-58.NGFZT,C-M-0013-R.23-M1619-4_M1619-8
2,1.0,1.0019373284519828,1.0,0.0019373284519828005,0.05904977121643576,C-M-0013-R.23-M1619-4_M1619-8.2024-08-07-11-58.NGFZT,C-M-0013-R.23-M1619-4_M1619-8
3,0.0,-0.028727344923387525,3.0,-0.028727344923387525,-0.8756094732648517,C-M-0013-R.23-M1619-4_M1619-8.2024-08-07-11-58.NGFZT,C-M-0013-R.23-M1619-4_M1619-8
3,1.0,0.9989015297904669,2.0,-0.0010984702095331311,-0.033481371986569836,C-M-0013-R.23-M1619-4_M1619-8.2024-08-07-11-58.NGFZT,C-M-0013-R.23-M1619-4_M1619-8
3,2.0,1.996993339236826,1.0,-0.0030066607631740183,-0.09164302006154408,C-M-0013-R.23-M1619-4_M1619-8.2024-08-07-11-58.NGFZT,C-M-0013-R.23-M1619-4_M1619-8
1,0.0,-0.0983806891465751,1.0,-0.0983806891465751,-2.998643405187609,C-M-0013-R.23-M1619-4_M1619-8.2024-08-08-11-32.NGFZT,C-M-0013-R.23-M1619-4_M1619-8
2,0.0,-0.016058422951113073,2.0,-0.016058422951113073,-0.4894607315499265,C-M-0013-R.23-M1619-4_M1619-8.2024-08-08-11-32.NGFZT,C-M-0013-R.23-M1619-4_M1619-8
2,1.0,1.0706228861908902,1.0,0.07062288619089019,2.152585571098333,C-M-0013-R.23-M1619-4_M1619-8.2024-08-08-11-32.NGFZT,C-M-0013-R.23-M1619-4_M1619-8
3,0.0,-0.029391666863898627,3.0,-0.029391666863898627,-0.8958580060116301,C-M-0013-R.23-M1619-4_M1619-8.2024-08-08-11-32.NGFZT,C-M-0013-R.23-M1619-4_M1619-8
3,1.0,1.0620813957486919,2.0,0.06208139574869187,1.8922409424201283,C-M-0013-R.23-M1619-4_M1619-8.2024-08-08-11-32.NGFZT,C-M-0013-R.23-M1619-4_M1619-8
3,2.0,1.9931889377493195,1.0,-0.006811062250680511,-0.20760117740074197,C-M-0013-R.23-M1619-4_M1619-8.2024-08-08-11-32.NGFZT,C-M-0013-R.23-M1619-4_M1619-8
1,0.0,-0.19033211737773995,1.0,-0.19033211737773995,-5.801322937673514,C-M-0013-R.23-M1619-4_M1619-8.2024-08-09-11-03.NGFZT,C-M-0013-R.23-M1619-4_M1619-8
2,0.0,0.04646737653326628,2.0,0.04646737653326628,1.4163256367339563,C-M-0013-R.23-M1619-4_M1619-8.2024-08-09-11-03.NGFZT,C-M-0013-R.23-M1619-4_M1619-8
2,1.0,1.2264620664190526,1.0,0.22646206641905264,6.902563784452725,C-M-0013-R.23-M1619-4_M1619-8.2024-08-09-11-03.NGFZT,C-M-0013-R.23-M1619-4_M1619-8
3,0.0,0.008859991425600835,3.0,0.008859991425600835,0.27005253865231343,C-M-0013-R.23-M1619-4_M1619-8.2024-08-09-11-03.NGFZT,C-M-0013-R.23-M1619-4_M1619-8
3,1.0,1.2024786794512594,2.0,0.2024786794512594,6.171550149674387,C-M-0013-R.23-M1619-4_M1619-8.2024-08-09-11-03.NGFZT,C-M-0013-R.23-M1619-4_M1619-8
3,2.0,1.9768171362158082,1.0,-0.023182863784191765,-0.706613688142165,C-M-0013-R.23-M1619-4_M1619-8.2024-08-09-11-03.NGFZT,C-M-0013-R.23-M1619-4_M1619-8
1,0.0,-0.0030093016367428076,1.0,-0.0030093016367428076,-0.09172351388792077,C-W-0010-L.21-M1745-1.2024-06-28-11-53.NH88X,C-W-0010-L.21-M1745-1
2,0.0,0.011818430454514375,2.0,0.011818430454514375,0.36022576025359815,C-W-0010-L.21-M1745-1.2024-06-28-11-53.NH88X,C-W-0010-L.21-M1745-1
2,1.0,1.0130868815897438,1.0,0.013086881589743804,0.39888815085539114,C-W-0010-L.21-M1745-1.2024-06-28-11-53.NH88X,C-W-0010-L.21-M1745-1
3,0.0,0.0013872711938284785,3.0,0.0013872711938284785,0.04228402598789202,C-W-0010-L.21-M1745-1.2024-06-28-11-53.NH88X,C-W-0010-L.21-M1745-1
3,1.0,1.006154881484941,2.0,0.006154881484941033,0.1876007876610027,C-W-0010-L.21-M1745-1.2024-06-28-11-53.NH88X,C-W-0010-L.21-M1745-1
3,2.0,1.9946186714767102,1.0,-0.005381328523289763,-0.164022893389872,C-W-0010-L.21-M1745-1.2024-06-28-11-53.NH88X,C-W-0010-L.21-M1745-1
1,0.0,0.026581501174200387,1.0,0.026581501174200387,0.8102041557896278,C-W-0010-L.21-M1745-1.2024-06-29-11-54.NH88X,C-W-0010-L.21-M1745-1
2,0.0,0.04322412267167452,2.0,0.04322412267167452,1.3174712590326394,C-W-0010-L.21-M1745-1.2024-06-29-11-54.NH88X,C-W-0010-L.21-M1745-1
2,1.0,1.02401587590266,1.0,0.024015875902660078,0.7320038975130791,C-W-0010-L.21-M1745-1.2024-06-29-11-54.NH88X,C-W-0010-L.21-M1745-1
3,0.0,0.07276770859585038,3.0,0.07276770859585038,2.21795975800152,C-W-0010-L.21-M1745-1.2024-06-29-11-54.NH88X,C-W-0010-L.21-M1745-1
3,1.0,1.046679774449852,2.0,0.04667977444985194,1.4227995252314871,C-W-0010-L.21-M1745-1.2024-06-29-11-54.NH88X,C-W-0010-L.21-M1745-1
3,2.0,2.0302131864591266,1.0,0.03021318645912663,0.9208979232741796,C-W-0010-L.21-M1745-1.2024-06-29-11-54.NH88X,C-W-0010-L.21-M1745-1
1,0.0,0.012697566304289223,1.0,0.012697566304289223,0.38702182095473553,C-W-0010-L.21-M1745-1.2024-06-30-11-55.NH88X,C-W-0010-L.21-M1745-1
2,0.0,-0.06128782666381995,2.0,-0.06128782666381995,-1.868052956713232,C-W-0010-L.21-M1745-1.2024-06-30-11-55.NH88X,C-W-0010-L.21-M1745-1
2,1.0,0.9346662288251649,1.0,-0.06533377117483508,-1.991373345408973,C-W-0010-L.21-M1745-1.2024-06-30-11-55.NH88X,C-W-0010-L.21-M1745-1
3,0.0,0.08001545634226033,3.0,0.08001545634226033,2.4388711093120947,C-W-0010-L.21-M1745-1.2024-06-30-11-55.NH88X,C-W-0010-L.21-M1745-1
3,1.0,1.0300077519565087,2.0,0.030007751956508733,0.9146362796343862,C-W-0010-L.21-M1745-1.2024-06-30-11-55.NH88X,C-W-0010-L.21-M1745-1
3,2.0,2.0728795658551977,1.0,0.07287956585519773,2.2213691672664266,C-W-0010-L.21-M1745-1.2024-06-30-11-55.NH88X,C-W-0010-L.21-M1745-1
1,0.0,-0.001640961676730842,1.0,-0.001640961676730842,-0.050016511906756066,C-W-0010-L.21-M1745-1.2024-07-01-11-37.NH88X,C-W-0010-L.21-M1745-1
2,0.0,0.005490368968422213,2.0,0.005490368968422213,0.16734644615750904,C-W-0010-L.21-M1745-1.2024-07-01-11-37.NH88X,C-W-0010-L.21-M1745-1
2,1.0,1.0062938190788655,1.0,0.0062938190788655035,0.19183560552382056,C-W-0010-L.21-M1745-1.2024-07-01-11-37.NH88X,C-W-0010-L.21-M1745-1
3,0.0,-0.011833363414335146,3.0,-0.011833363414335146,-0.3606809168689352,C-W-0010-L.21-M1745-1.2024-07-01-11-37.NH88X,C-W-0010-L.21-M1745-1
3,1.0,0.9947747178603608,2.0,-0.005225282139639242,-0.1592665996162041,C-W-0010-L.21-M1745-1.2024-07-01-11-37.NH88X,C-W-0010-L.21-M1745-1
3,2.0,1.991088679300925,1.0,-0.008911320699074965,-0.2716170549078049,C-W-0010-L.21-M1745-1.2024-07-01-11-37.NH88X,C-W-0010-L.21-M1745-1
1,0.0,-0.006818413746958933,1.0,-0.006818413746958933,-0.20782525100730828,C-W-0010-L.21-M1745-1.2024-07-02-11-37.NH88X,C-W-0010-L.21-M1745-1
2,0.0,0.011973490174670464,2.0,0.011973490174670464,0.3649519805239557,C-W-0010-L.21-M1745-1.2024-07-02-11-37.NH88X,C-W-0010-L.21-M1745-1
2,1.0,1.0165744629494298,1.0,0.01657446294942977,0.5051896306986193,C-W-0010-L.21-M1745-1.2024-07-02-11-37.NH88X,C-W-0010-L.21-M1745-1
3,0.0,0.0017407809200785374,3.0,0.0017407809200785374,0.05305900244399382,C-W-0010-L.21-M1745-1.2024-07-02-11-37.NH88X,C-W-0010-L.21-M1745-1
3,1.0,1.0097837774704823,2.0,0.009783777470482313,0.2982095373003009,C-W-0010-L.21-M1745-1.2024-07-02-11-37.NH88X,C-W-0010-L.21-M1745-1
3,2.0,1.9947154554254298,1.0,-0.005284544574570171,-0.16107291863289883,C-W-0010-L.21-M1745-1.2024-07-02-11-37.NH88X,C-W-0010-L.21-M1745-1
1,0.0,0.1287140102415193,1.0,0.1287140102415193,3.923203032161508,C-W-0010-L.21-M1745-1.2024-07-03-11-38.NH88X,C-W-0010-L.21-M1745-1
2,0.0,0.08813121020030962,2.0,0.08813121020030962,2.6862392869054372,C-W-0010-L.21-M1745-1.2024-07-03-11-38.NH88X,C-W-0010-L.21-M1745-1
2,1.0,0.9359557329249182,1.0,-0.06404426707508182,-1.952069260448494,C-W-0010-L.21-M1745-1.2024-07-03-11-38.NH88X,C-W-0010-L.21-M1745-1
3,0.0,0.1044552276260581,3.0,0.1044552276260581,3.183795338042251,C-W-0010-L.21-M1745-1.2024-07-03-11-38.NH88X,C-W-0010-L.21-M1745-1
3,1.0,0.949135011870846,2.0,-0.050864988129153965,-1.5503648381766129,C-W-0010-L.21-M1745-1.2024-07-03-11-38.NH88X,C-W-0010-L.21-M1745-1
3,2.0,2.0185675332439468,1.0,0.018567533243946777,0.5659384132754978,C-W-0010-L.21-M1745-1.2024-07-03-11-38.NH88X,C-W-0010-L.21-M1745-1
1,0.0,-0.16208296800126878,1.0,-0.16208296800126878,-4.9402888646786725,C-W-0010-L.21-M1745-1.2024-07-04-11-39.NH88X,C-W-0010-L.21-M1745-1
2,0.0,0.028034930543184348,2.0,0.028034930543184348,0.8545046829562589,C-W-0010-L.21-M1745-1.2024-07-04-11-39.NH88X,C-W-0010-L.21-M1745-1
2,1.0,1.2042064969830526,1.0,0.2042064969830526,6.224214028043443,C-W-0010-L.21-M1745-1.2024-07-04-11-39.NH88X,C-W-0010-L.21-M1745-1
3,0.0,0.005482045403667434,3.0,0.005482045403667434,0.1670927439037834,C-W-0010-L.21-M1745-1.2024-07-04-11-39.NH88X,C-W-0010-L.21-M1745-1
3,1.0,1.189193816041861,2.0,0.18919381604186092,5.766627512955921,C-W-0010-L.21-M1745-1.2024-07-04-11-39.NH88X,C-W-0010-L.21-M1745-1
3,2.0,1.9839291619707449,1.0,-0.01607083802925513,-0.48983914313169635,C-W-0010-L.21-M1745-1.2024-07-04-11-39.NH88X,C-W-0010-L.21-M1745-1
1,0.0,-0.15586741329187653,1.0,-0.15586741329187653,-4.750838757136397,C-W-0010-L.21-M1745-1.2024-07-05-11-39.NH88X,C-W-0010-L.21-M1745-1
2,0.0,-0.14766985707382518,2.0,-0.14766985707382518,-4.500977243610191,C-W-0010-L.21-M1745-1.2024-07-05-11-39.NH88X,C-W-0010-L.21-M1745-1
2,1.0,1.0103800076647214,1.0,0.010380007664721358,0.316382633620707,C-W-0010-L.21-M1745-1.2024-07-05-11-39.NH88X,C-W-0010-L.21-M1745-1
3,0.0,-0.14458102960759797,3.0,-0.14458102960759797,-4.406829782439586,C-W-0010-L.21-M1745-1.2024-07-05-11-39.NH88X,C-W-0010-L.21-M1745-1
3,1.0,1.0125995442931208,2.0,0.012599544293120823,0.3840341100543227,C-W-0010-L.21-M1745-1.2024-07-05-11-39.NH88X,C-W-0010-L.21-M1745-1
3,2.0,2.0027075546980395,1.0,0.002707554698039516,0.08252626719624445,C-W-0010-L.21-M1745-1.2024-07-05-11-39.NH88X,C-W-0010-L.21-M1745-1
1,0.0,-0.006146677656849467,1.0,-0.006146677656849467,-0.18735073498077176,C-W-0010-L.21-M1745-1.2024-07-06-11-38.NH88X,C-W-0010-L.21-M1745-1
2,0.0,0.001421110885443748,2.0,0.001421110885443748,0.04331545978832544,C-W-0010-L.21-M1745-1.2024-07-06-11-38.NH88X,C-W-0010-L.21-M1745-1
2,1.0,1.0066755390795068,1.0,0.006675539079506798,0.20347043114336721,C-W-0010-L.21-M1745-1.2024-07-06-11-38.NH88X,C-W-0010-L.21-M1745-1
3,0.0,-0.007663040475140161,3.0,-0.007663040475140161,-0.2335694736822721,C-W-0010-L.21-M1745-1.2024-07-06-11-38.NH88X,C-W-0010-L.21-M1745-1
3,1.0,1.000642389699626,2.0,0.0006423896996259337,0.01958003804459846,C-W-0010-L.21-M1745-1.2024-07-06-11-38.NH88X,C-W-0010-L.21-M1745-1
3,2.0,1.995323664672168,1.0,-0.004676335327832071,-0.14253470079232153,C-W-0010-L.21-M1745-1.2024-07-06-11-38.NH88X,C-W-0010-L.21-M1745-1
1,0.0,0.019401350685505907,1.0,0.019401350685505907,0.5913531688942201,C-W-0010-L.21-M1745-1.2024-07-07-11-58.NH88X,C-W-0010-L.21-M1745-1
2,0.0,0.037882357159984545,2.0,0.037882357159984545,1.154654246236329,C-W-0010-L.21-M1745-1.2024-07-07-11-58.NH88X,C-W-0010-L.21-M1745-1
2,1.0,1.0225589772344077,1.0,0.022558977234407696,0.6875976261047466,C-W-0010-L.21-M1745-1.2024-07-07-11-58.NH88X,C-W-0010-L.21-M1745-1
3,0.0,0.05615672914633958,3.0,0.05615672914633958,1.7116571043804305,C-W-0010-L.21-M1745-1.2024-07-07-11-58.NH88X,C-W-0010-L.21-M1745-1
3,1.0,1.0359924614101679,2.0,0.035992461410167875,1.0970502237819169,C-W-0010-L.21-M1745-1.2024-07-07-11-58.NH88X,C-W-0010-L.21-M1745-1
3,2.0,2.0149331911246575,1.0,0.014933191124657519,0.45516366547956116,C-W-0010-L.21-M1745-1.2024-07-07-11-58.NH88X,C-W-0010-L.21-M1745-1
1,0.0,0.05274458279916207,1.0,0.05274458279916207,1.6076548837184599,C-W-0010-L.21-M1745-1.2024-07-08-11-30.NH88X,C-W-0010-L.21-M1745-1
2,0.0,0.05890425216479331,2.0,0.05890425216479331,1.7954016059829,C-W-0010-L.21-M1745-1.2024-07-08-11-30.NH88X,C-W-0010-L.21-M1745-1
2,1.0,1.0096292559259754,1.0,0.00962925592597541,0.29349972062373053,C-W-0010-L.21-M1745-1.2024-07-08-11-30.NH88X,C-W-0010-L.21-M1745-1
3,0.0,0.08007800355887891,3.0,0.08007800355887891,2.440777548474629,C-W-0010-L.21-M1745-1.2024-07-08-11-30.NH88X,C-W-0010-L.21-M1745-1
3,1.0,1.0262734298820235,2.0,0.026273429882023525,0.800814142804077,C-W-0010-L.21-M1745-1.2024-07-08-11-30.NH88X,C-W-0010-L.21-M1745-1
3,2.0,2.023937914956538,1.0,0.023937914956538187,0.7296276478752839,C-W-0010-L.21-M1745-1.2024-07-08-11-30.NH88X,C-W-0010-L.21-M1745-1
1,0.0,-0.10908928768344016,1.0,-0.10908928768344016,-3.325041488591256,C-W-0010-L.21-M1745-1.2024-07-09-11-44.NH88X,C-W-0010-L.21-M1745-1
2,0.0,0.05183769816002914,2.0,0.05183769816002914,1.5800130399176882,C-W-0010-L.21-M1745-1.2024-07-09-11-44.NH88X,C-W-0010-L.21-M1745-1
2,1.0,1.1964518440108423,1.0,0.19645184401084226,5.987852205450472,C-W-0010-L.21-M1745-1.2024-07-09-11-44.NH88X,C-W-0010-L.21-M1745-1
3,0.0,0.04457973473759189,3.0,0.04457973473759189,1.358790314801801,C-W-0010-L.21-M1745-1.2024-07-09-11-44.NH88X,C-W-0010-L.21-M1745-1
3,1.0,1.191400576896707,2.0,0.1914005768967071,5.833889583811632,C-W-0010-L.21-M1745-1.2024-07-09-11-44.NH88X,C-W-0010-L.21-M1745-1
3,2.0,1.9939695831207205,1.0,-0.006030416879279521,-0.1838071064804398,C-W-0010-L.21-M1745-1.2024-07-09-11-44.NH88X,C-W-0010-L.21-M1745-1
1,0.0,-0.020785023056706414,1.0,-0.020785023056706414,-0.6335275027684115,C-W-0010-L.21-M1745-1.2024-07-10-11-45.NH88X,C-W-0010-L.21-M1745-1
2,0.0,-0.029594781982229965,2.0,-0.029594781982229965,-0.9020489548183693,C-W-0010-L.21-M1745-1.2024-07-10-11-45.NH88X,C-W-0010-L.21-M1745-1
2,1.0,0.989217465551823,1.0,-0.010782534448177006,-0.32865164998043517,C-W-0010-L.21-M1745-1.2024-07-10-11-45.NH88X,C-W-0010-L.21-M1745-1
3,0.0,-0.03687592541581267,3.0,-0.03687592541581267,-1.1239782066739703,C-W-0010-L.21-M1745-1.2024-07-10-11-45.NH88X,C-W-0010-L.21-M1745-1
3,1.0,0.9838987389233936,2.0,-0.016101261076606366,-0.490766437614962,C-W-0010-L.21-M1745-1.2024-07-10-11-45.NH88X,C-W-0010-L.21-M1745-1
3,2.0,1.9940701168932584,1.0,-0.005929883106741585,-0.18074283709348352,C-W-0010-L.21-M1745-1.2024-07-10-11-45.NH88X,C-W-0010-L.21-M1745-1
1,0.0,-0.36136878853878035,1.0,-0.36136878853878035,-11.014520674662025,C-W-0010-L.21-M1745-1.2024-07-11-11-45.NH88X,C-W-0010-L.21-M1745-1
2,0.0,-0.34863943600053326,2.0,-0.34863943600053326,-10.626530009296253,C-W-0010-L.21-M1745-1.2024-07-11-11-45.NH88X,C-W-0010-L.21-M1745-1
2,1.0,1.0142284160743706,1.0,0.014228416074370642,0.43368212194681716,C-W-0010-L.21-M1745-1.2024-07-11-11-45.NH88X,C-W-0010-L.21-M1745-1
3,0.0,0.19793258026318553,3.0,0.19793258026318553,6.032985046421895,C-W-0010-L.21-M1745-1.2024-07-11-11-45.NH88X,C-W-0010-L.21-M1745-1
3,1.0,1.3543363321644721,2.0,0.35433633216447213,10.800171404373112,C-W-0010-L.21-M1745-1.2024-07-11-11-45.NH88X,C-W-0010-L.21-M1745-1
3,2.0,2.304630762038248,1.0,0.304630762038248,9.2851456269258,C-W-0010-L.21-M1745-1.2024-07-11-11-45.NH88X,C-W-0010-L.21-M1745-1
1,0.0,-0.07489502650451207,1.0,-0.07489502650451207,-2.282800407857528,C-W-0010-L.21-M1745-1.2024-07-12-11-46.NH88X,C-W-0010-L.21-M1745-1
2,0.0,-0.11416024563346416,2.0,-0.11416024563346416,-3.4796042869079877,C-W-0010-L.21-M1745-1.2024-07-12-11-46.NH88X,C-W-0010-L.21-M1745-1
2,1.0,0.9574237442149058,1.0,-0.042576255785094164,-1.2977242763296701,C-W-0010-L.21-M1745-1.2024-07-12-11-46.NH88X,C-W-0010-L.21-M1745-1
3,0.0,-0.0882272395143269,3.0,-0.0882272395143269,-2.689166260396684,C-W-0010-L.21-M1745-1.2024-07-12-11-46.NH88X,C-W-0010-L.21-M1745-1
3,1.0,0.9756236361372682,2.0,-0.024376363862731787,-0.7429915705360649,C-W-0010-L.21-M1745-1.2024-07-12-11-46.NH88X,C-W-0010-L.21-M1745-1
3,2.0,2.0180526088128654,1.0,0.01805260881286541,0.5502435166161378,C-W-0010-L.21-M1745-1.2024-07-12-11-46.NH88X,C-W-0010-L.21-M1745-1
1,0.0,-0.02206065300266574,1.0,-0.02206065300266574,-0.6724087035212517,C-W-0010-L.21-M1745-1.2024-07-13-11-45.NH88X,C-W-0010-L.21-M1745-1
2,0.0,-0.5973446401974727,2.0,-0.5973446401974727,-18.207064633218966,C-W-0010-L.21-M1745-1.2024-07-13-11-45.NH88X,C-W-0010-L.21-M1745-1
2,1.0,0.49028420845047394,1.0,-0.5097157915495261,-15.536137326429555,C-W-0010-L.21-M1745-1.2024-07-13-11-45.NH88X,C-W-0010-L.21-M1745-1
3,0.0,-2.2029300552776934,3.0,-2.2029300552776934,-67.1453080848641,C-W-0010-L.21-M1745-1.2024-07-13-11-45.NH88X,C-W-0010-L.21-M1745-1
3,1.0,-0.5576351084541662,2.0,-1.5576351084541662,-47.476718105682984,C-W-0010-L.21-M1745-1.2024-07-13-11-45.NH88X,C-W-0010-L.21-M1745-1
3,2.0,1.3512772965751463,1.0,-0.6487227034248537,-19.773068000389543,C-W-0010-L.21-M1745-1.2024-07-13-11-45.NH88X,C-W-0010-L.21-M1745-1
1,0.0,-0.25993502954093245,1.0,-0.25993502954093245,-7.922819700407621,C-W-0010-L.21-M1745-1.2024-07-14-11-46.NH88X,C-W-0010-L.21-M1745-1
2,0.0,-0.002997450928151555,2.0,-0.002997450928151555,-0.0913623042900594,C-W-0010-L.21-M1745-1.2024-07-14-11-46.NH88X,C-W-0010-L.21-M1745-1
2,1.0,1.2749852158345538,1.0,0.2749852158345538,8.381549378637201,C-W-0010-L.21-M1745-1.2024-07-14-11-46.NH88X,C-W-0010-L.21-M1745-1
3,0.0,-0.01562310168903634,3.0,-0.01562310168903634,-0.47619213948182765,C-W-0010-L.21-M1745-1.2024-07-14-11-46.NH88X,C-W-0010-L.21-M1745-1
3,1.0,1.2668611995751764,2.0,0.2668611995751764,8.133929363051378,C-W-0010-L.21-M1745-1.2024-07-14-11-46.NH88X,C-W-0010-L.21-M1745-1
3,2.0,1.9909200603740551,1.0,-0.009079939625944888,-0.2767565597988002,C-W-0010-L.21-M1745-1.2024-07-14-11-46.NH88X,C-W-0010-L.21-M1745-1
1,0.0,-0.005211935432603384,1.0,-0.005211935432603384,-0.15885979198575115,C-W-0010-L.21-M1745-1.2024-07-15-11-41.NH88X,C-W-0010-L.21-M1745-1
2,0.0,-0.01953458155698189,2.0,-0.01953458155698189,-0.595414045856808,C-W-0010-L.21-M1745-1.2024-07-15-11-41.NH88X,C-W-0010-L.21-M1745-1
2,1.0,0.9856308591802362,1.0,-0.014369140819763815,-0.43797141218640107,C-W-0010-L.21-M1745-1.2024-07-15-11-41.NH88X,C-W-0010-L.21-M1745-1
3,0.0,-0.009683292430115483,3.0,-0.009683292430115483,-0.2951467532699199,C-W-0010-L.21-M1745-1.2024-07-15-11-41.NH88X,C-W-0010-L.21-M1745-1
3,1.0,0.9924549135897739,2.0,-0.0075450864102261095,-0.22997423378369183,C-W-0010-L.21-M1745-1.2024-07-15-11-41.NH88X,C-W-0010-L.21-M1745-1
3,2.0,2.006072836432809,1.0,0.00607283643280887,0.18510005447201436,C-W-0010-L.21-M1745-1.2024-07-15-11-41.NH88X,C-W-0010-L.21-M1745-1
1,0.0,0.3546985958463974,1.0,0.3546985958463974,10.811213201398193,C-W-0010-L.21-M1745-1.2024-07-16-11-41.NH88X,C-W-0010-L.21-M1745-1
2,0.0,0.5633406405023881,2.0,0.5633406405023881,17.17062272251279,C-W-0010-L.21-M1745-1.2024-07-16-11-41.NH88X,C-W-0010-L.21-M1745-1
2,1.0,1.2989885930909841,1.0,0.29898859309098413,9.113172317413197,C-W-0010-L.21-M1745-1.2024-07-16-11-41.NH88X,C-W-0010-L.21-M1745-1
3,0.0,0.5636617258697534,3.0,0.5636617258697534,17.180409404510083,C-W-0010-L.21-M1745-1.2024-07-16-11-41.NH88X,C-W-0010-L.21-M1745-1
3,1.0,1.2992401519915524,2.0,0.2992401519915524,9.120839832702517,C-W-0010-L.21-M1745-1.2024-07-16-11-41.NH88X,C-W-0010-L.21-M1745-1
3,2.0,2.0003156441838703,1.0,0.0003156441838703117,0.0096208347243671,C-W-0010-L.21-M1745-1.2024-07-16-11-41.NH88X,C-W-0010-L.21-M1745-1
1,0.0,-0.026099730596428495,1.0,-0.026099730596428495,-0.7955197885791405,C-W-0010-L.21-M1745-1.2024-07-17-11-41.NH88X,C-W-0010-L.21-M1745-1
2,0.0,-0.021812844136982062,2.0,-0.021812844136982062,-0.6648554892952133,C-W-0010-L.21-M1745-1.2024-07-17-11-41.NH88X,C-W-0010-L.21-M1745-1
2,1.0,1.004767585621733,1.0,0.0047675856217330725,0.14531600975042405,C-W-0010-L.21-M1745-1.2024-07-17-11-41.NH88X,C-W-0010-L.21-M1745-1
3,0.0,-0.03534901899495311,3.0,-0.03534901899495311,-1.0774380989661707,C-W-0010-L.21-M1745-1.2024-07-17-11-41.NH88X,C-W-0010-L.21-M1745-1
3,1.0,0.9951753521054718,2.0,-0.004824647894528189,-0.14705526782521922,C-W-0010-L.21-M1745-1.2024-07-17-11-41.NH88X,C-W-0010-L.21-M1745-1
3,2.0,1.9903452150371812,1.0,-0.009654784962818797,-0.29427784566671694,C-W-0010-L.21-M1745-1.2024-07-17-11-41.NH88X,C-W-0010-L.21-M1745-1
1,0.0,-0.01556532123389536,1.0,-0.01556532123389536,-0.47443099120913057,C-W-0010-L.21-M1745-1.2024-07-18-11-41.NH88X,C-W-0010-L.21-M1745-1
2,0.0,-0.021996794712821205,2.0,-0.021996794712821205,-0.6704623028467903,C-W-0010-L.21-M1745-1.2024-07-18-11-41.NH88X,C-W-0010-L.21-M1745-1
2,1.0,0.9928334724707075,1.0,-0.007166527529292477,-0.2184357590928347,C-W-0010-L.21-M1745-1.2024-07-18-11-41.NH88X,C-W-0010-L.21-M1745-1
3,0.0,-0.03542126419829182,3.0,-0.03542126419829182,-1.0796401327639347,C-W-0010-L.21-M1745-1.2024-07-18-11-41.NH88X,C-W-0010-L.21-M1745-1
3,1.0,0.9832762412650768,2.0,-0.016723758734923155,-0.5097401662404578,C-W-0010-L.21-M1745-1.2024-07-18-11-41.NH88X,C-W-0010-L.21-M1745-1
3,2.0,1.990403778980295,1.0,-0.00959622101970492,-0.29249281668060595,C-W-0010-L.21-M1745-1.2024-07-18-11-41.NH88X,C-W-0010-L.21-M1745-1
1,0.0,-0.007338147947351628,1.0,-0.007338147947351628,-0.22366674943527765,C-W-0010-L.21-M1745-1.2024-07-19-11-59.NH88X,C-W-0010-L.21-M1745-1
2,0.0,-0.014075770927384271,2.0,-0.014075770927384271,-0.4290294978666726,C-W-0010-L.21-M1745-1.2024-07-19-11-59.NH88X,C-W-0010-L.21-M1745-1
2,1.0,0.9939982185732241,1.0,-0.006001781426775876,-0.1829342978881287,C-W-0010-L.21-M1745-1.2024-07-19-11-59.NH88X,C-W-0010-L.21-M1745-1
3,0.0,0.009846037253763595,3.0,0.009846037253763595,0.3001072154947144,C-W-0010-L.21-M1745-1.2024-07-19-11-59.NH88X,C-W-0010-L.21-M1745-1
3,1.0,1.0099333307387788,2.0,0.009933330738778778,0.30276792091797716,C-W-0010-L.21-M1745-1.2024-07-19-11-59.NH88X,C-W-0010-L.21-M1745-1
3,2.0,2.012441357444777,1.0,0.012441357444776813,0.3792125749167973,C-W-0010-L.21-M1745-1.2024-07-19-11-59.NH88X,C-W-0010-L.21-M1745-1
1,0.0,-0.013860400355818387,1.0,-0.013860400355818387,-0.42246500284534444,C-W-0010-L.21-M1745-1.2024-07-20-11-59.NH88X,C-W-0010-L.21-M1745-1
2,0.0,-0.011516717267152666,2.0,-0.011516717267152666,-0.35102954230281325,C-W-0010-L.21-M1745-1.2024-07-20-11-59.NH88X,C-W-0010-L.21-M1745-1
2,1.0,1.0020900458462185,1.0,0.0020900458462185245,0.06370459739274063,C-W-0010-L.21-M1745-1.2024-07-20-11-59.NH88X,C-W-0010-L.21-M1745-1
3,0.0,0.01448355843146879,3.0,0.01448355843146879,0.4414588609911687,C-W-0010-L.21-M1745-1.2024-07-20-11-59.NH88X,C-W-0010-L.21-M1745-1
3,1.0,1.0193664960656073,2.0,0.019366496065607253,0.590290800079709,C-W-0010-L.21-M1745-1.2024-07-20-11-59.NH88X,C-W-0010-L.21-M1745-1
3,2.0,2.0135530240387434,1.0,0.013553024038743366,0.4130961727008978,C-W-0010-L.21-M1745-1.2024-07-20-11-59.NH88X,C-W-0010-L.21-M1745-1
1,0.0,-0.004991720516861657,1.0,-0.004991720516861657,-0.1521476413539433,C-W-0010-L.21-M1745-1.2024-07-21-11-29.NH88X,C-W-0010-L.21-M1745-1
2,0.0,-0.019088741276888387,2.0,-0.019088741276888387,-0.581824834119558,C-W-0010-L.21-M1745-1.2024-07-21-11-29.NH88X,C-W-0010-L.21-M1745-1
2,1.0,0.9858379232189514,1.0,-0.014162076781048638,-0.4316601002863625,C-W-0010-L.21-M1745-1.2024-07-21-11-29.NH88X,C-W-0010-L.21-M1745-1
3,0.0,-0.014832487802253944,3.0,-0.014832487802253944,-0.45209422821270023,C-W-0010-L.21-M1745-1.2024-07-21-11-29.NH88X,C-W-0010-L.21-M1745-1
3,1.0,0.9887866269490662,2.0,-0.01121337305093384,-0.3417836105924634,C-W-0010-L.21-M1745-1.2024-07-21-11-29.NH88X,C-W-0010-L.21-M1745-1
3,2.0,2.002626959669477,1.0,0.0026269596694770136,0.08006973072565937,C-W-0010-L.21-M1745-1.2024-07-21-11-29.NH88X,C-W-0010-L.21-M1745-1
1,0.0,-0.04611550281546102,1.0,-0.04611550281546102,-1.405600525815252,C-W-0010-L.21-M1745-1.2024-07-22-11-30.NH88X,C-W-0010-L.21-M1745-1
2,0.0,-0.028083133410241747,2.0,-0.028083133410241747,-0.8559739063441685,C-W-0010-L.21-M1745-1.2024-07-22-11-30.NH88X,C-W-0010-L.21-M1745-1
2,1.0,1.017920706560014,1.0,0.017920706560013988,0.5462231359492263,C-W-0010-L.21-M1745-1.2024-07-22-11-30.NH88X,C-W-0010-L.21-M1745-1
3,0.0,-0.010508441132581465,3.0,-0.010508441132581465,-0.32029728572108307,C-W-0010-L.21-M1745-1.2024-07-22-11-30.NH88X,C-W-0010-L.21-M1745-1
3,1.0,1.0299057425850182,2.0,0.029905742585018213,0.9115270339913552,C-W-0010-L.21-M1745-1.2024-07-22-11-30.NH88X,C-W-0010-L.21-M1745-1
3,2.0,2.010816987684116,1.0,0.010816987684115986,0.3297017846118553,C-W-0010-L.21-M1745-1.2024-07-22-11-30.NH88X,C-W-0010-L.21-M1745-1
1,0.0,0.001420540932691755,1.0,0.001420540932691755,0.0432980876284447,C-W-0010-L.21-M1745-1.2024-07-23-11-59.NH88X,C-W-0010-L.21-M1745-1
2,0.0,0.0064719992692101914,2.0,0.0064719992692101914,0.19726653772552663,C-W-0010-L.21-M1745-1.2024-07-23-11-59.NH88X,C-W-0010-L.21-M1745-1
2,1.0,1.003957545303336,1.0,0.00395754530333603,0.12062598084568218,C-W-0010-L.21-M1745-1.2024-07-23-11-59.NH88X,C-W-0010-L.21-M1745-1
3,0.0,0.06887716972313837,3.0,0.06887716972313837,2.0993761331612575,C-W-0010-L.21-M1745-1.2024-07-23-11-59.NH88X,C-W-0010-L.21-M1745-1
3,1.0,1.0438035686771572,2.0,0.04380356867715718,1.3351327732797509,C-W-0010-L.21-M1745-1.2024-07-23-11-59.NH88X,C-W-0010-L.21-M1745-1
3,2.0,2.0267772217515327,1.0,0.026777221751532743,0.816169718986718,C-W-0010-L.21-M1745-1.2024-07-23-11-59.NH88X,C-W-0010-L.21-M1745-1
1,0.0,-0.01495041476372207,1.0,-0.01495041476372207,-0.4556886419982487,C-W-0010-L.21-M1745-1.2024-07-24-11-30.NH88X,C-W-0010-L.21-M1745-1
2,0.0,-0.00916341856403939,2.0,-0.00916341856403939,-0.2793009978319206,C-W-0010-L.21-M1745-1.2024-07-24-11-30.NH88X,C-W-0010-L.21-M1745-1
2,1.0,1.0051523565669032,1.0,0.00515235656690316,0.1570438281592083,C-W-0010-L.21-M1745-1.2024-07-24-11-30.NH88X,C-W-0010-L.21-M1745-1
3,0.0,0.0028213937428013982,3.0,0.0028213937428013982,0.08599608128058663,C-W-0010-L.21-M1745-1.2024-07-24-11-30.NH88X,C-W-0010-L.21-M1745-1
3,1.0,1.01310711149734,2.0,0.013107111497340007,0.3995047584389234,C-W-0010-L.21-M1745-1.2024-07-24-11-30.NH88X,C-W-0010-L.21-M1745-1
3,2.0,2.006238777011746,1.0,0.0062387770117458,0.19015792331801198,C-W-0010-L.21-M1745-1.2024-07-24-11-30.NH88X,C-W-0010-L.21-M1745-1
1,0.0,-0.03230470338352747,1.0,-0.03230470338352747,-0.9846473591299173,C-W-0010-L.21-M1745-1.2024-07-25-11-30.NH88X,C-W-0010-L.21-M1745-1
2,0.0,-0.008828183203113764,2.0,-0.008828183203113764,-0.2690830240309075,C-W-0010-L.21-M1745-1.2024-07-25-11-30.NH88X,C-W-0010-L.21-M1745-1
2,1.0,1.020779956761843,1.0,0.020779956761842966,0.6333730821009737,C-W-0010-L.21-M1745-1.2024-07-25-11-30.NH88X,C-W-0010-L.21-M1745-1
3,0.0,0.010628880181750542,3.0,0.010628880181750542,0.3239682679397565,C-W-0010-L.21-M1745-1.2024-07-25-11-30.NH88X,C-W-0010-L.21-M1745-1
3,1.0,1.0336057813097639,2.0,0.03360578130976388,1.0243042143216032,C-W-0010-L.21-M1745-1.2024-07-25-11-30.NH88X,C-W-0010-L.21-M1745-1
3,2.0,2.0101263468067256,1.0,0.010126346806725639,0.3086510506689975,C-W-0010-L.21-M1745-1.2024-07-25-11-30.NH88X,C-W-0010-L.21-M1745-1
1,0.0,-0.015442904642840632,1.0,-0.015442904642840632,-0.47069973351378247,C-W-0010-L.21-M1745-1.2024-07-26-11-31.NH88X,C-W-0010-L.21-M1745-1
2,0.0,-0.0027708490086587375,2.0,-0.0027708490086587375,-0.08445547778391832,C-W-0010-L.21-M1745-1.2024-07-26-11-31.NH88X,C-W-0010-L.21-M1745-1
2,1.0,1.011281544475549,1.0,0.011281544475548966,0.34386147561473246,C-W-0010-L.21-M1745-1.2024-07-26-11-31.NH88X,C-W-0010-L.21-M1745-1
3,0.0,0.01048698572165353,3.0,0.01048698572165353,0.3196433247959996,C-W-0010-L.21-M1745-1.2024-07-26-11-31.NH88X,C-W-0010-L.21-M1745-1
3,1.0,1.0200767593046463,2.0,0.020076759304646252,0.6119396236056178,C-W-0010-L.21-M1745-1.2024-07-26-11-31.NH88X,C-W-0010-L.21-M1745-1
3,2.0,2.0069138698488898,1.0,0.006913869848889753,0.21073475299415967,C-W-0010-L.21-M1745-1.2024-07-26-11-31.NH88X,C-W-0010-L.21-M1745-1
1,0.0,-0.06669447965659787,1.0,-0.06669447965659787,-2.032847739933103,C-W-0010-L.21-M1745-1.2024-07-27-11-31.NH88X,C-W-0010-L.21-M1745-1
2,0.0,-0.015851068752895155,2.0,-0.015851068752895155,-0.48314057558824436,C-W-0010-L.21-M1745-1.2024-07-27-11-31.NH88X,C-W-0010-L.21-M1745-1
2,1.0,1.0446302160017185,1.0,0.04463021600171846,1.3603289837323786,C-W-0010-L.21-M1745-1.2024-07-27-11-31.NH88X,C-W-0010-L.21-M1745-1
3,0.0,-0.007850832082205461,3.0,-0.007850832082205461,-0.23929336186562247,C-W-0010-L.21-M1745-1.2024-07-27-11-31.NH88X,C-W-0010-L.21-M1745-1
3,1.0,1.0498335254861373,2.0,0.04983352548613729,1.5189258568174646,C-W-0010-L.21-M1745-1.2024-07-27-11-31.NH88X,C-W-0010-L.21-M1745-1
3,2.0,2.0041587957703992,1.0,0.004158795770399237,0.12676009508176875,C-W-0010-L.21-M1745-1.2024-07-27-11-31.NH88X,C-W-0010-L.21-M1745-1
1,0.0,-0.04591781382794637,1.0,-0.04591781382794637,-1.3995749654758054,C-W-0010-L.21-M1745-1.2024-07-28-11-55.NH88X,C-W-0010-L.21-M1745-1
2,0.0,0.026863616787189827,2.0,0.026863616787189827,0.818803039673546,C-W-0010-L.21-M1745-1.2024-07-28-11-55.NH88X,C-W-0010-L.21-M1745-1
2,1.0,1.0644966217317258,1.0,0.06449662173172577,1.9658570303830014,C-W-0010-L.21-M1745-1.2024-07-28-11-55.NH88X,C-W-0010-L.21-M1745-1
3,0.0,0.0003373884267168721,3.0,0.0003373884267168721,0.010283599246330263,C-W-0010-L.21-M1745-1.2024-07-28-11-55.NH88X,C-W-0010-L.21-M1745-1
3,1.0,1.047161482345071,2.0,0.047161482345071004,1.4374819818777642,C-W-0010-L.21-M1745-1.2024-07-28-11-55.NH88X,C-W-0010-L.21-M1745-1
3,2.0,1.98608666491396,1.0,-0.01391333508604009,-0.42407845342250194,C-W-0010-L.21-M1745-1.2024-07-28-11-55.NH88X,C-W-0010-L.21-M1745-1
1,0.0,0.00032097856117389715,1.0,0.00032097856117389715,0.009783426544580386,C-W-0010-L.21-M1745-1.2024-07-29-11-57.NH88X,C-W-0010-L.21-M1745-1
2,0.0,0.007836258182999736,2.0,0.007836258182999736,0.23884914941783195,C-W-0010-L.21-M1745-1.2024-07-29-11-57.NH88X,C-W-0010-L.21-M1745-1
2,1.0,1.0058773604634863,1.0,0.005877360463486303,0.1791419469270625,C-W-0010-L.21-M1745-1.2024-07-29-11-57.NH88X,C-W-0010-L.21-M1745-1
3,0.0,0.05722280865436388,3.0,0.05722280865436388,1.7441512077850112,C-W-0010-L.21-M1745-1.2024-07-29-11-57.NH88X,C-W-0010-L.21-M1745-1
3,1.0,1.0373787192491637,2.0,0.037378719249163694,1.1393033627145095,C-W-0010-L.21-M1745-1.2024-07-29-11-57.NH88X,C-W-0010-L.21-M1745-1
3,2.0,2.0211628284719723,1.0,0.02116282847197226,0.6450430118257146,C-W-0010-L.21-M1745-1.2024-07-29-11-57.NH88X,C-W-0010-L.21-M1745-1
1,0.0,-0.02766819799575448,1.0,-0.02766819799575448,-0.8433266749105965,C-W-0010-L.21-M1745-1.2024-07-30-11-56.NH88X,C-W-0010-L.21-M1745-1
2,0.0,0.2588515895515868,2.0,0.2588515895515868,7.8897964495323665,C-W-0010-L.21-M1745-1.2024-07-30-11-56.NH88X,C-W-0010-L.21-M1745-1
2,1.0,1.1640551533178516,1.0,0.1640551533178516,5.000401073128116,C-W-0010-L.21-M1745-1.2024-07-30-11-56.NH88X,C-W-0010-L.21-M1745-1
1,0.0,0.26892617351715326,1.0,0.26892617351715326,8.19686976880283,C-W-0010-L.21-M1745-1.2024-07-31-11-57.NH88X,C-W-0010-L.21-M1745-1
2,0.0,0.4030871127481096,2.0,0.4030871127481096,12.28609519656238,C-W-0010-L.21-M1745-1.2024-07-31-11-57.NH88X,C-W-0010-L.21-M1745-1
2,1.0,1.1173837791383487,1.0,0.11738377913834874,3.5778575881368697,C-W-0010-L.21-M1745-1.2024-07-31-11-57.NH88X,C-W-0010-L.21-M1745-1
3,0.0,0.6463317825933345,3.0,0.6463317825933345,19.700192733444833,C-W-0010-L.21-M1745-1.2024-07-31-11-57.NH88X,C-W-0010-L.21-M1745-1
3,1.0,1.2906314762157625,2.0,0.29063147621576246,8.85844739505644,C-W-0010-L.21-M1745-1.2024-07-31-11-57.NH88X,C-W-0010-L.21-M1745-1
3,2.0,2.1220155807196424,1.0,0.12201558071964236,3.719034900334699,C-W-0010-L.21-M1745-1.2024-07-31-11-57.NH88X,C-W-0010-L.21-M1745-1
1,0.0,-0.27903346267536033,1.0,-0.27903346267536033,-8.504939942344983,C-W-0010-L.21-M1745-1.2024-08-01-11-58.NH88X,C-W-0010-L.21-M1745-1
2,0.0,-0.6751231594122109,2.0,-0.6751231594122109,-20.57775389888419,C-W-0010-L.21-M1745-1.2024-08-01-11-58.NH88X,C-W-0010-L.21-M1745-1
2,1.0,0.5761607821577105,1.0,-0.4238392178422895,-12.918619359832984,C-W-0010-L.21-M1745-1.2024-08-01-11-58.NH88X,C-W-0010-L.21-M1745-1
3,0.0,-1.0459382438079452,3.0,-1.0459382438079452,-31.88019767126617,C-W-0010-L.21-M1745-1.2024-08-01-11-58.NH88X,C-W-0010-L.21-M1745-1
3,1.0,0.3181005926310679,2.0,-0.6818994073689322,-20.784293936605053,C-W-0010-L.21-M1745-1.2024-08-01-11-58.NH88X,C-W-0010-L.21-M1745-1
3,2.0,1.7555750958440388,1.0,-0.2444249041559612,-7.450071078673697,C-W-0010-L.21-M1745-1.2024-08-01-11-58.NH88X,C-W-0010-L.21-M1745-1
1,0.0,-0.017106849503902653,1.0,-0.017106849503902653,-0.5214167728789528,C-W-0010-L.21-M1745-1.2024-08-02-11-57.NH88X,C-W-0010-L.21-M1745-1
2,0.0,-0.1535421822738195,2.0,-0.1535421822738195,-4.679965715706018,C-W-0010-L.21-M1745-1.2024-08-02-11-57.NH88X,C-W-0010-L.21-M1745-1
2,1.0,0.8828077138030385,1.0,-0.11719228619696154,-3.5720208832833875,C-W-0010-L.21-M1745-1.2024-08-02-11-57.NH88X,C-W-0010-L.21-M1745-1
3,0.0,-1.3573734361956804,3.0,-1.3573734361956804,-41.37274233524434,C-W-0010-L.21-M1745-1.2024-08-02-11-57.NH88X,C-W-0010-L.21-M1745-1
3,1.0,0.1101185974816113,2.0,-0.8898814025183887,-27.123585148760487,C-W-0010-L.21-M1745-1.2024-08-02-11-57.NH88X,C-W-0010-L.21-M1745-1
3,2.0,1.461060329054487,1.0,-0.538939670945513,-16.426881170419236,C-W-0010-L.21-M1745-1.2024-08-02-11-57.NH88X,C-W-0010-L.21-M1745-1
1,0.0,-0.019420312729849492,1.0,-0.019420312729849492,-0.5919311320058125,C-W-0010-L.21-M1745-1.2024-08-03-11-58.NH88X,C-W-0010-L.21-M1745-1
2,0.0,0.0712595175521383,2.0,0.0712595175521383,2.1719900949891753,C-W-0010-L.21-M1745-1.2024-08-03-11-58.NH88X,C-W-0010-L.21-M1745-1
2,1.0,1.0605489579201375,1.0,0.06054895792013748,1.8455322374057905,C-W-0010-L.21-M1745-1.2024-08-03-11-58.NH88X,C-W-0010-L.21-M1745-1
3,0.0,-0.030889524838925493,3.0,-0.030889524838925493,-0.941512717090449,C-W-0010-L.21-M1745-1.2024-08-03-11-58.NH88X,C-W-0010-L.21-M1745-1
3,1.0,0.9997785562822208,2.0,-0.0002214437177792128,-0.006749604517910406,C-W-0010-L.21-M1745-1.2024-08-03-11-58.NH88X,C-W-0010-L.21-M1745-1
3,2.0,1.9651818783298658,1.0,-0.034818121670134206,-1.0612563485056905,C-W-0010-L.21-M1745-1.2024-08-03-11-58.NH88X,C-W-0010-L.21-M1745-1
1,0.0,-0.3089019252536022,1.0,-0.3089019252536022,-9.415330681729795,C-W-0010-L.21-M1745-1.2024-08-04-11-57.NH88X,C-W-0010-L.21-M1745-1
2,0.0,0.09161756364435916,2.0,0.09161756364435916,2.792503339880067,C-W-0010-L.21-M1745-1.2024-08-04-11-57.NH88X,C-W-0010-L.21-M1745-1
2,1.0,1.2914026011708954,1.0,0.29140260117089545,8.881951283688894,C-W-0010-L.21-M1745-1.2024-08-04-11-57.NH88X,C-W-0010-L.21-M1745-1
3,0.0,0.5238964596755011,3.0,0.5238964596755011,15.968364090909274,C-W-0010-L.21-M1745-1.2024-08-04-11-57.NH88X,C-W-0010-L.21-M1745-1
3,1.0,1.541327962508409,2.0,0.5413279625084091,16.499676297256308,C-W-0010-L.21-M1745-1.2024-08-04-11-57.NH88X,C-W-0010-L.21-M1745-1
3,2.0,2.2005217027168897,1.0,0.20052170271688974,6.111901498810799,C-W-0010-L.21-M1745-1.2024-08-04-11-57.NH88X,C-W-0010-L.21-M1745-1
1,0.0,0.00937039044423748,1.0,0.00937039044423748,0.2856095007403584,C-W-0010-L.21-M1745-1.2024-08-05-11-57.NH88X,C-W-0010-L.21-M1745-1
2,0.0,0.02652565530497193,2.0,0.02652565530497193,0.8085019736955444,C-W-0010-L.21-M1745-1.2024-08-05-11-57.NH88X,C-W-0010-L.21-M1745-1
2,1.0,1.009629293281103,1.0,0.009629293281103068,0.29350085920802155,C-W-0010-L.21-M1745-1.2024-08-05-11-57.NH88X,C-W-0010-L.21-M1745-1
1,0.0,0.01066766681963894,1.0,0.01066766681963894,0.3251504846625949,C-W-0010-L.21-M1745-1.2024-08-06-11-59.NH88X,C-W-0010-L.21-M1745-1
1,0.0,-0.024452919266567032,1.0,-0.024452919266567032,-0.7453249792449631,C-W-0010-L.21-M1745-1.2024-08-07-11-58.NH88X,C-W-0010-L.21-M1745-1
2,0.0,-0.016376614560617432,2.0,-0.016376614560617432,-0.49915921180761935,C-W-0010-L.21-M1745-1.2024-08-07-11-58.NH88X,C-W-0010-L.21-M1745-1
2,1.0,1.0053409751392173,1.0,0.005340975139217274,0.16279292224334252,C-W-0010-L.21-M1745-1.2024-08-07-11-58.NH88X,C-W-0010-L.21-M1745-1
3,0.0,0.028016552837938632,3.0,0.028016552837938632,0.8539445305003696,C-W-0010-L.21-M1745-1.2024-08-07-11-58.NH88X,C-W-0010-L.21-M1745-1
3,1.0,1.0317654975414574,2.0,0.03176549754145741,0.9682123650636218,C-W-0010-L.21-M1745-1.2024-08-07-11-58.NH88X,C-W-0010-L.21-M1745-1
3,2.0,2.0147905508845687,1.0,0.01479055088456871,0.45081599096165426,C-W-0010-L.21-M1745-1.2024-08-07-11-58.NH88X,C-W-0010-L.21-M1745-1
1,0.0,-0.29011053848715634,1.0,-0.29011053848715634,-8.842569213088526,C-W-0010-L.21-M1745-1.2024-08-08-11-59.NH88X,C-W-0010-L.21-M1745-1
2,0.0,-0.1378439722403494,2.0,-0.1378439722403494,-4.20148427388585,C-W-0010-L.21-M1745-1.2024-08-08-11-59.NH88X,C-W-0010-L.21-M1745-1
2,1.0,1.1440342454061225,1.0,0.14403424540612253,4.390163799978615,C-W-0010-L.21-M1745-1.2024-08-08-11-59.NH88X,C-W-0010-L.21-M1745-1
3,0.0,-0.3205652491053404,3.0,-0.3205652491053404,-9.770828792730775,C-W-0010-L.21-M1745-1.2024-08-08-11-59.NH88X,C-W-0010-L.21-M1745-1
3,1.0,1.031007447837319,2.0,0.031007447837319013,0.9451070100814836,C-W-0010-L.21-M1745-1.2024-08-08-11-59.NH88X,C-W-0010-L.21-M1745-1
3,2.0,1.895374163065605,1.0,-0.10462583693439509,-3.188995509760362,C-W-0010-L.21-M1745-1.2024-08-08-11-59.NH88X,C-W-0010-L.21-M1745-1
1,0.0,-0.008637914225578141,1.0,-0.008637914225578141,-0.26328362559562174,C-W-0010-L.21-M1745-1.2024-08-09-08-28.NH88X,C-W-0010-L.21-M1745-1
2,0.0,-0.7435925164929009,2.0,-0.7435925164929009,-22.66469990270362,C-W-0010-L.21-M1745-1.2024-08-09-08-28.NH88X,C-W-0010-L.21-M1745-1
2,1.0,0.6182686853446563,1.0,-0.3817313146553437,-11.635170470694877,C-W-0010-L.21-M1745-1.2024-08-09-08-28.NH88X,C-W-0010-L.21-M1745-1
1,0.0,0.006041466422377699,1.0,0.006041466422377699,0.1841438965540723,C-W-0015-L.23-M1619-5_M1619-8.2024-07-02-11-32.NGFY5,C-W-0015-L.23-M1619-5_M1619-8
2,0.0,-0.024070684892597588,2.0,-0.024070684892597588,-0.7336744755263745,C-W-0015-L.23-M1619-5_M1619-8.2024-07-02-11-32.NGFY5,C-W-0015-L.23-M1619-5_M1619-8
2,1.0,0.979893954144718,1.0,-0.020106045855281973,-0.6128322776689945,C-W-0015-L.23-M1619-5_M1619-8.2024-07-02-11-32.NGFY5,C-W-0015-L.23-M1619-5_M1619-8
3,0.0,-0.09200225234610304,3.0,-0.09200225234610304,-2.804228651509221,C-W-0015-L.23-M1619-5_M1619-8.2024-07-02-11-32.NGFY5,C-W-0015-L.23-M1619-5_M1619-8
3,1.0,0.9392063139348841,2.0,-0.060793686065115926,-1.8529915512647335,C-W-0015-L.23-M1619-5_M1619-8.2024-07-02-11-32.NGFY5,C-W-0015-L.23-M1619-5_M1619-8
3,2.0,1.9777029950204683,1.0,-0.022297004979531687,-0.6796127117761258,C-W-0015-L.23-M1619-5_M1619-8.2024-07-02-11-32.NGFY5,C-W-0015-L.23-M1619-5_M1619-8
1,0.0,0.22036916889850958,1.0,0.22036916889850958,6.716852268026572,C-W-0015-L.23-M1619-5_M1619-8.2024-07-04-11-32.NGFY5,C-W-0015-L.23-M1619-5_M1619-8
1,0.0,0.45494051455738,1.0,0.45494051455738,13.866586883708942,C-W-0015-L.23-M1619-5_M1619-8.2024-07-07-11-32.NGFY5,C-W-0015-L.23-M1619-5_M1619-8
1,0.0,-0.26109133061097695,1.0,-0.26109133061097695,-7.958063757022577,C-W-0015-L.23-M1619-5_M1619-8.2024-07-10-11-38.NGFY5,C-W-0015-L.23-M1619-5_M1619-8
2,0.0,-0.5175451436091636,2.0,-0.5175451436091636,-15.774775977207307,C-W-0015-L.23-M1619-5_M1619-8.2024-07-10-11-38.NGFY5,C-W-0015-L.23-M1619-5_M1619-8
2,1.0,0.8804122276997762,1.0,-0.11958777230022377,-3.6450352997108206,C-W-0015-L.23-M1619-5_M1619-8.2024-07-10-11-38.NGFY5,C-W-0015-L.23-M1619-5_M1619-8
1,0.0,0.37575793967357657,1.0,0.37575793967357657,11.453102001250613,C-W-0015-L.23-M1619-5_M1619-8.2024-07-28-11-31.NGFY5,C-W-0015-L.23-M1619-5_M1619-8
2,0.0,1.0050835617581309,2.0,1.0050835617581309,30.63494696238783,C-W-0015-L.23-M1619-5_M1619-8.2024-07-28-11-31.NGFY5,C-W-0015-L.23-M1619-5_M1619-8
2,1.0,1.5230420786204053,1.0,0.5230420786204053,15.942322556349954,C-W-0015-L.23-M1619-5_M1619-8.2024-07-28-11-31.NGFY5,C-W-0015-L.23-M1619-5_M1619-8
3,0.0,1.182914063748403,3.0,1.182914063748403,36.05522066305132,C-W-0015-L.23-M1619-5_M1619-8.2024-07-28-11-31.NGFY5,C-W-0015-L.23-M1619-5_M1619-8
3,1.0,1.649984677632633,2.0,0.649984677632633,19.811532974242656,C-W-0015-L.23-M1619-5_M1619-8.2024-07-28-11-31.NGFY5,C-W-0015-L.23-M1619-5_M1619-8
3,2.0,2.0945647284274966,1.0,0.09456472842749664,2.8823329224700975,C-W-0015-L.23-M1619-5_M1619-8.2024-07-28-11-31.NGFY5,C-W-0015-L.23-M1619-5_M1619-8
1,0.0,-0.012376619589216575,1.0,-0.012376619589216575,-0.3772393650793212,C-W-0015-R.23-M1619-5_M1619-8.2024-07-01-12-30.NH88L,C-W-0015-R.23-M1619-5_M1619-8
2,0.0,-0.07789085079727202,2.0,-0.07789085079727202,-2.3741131323008515,C-W-0015-R.23-M1619-5_M1619-8.2024-07-01-12-30.NH88L,C-W-0015-R.23-M1619-5_M1619-8
2,1.0,0.951645846025528,1.0,-0.04835415397447196,-1.4738346131419053,C-W-0015-R.23-M1619-5_M1619-8.2024-07-01-12-30.NH88L,C-W-0015-R.23-M1619-5_M1619-8
3,0.0,-1.6580269715920437,3.0,-1.6580269715920437,-50.53666209412549,C-W-0015-R.23-M1619-5_M1619-8.2024-07-01-12-30.NH88L,C-W-0015-R.23-M1619-5_M1619-8
3,1.0,0.00684329237182975,2.0,-0.9931567076281702,-30.271416448506628,C-W-0015-R.23-M1619-5_M1619-8.2024-07-01-12-30.NH88L,C-W-0015-R.23-M1619-5_M1619-8
3,2.0,1.4244615956928235,1.0,-0.5755384043071765,-17.54241056328274,C-W-0015-R.23-M1619-5_M1619-8.2024-07-01-12-30.NH88L,C-W-0015-R.23-M1619-5_M1619-8
1,0.0,-0.015889016107803872,1.0,-0.015889016107803872,-0.48429721096586203,C-W-0015-R.23-M1619-5_M1619-8.2024-07-02-11-31.NH88L,C-W-0015-R.23-M1619-5_M1619-8
2,0.0,-0.05619391816762051,2.0,-0.05619391816762051,-1.7127906257490733,C-W-0015-R.23-M1619-5_M1619-8.2024-07-02-11-31.NH88L,C-W-0015-R.23-M1619-5_M1619-8
2,1.0,0.9327568148950003,1.0,-0.06724318510499971,-2.0495722820003914,C-W-0015-R.23-M1619-5_M1619-8.2024-07-02-11-31.NH88L,C-W-0015-R.23-M1619-5_M1619-8
3,0.0,-0.06619821739083842,3.0,-0.06619821739083842,-2.017721666072755,C-W-0015-R.23-M1619-5_M1619-8.2024-07-02-11-31.NH88L,C-W-0015-R.23-M1619-5_M1619-8
3,1.0,0.9248157239838145,2.0,-0.07518427601618549,-2.291616732973334,C-W-0015-R.23-M1619-5_M1619-8.2024-07-02-11-31.NH88L,C-W-0015-R.23-M1619-5_M1619-8
3,2.0,1.987740668899525,1.0,-0.012259331100475057,-0.37366441194247974,C-W-0015-R.23-M1619-5_M1619-8.2024-07-02-11-31.NH88L,C-W-0015-R.23-M1619-5_M1619-8
1,0.0,-0.03921699176115911,1.0,-0.03921699176115911,-1.1953339088801296,C-W-0015-R.23-M1619-5_M1619-8.2024-07-03-11-32.NH88L,C-W-0015-R.23-M1619-5_M1619-8
2,0.0,-0.05467045106674543,2.0,-0.05467045106674543,-1.6663553485144007,C-W-0015-R.23-M1619-5_M1619-8.2024-07-03-11-32.NH88L,C-W-0015-R.23-M1619-5_M1619-8
2,1.0,0.9777293768490497,1.0,-0.022270623150950297,-0.678808593640965,C-W-0015-R.23-M1619-5_M1619-8.2024-07-03-11-32.NH88L,C-W-0015-R.23-M1619-5_M1619-8
3,0.0,-0.113511317253758,3.0,-0.113511317253758,-3.459824949894544,C-W-0015-R.23-M1619-5_M1619-8.2024-07-03-11-32.NH88L,C-W-0015-R.23-M1619-5_M1619-8
3,1.0,0.9330455062739214,2.0,-0.06695449372607865,-2.0407729687708773,C-W-0015-R.23-M1619-5_M1619-8.2024-07-03-11-32.NH88L,C-W-0015-R.23-M1619-5_M1619-8
3,2.0,1.9405309378466904,1.0,-0.059469062153309604,-1.8126170144328768,C-W-0015-R.23-M1619-5_M1619-8.2024-07-03-11-32.NH88L,C-W-0015-R.23-M1619-5_M1619-8
1,0.0,-0.07067536530044184,1.0,-0.07067536530044184,-2.1541851343574674,C-W-0015-R.23-M1619-5_M1619-8.2024-07-04-11-31.NH88L,C-W-0015-R.23-M1619-5_M1619-8
2,0.0,-0.039041931747913636,2.0,-0.039041931747913636,-1.1899980796764076,C-W-0015-R.23-M1619-5_M1619-8.2024-07-04-11-31.NH88L,C-W-0015-R.23-M1619-5_M1619-8
2,1.0,1.0528075879050207,1.0,0.052807587905020714,1.6095752793450313,C-W-0015-R.23-M1619-5_M1619-8.2024-07-04-11-31.NH88L,C-W-0015-R.23-M1619-5_M1619-8
3,0.0,-0.06044014524386496,3.0,-0.06044014524386496,-1.842215627033004,C-W-0015-R.23-M1619-5_M1619-8.2024-07-04-11-31.NH88L,C-W-0015-R.23-M1619-5_M1619-8
3,1.0,1.0362656839146254,2.0,0.03626568391462537,1.1053780457177813,C-W-0015-R.23-M1619-5_M1619-8.2024-07-04-11-31.NH88L,C-W-0015-R.23-M1619-5_M1619-8
3,2.0,1.9736773051179277,1.0,-0.026322694882072284,-0.8023157400055633,C-W-0015-R.23-M1619-5_M1619-8.2024-07-04-11-31.NH88L,C-W-0015-R.23-M1619-5_M1619-8
1,0.0,0.010253200894462036,1.0,0.010253200894462036,0.31251756326320285,C-W-0015-R.23-M1619-5_M1619-8.2024-07-05-11-33.NH88L,C-W-0015-R.23-M1619-5_M1619-8
2,0.0,0.012508057611122897,2.0,0.012508057611122897,0.3812455959870259,C-W-0015-R.23-M1619-5_M1619-8.2024-07-05-11-33.NH88L,C-W-0015-R.23-M1619-5_M1619-8
2,1.0,1.0015165031936553,1.0,0.0015165031936552609,0.04622301734261235,C-W-0015-R.23-M1619-5_M1619-8.2024-07-05-11-33.NH88L,C-W-0015-R.23-M1619-5_M1619-8
3,0.0,0.02525952522194394,3.0,0.02525952522194394,0.7699103287648513,C-W-0015-R.23-M1619-5_M1619-8.2024-07-05-11-33.NH88L,C-W-0015-R.23-M1619-5_M1619-8
3,1.0,1.0092113769039106,2.0,0.009211376903910606,0.28076276803119526,C-W-0015-R.23-M1619-5_M1619-8.2024-07-05-11-33.NH88L,C-W-0015-R.23-M1619-5_M1619-8
3,2.0,2.0042909866749543,1.0,0.004290986674954311,0.1307892738526074,C-W-0015-R.23-M1619-5_M1619-8.2024-07-05-11-33.NH88L,C-W-0015-R.23-M1619-5_M1619-8
1,0.0,0.006601164082258645,1.0,0.006601164082258645,0.2012034812272435,C-W-0015-R.23-M1619-5_M1619-8.2024-07-06-11-33.NH88L,C-W-0015-R.23-M1619-5_M1619-8
2,0.0,0.0065865004534757885,2.0,0.0065865004534757885,0.20075653382194203,C-W-0015-R.23-M1619-5_M1619-8.2024-07-06-11-33.NH88L,C-W-0015-R.23-M1619-5_M1619-8
2,1.0,0.9999914576995134,1.0,-8.542300486635845e-06,-0.00026036931883266056,C-W-0015-R.23-M1619-5_M1619-8.2024-07-06-11-33.NH88L,C-W-0015-R.23-M1619-5_M1619-8
3,0.0,0.01688914522602516,3.0,0.01688914522602516,0.5147811464892469,C-W-0015-R.23-M1619-5_M1619-8.2024-07-06-11-33.NH88L,C-W-0015-R.23-M1619-5_M1619-8
3,1.0,1.0061983704687107,2.0,0.0061983704687107455,0.18892633188630353,C-W-0015-R.23-M1619-5_M1619-8.2024-07-06-11-33.NH88L,C-W-0015-R.23-M1619-5_M1619-8
3,2.0,2.0034616315938076,1.0,0.0034616315938076347,0.10551053097925671,C-W-0015-R.23-M1619-5_M1619-8.2024-07-06-11-33.NH88L,C-W-0015-R.23-M1619-5_M1619-8
1,0.0,-0.011579819287716136,1.0,-0.011579819287716136,-0.35295289188958784,C-W-0015-R.23-M1619-5_M1619-8.2024-07-07-11-33.NH88L,C-W-0015-R.23-M1619-5_M1619-8
2,0.0,-0.0067731484246822665,2.0,-0.0067731484246822665,-0.2064455639843155,C-W-0015-R.23-M1619-5_M1619-8.2024-07-07-11-33.NH88L,C-W-0015-R.23-M1619-5_M1619-8
2,1.0,1.0042890176837915,1.0,0.0042890176837915295,0.13072925900196583,C-W-0015-R.23-M1619-5_M1619-8.2024-07-07-11-33.NH88L,C-W-0015-R.23-M1619-5_M1619-8
3,0.0,0.0032355093307864227,3.0,0.0032355093307864227,0.09861832440237016,C-W-0015-R.23-M1619-5_M1619-8.2024-07-07-11-33.NH88L,C-W-0015-R.23-M1619-5_M1619-8
3,1.0,1.010941712793605,2.0,0.010941712793604896,0.33350340594907724,C-W-0015-R.23-M1619-5_M1619-8.2024-07-07-11-33.NH88L,C-W-0015-R.23-M1619-5_M1619-8
3,2.0,2.0052225903460172,1.0,0.005222590346017242,0.15918455374660553,C-W-0015-R.23-M1619-5_M1619-8.2024-07-07-11-33.NH88L,C-W-0015-R.23-M1619-5_M1619-8
1,0.0,-0.029066477224282322,1.0,-0.029066477224282322,-0.8859462257961251,C-W-0015-R.23-M1619-5_M1619-8.2024-07-08-11-32.NH88L,C-W-0015-R.23-M1619-5_M1619-8
2,0.0,-0.043704813935447895,2.0,-0.043704813935447895,-1.3321227287524517,C-W-0015-R.23-M1619-5_M1619-8.2024-07-08-11-32.NH88L,C-W-0015-R.23-M1619-5_M1619-8
2,1.0,0.975504121096105,1.0,-0.02449587890389504,-0.7466343889907209,C-W-0015-R.23-M1619-5_M1619-8.2024-07-08-11-32.NH88L,C-W-0015-R.23-M1619-5_M1619-8
3,0.0,-0.05602935624186232,3.0,-0.05602935624186232,-1.7077747782519634,C-W-0015-R.23-M1619-5_M1619-8.2024-07-08-11-32.NH88L,C-W-0015-R.23-M1619-5_M1619-8
3,1.0,0.9657971335731582,2.0,-0.03420286642684178,-1.0425033686901375,C-W-0015-R.23-M1619-5_M1619-8.2024-07-08-11-32.NH88L,C-W-0015-R.23-M1619-5_M1619-8
3,2.0,1.9848283962254167,1.0,-0.015171603774583264,-0.4624304830492979,C-W-0015-R.23-M1619-5_M1619-8.2024-07-08-11-32.NH88L,C-W-0015-R.23-M1619-5_M1619-8
1,0.0,0.04846545135115466,1.0,0.04846545135115466,1.477226957183194,C-W-0015-R.23-M1619-5_M1619-8.2024-07-09-11-37.NH88L,C-W-0015-R.23-M1619-5_M1619-8
2,0.0,0.15842960741579507,2.0,0.15842960741579507,4.8289344340334335,C-W-0015-R.23-M1619-5_M1619-8.2024-07-09-11-37.NH88L,C-W-0015-R.23-M1619-5_M1619-8
2,1.0,1.1398490669624821,1.0,0.13984906696248212,4.262599561016455,C-W-0015-R.23-M1619-5_M1619-8.2024-07-09-11-37.NH88L,C-W-0015-R.23-M1619-5_M1619-8
3,0.0,0.016907549219114484,3.0,0.016907549219114484,0.5153421001986095,C-W-0015-R.23-M1619-5_M1619-8.2024-07-09-11-37.NH88L,C-W-0015-R.23-M1619-5_M1619-8
3,1.0,1.036533683208224,2.0,0.03653368320822392,1.1135466641866651,C-W-0015-R.23-M1619-5_M1619-8.2024-07-09-11-37.NH88L,C-W-0015-R.23-M1619-5_M1619-8
3,2.0,1.8802919567272465,1.0,-0.11970804327275353,-3.6487011589535276,C-W-0015-R.23-M1619-5_M1619-8.2024-07-09-11-37.NH88L,C-W-0015-R.23-M1619-5_M1619-8
1,0.0,0.1358681752187206,1.0,0.1358681752187206,4.141261980666604,C-W-0015-R.23-M1619-5_M1619-8.2024-07-10-11-39.NH88L,C-W-0015-R.23-M1619-5_M1619-8
2,0.0,0.13824958263001574,2.0,0.13824958263001574,4.21384727856288,C-W-0015-R.23-M1619-5_M1619-8.2024-07-10-11-39.NH88L,C-W-0015-R.23-M1619-5_M1619-8
2,1.0,1.0025249043702678,1.0,0.0025249043702677554,0.07695908520576118,C-W-0015-R.23-M1619-5_M1619-8.2024-07-10-11-39.NH88L,C-W-0015-R.23-M1619-5_M1619-8
3,0.0,0.1454787252454814,3.0,0.1454787252454814,4.434191545482273,C-W-0015-R.23-M1619-5_M1619-8.2024-07-10-11-39.NH88L,C-W-0015-R.23-M1619-5_M1619-8
3,1.0,1.0077684843443728,2.0,0.007768484344372828,0.2367834028164838,C-W-0015-R.23-M1619-5_M1619-8.2024-07-10-11-39.NH88L,C-W-0015-R.23-M1619-5_M1619-8
3,2.0,2.004695418475694,1.0,0.004695418475693991,0.14311635513915286,C-W-0015-R.23-M1619-5_M1619-8.2024-07-10-11-39.NH88L,C-W-0015-R.23-M1619-5_M1619-8
1,0.0,-0.017825896277345453,1.0,-0.017825896277345453,-0.5433333185334894,C-W-0015-R.23-M1619-5_M1619-8.2024-07-11-11-39.NH88L,C-W-0015-R.23-M1619-5_M1619-8
2,0.0,-0.02792905470661085,2.0,-0.02792905470661085,-0.8512775874574988,C-W-0015-R.23-M1619-5_M1619-8.2024-07-11-11-39.NH88L,C-W-0015-R.23-M1619-5_M1619-8
2,1.0,0.983019537328777,1.0,-0.016980462671222996,-0.517564502218877,C-W-0015-R.23-M1619-5_M1619-8.2024-07-11-11-39.NH88L,C-W-0015-R.23-M1619-5_M1619-8
3,0.0,-0.03667463578931569,3.0,-0.03667463578931569,-1.1178428988583424,C-W-0015-R.23-M1619-5_M1619-8.2024-07-11-11-39.NH88L,C-W-0015-R.23-M1619-5_M1619-8
3,1.0,0.976119475017407,2.0,-0.023880524982592966,-0.7278784014694336,C-W-0015-R.23-M1619-5_M1619-8.2024-07-11-11-39.NH88L,C-W-0015-R.23-M1619-5_M1619-8
3,2.0,1.9891811471602476,1.0,-0.010818852839752369,-0.3297586345556522,C-W-0015-R.23-M1619-5_M1619-8.2024-07-11-11-39.NH88L,C-W-0015-R.23-M1619-5_M1619-8
1,0.0,0.060221634403418454,1.0,0.060221634403418454,1.8355554166161945,C-W-0015-R.23-M1619-5_M1619-8.2024-07-12-11-39.NH88L,C-W-0015-R.23-M1619-5_M1619-8
2,0.0,0.06946379806443216,2.0,0.06946379806443216,2.1172565650038924,C-W-0015-R.23-M1619-5_M1619-8.2024-07-12-11-39.NH88L,C-W-0015-R.23-M1619-5_M1619-8
2,1.0,1.0148203620625738,1.0,0.014820362062573755,0.4517246356672481,C-W-0015-R.23-M1619-5_M1619-8.2024-07-12-11-39.NH88L,C-W-0015-R.23-M1619-5_M1619-8
3,0.0,0.08823204416590183,3.0,0.08823204416590183,2.689312706176688,C-W-0015-R.23-M1619-5_M1619-8.2024-07-12-11-39.NH88L,C-W-0015-R.23-M1619-5_M1619-8
3,1.0,1.0296240287832308,2.0,0.029624028783230782,0.9029403973128742,C-W-0015-R.23-M1619-5_M1619-8.2024-07-12-11-39.NH88L,C-W-0015-R.23-M1619-5_M1619-8
3,2.0,2.021790340595802,1.0,0.021790340595801982,0.6641695813600444,C-W-0015-R.23-M1619-5_M1619-8.2024-07-12-11-39.NH88L,C-W-0015-R.23-M1619-5_M1619-8
1,0.0,-0.04296567068922621,1.0,-0.04296567068922621,-1.309593642607615,C-W-0015-R.23-M1619-5_M1619-8.2024-07-13-11-39.NH88L,C-W-0015-R.23-M1619-5_M1619-8
2,0.0,-0.3568754653659095,2.0,-0.3568754653659095,-10.877564184352922,C-W-0015-R.23-M1619-5_M1619-8.2024-07-13-11-39.NH88L,C-W-0015-R.23-M1619-5_M1619-8
2,1.0,0.599148546398326,1.0,-0.40085145360167396,-12.217952305779022,C-W-0015-R.23-M1619-5_M1619-8.2024-07-13-11-39.NH88L,C-W-0015-R.23-M1619-5_M1619-8
3,0.0,-0.38376877018281963,3.0,-0.38376877018281963,-11.697272115172343,C-W-0015-R.23-M1619-5_M1619-8.2024-07-13-11-39.NH88L,C-W-0015-R.23-M1619-5_M1619-8
3,1.0,0.5783845233639265,2.0,-0.42161547663607346,-12.85083972786752,C-W-0015-R.23-M1619-5_M1619-8.2024-07-13-11-39.NH88L,C-W-0015-R.23-M1619-5_M1619-8
3,2.0,1.9773043540737354,1.0,-0.022695645926264607,-0.6917632878325453,C-W-0015-R.23-M1619-5_M1619-8.2024-07-13-11-39.NH88L,C-W-0015-R.23-M1619-5_M1619-8
1,0.0,-0.09566988290835307,1.0,-0.09566988290835307,-2.9160180310466015,C-W-0015-R.23-M1619-5_M1619-8.2024-07-14-11-40.NH88L,C-W-0015-R.23-M1619-5_M1619-8
2,0.0,-0.02534927972516984,2.0,-0.02534927972516984,-0.7726460460231768,C-W-0015-R.23-M1619-5_M1619-8.2024-07-14-11-40.NH88L,C-W-0015-R.23-M1619-5_M1619-8
2,1.0,1.0853878879765058,1.0,0.08538788797650576,2.6026228255238957,C-W-0015-R.23-M1619-5_M1619-8.2024-07-14-11-40.NH88L,C-W-0015-R.23-M1619-5_M1619-8
3,0.0,-0.008035708535832613,3.0,-0.008035708535832613,-0.24492839617217807,C-W-0015-R.23-M1619-5_M1619-8.2024-07-14-11-40.NH88L,C-W-0015-R.23-M1619-5_M1619-8
3,1.0,1.09765645062249,2.0,0.09765645062248995,2.976568614973494,C-W-0015-R.23-M1619-5_M1619-8.2024-07-14-11-40.NH88L,C-W-0015-R.23-M1619-5_M1619-8
3,2.0,2.014207333630527,1.0,0.014207333630527064,0.43303952905846493,C-W-0015-R.23-M1619-5_M1619-8.2024-07-14-11-40.NH88L,C-W-0015-R.23-M1619-5_M1619-8
1,0.0,-0.01197066236005788,1.0,-0.01197066236005788,-0.36486578873456416,C-W-0015-R.23-M1619-5_M1619-8.2024-07-15-11-34.NH88L,C-W-0015-R.23-M1619-5_M1619-8
2,0.0,-0.019547378556933698,2.0,-0.019547378556933698,-0.5958040984153391,C-W-0015-R.23-M1619-5_M1619-8.2024-07-15-11-34.NH88L,C-W-0015-R.23-M1619-5_M1619-8
2,1.0,0.9923783822157394,1.0,-0.007621617784260626,-0.23230691006426388,C-W-0015-R.23-M1619-5_M1619-8.2024-07-15-11-34.NH88L,C-W-0015-R.23-M1619-5_M1619-8
3,0.0,-0.030458128208087507,3.0,-0.030458128208087507,-0.9283637477825072,C-W-0015-R.23-M1619-5_M1619-8.2024-07-15-11-34.NH88L,C-W-0015-R.23-M1619-5_M1619-8
3,1.0,0.9848413643871448,2.0,-0.015158635612855242,-0.4620352134798278,C-W-0015-R.23-M1619-5_M1619-8.2024-07-15-11-34.NH88L,C-W-0015-R.23-M1619-5_M1619-8
3,2.0,1.9932609740146499,1.0,-0.006739025985350144,-0.2054055120334724,C-W-0015-R.23-M1619-5_M1619-8.2024-07-15-11-34.NH88L,C-W-0015-R.23-M1619-5_M1619-8
1,0.0,-0.31614272179106206,1.0,-0.31614272179106206,-9.636030160191572,C-W-0015-R.23-M1619-5_M1619-8.2024-07-16-11-35.NH88L,C-W-0015-R.23-M1619-5_M1619-8
2,0.0,-0.265812570258285,2.0,-0.265812570258285,-8.101967141472526,C-W-0015-R.23-M1619-5_M1619-8.2024-07-16-11-35.NH88L,C-W-0015-R.23-M1619-5_M1619-8
2,1.0,1.0625599289066783,1.0,0.06255992890667827,1.906826633075554,C-W-0015-R.23-M1619-5_M1619-8.2024-07-16-11-35.NH88L,C-W-0015-R.23-M1619-5_M1619-8
3,0.0,-0.34358745549041336,3.0,-0.34358745549041336,-10.4725456433478,C-W-0015-R.23-M1619-5_M1619-8.2024-07-16-11-35.NH88L,C-W-0015-R.23-M1619-5_M1619-8
3,1.0,1.0092134163193403,2.0,0.00921341631934025,0.28082492941349085,C-W-0015-R.23-M1619-5_M1619-8.2024-07-16-11-35.NH88L,C-W-0015-R.23-M1619-5_M1619-8
3,2.0,1.9333182482719289,1.0,-0.06668175172807111,-2.0324597926716077,C-W-0015-R.23-M1619-5_M1619-8.2024-07-16-11-35.NH88L,C-W-0015-R.23-M1619-5_M1619-8
1,0.0,-0.07720595797151769,1.0,-0.07720595797151769,-2.3532375989718592,C-W-0015-R.23-M1619-5_M1619-8.2024-07-17-11-36.NH88L,C-W-0015-R.23-M1619-5_M1619-8
2,0.0,-0.12296685968380351,2.0,-0.12296685968380351,-3.748029883162331,C-W-0015-R.23-M1619-5_M1619-8.2024-07-17-11-36.NH88L,C-W-0015-R.23-M1619-5_M1619-8
2,1.0,0.9245142318779604,1.0,-0.07548576812203955,-2.3008062123597655,C-W-0015-R.23-M1619-5_M1619-8.2024-07-17-11-36.NH88L,C-W-0015-R.23-M1619-5_M1619-8
3,0.0,-0.05167324702488427,3.0,-0.05167324702488427,-1.5750005693184725,C-W-0015-R.23-M1619-5_M1619-8.2024-07-17-11-36.NH88L,C-W-0015-R.23-M1619-5_M1619-8
3,1.0,0.9804961939736673,2.0,-0.019503806026332726,-0.5944760076826215,C-W-0015-R.23-M1619-5_M1619-8.2024-07-17-11-36.NH88L,C-W-0015-R.23-M1619-5_M1619-8
3,2.0,2.087426021207342,1.0,0.08742602120734189,2.664745126399781,C-W-0015-R.23-M1619-5_M1619-8.2024-07-17-11-36.NH88L,C-W-0015-R.23-M1619-5_M1619-8
1,0.0,-0.03541727675485372,1.0,-0.03541727675485372,-1.0795185954879414,C-W-0015-R.23-M1619-5_M1619-8.2024-07-18-11-35.NH88L,C-W-0015-R.23-M1619-5_M1619-8
2,0.0,-0.07662950281150983,2.0,-0.07662950281150983,-2.33566724569482,C-W-0015-R.23-M1619-5_M1619-8.2024-07-18-11-35.NH88L,C-W-0015-R.23-M1619-5_M1619-8
2,1.0,0.9498181181773092,1.0,-0.05018188182269079,-1.5295437579556153,C-W-0015-R.23-M1619-5_M1619-8.2024-07-18-11-35.NH88L,C-W-0015-R.23-M1619-5_M1619-8
3,0.0,-0.022052440180265746,3.0,-0.022052440180265746,-0.6721583766945,C-W-0015-R.23-M1619-5_M1619-8.2024-07-18-11-35.NH88L,C-W-0015-R.23-M1619-5_M1619-8
3,1.0,0.9897583934665614,2.0,-0.01024160653343864,-0.3121641671392098,C-W-0015-R.23-M1619-5_M1619-8.2024-07-18-11-35.NH88L,C-W-0015-R.23-M1619-5_M1619-8
3,2.0,2.0443659927354565,1.0,0.044365992735456494,1.352275458576714,C-W-0015-R.23-M1619-5_M1619-8.2024-07-18-11-35.NH88L,C-W-0015-R.23-M1619-5_M1619-8
1,0.0,0.003997116970724792,1.0,0.003997116970724792,0.12183212526769167,C-W-0015-R.23-M1619-5_M1619-8.2024-07-19-11-35.NH88L,C-W-0015-R.23-M1619-5_M1619-8
2,0.0,0.004886746045051471,2.0,0.004886746045051471,0.14894801945316885,C-W-0015-R.23-M1619-5_M1619-8.2024-07-19-11-35.NH88L,C-W-0015-R.23-M1619-5_M1619-8
2,1.0,1.0007984748151606,1.0,0.0007984748151605991,0.024337512366095063,C-W-0015-R.23-M1619-5_M1619-8.2024-07-19-11-35.NH88L,C-W-0015-R.23-M1619-5_M1619-8
3,0.0,0.003098630155033221,3.0,0.003098630155033221,0.09444624712541257,C-W-0015-R.23-M1619-5_M1619-8.2024-07-19-11-35.NH88L,C-W-0015-R.23-M1619-5_M1619-8
3,1.0,0.9996036592869096,2.0,-0.00039634071309035956,-0.01208046493499416,C-W-0015-R.23-M1619-5_M1619-8.2024-07-19-11-35.NH88L,C-W-0015-R.23-M1619-5_M1619-8
3,2.0,1.999065237017101,1.0,-0.0009347629828990733,-0.028491575718763755,C-W-0015-R.23-M1619-5_M1619-8.2024-07-19-11-35.NH88L,C-W-0015-R.23-M1619-5_M1619-8
1,0.0,-0.09339250959420335,1.0,-0.09339250959420335,-2.846603692431318,C-W-0015-R.23-M1619-5_M1619-8.2024-07-20-11-35.NH88L,C-W-0015-R.23-M1619-5_M1619-8
2,0.0,0.014292271779630395,2.0,0.014292271779630395,0.4356284438431345,C-W-0015-R.23-M1619-5_M1619-8.2024-07-20-11-35.NH88L,C-W-0015-R.23-M1619-5_M1619-8
2,1.0,1.1313831825350216,1.0,0.13138318253502157,4.004559403667457,C-W-0015-R.23-M1619-5_M1619-8.2024-07-20-11-35.NH88L,C-W-0015-R.23-M1619-5_M1619-8
3,0.0,-0.0007099169104153239,3.0,-0.0007099169104153239,-0.02163826742945907,C-W-0015-R.23-M1619-5_M1619-8.2024-07-20-11-35.NH88L,C-W-0015-R.23-M1619-5_M1619-8
3,1.0,1.1208118836352297,2.0,0.12081188363522966,3.6823462132018,C-W-0015-R.23-M1619-5_M1619-8.2024-07-20-11-35.NH88L,C-W-0015-R.23-M1619-5_M1619-8
3,2.0,1.987618231573764,1.0,-0.01238176842623595,-0.37739630163167176,C-W-0015-R.23-M1619-5_M1619-8.2024-07-20-11-35.NH88L,C-W-0015-R.23-M1619-5_M1619-8
1,0.0,0.0009844280880154498,1.0,0.0009844280880154498,0.030005368122710912,C-W-0015-R.23-M1619-5_M1619-8.2024-07-21-11-35.NH88L,C-W-0015-R.23-M1619-5_M1619-8
2,0.0,6.005172328079161e-05,2.0,6.005172328079161e-05,0.0018303765255985281,C-W-0015-R.23-M1619-5_M1619-8.2024-07-21-11-35.NH88L,C-W-0015-R.23-M1619-5_M1619-8
2,1.0,0.9991744232563228,1.0,-0.0008255767436772254,-0.02516357914728183,C-W-0015-R.23-M1619-5_M1619-8.2024-07-21-11-35.NH88L,C-W-0015-R.23-M1619-5_M1619-8
3,0.0,0.0027404924867053078,3.0,0.0027404924867053078,0.08353021099477778,C-W-0015-R.23-M1619-5_M1619-8.2024-07-21-11-35.NH88L,C-W-0015-R.23-M1619-5_M1619-8
3,1.0,1.0009643559361754,2.0,0.0009643559361753873,0.029393568934625806,C-W-0015-R.23-M1619-5_M1619-8.2024-07-21-11-35.NH88L,C-W-0015-R.23-M1619-5_M1619-8
3,2.0,2.0014018258931467,1.0,0.0014018258931467464,0.04272765322311283,C-W-0015-R.23-M1619-5_M1619-8.2024-07-21-11-35.NH88L,C-W-0015-R.23-M1619-5_M1619-8
1,0.0,-0.0006478648845731797,1.0,-0.0006478648845731797,-0.019746921681790517,C-W-0015-R.23-M1619-5_M1619-8.2024-07-22-11-36.NH88L,C-W-0015-R.23-M1619-5_M1619-8
2,0.0,0.0011870824633690128,2.0,0.0011870824633690128,0.03618227348348751,C-W-0015-R.23-M1619-5_M1619-8.2024-07-22-11-36.NH88L,C-W-0015-R.23-M1619-5_M1619-8
2,1.0,1.0016419506675047,1.0,0.0016419506675047213,0.05004665634554391,C-W-0015-R.23-M1619-5_M1619-8.2024-07-22-11-36.NH88L,C-W-0015-R.23-M1619-5_M1619-8
3,0.0,0.01796481493053249,3.0,0.01796481493053249,0.5475675590826303,C-W-0015-R.23-M1619-5_M1619-8.2024-07-22-11-36.NH88L,C-W-0015-R.23-M1619-5_M1619-8
3,1.0,1.012838265038924,2.0,0.012838265038924046,0.39131031838640495,C-W-0015-R.23-M1619-5_M1619-8.2024-07-22-11-36.NH88L,C-W-0015-R.23-M1619-5_M1619-8
3,2.0,2.0087647948869765,1.0,0.008764794886976457,0.2671509481550424,C-W-0015-R.23-M1619-5_M1619-8.2024-07-22-11-36.NH88L,C-W-0015-R.23-M1619-5_M1619-8
1,0.0,-0.005251424790241915,1.0,-0.005251424790241915,-0.16006342760657355,C-W-0015-R.23-M1619-5_M1619-8.2024-07-23-11-36.NH88L,C-W-0015-R.23-M1619-5_M1619-8
2,0.0,-0.004310240196457616,2.0,-0.004310240196457616,-0.13137612118802813,C-W-0015-R.23-M1619-5_M1619-8.2024-07-23-11-36.NH88L,C-W-0015-R.23-M1619-5_M1619-8
2,1.0,1.000842355271175,1.0,0.0008423552711749327,0.02567498866541195,C-W-0015-R.23-M1619-5_M1619-8.2024-07-23-11-36.NH88L,C-W-0015-R.23-M1619-5_M1619-8
3,0.0,0.01820664540234197,3.0,0.01820664540234197,0.5549385518633833,C-W-0015-R.23-M1619-5_M1619-8.2024-07-23-11-36.NH88L,C-W-0015-R.23-M1619-5_M1619-8
3,1.0,1.0158493275816067,2.0,0.01584932758160673,0.48308750468737316,C-W-0015-R.23-M1619-5_M1619-8.2024-07-23-11-36.NH88L,C-W-0015-R.23-M1619-5_M1619-8
3,2.0,2.0117598248390287,1.0,0.01175982483902871,0.3584394610935951,C-W-0015-R.23-M1619-5_M1619-8.2024-07-23-11-36.NH88L,C-W-0015-R.23-M1619-5_M1619-8
1,0.0,0.00406516627042379,1.0,0.00406516627042379,0.12390626792251713,C-W-0015-R.23-M1619-5_M1619-8.2024-07-24-11-36.NH88L,C-W-0015-R.23-M1619-5_M1619-8
2,0.0,0.003291329854141941,2.0,0.003291329854141941,0.10031973395424637,C-W-0015-R.23-M1619-5_M1619-8.2024-07-24-11-36.NH88L,C-W-0015-R.23-M1619-5_M1619-8
2,1.0,0.9993056337887647,1.0,-0.0006943662112353088,-0.021164282118452213,C-W-0015-R.23-M1619-5_M1619-8.2024-07-24-11-36.NH88L,C-W-0015-R.23-M1619-5_M1619-8
3,0.0,0.0022593743073720885,3.0,0.0022593743073720885,0.06886572888870125,C-W-0015-R.23-M1619-5_M1619-8.2024-07-24-11-36.NH88L,C-W-0015-R.23-M1619-5_M1619-8
3,1.0,0.9986159503859264,2.0,-0.001384049614073568,-0.04218583223696236,C-W-0015-R.23-M1619-5_M1619-8.2024-07-24-11-36.NH88L,C-W-0015-R.23-M1619-5_M1619-8
3,2.0,1.9994605264356355,1.0,-0.0005394735643644566,-0.01644315424182864,C-W-0015-R.23-M1619-5_M1619-8.2024-07-24-11-36.NH88L,C-W-0015-R.23-M1619-5_M1619-8
1,0.0,0.005625598013558711,1.0,0.005625598013558711,0.17146822745326953,C-W-0015-R.23-M1619-5_M1619-8.2024-07-25-11-36.NH88L,C-W-0015-R.23-M1619-5_M1619-8
2,0.0,0.014958386354755625,2.0,0.014958386354755625,0.45593161609295146,C-W-0015-R.23-M1619-5_M1619-8.2024-07-25-11-36.NH88L,C-W-0015-R.23-M1619-5_M1619-8
2,1.0,1.0062707716499601,1.0,0.00627077164996015,0.19113311989078535,C-W-0015-R.23-M1619-5_M1619-8.2024-07-25-11-36.NH88L,C-W-0015-R.23-M1619-5_M1619-8
3,0.0,0.006892701461760568,3.0,0.006892701461760568,0.21008954055446213,C-W-0015-R.23-M1619-5_M1619-8.2024-07-25-11-36.NH88L,C-W-0015-R.23-M1619-5_M1619-8
3,1.0,1.0014161966534312,2.0,0.0014161966534311787,0.043165673996582325,C-W-0015-R.23-M1619-5_M1619-8.2024-07-25-11-36.NH88L,C-W-0015-R.23-M1619-5_M1619-8
3,2.0,1.9972877158940936,1.0,-0.002712284105906404,-0.0826704195480272,C-W-0015-R.23-M1619-5_M1619-8.2024-07-25-11-36.NH88L,C-W-0015-R.23-M1619-5_M1619-8
1,0.0,0.003030157371446566,1.0,0.003030157371446566,0.09235919668169133,C-W-0015-R.23-M1619-5_M1619-8.2024-07-26-11-37.NH88L,C-W-0015-R.23-M1619-5_M1619-8
2,0.0,0.022736771605249482,2.0,0.022736771605249482,0.6930167985280042,C-W-0015-R.23-M1619-5_M1619-8.2024-07-26-11-37.NH88L,C-W-0015-R.23-M1619-5_M1619-8
2,1.0,1.0110149045783252,1.0,0.011014904578325213,0.3357342915473525,C-W-0015-R.23-M1619-5_M1619-8.2024-07-26-11-37.NH88L,C-W-0015-R.23-M1619-5_M1619-8
1,0.0,0.005524088259234887,1.0,0.005524088259234887,0.16837421014147935,C-W-0015-R.23-M1619-5_M1619-8.2024-07-27-11-37.NH88L,C-W-0015-R.23-M1619-5_M1619-8
2,0.0,0.004353768098011076,2.0,0.004353768098011076,0.1327028516273776,C-W-0015-R.23-M1619-5_M1619-8.2024-07-27-11-37.NH88L,C-W-0015-R.23-M1619-5_M1619-8
2,1.0,0.999346429591976,1.0,-0.0006535704080240512,-0.01992082603657308,C-W-0015-R.23-M1619-5_M1619-8.2024-07-27-11-37.NH88L,C-W-0015-R.23-M1619-5_M1619-8
1,0.0,0.00027309580989929336,1.0,0.00027309580989929336,0.008323960285730462,C-W-0015-R.23-M1619-5_M1619-8.2024-07-28-11-32.NH88L,C-W-0015-R.23-M1619-5_M1619-8
2,0.0,0.01833572630128538,2.0,0.01833572630128538,0.5588729376631784,C-W-0015-R.23-M1619-5_M1619-8.2024-07-28-11-32.NH88L,C-W-0015-R.23-M1619-5_M1619-8
2,1.0,1.010092298107225,1.0,0.010092298107224895,0.3076132463082148,C-W-0015-R.23-M1619-5_M1619-8.2024-07-28-11-32.NH88L,C-W-0015-R.23-M1619-5_M1619-8
1,0.0,0.007332924411276925,1.0,0.007332924411276925,0.22350753605572068,C-W-0015-R.23-M1619-5_M1619-8.2024-07-29-11-33.NH88L,C-W-0015-R.23-M1619-5_M1619-8
2,0.0,-0.008578949119734015,2.0,-0.008578949119734015,-0.2614863691694928,C-W-0015-R.23-M1619-5_M1619-8.2024-07-29-11-33.NH88L,C-W-0015-R.23-M1619-5_M1619-8
2,1.0,0.9911091301785715,1.0,-0.008890869821428504,-0.2709937121571408,C-W-0015-R.23-M1619-5_M1619-8.2024-07-29-11-33.NH88L,C-W-0015-R.23-M1619-5_M1619-8
1,0.0,0.017727311529181177,1.0,0.017727311529181177,0.5403284554094423,C-W-0015-R.23-M1619-5_M1619-8.2024-07-30-11-31.NH88L,C-W-0015-R.23-M1619-5_M1619-8
1,0.0,0.0014909958447887853,1.0,0.0014909958447887853,0.04544555334916218,C-W-0015-R.23-M1619-5_M1619-8.2024-07-31-11-33.NH88L,C-W-0015-R.23-M1619-5_M1619-8
2,0.0,-0.0043607077391719,2.0,-0.0043607077391719,-0.13291437188995953,C-W-0015-R.23-M1619-5_M1619-8.2024-07-31-11-33.NH88L,C-W-0015-R.23-M1619-5_M1619-8
2,1.0,0.9967389692733879,1.0,-0.003261030726612102,-0.09939621654713687,C-W-0015-R.23-M1619-5_M1619-8.2024-07-31-11-33.NH88L,C-W-0015-R.23-M1619-5_M1619-8
1,0.0,-0.003635008044375269,1.0,-0.003635008044375269,-0.1107950451925582,C-W-0015-R.23-M1619-5_M1619-8.2024-08-01-11-32.NH88L,C-W-0015-R.23-M1619-5_M1619-8
2,0.0,0.005645421884894894,2.0,0.005645421884894894,0.17207245905159638,C-W-0015-R.23-M1619-5_M1619-8.2024-08-01-11-32.NH88L,C-W-0015-R.23-M1619-5_M1619-8
2,1.0,1.0072564998833502,1.0,0.007256499883350198,0.22117811644451404,C-W-0015-R.23-M1619-5_M1619-8.2024-08-01-11-32.NH88L,C-W-0015-R.23-M1619-5_M1619-8
3,0.0,0.009788655945246442,3.0,0.009788655945246442,0.29835823321111155,C-W-0015-R.23-M1619-5_M1619-8.2024-08-01-11-32.NH88L,C-W-0015-R.23-M1619-5_M1619-8
3,1.0,1.0098924762716508,2.0,0.009892476271650796,0.3015226767599163,C-W-0015-R.23-M1619-5_M1619-8.2024-08-01-11-32.NH88L,C-W-0015-R.23-M1619-5_M1619-8
3,2.0,2.001774506952228,1.0,0.0017745069522279167,0.0540869719039069,C-W-0015-R.23-M1619-5_M1619-8.2024-08-01-11-32.NH88L,C-W-0015-R.23-M1619-5_M1619-8
1,0.0,-0.08771143672739105,1.0,-0.08771143672739105,-2.6734445914508793,C-W-0015-R.23-M1619-5_M1619-8.2024-08-02-11-32.NH88L,C-W-0015-R.23-M1619-5_M1619-8
2,0.0,-0.1922886333543498,2.0,-0.1922886333543498,-5.860957544640582,C-W-0015-R.23-M1619-5_M1619-8.2024-08-02-11-32.NH88L,C-W-0015-R.23-M1619-5_M1619-8
2,1.0,0.9339173266988494,1.0,-0.06608267330115059,-2.01419988221907,C-W-0015-R.23-M1619-5_M1619-8.2024-08-02-11-32.NH88L,C-W-0015-R.23-M1619-5_M1619-8
3,0.0,-0.7405796316241167,3.0,-0.7405796316241167,-22.572867171903077,C-W-0015-R.23-M1619-5_M1619-8.2024-08-02-11-32.NH88L,C-W-0015-R.23-M1619-5_M1619-8
3,1.0,0.6278220164651275,2.0,-0.3721779835348725,-11.343984938142915,C-W-0015-R.23-M1619-5_M1619-8.2024-08-02-11-32.NH88L,C-W-0015-R.23-M1619-5_M1619-8
3,2.0,1.8410010557872698,1.0,-0.1589989442127302,-4.846287819604017,C-W-0015-R.23-M1619-5_M1619-8.2024-08-02-11-32.NH88L,C-W-0015-R.23-M1619-5_M1619-8
1,0.0,0.008859848300538231,1.0,0.008859848300538231,0.2700481762004053,C-W-0015-R.23-M1619-5_M1619-8.2024-08-03-11-32.NH88L,C-W-0015-R.23-M1619-5_M1619-8
1,0.0,-0.15016486840693055,1.0,-0.15016486840693055,-4.577025189043243,C-W-0015-R.23-M1619-5_M1619-8.2024-08-04-11-33.NH88L,C-W-0015-R.23-M1619-5_M1619-8
2,0.0,0.06618626368358108,2.0,0.06618626368358108,2.017357317075551,C-W-0015-R.23-M1619-5_M1619-8.2024-08-04-11-33.NH88L,C-W-0015-R.23-M1619-5_M1619-8
2,1.0,1.137217669021945,1.0,0.1372176690219451,4.182394551788887,C-W-0015-R.23-M1619-5_M1619-8.2024-08-04-11-33.NH88L,C-W-0015-R.23-M1619-5_M1619-8
3,0.0,0.939588118764781,3.0,0.939588118764781,28.638645859950525,C-W-0015-R.23-M1619-5_M1619-8.2024-08-04-11-33.NH88L,C-W-0015-R.23-M1619-5_M1619-8
3,1.0,1.6559681994227813,2.0,0.6559681994227813,19.993910718406372,C-W-0015-R.23-M1619-5_M1619-8.2024-08-04-11-33.NH88L,C-W-0015-R.23-M1619-5_M1619-8
3,2.0,2.3235987001505967,1.0,0.32359870015059666,9.863288380590186,C-W-0015-R.23-M1619-5_M1619-8.2024-08-04-11-33.NH88L,C-W-0015-R.23-M1619-5_M1619-8
1,0.0,-0.0017004174607402514,1.0,-0.0017004174607402514,-0.05182872420336286,C-W-0015-R.23-M1619-5_M1619-8.2024-08-05-11-33.NH88L,C-W-0015-R.23-M1619-5_M1619-8
2,0.0,0.001766378049773078,2.0,0.001766378049773078,0.053839202957083415,C-W-0015-R.23-M1619-5_M1619-8.2024-08-05-11-33.NH88L,C-W-0015-R.23-M1619-5_M1619-8
2,1.0,1.0019316204672886,1.0,0.001931620467288564,0.05887579184295543,C-W-0015-R.23-M1619-5_M1619-8.2024-08-05-11-33.NH88L,C-W-0015-R.23-M1619-5_M1619-8
1,0.0,0.2529667332228028,1.0,0.2529667332228028,7.710426028631029,C-W-0015-R.23-M1619-5_M1619-8.2024-08-06-11-34.NH88L,C-W-0015-R.23-M1619-5_M1619-8
2,0.0,0.23192613552319946,2.0,0.23192613552319946,7.0691086107471195,C-W-0015-R.23-M1619-5_M1619-8.2024-08-06-11-34.NH88L,C-W-0015-R.23-M1619-5_M1619-8
2,1.0,0.976699959039423,1.0,-0.02330004096057703,-0.7101852484783878,C-W-0015-R.23-M1619-5_M1619-8.2024-08-06-11-34.NH88L,C-W-0015-R.23-M1619-5_M1619-8
3,0.0,0.1962936723409466,3.0,0.1962936723409466,5.9830311329520525,C-W-0015-R.23-M1619-5_M1619-8.2024-08-06-11-34.NH88L,C-W-0015-R.23-M1619-5_M1619-8
3,1.0,0.9497487911572566,2.0,-0.05025120884274337,-1.5316568455268178,C-W-0015-R.23-M1619-5_M1619-8.2024-08-06-11-34.NH88L,C-W-0015-R.23-M1619-5_M1619-8
3,2.0,1.9761649562105106,1.0,-0.02383504378948942,-0.7264921347036375,C-W-0015-R.23-M1619-5_M1619-8.2024-08-06-11-34.NH88L,C-W-0015-R.23-M1619-5_M1619-8
1,0.0,0.00420447936070301,1.0,0.00420447936070301,0.12815253091422774,C-W-0015-R.23-M1619-5_M1619-8.2024-08-07-11-34.NH88L,C-W-0015-R.23-M1619-5_M1619-8
2,0.0,0.011156190881219425,2.0,0.011156190881219425,0.3400406980595681,C-W-0015-R.23-M1619-5_M1619-8.2024-08-07-11-34.NH88L,C-W-0015-R.23-M1619-5_M1619-8
2,1.0,1.0038841330871326,1.0,0.0038841330871326463,0.11838837649580305,C-W-0015-R.23-M1619-5_M1619-8.2024-08-07-11-34.NH88L,C-W-0015-R.23-M1619-5_M1619-8
1,0.0,0.03445455434624759,1.0,0.03445455434624759,1.0501748164736266,C-W-0015-R.23-M1619-5_M1619-8.2024-08-08-11-33.NH88L,C-W-0015-R.23-M1619-5_M1619-8
2,0.0,0.01833421069807044,2.0,0.01833421069807044,0.558826742077187,C-W-0015-R.23-M1619-5_M1619-8.2024-08-08-11-33.NH88L,C-W-0015-R.23-M1619-5_M1619-8
2,1.0,0.9908676338223097,1.0,-0.00913236617769031,-0.2783545210960007,C-W-0015-R.23-M1619-5_M1619-8.2024-08-08-11-33.NH88L,C-W-0015-R.23-M1619-5_M1619-8
